800000000000
800058b92abb
8000b17292f7
80010a2c38b2
800162e61bed
8001bba03ca8
8002145a9ae4
80026d1536a0
8002c5d00fdc
80031e8b269a
800377467ad9
8003d0020c98
800428bddbd9
80048179e89c
8004da3632e0
800532f2baa6
80058baf7fee
8005e46c82b8
80063d29c304
800695e740d3
8006eea4fc25
80074762f4f9
8007a0212b50
8007f8df9f2b
8008519e5088
8008aa5d3f6a
8009031c6bcf
80095bdbd5b7
8009b49b7d24
800a0d5b6215
800a661b848a
800abedbe484
800b179c8202
800b705d5d05
800bc91e758d
800c21dfcb9a
800c7aa15f2d
800cd3633045
800d2c253ee3
800d84e78b06
800dddaa14b0
800e366cdbdf
800e8f2fe095
800ee7f322d2
800f40b6a295
800f997a5fdf
800ff23e5aaf
80104b029307
8010a3c708e7
8010fc8bbc4d
80115550ad3c
8011ae15dbb2
801206db47b0
80125fa0f137
8012b866d845
8013112cfcdd
801369f35efc
8013c2b9fea5
80141b80dbd7
80147447f691
8014cd0f4ed5
801525d6e4a3
80157e9eb7fa
8015d766c8db
8016302f1746
801688f7a33b
8016e1c06cba
80173a8973c4
80179352b859
8017ec1c3a78
801844e5fa23
80189daff758
8018f67a3219
80194f44aa65
8019a80f603d
801a00da53a1
801a59a58490
801ab270f30c
801b0b3c9f14
801b640888a9
801bbcd4afca
801c15a11478
801c6e6db6b3
801cc73a967c
801d2007b3d1
801d78d50eb4
801dd1a2a725
801e2a707d23
801e833e90b0
801edc0ce1ca
801f34db7073
801f8daa3caa
801fe6794670
80203f488dc5
8020981812a9
8020f0e7d51c
802149b7d51e
8021a28812b0
8021fb588dd1
802254294683
8022acfa3cc4
802305cb7095
80235e9ce1f7
8023b76e90e9
802410407d6b
80246912a77f
8024c1e50f23
80251ab7b459
8025738a9720
8025cc5db779
802625311563
80267e04b0df
8026d6d889ec
80272faca08d
80278880f4bf
8027e1558684
80283a2a55db
802892ff62c5
8028ebd4ad43
802944aa3553
80299d7ffaf7
8029f655fe2e
802a4f2c3ef9
802aa802bd58
802b00d9794a
802b59b072d1
802bb287a9ec
802c0b5f1e9c
802c6436d0e0
802cbd0ec0b9
802d15e6ee27
802d6ebf592a
802dc79801c2
802e2070e7f0
802e794a0bb4
802ed2236d0d
802f2afd0bfd
802f83d6e882
802fdcb1029e
8030358b5a50
80308e65ef99
8030e740c279
8031401bd2f0
803198f720fe
8031f1d2aca3
80324aae75e0
8032a38a7cb4
8032fc66c120
803355434324
8033ae2002c1
803406fcfff5
80345fda3ac2
8034b8b7b328
803511956927
80356a735cbe
8035c3518def
80361c2ffcb9
8036750ea91c
8036cded931a
803726ccbab0
80377fac1fe1
8037d88bc2ac
8038316ba312
80388a4bc112
8038e32c1cac
80393c0cb5e2
803994ed8cb2
8039edcea11d
803a46aff324
803a9f9182c6
803af8735004
803b51555ade
803baa37a354
803c031a2966
803c5bfced14
803cb4dfee5e
803d0dc32d46
803d66a6a9ca
803dbf8a63eb
803e186e5ba9
803e71529105
803eca3703fe
803f231bb495
803f7c00a2c9
803fd4e5ce9c
80402dcb380d
804086b0df1c
8040df96c3c9
8041387ce615
804191634600
8041ea49e38a
80424330beb3
80429c17d77c
8042f4ff2de4
80434de6c1eb
8043a6ce9392
8043ffb6a2da
8044589eefc1
8044b1877a49
80450a704272
80456359483b
8045bc428ba4
8046152c0caf
80466e15cb5b
8046c6ffc7a8
80471fea0197
804778d47928
8047d1bf2e5a
80482aaa212e
8048839551a5
8048dc80bfbd
8049356c6b78
80498e5854d6
8049e7447bd7
804a4030e07b
804a991d82c2
804af20a62ac
804b4af78039
804ba3e4db6b
804bfcd27440
804c55c04ab9
804caeae5ed6
804d079cb098
804d608b3ffe
804db97a0d09
804e126917b8
804e6b58600d
804ec447e607
804f1d37a9a6
804f7627aaeb
804fcf17e9d5
805028086665
805080f9209b
8050d9ea1877
805132db4dfa
80518bccc123
8051e4be71f3
80523db06069
805296a28c87
8052ef94f64b
805348879db7
8053a17a82cb
8053fa6da586
8054536105e9
8054ac54a3f4
805505487fa7
80555e3c9903
8055b730f007
8056102584b4
8056691a5709
8056c20f6708
80571b04b4b0
805773fa4001
8057ccf008fb
805825e60f9f
80587edc53ed
8058d7d2d5e5
805930c99588
805989c092d4
8059e2b7cdcb
805a3baf466d
805a94a6fcba
805aed9ef0b1
805b46972254
805b9f8f91a2
805bf8883e9c
805c51812941
805caa7a5192
805d0373b78f
805d5c6d5b38
805db5673c8e
805e0e615b90
805e675bb83f
805ec056529b
805f19512aa3
805f724c4059
805fcb4793bc
8060244324cd
80607d3ef38b
8060d63afff7
80612f374a12
80618833d1da
8061e1309751
80623a2d9a76
8062932adb4a
8062ec2859cd
8063452615fe
80639e240fdf
8063f7224770
80645020bcaf
8064a91f6f9f
8065021e603e
80655b1d8e8e
8065b41cfa8d
80660d1ca43d
8066661c8b9d
8066bf1cb0ae
8067181d1370
8067711db3e3
8067ca1e9207
8068231faddd
80687c210764
8068d5229e9d
80692e247387
806987268624
8069e028d672
806a392b6473
806a922e3027
806aeb31398d
806b443480a6
806b9d380573
806bf63bc7f2
806c4f3fc825
806ca844060b
806d014881a5
806d5a4d3af3
806db35231f4
806e0c5766aa
806e655cd915
806ebe628934
806f17687707
806f706ea290
806fc9750bcd
8070227bb2c0
80707b829768
8070d489b9c5
80712d9119d8
80718698b7a1
8071dfa09321
807238a8ac56
807291b10342
8072eab997e4
807343c26a3d
80739ccb7a4c
8073f5d4c813
80744ede5391
8074a7e81cc7
807500f223b3
807559fc6858
8075b306eab4
80760c11aac9
8076651ca896
8076be27e41b
807717335d58
8077703f144e
8077c94b08fe
807822573b66
80787b63ab87
8078d4705962
80792d7d44f6
8079868a6e44
8079df97d54c
807a38a57a0e
807a91b35c8a
807aeac17cc1
807b43cfdab2
807b9cde765d
807bf5ed4fc4
807c4efc66e6
807ca80bbbc3
807d011b4e5b
807d5a2b1eaf
807db33b2cbe
807e0c4b788a
807e655c0211
807ebe6cc955
807f177dce55
807f708f1111
807fc9a0918a
808022b24fc1
80807bc44bb4
8080d4d68564
80812de8fcd2
808186fbb1fd
8081e00ea4e6
80823921d58d
8082923543f2
8082eb48f015
8083445cd9f7
80839d710197
8083f68566f6
80844f9a0a14
8084a8aeeaf1
808501c4098d
80855ad965e8
8085b3ef0003
80860d04d7de
8086661aed78
8086bf3140d3
80871847d1ee
8087715ea0c9
8087ca75ad65
8088238cf7c1
80887ca47fdf
8088d5bc45bd
80892ed4495d
808987ec8abe
8089e10509e1
808a3a1dc6c5
808a9336c16b
808aec4ff9d4
808b45696ffe
808b9e8323eb
808bf79d159b
808c50b7450d
808ca9d1b242
808d02ec5d3b
808d5c0745f6
808db5226c75
808e0e3dd0b7
808e675972be
808ec0755288
808f19917016
808f72adcb68
808fcbca647f
809024e73b5a
80907e044ffb
8090d721a260
8091303f328a
8091895d0079
8091e27b0c2e
80923b9955a8
809294b7dce8
8092edd6a1ee
809346f5a4ba
8093a014e54c
8093f93463a5
809452541fc4
8094ab7419aa
809504945157
80955db4c6cb
8095b6d57a07
80960ff66b09
8096691799d4
8096c2390666
80971b5ab0c0
8097747c98e2
8097cd9ebecc
809826c1227f
80987fe3c3fa
8098d906a33e
80993229c04b
80998b4d1b21
8099e470b3c0
809a3d948a29
809a96b89e5b
809aefdcf057
809b4901801d
809ba2264dad
809bfb4b5907
809c5470a22c
809cad96291c
809d06bbedd6
809d5fe1f05b
809db90830ab
809e122eaec6
809e6b556aad
809ec47c6460
809f1da39bde
809f76cb1128
809fcff2c43e
80a0291ab521
80a08242e3cf
80a0db6b504b
80a13493fa93
80a18dbce2a8
80a1e6e6088b
80a2400f6c3a
80a299390db7
80a2f262ed02
80a34b8d0a1b
80a3a4b76501
80a3fde1fdb5
80a4570cd438
80a4b037e889
80a509633aa9
80a5628eca98
80a5bbba9855
80a614e6a3e2
80a66e12ed3e
80a6c73f7469
80a7206c3964
80a779993c2f
80a7d2c67cc9
80a82bf3fb34
80a88521b76f
80a8de4fb17b
80a9377de957
80a990ac5f04
80a9e9db1282
80aa430a03d1
80aa9c3932f1
80aaf5689fe3
80ab4e984aa6
80aba7c8333b
80ac00f859a3
80ac5a28bddc
80acb3595fe7
80ad0c8a3fc5
80ad65bb5d76
80adbeecb8f9
80ae181e5250
80ae71502979
80aeca823e76
80af23b49146
80af7ce721ea
80afd619f062
80b02f4cfcae
80b0888046cd
80b0e1b3cec1
80b13ae7948a
80b1941b9827
80b1ed4fd999
80b2468458e0
80b29fb915fc
80b2f8ee10ee
80b3522349b5
80b3ab58c051
80b4048e74c3
80b45dc4670c
80b4b6fa972a
80b51031051f
80b56967b0ea
80b5c29e9a8c
80b61bd5c205
80b6750d2754
80b6ce44ca7b
80b7277cab79
80b780b4ca4f
80b7d9ed26fc
80b83325c181
80b88c5e99de
80b8e597b013
80b93ed10421
80b9980a9607
80b9f14465c6
80ba4a7e735d
80baa3b8bece
80bafcf34817
80bb562e0f3a
80bbaf691437
80bc08a4570d
80bc61dfd7bd
80bcbb1b9647
80bd145792ab
80bd6d93cce9
80bdc6d04502
80be200cfaf6
80be7949eec4
80bed287206d
80bf2bc48ff2
80bf85023d52
80bfde40288d
80c0377e51a4
80c090bcb897
80c0e9fb5d66
80c1433a4011
80c19c796099
80c1f5b8befd
80c24ef85b3d
80c2a838355b
80c301784d55
80c35ab8a32d
80c3b3f936e2
80c40d3a0874
80c4667b17e4
80c4bfbc6532
80c518fdf05e
80c5723fb968
80c5cb81c051
80c624c40518
80c67e0687be
80c6d7494842
80c7308c46a6
80c789cf82e9
80c7e312fd0b
80c83c56b50c
80c8959aaaee
80c8eededeaf
80c948235050
80c9a167ffd2
80c9faaced33
80ca53f21876
80caad378199
80cb067d289d
80cb5fc30d81
80cbb9093048
80cc124f90ef
80cc6b962f78
80ccc4dd0be3
80cd1e24262f
80cd776b7e5e
80cdd0b3146f
80ce29fae862
80ce8342fa37
80cedc8b49f0
80cf35d3d78b
80cf8f1ca309
80cfe865ac6b
80d041aef3b0
80d09af878d8
80d0f4423be4
80d14d8c3cd4
80d1a6d67ba8
80d20020f861
80d2596bb2fd
80d2b2b6ab7e
80d30c01e1e4
80d3654d562f
80d3be99085f
80d417e4f874
80d47131266e
80d4ca7d924e
80d523ca3c14
80d57d1723c0
80d5d6644951
80d62fb1acc9
80d688ff4e28
80d6e24d2d6c
80d73b9b4a98
80d794e9a5aa
80d7ee383ea4
80d847871585
80d8a0d62a4d
80d8fa257cfc
80d953750d94
80d9acc4dc13
80da0614e87b
80da5f6532ca
80dab8b5bb02
80db12068123
80db6b57852c
80dbc4a8c71e
80dc1dfa46fa
80dc774c04be
80dcd09e006c
80dd29f03a04
80dd8342b185
80dddc9566f0
80de35e85a46
80de8f3b8b85
80dee88efaaf
80df41e2a7c4
80df9b3692c3
80dff48abbad
80e04ddf2282
80e0a733c743
80e10088a9ef
80e159ddca86
80e1b333290a
80e20c88c579
80e265de9fd4
80e2bf34b81c
80e3188b0e50
80e371e1a270
80e3cb38747d
80e4248f8478
80e47de6d25f
80e4d73e5e34
80e5309627f6
80e589ee2fa5
80e5e3467543
80e63c9ef8ce
80e695f7ba48
80e6ef50b9af
80e748a9f706
80e7a203724a
80e7fb5d2b7e
80e854b722a0
80e8ae1157b2
80e9076bcab3
80e960c67ba3
80e9ba216a83
80ea137c9753
80ea6cd80212
80eac633aac2
80eb1f8f9162
80eb78ebb5f3
80ebd2481874
80ec2ba4b8e6
80ec85019749
80ecde5eb39c
80ed37bc0de2
80ed9119a618
80edea777c41
80ee43d5905b
80ee9d33e267
80eef6927265
80ef4ff14056
80efa9504c39
80f002af960e
80f05c0f1dd7
80f0b56ee392
80f10ecee741
80f1682f28e2
80f1c18fa878
80f21af06601
80f27451617d
80f2cdb29aee
80f327141253
80f38075c7ac
80f3d9d7bafa
80f43339ec3c
80f48c9c5b73
80f4e5ff089f
80f53f61f3c0
80f598c51cd7
80f5f22883e3
80f64b8c28e4
80f6a4f00bdc
80f6fe542cc9
80f757b88bad
80f7b11d2887
80f80a820357
80f863e71c1e
80f8bd4c72dc
80f916b20791
80f97017da3d
80f9c97deae0
80fa22e4397b
80fa7c4ac60e
80fad5b19098
80fb2f18991a
80fb887fdf95
80fbe1e76408
80fc3b4f2673
80fc94b726d7
80fcee1f6534
80fd4787e18a
80fda0f09bd9
80fdfa599421
80fe53c2ca63
80fead2c3e9f
80ff0695f0d4
80ff5fffe104
80ffb96a0f2d
810012d47b51
81006c3f2570
8100c5aa0d89
81011f15339d
8101788097ac
8101d1ec39b6
81022b5819bc
810284c437bd
8102de3093b9
8103379d2db2
8103910a05a7
8103ea771b98
810443e46f85
81049d52016f
8104f6bfd155
8105502ddf38
8105a99c2b19
8106030ab4f6
81065c797cd1
8106b5e882aa
81070f57c680
810768c74854
8107c2370826
81081ba705f6
8108751741c5
8108ce87bb92
810927f8735e
810981696929
8109dada9cf2
810a344c0ebb
810a8dbdbe84
810ae72fac4c
810b40a1d814
810b9a1441db
810bf386e9a3
810c4cf9cf6b
810ca66cf333
810cffe054fc
810d5953f4c5
810db2c7d290
810e0c3bee5b
810e65b04828
810ebf24dff6
810f1899b5c6
810f720ec997
810fcb841b6a
811024f9ab40
81107e6f7917
8110d7e584f1
8111315bcece
81118ad256ad
8111e4491c90
81123dc02075
81129737625e
8112f0aee24a
81134a26a039
8113a39e9c2c
8113fd16d624
8114568f4e1f
8114b008041e
81150980f822
811562fa2a2b
8115bc739a38
811615ed484b
81166f673462
8116c8e15e7f
8117225bc6a1
81177bd66cc8
8117d55150f6
81182ecc7329
81188847d362
8118e1c371a2
81193b3f4de8
811994bb6835
8119ee37c088
811a47b456e3
811aa1312b44
811afaae3dad
811b542b8e1d
811bada91c95
811c0726e915
811c60a4f39c
811cba233c2c
811d13a1c2c4
811d6d208765
811dc69f8a0e
811e201ecac0
811e799e497a
811ed31e063e
811f2c9e010b
811f861e39e2
811fdf9eb0c2
8120391f65ac
812092a058a1
8120ec21899f
812145a2f8a7
81219f24a5ba
8121f8a690d8
81225228ba00
8122abab2133
8123052dc672
81235eb0a9bc
8123b833cb11
812411b72a72
81246b3ac7df
8124c4bea357
81251e42bcdc
812577c7146d
8125d14baa0b
81262ad07db5
812684558f6c
8126dddadf30
812737606d02
812790e638e0
8127ea6c42cc
812843f28ac6
81289d7910ce
8128f6ffd4e3
81295086d707
8129aa0e1739
812a03959579
812a5d1d51c9
812ab6a54c27
812b102d8494
812b69b5fb10
812bc33eaf9b
812c1cc7a236
812c7650d2e1
812ccfda419c
812d2963ee66
812d82edd941
812ddc78022c
812e36026928
812e8f8d0e34
812ee917f151
812f42a3127f
812f9c2e71bf
812ff5ba0f0f
81304f45ea72
8130a8d203e5
8131025e5b6b
81315beaf103
8131b577c4ad
81320f04d669
813268922638
8132c21fb41a
81331bad800e
8133753b8a16
8133cec9d231
81342858585f
813481e71ca0
8134db761ef6
813535055f5f
81358e94dddc
8135e8249a6d
813641b49513
81369b44cdce
8136f4d5449d
81374e65f981
8137a7f6ec7a
813801881d88
81385b198cac
8138b4ab39e5
81390e3d2534
813967cf4e98
8139c161b613
813a1af45ba4
813a74873f4c
813ace1a610a
813b27adc0df
813b81415ecb
813bdad53acd
813c346954e7
813c8dfdad19
813ce7924362
813d412717c2
813d9abc2a3b
813df4517acc
813e4de70975
813ea77cd636
813f0112e110
813f5aa92a03
813fb43fb10e
81400dd67633
8140676d7971
8140c104bac9
81411a9c3a39
81417433f7c4
8141cdcbf369
814227642d28
814280fca501
8142da955af4
8143342e4f02
81438dc7812b
8143e760f16f
814440fa9fce
81449a948c48
8144f42eb6de
81454dc91f8f
8145a763c65c
814600feab45
81465a99ce4a
8146b4352f6b
81470dd0cea9
8147676cac03
8147c108c77a
81481aa5210e
81487441b8c0
8148cdde8e8e
8149277ba27a
81498118f484
8149dab684ab
814a345452f1
814a8df25f54
814ae790a9d6
814b412f3276
814b9acdf935
814bf46cfe13
814c4e0c4110
814ca7abc22c
814d014b8167
814d5aeb7ec1
814db48bba3c
814e0e2c33d6
814e67cceb90
814ec16de16a
814f1b0f1565
814f74b08780
814fce5237bb
815027f42618
815081965295
8150db38bd34
815134db65f4
81518e7e4cd5
8151e82171d9
815241c4d4fe
81529b687645
8152f50c55ae
81534eb07339
8153a854cee7
815401f968b8
81545b9e40ab
8154b54356c2
81550ee8aafc
8155688e3d59
8155c2340dd9
81561bda1c7e
815675806946
8156cf26f432
815728cdbd42
81578274c477
8157dc1c09d0
815835c38d4e
81588f6b4ef1
8158e9134eb8
815942bb8ca5
81599c6408b8
8159f60cc2ef
815a4fb5bb4d
815aa95ef1d0
815b0308667a
815b5cb2194a
815bb65c0a40
815c1006395c
815c69b0a6a0
815cc35b520a
815d1d063b9b
815d76b16354
815dd05cc933
815e2a086d3b
815e83b44f6a
815edd606fc1
815f370cce40
815f90b96ae7
815fea6645b7
816044135eaf
81609dc0b5d0
8160f76e4b1a
8161511c1e8d
8161aaca3029
816204787fef
81625e270dde
8162b7d5d9f7
81631184e43a
81636b342ca7
8163c4e3b33e
81641e9377ff
816478437aec
8164d1f3bc03
81652ba43b44
81658554f8b1
8165df05f449
816638b72e0d
81669268a5fc
8166ec1a5c17
816745cc505e
81679f7e82d1
8167f930f370
816852e3a23c
8168ac968f34
81690649ba59
81695ffd23ab
8169b9b0cb2a
816a1364b0d7
816a6d18d4b0
816ac6cd36b8
816b2081d6ed
816b7a36b550
816bd3ebd1e2
816c2da12ca1
816c8756c58f
816ce10c9cac
816d3ac2b1f7
816d94790572
816dee2f971b
816e47e666f4
816ea19d74fc
816efb54c134
816f550c4b9c
816faec41434
8170087c1afb
817062345ff3
8170bbece31c
817115a5a475
81716f5ea3ff
8171c917e1ba
817222d15da7
81727c8b17c4
8172d6451013
81732fff4694
817389b9bb46
8173e3746e2b
81743d2f5f41
817496ea8e8a
8174f0a5fc06
81754a61a7b4
8175a41d9195
8175fdd9b9a9
817657961ff0
8176b152c46a
81770b0fa718
817764ccc7fa
8177be8a270f
81781847c459
817872059fd7
8178cbc3b989
81792582116f
81797f40a78a
8179d8ff7bda
817a32be8e60
817a8c7ddf1a
817ae63d6e0a
817b3ffd3b2f
817b99bd468a
817bf37d901a
817c4d3e17e1
817ca6feddde
817d00bfe211
817d5a81247b
817db442a51c
817e0e0463f3
817e67c66102
817ec1889c48
817f1b4b15c5
817f750dcd79
817fced0c366
81802893f78a
8180825769e6
8180dc1b1a7b
818135df0948
81818fa3364d
8181e967a18b
8182432c4b02
81829cf132b3
8182f6b6589c
8183507bbcbf
8183aa415f1b
818404073fb1
81845dcd5e81
8184b793bb8b
8185115a56d0
81856b21304f
8185c4e84808
81861eaf9dfc
81867877322b
8186d23f0495
81872c07153a
818785cf641b
8187df97f138
81883960bc90
81889329c624
8188ecf30df4
818946bc9400
8189a0865849
8189fa505acf
818a541a9b91
818aade51a90
818b07afd7cc
818b617ad346
818bbb460cfd
818c151184f2
818c6edd3b24
818cc8a92f94
818d22756243
818d7c41d330
818dd60e825b
818e2fdb6fc5
818e89a89b6d
818ee3760555
818f3d43ad7c
818f971193e2
818ff0dfb887
81904aae1b6c
8190a47cbc91
8190fe4b9bf6
8191581ab99b
8191b1ea1581
81920bb9afa7
81926589880d
8192bf599eb4
81931929f39d
819372fa86c6
8193cccb5831
8194269c67dd
8194806db5cb
8194da3f41fb
819534110c6d
81958de31521
8195e7b55c17
81964187e150
81969b5aa4cb
8196f52da689
81974f00e68b
8197a8d464cf
819802a82157
81985c7c1c22
8198b6505531
81991024cc84
819969f9821b
8199c3ce75f6
819a1da3a816
819a7779187a
819ad14ec722
819b2b24b410
819b84fadf42
819bded148ba
819c38a7f077
819c927ed67a
819cec55fac2
819d462d5d50
819da004fe25
819df9dcdd3f
819e53b4faa0
819ead8d5647
819f0765f035
819f613ec86a
819fbb17dee6
81a014f133aa
81a06ecac6b4
81a0c8a49807
81a1227ea7a1
81a17c58f583
81a1d63381ad
81a2300e4c1f
81a289e954d9
81a2e3c49bdc
81a33da02128
81a3977be4bd
81a3f157e69b
81a44b3426c2
81a4a510a533
81a4feed61ed
81a558ca5cf1
81a5b2a7963e
81a60c850dd6
81a66662c3b8
81a6c040b7e5
81a71a1eea5c
81a773fd5b1e
81a7cddc0a2b
81a827baf783
81a8819a2326
81a8db798d15
81a93559354f
81a98f391bd5
81a9e91940a7
81aa42f9a3c5
81aa9cda4530
81aaf6bb24e7
81ab509c42ea
81abaa7d9f3b
81ac045f39d8
81ac5e4112c2
81acb82329fa
81ad12057f7f
81ad6be81352
81adc5cae572
81ae1fadf5e1
81ae7991449d
81aed374d1a8
81af2d589d02
81af873ca6aa
81afe120eea1
81b03b0574e7
81b094ea397c
81b0eecf3c60
81b148b47d94
81b1a299fd17
81b1fc7fbaeb
81b25665b70e
81b2b04bf182
81b30a326a45
81b36419215a
81b3be0016bf
81b417e74a75
81b471cebc7b
81b4cbb66cd3
81b5259e5b7d
81b57f868878
81b5d96ef3c4
81b633579d63
81b68d408553
81b6e729ab96
81b74113102a
81b79afcb312
81b7f4e6944c
81b84ed0b3d9
81b8a8bb11b9
81b902a5aded
81b95c908873
81b9b67ba14d
81ba1066f87b
81ba6a528dfd
81bac43e61d3
81bb1e2a73fd
81bb7816c47b
81bbd203534e
81bc2bf02076
81bc85dd2bf2
81bcdfca75c4
81bd39b7fdeb
81bd93a5c467
81bded93c939
81be47820c60
81bea1708dde
81befb5f4db1
81bf554e4bdb
81bfaf3d885b
81c0092d0332
81c0631cbc5f
81c0bd0cb3e4
81c116fce9bf
81c170ed5df2
81c1cade107c
81c224cf015e
81c27ec03097
81c2d8b19e29
81c332a34a12
81c38c953454
81c3e6875cee
81c44079c3e1
81c49a6c692d
81c4f45f4cd1
81c54e526ecf
81c5a845cf26
81c602396dd6
81c65c2d4ae0
81c6b6216644
81c71015c001
81c76a0a5819
81c7c3ff2e8b
81c81df44358
81c877e9967f
81c8d1df2801
81c92bd4f7de
81c985cb0616
81c9dfc152a9
81ca39b7dd98
81ca93aea6e3
81caeda5ae89
81cb479cf48b
81cba19478ea
81cbfb8c3ba4
81cc55843cbc
81ccaf7c7c2f
81cd0974fa00
81cd636db62e
81cdbd66b0b9
81ce175fe9a1
81ce715960e6
81cecb53168a
81cf254d0a8b
81cf7f473cea
81cfd941ada8
81d0333c5cc3
81d08d374a3d
81d0e7327616
81d1412de04e
81d19b2988e5
81d1f5256fdb
81d24f219530
81d2a91df8e5
81d3031a9af9
81d35d177b6e
81d3b7149a42
81d41111f777
81d46b0f930c
81d4c50d6d01
81d51f0b8557
81d57909dc0f
81d5d3087127
81d62d0744a0
81d68706567b
81d6e105a6b7
81d73b053555
81d795050255
81d7ef050db7
81d84905577b
81d8a305dfa2
81d8fd06a62b
81d95707ab17
81d9b108ee65
81da0b0a7017
81da650c302c
81dabf0e2ea5
81db19106b81
81db7312e6c1
81dbcd15a064
81dc2718986c
81dc811bced8
81dcdb1f43a9
81dd3522f6de
81dd8f26e878
81dde92b1876
81de432f86da
81de9d3433a3
81def7391ed2
81df513e4866
81dfab43b060
81e0054956c0
81e05f4f3b86
81e0b9555eb2
81e1135bc045
81e16d62603e
81e1c7693e9e
81e221705b65
81e27b77b694
81e2d57f5029
81e32f872826
81e3898f3e8b
81e3e3979357
81e43da0268b
81e497a8f828
81e4f1b2082d
81e54bbb569a
81e5a5c4e370
81e5ffceaeaf
81e659d8b857
81e6b3e30068
81e70ded86e2
81e767f84bc5
81e7c2034f13
81e81c0e90ca
81e8761a10eb
81e8d025cf77
81e92a31cc6c
81e9843e07cc
81e9de4a8197
81ea385739cd
81ea9264306e
81eaec71657a
81eb467ed8f1
81eba08c8ad4
81ebfa9a7b22
81ec54a8a9dd
81ecaeb71703
81ed08c5c296
81ed62d4ac94
81edbce3d500
81ee16f33bd8
81ee7102e11d
81eecb12c4cf
81ef2522e6ee
81ef7f33477b
81efd943e675
81f03354c3dd
81f08d65dfb3
81f0e77739f7
81f14188d2a9
81f19b9aa9c9
81f1f5acbf58
81f24fbf1356
81f2a9d1a5c3
81f303e4769f
81f35df785ea
81f3b80ad3a4
81f4121e5fce
81f46c322a68
81f4c6463371
81f5205a7aeb
81f57a6f00d5
81f5d483c52f
81f62e98c7fa
81f688ae0936
81f6e2c388e3
81f73cd94700
81f796ef438f
81f7f1057e90
81f84b1bf802
81f8a532afe6
81f8ff49a63b
81f95960db03
81f9b3784e3d
81fa0d8fffea
81fa67a7f009
81fac1c01e9b
81fb1bd88ba0
81fb75f13718
81fbd00a2104
81fc2a234963
81fc843cb035
81fcde56557b
81fd38703936
81fd928a5b64
81fdeca4bc07
81fe46bf5b1e
81fea0da38aa
81fefaf554ab
81ff5510af20
81ffaf2c480b
820009481f6b
820063643541
8200bd80898c
8201179d1c4d
820171b9ed84
8201cbd6fd32
820225f44b55
82028011d7ef
8202da2fa300
8203344dac88
82038e6bf486
8203e88a7afc
820442a93fea
82049cc8434e
8204f6e7852b
82055107057f
8205ab26c44b
82060546c190
82065f66fd4d
8206b9877782
820713a83030
82076dc92757
8207c7ea5cf7
8208220bd111
82087c2d83a3
8208d64f74b0
82093071a436
82098a941235
8209e4b6beaf
820a3ed9a9a3
820a98fcd312
820af3203afb
820b4d43e15f
820ba767c63d
820c018be997
820c5bb04b6c
820cb5d4ebbd
820d0ff9ca89
820d6a1ee7d1
820dc4444394
820e1e69ddd4
820e788fb690
820ed2b5cdc9
820f2cdc237e
820f8702b7b0
820fe1298a5e
82103b509b8a
82109577eb34
8210ef9f795a
821149c745fe
8211a3ef5120
8211fe179ac0
8212584022de
8212b268e97b
82130c91ee96
821366bb322f
8213c0e4b447
82141b0e74df
8214753873f5
8214cf62b18b
8215298d2da0
821583b7e835
8215dde2e149
8216380e18de
821692398ef3
8216ec654388
82174691369d
8217a0bd6833
8217fae9d84a
8218551686e2
8218af4373fc
821909709f96
8219639e09b2
8219bdcbb250
821a17f99970
821a7227bf11
821acc562335
821b2684c5db
821b80b3a704
821bdae2c6af
821c351224dd
821c8f41c18e
821ce9719cc3
821d43a1b67a
821d9dd20eb6
821df802a575
821e52337ab8
821eac648e7f
821f0695e0ca
821f60c77199
821fbaf940ed
8220152b4ec6
82206f5d9b24
8220c9902607
822123c2ef6f
82217df5f75c
8221d8293dcf
8222325cc2c8
82228c908646
8222e6c4884b
822340f8c8d6
82239b2d47e7
8223f562057f
82244f97019e
8224a9cc3c43
82250401b570
82255e376d24
8225b86d635f
822612a39822
82266cda0b6d
8226c710bd40
82272147ad9a
82277b7edc7d
8227d5b649e9
82282fedf5dd
82288a25e05a
8228e45e0960
82293e9670ef
822998cf1707
8229f307fba9
822a4d411ed4
822aa77a8089
822b01b420c8
822b5bedff92
822bb6281ce5
822c106278c3
822c6a9d132c
822cc4d7ec20
822d1f13039e
822d794e59a8
822dd389ee3d
822e2dc5c15d
822e8801d309
822ee23e2341
822f3c7ab205
822f96b77f55
822ff0f48b32
82304b31d59b
8230a56f5e91
8230ffad2613
823159eb2c23
8231b42970bf
82320e67f3e9
823268a6b5a1
8232c2e5b5e6
82331d24f4ba
82337764721b
8233d1a42e0a
82342be42888
823486246194
8234e064d92f
82353aa58f59
823594e68412
8235ef27b75a
823649692932
8236a3aad999
8236fdecc890
8237582ef617
8237b271622e
82380cb40cd5
823866f6f60c
8238c13a1dd4
82391b7d842d
823975c12917
8239d0050c91
823a2a492e9d
823a848d8f3b
823aded22e6a
823b39170c2b
823b935c287e
823beda18362
823c47e71cd9
823ca22cf4e3
823cfc730b7f
823d56b960ae
823db0fff470
823e0b46c6c5
823e658dd7ad
823ebfd52729
823f1a1cb538
823f746481dc
823fceac8d13
824028f4d6de
8240833d5f3d
8240dd862631
824137cf2bba
824192186fd8
8241ec61f28a
824246abb3d2
8242a0f5b3af
8242fb3ff221
8243558a6f29
8243afd52ac7
82440a2024fb
8244646b5dc5
8244beb6d525
824519028b1c
8245734e7faa
8245cd9ab2ce
824627e7248a
82468233d4dc
8246dc80c3c6
824736cdf148
8247911b5d61
8247eb690812
824845b6f15b
8248a005193c
8248fa537fb6
824954a224c8
8249aef10873
824a09402ab7
824a638f8b94
824abddf2b0a
824b182f0919
824b727f25c2
824bcccf8105
824c27201ae1
824c8170f358
824cdbc20a69
824d36136014
824d9064f45a
824deab6c73b
824e4508d8b6
824e9f5b28cd
824ef9adb77f
824f540084cc
824fae5390b5
825008a6db39
825062fa645a
8250bd4e2c17
825117a2326f
825171f67765
8251cc4afaf7
8252269fbd26
825280f4bdf1
8252db49fd5a
8253359f7b60
82538ff53804
8253ea4b3345
825444a16d24
82549ef7e5a1
8254f94e9cbc
825553a59275
8255adfcc6cd
8256085439c3
825662abeb59
8256bd03db8d
8257175c0a60
825771b477d3
8257cc0d23e5
825826660e97
825880bf37e9
8258db189fdb
82593572466c
82598fcc2b9f
8259ea264f71
825a4480b1e5
825a9edb52f9
825af93632ae
825b53915105
825badecadfc
825c08484996
825c62a423d1
825cbd003cae
825d175c942d
825d71b92a4e
825dcc15ff11
825e26731277
825e80d06480
825edb2df52b
825f358bc47a
825f8fe9d26c
825fea481f01
826044a6aa3a
82609f057417
8260f9647c97
826153c3c3bc
8261ae234984
826208830df2
826262e31103
8262bd4352ba
826317a3d315
826372049216
8263cc658fbb
826426c6cc07
8264812846f7
8264db8a008e
826535ebf8ca
8265904e2fad
8265eab0a536
826645135965
82669f764c3b
8266f9d97db8
8267543ceddb
8267aea09ca6
826809048a18
82686368b632
8268bdcd20f3
82691831ca5c
82697296b26c
8269ccfbd926
826a27613e87
826a81c6e291
826adc2cc543
826b3692e69e
826b90f946a3
826beb5fe550
826c45c6c2a7
826ca02ddea7
826cfa953951
826d54fcd2a5
826daf64aaa3
826e09ccc14b
826e6435169d
826ebe9daa9a
826f19067d41
826f736f8e93
826fcdd8de91
827028426d39
827082ac3a8d
8270dd16468d
827137809138
827191eb1a8f
8271ec55e292
827246c0e941
8272a12c2e9d
8272fb97b2a5
82735603755a
8273b06f76bc
82740adbb6cb
827465483587
8274bfb4f2f0
82751a21ef07
8275748f29cc
8275cefca33f
8276296a5b60
827683d8522f
8276de4687ac
827738b4fbd8
82779323aeb3
8277ed92a03d
82784801d076
8278a2713f5e
8278fce0ecf5
82795750d93c
8279b1c10433
827a0c316dda
827a66a21631
827ac112fd38
827b1b8422f0
827b75f58758
827bd0672a71
827c2ad90c3b
827c854b2cb7
827cdfbd8be3
827d3a3029c1
827d94a30651
827def162192
827e49897b86
827ea3fd142b
827efe70eb83
827f58e5018e
827fb359564b
82800dcde9ba
82806842bbdd
8280c2b7ccb3
82811d2d1c3d
828177a2aa7a
8281d218776a
82822c8e830f
82828704cd67
8282e17b5674
82833bf21e35
8283966924aa
8283f0e069d5
82844b57edb4
8284a5cfb048
82850047b191
82855abff190
8285b5387044
82860fb12dae
82866a2a29ce
8286c4a364a4
82871f1cde30
828779969672
8287d4108d6c
82882e8ac31b
828889053782
8288e37feaa0
82893dfadc75
828998760d01
8289f2f17c46
828a4d6d2a41
828aa7e916f5
828b02654261
828b5ce1ac85
828bb75e5562
828c11db3cf7
828c6c586345
828cc6d5c84b
828d21536c0b
828d7bd14e85
828dd64f6fb7
828e30cdcfa4
828e8b4c6e4a
828ee5cb4baa
828f404a67c4
828f9ac9c299
828ff5495c28
82904fc93471
8290aa494b76
829104c9a135
82915f4a35b0
8291b9cb08e6
8292144c1ad7
82926ecd6b84
8292c94efaed
829323d0c912
82937e52d5f3
8293d8d52190
82943357abea
82948dda7501
8294e85d7cd4
829542e0c364
82959d6448b2
8295f7e80cbd
8296526c0f86
8296acf0510c
82970774d150
829761f99052
8297bc7e8e12
82981703ca91
8298718945ce
8298cc0effca
82992694f885
8299811b2fff
8299dba1a638
829a36285b31
829a90af4ee9
829aeb368161
829b45bdf298
829ba045a290
829bfacd9148
829c5555bec1
829cafde2afa
829d0a66d5f4
829d64efbfaf
829dbf78e82a
829e1a024f68
829e748bf566
829ecf15da26
829f299ffda8
829f842a5fec
829fdeb500f2
82a0393fe0bb
82a093caff45
82a0ee565c93
82a148e1f8a3
82a1a36dd376
82a1fdf9ed0c
82a258864566
82a2b312dc83
82a30d9fb264
82a3682cc708
82a3c2ba1a71
82a41d47ac9d
82a477d57d8e
82a4d2638d44
82a52cf1dbbe
82a5878068fd
82a5e20f3501
82a63c9e3fca
82a6972d8959
82a6f1bd11ad
82a74c4cd8c7
82a7a6dcdea6
82a8016d234c
82a85bfda6b7
82a8b68e68ea
82a9111f69e2
82a96bb0a9a2
82a9c6422828
82aa20d3e575
82aa7b65e18a
82aad5f81c66
82ab308a9609
82ab8b1d4e74
82abe5b045a8
82ac40437ba3
82ac9ad6f066
82acf56aa3f2
82ad4ffe9646
82adaa92c763
82ae05273749
82ae5fbbe5f9
82aeba50d371
82af14e5ffb3
82af6f7b6abe
82afca111493
82b024a6fd32
82b07f3d249c
82b0d9d38acf
82b1346a2fcd
82b18f011395
82b1e9983629
82b2442f9787
82b29ec737b0
82b2f95f16a5
82b353f73465
82b3ae8f90f1
82b409282c49
82b463c1066c
82b4be5a1f5c
82b518f37718
82b5738d0da1
82b5ce26e2f6
82b628c0f718
82b6835b4a07
82b6ddf5dbc3
82b73890ac4c
82b7932bbba3
82b7edc709c8
82b8486296bb
82b8a2fe627b
82b8fd9a6d0a
82b95836b667
82b9b2d33e92
82ba0d70058d
82ba680d0b56
82bac2aa4fee
82bb1d47d356
82bb77e5958c
82bbd2839693
82bc2d21d669
82bc87c0550f
82bce25f1285
82bd3cfe0ecb
82bd979d49e1
82bdf23cc3c9
82be4cdc7c80
82bea77c7409
82bf021caa63
82bf5cbd1f8e
82bfb75dd38b
82c011fec659
82c06c9ff7f9
82c0c741686b
82c121e317af
82c17c8505c5
82c1d72732ae
82c231c99e69
82c28c6c48f7
82c2e70f3258
82c341b25a8c
82c39c55c193
82c3f6f9676e
82c4519d4c1c
82c4ac416f9f
82c506e5d1f5
82c5618a731f
82c5bc2f531e
82c616d471f1
82c67179cf99
82c6cc1f6c16
82c726c54767
82c7816b618e
82c7dc11ba8a
82c836b8525c
82c8915f2903
82c8ec063e80
82c946ad92d3
82c9a15525fc
82c9fbfcf7fc
82ca56a508d2
82cab14d587f
82cb0bf5e703
82cb669eb45d
82cbc147c08f
82cc1bf10b99
82cc769a957a
82ccd1445e32
82cd2bee65c3
82cd8698ac2b
82cde143316c
82ce3bedf585
82ce9698f877
82cef1443a41
82cf4befbae4
82cfa69b7a61
82d0014778b6
82d05bf3b5e5
82d0b6a031ee
82d1114cecd0
82d16bf9e68d
82d1c6a71f23
82d221549694
82d27c024cdf
82d2d6b04205
82d3315e7605
82d38c0ce8e0
82d3e6bb9a97
82d4416a8b29
82d49c19ba96
82d4f6c928df
82d55178d604
82d5ac28c204
82d606d8ece1
82d66189569a
82d6bc39ff30
82d716eae6a2
82d7719c0cf1
82d7cc4d721d
82d826ff1626
82d881b0f90d
82d8dc631ad1
82d937157b72
82d991c81af2
82d9ec7af94f
82da472e168b
82daa1e172a5
82dafc950d9e
82db5748e775
82dbb1fd002b
82dc0cb157c0
82dc6765ee35
82dcc21ac388
82dd1ccfd7bc
82dd77852acf
82ddd23abcc1
82de2cf08d94
82de87a69d47
82dee25cebdb
82df3d13794f
82df97ca45a4
82dff28150da
82e04d389af0
82e0a7f023e8
82e102a7ebc2
82e15d5ff27d
82e1b818381a
82e212d0bc98
82e26d897ff9
82e2c842823c
82e322fbc362
82e37db5436a
82e3d86f0255
82e433290022
82e48de33cd3
82e4e89db867
82e5435872df
82e59e136c3a
82e5f8cea47a
82e6538a1b9d
82e6ae45d1a4
82e70901c68f
82e763bdfa5f
82e7be7a6d14
82e819371ead
82e873f40f2c
82e8ceb13e8f
82e9296eacd8
82e9842c5a07
82e9deea461b
82ea39a87115
82ea9466daf5
82eaef2583bb
82eb49e46b67
82eba4a391fa
82ebff62f774
82ec5a229bd5
82ecb4e27f1c
82ed0fa2a14b
82ed6a630261
82edc523a25f
82ee1fe48144
82ee7aa59f12
82eed566fbc7
82ef30289764
82ef8aea71ea
82efe5ac8b59
82f0406ee3b0
82f09b317af0
82f0f5f4511a
82f150b7662c
82f1ab7aba28
82f2063e4d0e
82f261021edd
82f2bbc62f96
82f3168a7f39
82f3714f0dc7
82f3cc13db3f
82f426d8e7a2
82f4819e32ef
82f4dc63bd27
82f53729864b
82f591ef8e5a
82f5ecb5d554
82f6477c5b3a
82f6a243200b
82f6fd0a23c9
82f757d16673
82f7b298e809
82f80d60a88b
82f86828a7fa
82f8c2f0e657
82f91db963a0
82f978821fd6
82f9d34b1af9
82fa2e14550a
82fa88ddce09
82fae3a785f6
82fb3e717cd0
82fb993bb299
82fbf4062750
82fc4ed0daf6
82fca99bcd8a
82fd0466ff0d
82fd5f326f80
82fdb9fe1ee1
82fe14ca0d32
82fe6f963a72
82feca62a6a2
82ff252f51c2
82ff7ffc3bd2
82ffdac964d3
83003596ccc3
8300906473a5
8300eb325977
830146007e3a
8301a0cee1ee
8301fb9d8493
8302566c662a
8302b13b86b2
83030c0ae62c
830366da8498
8303c1aa61f6
83041c7a7e46
8304774ad989
8304d21b73bf
83052cec4ce7
830587bd6502
8305e28ebc10
83063d605212
830698322707
8306f3043af0
83074dd68dcc
8307a8a91f9d
8308037bf062
83085e4f001b
8308b9224ec8
830913f5dc6a
83096ec9a901
8309c99db48d
830a2471ff0e
830a7f468885
830ada1b50f1
830b34f05853
830b8fc59eaa
830bea9b23f8
830c4570e83c
830ca046eb76
830cfb1d2da7
830d55f3aece
830db0ca6eec
830e0ba16e02
830e6678ac0e
830ec1502912
830f1c27e50e
830f76ffe001
830fd1d819ec
83102cb092cf
831087894aab
8310e262417f
83113d3b774b
83119814ec10
8311f2ee9fce
83124dc89286
8312a8a2c436
8313037d34e0
83135e57e484
8313b932d321
8314140e00b8
83146ee96d4a
8314c9c518d5
831524a1035b
83157f7d2cdc
8315da599558
831635363cce
831690132340
8316eaf048ad
831745cdad15
8317a0ab507a
8317fb8932da
831856675436
8318b145b48e
83190c2453e2
831967033233
8319c1e24f81
831a1cc1abcb
831a77a14713
831ad2812157
831b2d613a99
831b884192d9
831be3222a16
831c3e030051
831c98e4158b
831cf3c569c2
831d4ea6fcf8
831da988cf2c
831e046ae05f
831e5f4d3091
831eba2fbfc2
831f15128df3
831f6ff59b22
831fcad8e751
832025bc7280
832080a03caf
8320db8445de
832136688e0e
8321914d153d
8321ec31db6e
83224716e09f
8322a1fc24d1
8322fce1a804
832357c76a38
8323b2ad6b6e
83240d93aba5
8324687a2adf
8324c360e91a
83251e47e657
8325792f2297
8325d4169dd9
83262efe581e
832689e65165
8326e4ce89b0
83273fb700fe
83279a9fb74f
8327f588aca4
83285071e0fc
8328ab5b5458
8329064506b8
8329612ef81c
8329bc192885
832a170397f2
832a71ee4664
832accd933db
832b27c46056
832b82afcbd7
832bdd9b765e
832c38875fea
832c9373887b
832cee5ff013
832d494c96b0
832da4397c54
832dff26a0fe
832e5a1404af
832eb501a767
832f0fef8925
832f6adda9eb
832fc5cc09b7
833020baa88b
83307ba98667
8330d698a34b
83313187ff36
83318c779a2a
8331e7677426
833242578d2a
83329d47e537
8332f8387c4d
83335329526b
8333ae1a6793
8334090bbbc4
833463fd4eff
8334beef2143
833519e13291
833574d382e9
8335cfc6124b
83362ab8e0b8
833685abee2f
8336e09f3ab1
83373b92c63d
8337968690d5
8337f17a9a77
83384c6ee325
8338a7636adf
8339025831a4
83395d4d3775
8339b8427c53
833a1338003c
833a6e2dc332
833ac923c534
833b241a0643
833b7f10865f
833bda074588
833c34fe43be
833c8ff58102
833ceaecfd53
833d45e4b8b2
833da0dcb31e
833dfbd4ec99
833e56cd6522
833eb1c61cba
833f0cbf1360
833f67b84915
833fc2b1bdd9
83401dab71ac
834078a5648e
8340d39f9680
83412e9a0781
83418994b792
8341e48fa6b3
83423f8ad4e4
83429a864226
8342f581ee78
8343507dd9da
8343ab7a044e
834406766dd2
834461731668
8344bc6ffe0f
8345176d24c7
8345726a8a91
8345cd682f6d
83462866135b
83468364365b
8346de62986d
834739613992
8347946019ca
8347ef5f3914
83484a5e9772
8348a55e34e3
8349005e1167
83495b5e2cfe
8349b65e87aa
834a115f2169
834a6c5ffa3c
834ac7611224
834b22626920
834b7d63ff30
834bd865d456
834c3367e890
834c8e6a3bdf
834ce96cce44
834d446f9fbd
834d9f72b04d
834dfa75fff2
834e55798ead
834eb07d5c7f
834f0b816966
834f6685b565
834fc18a4079
83501c8f0aa5
8350779413e7
8350d2995c41
83512d9ee3b2
835188a4aa3a
8351e3aaafda
83523eb0f492
835299b77862
8352f4be3b4a
83534fc53d4a
8353aacc7e63
835405d3fe94
835460dbbdde
8354bbe3bc42
835516ebf9be
835571f47654
8355ccfd3203
835628062ccc
8356830f66af
8356de18dfac
8357392297c4
8357942c8ef5
8357ef36c541
83584a413aa8
8358a54bef2a
83590056e2c7
83595b62157f
8359b66d8752
835a11793841
835a6c85284c
835ac7915772
835b229dc5b5
835b7daa7314
835bd8b75f90
835c33c48b28
835c8ed1f5dc
835ce9df9fae
835d44ed889d
835d9ffbb0a9
835dfb0a17d3
835e5618be1a
835eb127a37f
835f0c36c802
835f67462ba3
835fc255ce63
83601d65b040
83607875d13d
8360d3863158
83612e96d093
836189a7aeec
8361e4b8cc65
83623fca28fe
83629adbc4b6
8362f5ed9f8e
836350ffb985
8363ac12129e
83640724aad6
83646237822f
8364bd4a98a9
8365185dee43
8365737182ff
8365ce8556dc
8366299969da
836684adbbfa
8366dfc24d3b
83673ad71d9f
836795ec2d24
8367f1017bcc
83684c170996
8368a72cd683
83690242e292
83695d592dc5
8369b86fb81a
836a13868193
836a6e9d8a2f
836ac9b4d1ef
836b24cc58d2
836b7fe41eda
836bdafc2406
836c36146856
836c912cebca
836cec45ae63
836d475eb021
836da277f104
836dfd91710c
836e58ab3039
836eb3c52e8c
836f0edf6c04
836f69f9e8a2
836fc514a467
8370202f9f51
83707b4ad962
8370d6665299
837131820af7
83718c9e027c
8371e7ba3928
837242d6aefb
83729df363f5
8372f9105817
8373542d8b61
8373af4afdd2
83740a68af6c
83746586a02e
8374c0a4d018
83751bc33f2b
837576e1ed66
8375d200dacb
83762d200758
8376883f730f
8376e35f1def
83773e7f07f9
8377999f312d
8377f4bf998a
83784fe04112
8378ab0127c4
837906224da0
83796143b2a7
8379bc6556d8
837a17873a35
837a72a95cbd
837acdcbbe70
837b28ee5f4f
837b84113f59
837bdf345e8f
837c3a57bcf1
837c957b5a7f
837cf09f373a
837d4bc35321
837da6e7ae34
837e020c4875
837e5d3121e3
837eb8563a7d
837f137b9245
837f6ea1293b
837fc9c6ff5e
838024ed14af
83808013692f
8380db39fcdc
83813660cfb8
83819187e1c2
8381ecaf32fb
838247d6c363
8382a2fe92fa
8382fe26a1c1
8383594eefb6
8383b4777cdc
83840fa04931
83846ac954b6
8384c5f29f6b
8385211c2950
83857c45f266
8385d76ffaac
8386329a4223
83868dc4c8cb
8386e8ef8ea4
8387441a93af
83879f45d7eb
8387fa715b58
8388559d1df8
8388b0c91fc9
83890bf560cd
83896721e103
8389c24ea06b
838a1d7b9f06
838a78a8dcd4
838ad3d659d4
838b2f041608
838b8a321170
838be5604c0a
838c408ec5d9
838c9bbd7edb
838cf6ec7712
838d521bae7c
838dad4b251b
838e087adaef
838e63aacff7
838ebedb0434
838f1a0b77a6
838f753c2a4e
838fd06d1c2a
83902b9e4d3d
839086cfbd85
8390e2016d03
83913d335bb7
8391986589a1
8391f397f6c2
83924ecaa319
8392a9fd8ea7
83930530b96d
839360642369
8393bb97cc9c
839416cbb507
839471ffdcaa
8394cd344384
83952868e996
8395839dcee1
8395ded2f363
83963a08571e
8396953dfa12
8396f073dc3f
83974ba9fda5
8397a6e05e43
83980216fe1c
83985d4ddd2d
8398b884fb79
839913bc58fe
83996ef3f5bd
8399ca2bd1b6
839a2563ecea
839a809c4758
839adbd4e101
839b370db9e5
839b9246d204
839bed80295e
839c48b9bff4
839ca3f395c5
839cff2daad2
839d5a67ff1a
839db5a2929f
839e10dd6560
839e6c18775d
839ec753c897
839f228f590e
839f7dcb28c2
839fd90737b3
83a0344385e1
83a08f80134c
83a0eabcdff6
83a145f9ebdc
83a1a1373701
83a1fc74c164
83a257b28b06
83a2b2f093e5
83a30e2edc04
83a3696d6361
83a3c4ac29fd
83a41feb2fd9
83a47b2a74f3
83a4d669f94e
83a531a9bce7
83a58ce9bfc1
83a5e82a01db
83a6436a8335
83a69eab43cf
83a6f9ec43aa
83a7552d82c5
83a7b06f0122
83a80bb0bebf
83a866f2bb9e
83a8c234f7bd
83a91d77731f
83a978ba2dc2
83a9d3fd27a7
83aa2f4060cf
83aa8a83d938
83aae5c790e4
83ab410b87d2
83ab9c4fbe04
83abf7943378
83ac52d8e82f
83acae1ddc29
83ad09630f67
83ad64a881e9
83adbfee33ae
83ae1b3424b7
83ae767a5505
83aed1c0c496
83af2d07736c
83af884e6187
83afe3958ee7
83b03edcfb8b
83b09a24a775
83b0f56c92a4
83b150b4bd19
83b1abfd26d3
83b20745cfd3
83b2628eb819
83b2bdd7dfa5
83b319214678
83b3746aec91
83b3cfb4d1f0
83b42afef697
83b486495a85
83b4e193fdba
83b53cdee036
83b5982a01fa
83b5f3756305
83b64ec10358
83b6aa0ce2f4
83b7055901d8
83b760a56004
83b7bbf1fd78
83b8173eda36
83b8728bf63c
83b8cdd9518c
83b92926ec24
83b98474c606
83b9dfc2df32
83ba3b1137a8
83ba965fcf67
83baf1aea671
83bb4cfdbcc5
83bba84d1263
83bc039ca74c
83bc5eec7b80
83bcba3c8efe
83bd158ce1c8
83bd70dd73de
83bdcc2e453e
83be277f55eb
83be82d0a5e3
83bede223527
83bf397403b7
83bf94c61194
83bff0185ebd
83c04b6aeb33
83c0a6bdb6f6
83c10210c206
83c15d640c63
83c1b8b7960d
83c2140b5f05
83c26f5f674b
83c2cab3aede
83c3260835c0
83c3815cfbf0
83c3dcb2016e
83c43807463b
83c4935cca56
83c4eeb28dc1
83c54a08907b
83c5a55ed283
83c600b553dc
83c65c0c1483
83c6b763147b
83c712ba53c3
83c76e11d25a
83c7c9699042
83c824c18d7b
83c88019ca04
83c8db7245de
83c936cb0109
83c99223fb85
83c9ed7d3552
83ca48d6ae71
83caa43066e1
83caff8a5ea4
83cb5ae495b8
83cbb63f0c1e
83cc1199c1d7
83cc6cf4b6e3
83ccc84feb41
83cd23ab5ef2
83cd7f0711f6
83cdda63044d
83ce35bf35f7
83ce911ba6f5
83ceec785747
83cf47d546ed
83cfa33275e6
83cffe8fe434
83d059ed91d7
83d0b54b7ece
83d110a9ab19
83d16c0816ba
83d1c766c1b0
83d222c5abfb
83d27e24d59b
83d2d9843e91
83d334e3e6dd
83d39043ce7f
83d3eba3f576
83d447045bc4
83d4a2650169
83d4fdc5e664
83d559270ab6
83d5b4886e5f
83d60fea115f
83d66b4bf3b7
83d6c6ae1566
83d72210766c
83d77d7316cb
83d7d8d5f681
83d834391590
83d88f9c73f7
83d8eb0011b7
83d94663eecf
83d9a1c80b40
83d9fd2c670a
83da5891022d
83dab3f5dcaa
83db0f5af680
83db6ac04fb0
83dbc625e83a
83dc218bc01e
83dc7cf1d75c
83dcd8582df4
83dd33bec3e8
83dd8f259935
83ddea8cadde
83de45f401e2
83dea15b9541
83defcc367fc
83df582b7a12
83dfb393cb84
83e00efc5c52
83e06a652c7c
83e0c5ce3c02
83e121378ae5
83e17ca11924
83e1d80ae6c1
83e23374f3ba
83e28edf4010
83e2ea49cbc4
83e345b496d5
83e3a11fa144
83e3fc8aeb11
83e457f6743b
83e4b3623cc4
83e50ece44ac
83e56a3a8bf1
83e5c5a71296
83e62113d899
83e67c80ddfb
83e6d7ee22bd
83e7335ba6de
83e78ec96a5e
83e7ea376d3f
83e845a5af7f
83e8a114311f
83e8fc82f21f
83e957f1f280
83e9b3613242
83ea0ed0b164
83ea6a406fe7
83eac5b06dcb
83eb2120ab11
83eb7c9127b8
83ebd801e3c0
83ec3372df2a
83ec8ee419f7
83ecea559425
83ed45c74db6
83eda13946a9
83edfcab7eff
83ee581df6b7
83eeb390add3
83ef0f03a452
83ef6a76da34
83efc5ea4f79
83f0215e0423
83f07cd1f830
83f0d8462ba1
83f133ba9e76
83f18f2f50b0
83f1eaa4424e
83f246197351
83f2a18ee3b9
83f2fd049386
83f3587a82b8
83f3b3f0b14f
83f40f671f4c
83f46addccaf
83f4c654b977
83f521cbe5a6
83f57d43513b
83f5d8bafc36
83f63432e698
83f68fab1061
83f6eb237991
83f7469c2227
83f7a2150a25
83f7fd8e318b
83f859079858
83f8b4813e8d
83f90ffb242a
83f96b75492f
83f9c6efad9c
83fa226a5172
83fa7de534b0
83fad9605758
83fb34dbb968
83fb90575ae1
83fbebd33bc4
83fc474f5c10
83fca2cbbbc6
83fcfe485ae6
83fd59c53970
83fdb5425764
83fe10bfb4c2
83fe6c3d518b
83fec7bb2dbf
83ff2339495d
83ff7eb7a467
83ffda363edb
840035b518bc
840091343207
8400ecb38abf
8401483322e2
8401a3b2fa72
8401ff33116d
84025ab367d6
8402b633fdaa
840311b4d2ec
84036d35e79a
8403c8b73bb6
84042438cf3f
84047fbaa235
8404db3cb499
840536bf066b
8405924197ab
8405edc46858
840649477875
8406a4cac7ff
8407004e56f9
84075bd22561
8407b7563338
840812da807e
84086e5f0d34
8408c9e3d959
84092568e4ee
840980ee2ff3
8409dc73ba68
840a37f9844d
840a937f8da2
840aef05d668
840b4a8c5e9f
840ba6132646
840c019a2d5f
840c5d2173e9
840cb8a8f9e4
840d1430bf51
840d6fb8c430
840dcb410880
840e26c98c43
840e82524f78
840edddb521f
840f39649439
840f94ee15c6
840ff077d6c5
84104c01d738
8410a78c171e
841103169678
84115ea15545
8411ba2c5386
841215b7913b
841271430e64
8412cccecb02
8413285ac714
841383e7029b
8413df737d96
84143b003807
8414968d31ec
8414f21a6b47
84154da7e418
8415a9359c5e
841604c3941b
84166051cb4d
8416bbe041f5
8417176ef814
841772fdedaa
8417ce8d22b6
84182a1c9739
841885ac4b33
8418e13c3ea4
84193ccc718d
8419985ce3ed
8419f3ed95c6
841a4f7e8716
841aab0fb7de
841b06a1281e
841b6232d7d7
841bbdc4c709
841c1956f5b3
841c74e963d7
841cd07c1173
841d2c0efe89
841d87a22b18
841de3359721
841e3ec942a4
841e9a5d2da1
841ef5f15818
841f5185c209
841fad1a6b75
842008af545b
842064447cbc
8420bfd9e499
84211b6f8bf0
8421770572c3
8421d29b9912
84222e31fedc
842289c8a422
8422e55f88e4
842340f6ad23
84239c8e10dd
8423f825b415
842453bd96c9
8424af55b8fa
84250aee1aa8
84256686bbd3
8425c21f9c7c
84261db8bca3
842679521c47
8426d4ebbb69
842730859a09
84278c1fb828
8427e7ba15c5
84284354b2e1
84289eef8f7b
8428fa8aab95
84295626072e
8429b1c1a246
842a0d5d7cdd
842a68f996f4
842ac495f08b
842b203289a2
842b7bcf623a
842bd76c7a51
842c3309d1e9
842c8ea76902
842cea453f9c
842d45e355b7
842da181ab52
842dfd204070
842e58bf150f
842eb45e292f
842f0ffd7cd2
842f6b9d0ff7
842fc73ce29d
843022dcf4c7
84307e7d4673
8430da1dd7a1
843135bea853
8431915fb888
8431ed010840
843248a2977b
8432a444663a
8432ffe6747d
84335b88c244
8433b72b4f8f
843412ce1c5e
84346e7128b2
8434ca14748b
843525b7ffe8
8435815bcaca
8435dcffd532
843638a41f1f
84369448a891
8436efed7189
84374b927a07
8437a737c20b
843802dd4995
84385e8310a5
8438ba29173d
843915cf5d5a
84397175e2ff
8439cd1ca82b
843a28c3acde
843a846af118
843ae01274da
843b3bba3824
843b97623af6
843bf30a7d4f
843c4eb2ff31
843caa5bc09c
843d0604c18f
843d61ae020b
843dbd578210
843e1901419e
843e74ab40b5
843ed0557f56
843f2bfffd80
843f87aabb34
843fe355b873
84403f00f53b
84409aac718e
8440f6582d6b
8441520428d3
8441adb063c5
8442095cde43
84426509984c
8442c0b691e1
84431c63cb00
8443781143ac
8443d3befbe4
84442f6cf3a7
84448b1b2af7
8444e6c9a1d3
84454278583c
84459e274e31
8445f9d683b4
84465585f8c3
8446b135ad60
84470ce5a18a
84476895d542
8447c4464887
84481ff6fb5b
84487ba7edbc
8448d7591fac
8449330a912b
84498ebc4238
8449ea6e32d4
844a462062fe
844aa1d2d2b8
844afd858202
844b593870da
844bb4eb9f43
844c109f0d3b
844c6c52bac3
844cc806a7dc
844d23bad485
844d7f6f40be
844ddb23ec88
844e36d8d7e3
844e928e02cf
844eee436d4c
844f49f9175b
844fa5af00fb
845001652a2d
84505d1b92f1
8450b8d23b47
84511489232f
845170404aaa
8451cbf7b1b7
845227af5857
845283673e8a
8452df1f6450
84533ad7c9a9
845396906e96
8453f2495316
84544e02772a
8454a9bbdad2
845505757e0f
8455612f60df
8455bce98344
845618a3e53e
8456745e86cd
8456d01967f0
84572bd488a9
8457878fe8f7
8457e34b88db
84583f076854
84589ac38763
8458f67fe608
8459523c8444
8459adf96216
845a09b67f7e
845a6573dc7d
845ac1317913
845b1cef5540
845b78ad7105
845bd46bcc60
845c302a6754
845c8be941df
845ce7a85c02
845d4367b5bd
845d9f274f10
845dfae727fc
845e56a74081
845eb267989e
845f0e283054
845f69e907a3
845fc5aa1e8c
8460216b750e
84607d2d0b2a
8460d8eee0e0
846134b0f62f
846190734b19
8461ec35df9d
846247f8b3bc
8462a3bbc775
8462ff7f1aca
84635b42adb9
8463b7068043
846412ca9269
84646e8ee42b
8464ca537588
846526184681
846581dd5716
8465dda2a747
846639683715
8466952e067f
8466f0f41586
84674cba642a
8467a880f26b
84680447c049
8468600ecdc5
8468bbd61adf
8469179da796
8469736573eb
8469cf2d7fde
846a2af5cb70
846a86be56a0
846ae287216f
846b3e502bdc
846b9a1975e9
846bf5e2ff94
846c51acc8df
846cad76d1ca
846d09411a54
846d650ba27e
846dc0d66a48
846e1ca171b3
846e786cb8bd
846ed4383f69
846f300405b5
846f8bd00ba1
846fe79c512f
84704368d65e
84709f359b2f
8470fb029fa1
847156cfe3b5
8471b29d676b
84720e6b2ac3
84726a392dbd
8472c6077059
847321d5f298
84737da4b47a
8473d973b5ff
84743542f727
8474911277f3
8474ece23862
847548b23874
8475a482782a
84760052f785
84765c23b683
8476b7f4b526
847713c5f36d
84776f977159
8477cb692eea
8478273b2c20
8478830d68fb
8478dedfe57b
84793ab2a1a1
847996859d6d
8479f258d8de
847a4e2c53f6
847aaa000eb4
847b05d40918
847b61a84323
847bbd7cbcd4
847c1951762d
847c75266f2d
847cd0fba7d3
847d2cd12022
847d88a6d818
847de47ccfb5
847e405306fb
847e9c297de9
847ef800347f
847f53d72abd
847fafae60a4
84800b85d634
8480675d8b6d
8480c335804f
84811f0db4db
84817ae62910
8481d6bedcee
84823297d077
84828e7103a9
8482ea4a7686
84834624290d
8483a1fe1b3f
8483fdd84d1b
848459b2bea2
8484b58d6fd4
8485116860b2
84856d43913b
8485c91f016f
848624fab150
848680d6a0dc
8486dcb2d014
8487388f3ef8
8487946bed89
8487f048dbc7
84884c2609b1
8488a8037748
848903e1248d
84895fbf117e
8489bb9d3e1e
848a177baa6a
848a735a5665
848acf39420e
848b2b186d64
848b86f7d869
848be2d7831d
848c3eb76d7f
848c9a979790
848cf6780151
848d5258aac0
848dae3993df
848e0a1abcad
848e65fc252b
848ec1ddcd59
848f1dbfb536
848f79a1dcc5
848fd5844403
84903166eaf2
84908d49d192
8490e92cf7e3
849145105de5
8491a0f40398
8491fcd7e8fc
849258bc0e12
8492b4a072da
849310851754
84936c69fb80
8493c84f1f5f
8494243482ef
8494801a2633
8494dc000929
849537e62bd2
849593cc8e2f
8495efb3303e
84964b9a1202
8496a7813379
8497036894a3
84975f503582
8497bb381615
84981720365d
849873089658
8498cef13609
84992ada156f
849986c33489
8499e2ac9359
849a3e9631de
849a9a801019
849af66a2e09
849b52548bb0
849bae3f290c
849c0a2a061f
849c661522e8
849cc2007f68
849d1dec1b9f
849d79d7f78c
849dd5c41331
849e31b06e8d
849e8d9d09a0
849ee989e46c
849f4576feee
849fa1645929
849ffd51f31c
84a0593fccc8
84a0b52de62c
84a1111c3f48
84a16d0ad81e
84a1c8f9b0ac
84a224e8c8f4
84a280d820f5
84a2dcc7b8b0
84a338b79024
84a394a7a752
84a3f097fe3b
84a44c8894dd
84a4a8796b3a
84a5046a8151
84a5605bd724
84a5bc4d6cb1
84a6183f41f9
84a6743156fd
84a6d023abbc
84a72c164036
84a78809146d
84a7e3fc285f
84a83fef7c0d
84a89be30f78
84a8f7d6e29f
84a953caf583
84a9afbf4824
84aa0bb3da82
84aa67a8ac9d
84aac39dbe75
84ab1f93100b
84ab7b88a15e
84abd77e726f
84ac3374833f
84ac8f6ad3cc
84aceb616418
84ad47583422
84ada34f43eb
84adff469374
84ae5b3e22bb
84aeb735f1c1
84af132e0087
84af6f264f0c
84afcb1edd51
84b02717ab56
84b08310b91b
84b0df0a06a1
84b13b0393e7
84b196fd60ed
84b1f2f76db4
84b24ef1ba3d
84b2aaec4686
84b306e71291
84b362e21e5d
84b3bedd69eb
84b41ad8f53a
84b476d4c04c
84b4d2d0cb20
84b52ecd15b6
84b58ac9a00e
84b5e6c66a2a
84b642c37408
84b69ec0bda9
84b6fabe470e
84b756bc1036
84b7b2ba1921
84b80eb861d0
84b86ab6ea43
84b8c6b5b27a
84b922b4ba76
84b97eb40235
84b9dab389ba
84ba36b35103
84ba92b35811
84baeeb39ee4
84bb4ab4257d
84bba6b4ebda
84bc02b5f1fe
84bc5eb737e7
84bcbab8bd97
84bd16ba830c
84bd72bc8848
84bdcebecd4a
84be2ac15213
84be86c416a3
84bee2c71af9
84bf3eca5f17
84bf9acde2fd
84bff6d1a6a9
84c052d5aa1e
84c0aed9ed5a
84c10ade705f
84c166e3332b
84c1c2e835c0
84c21eed781e
84c27af2fa44
84c2d6f8bc33
84c332febdec
84c38f04ff6d
84c3eb0b80b8
84c4471241cd
84c4a31942ab
84c4ff208353
84c55b2803c6
84c5b72fc402
84c61337c40a
84c66f4003db
84c6cb488378
84c7275142e0
84c7835a4212
84c7df638110
84c83b6cffda
84c89776be6f
84c8f380bcd0
84c94f8afafd
84c9ab9578f7
84ca07a036bc
84ca63ab344e
84cabfb671ad
84cb1bc1eed9
84cb77cdabd2
84cbd3d9a898
84cc2fe5e52b
84cc8bf2618c
84cce7ff1dbb
84cd440c19b8
84cda0195582
84cdfc26d11b
84ce58348c83
84ceb44287b9
84cf1050c2be
84cf6c5f3d91
84cfc86df834
84d0247cf2a7
84d0808c2ce8
84d0dc9ba6f9
84d138ab60db
84d194bb5a8c
84d1f0cb940d
84d24cdc0d5f
84d2a8ecc681
84d304fdbf74
84d3610ef837
84d3bd2070cc
84d419322932
84d475442169
84d4d1565972
84d52d68d14c
84d5897b88f9
84d5e58e8077
84d641a1b7c8
84d69db52eeb
84d6f9c8e5e1
84d755dcdca9
84d7b1f11345
84d80e0589b3
84d86a1a3ff5
84d8c62f360a
84d922446bf3
84d97e59e1af
84d9da6f9740
84da36858ca5
84da929bc1de
84daeeb236eb
84db4ac8ebcd
84dba6dfe084
84dc02f71510
84dc5f0e8971
84dcbb263da8
84dd173e31b4
84dd73566596
84ddcf6ed94d
84de2b878cdb
84de87a0803f
84dee3b9b379
84df3fd3268a
84df9becd971
84dff806cc30
84e05420fec5
84e0b03b7132
84e10c562376
84e168711592
84e1c48c4785
84e220a7b951
84e27cc36af4
84e2d8df5c70
84e334fb8dc4
84e39117fef1
84e3ed34aff7
84e44951a0d6
84e4a56ed18d
84e5018c421f
84e55da9f289
84e5b9c7e2ce
84e615e612ec
84e6720482e4
84e6ce2332b6
84e72a422263
84e7866151ea
84e7e280c14c
84e83ea07089
84e89ac05fa1
84e8f6e08e94
84e95300fd63
84e9af21ac0d
84ea0b429a93
84ea6763c8f4
84eac3853732
84eb1fa6e54c
84eb7bc8d343
84ebd7eb0116
84ec340d6ec6
84ec90301c53
84ecec5309bd
84ed48763704
84eda499a429
84ee00bd512b
84ee5ce13e0b
84eeb9056aca
84ef1529d766
84ef714e83e1
84efcd73703a
84f029989c72
84f085be0889
84f0e1e3b47e
84f13e09a053
84f19a2fcc08
84f1f656379c
84f2527ce30f
84f2aea3ce63
84f30acaf996
84f366f264aa
84f3c31a0f9e
84f41f41fa73
84f47b6a2529
84f4d7928fbf
84f533bb3a37
84f58fe42490
84f5ec0d4eca
84f64836b8e6
84f6a46062e4
84f7008a4cc4
84f75cb47686
84f7b8dee02a
84f8150989b0
84f87134731a
84f8cd5f9c66
84f9298b0595
84f985b6aea7
84f9e1e2979d
84fa3e0ec076
84fa9a3b2933
84faf667d1d4
84fb5294ba59
84fbaec1e2c2
84fc0aef4b0f
84fc671cf341
84fcc34adb58
84fd1f790354
84fd7ba76b34
84fdd7d612fa
84fe3404faa6
84fe90342237
84feec6389ae
84ff4893310a
84ffa4c3184d
850000f33f76
85005d23a686
8500b9544d7c
850115853459
850171b65b1d
8501cde7c1c9
85022a19685b
8502864b4ed5
8502e27d7537
85033eafdb81
85039ae281b2
8503f71567cc
850453488dce
8504af7bf3b9
85050baf998c
850567e37f49
8505c417a4ee
8506204c0a7d
85067c80aff5
8506d8b59556
850734eabaa2
850791201fd7
8507ed55c4f6
8508498baa00
8508a5c1cef4
850901f833d3
85095e2ed89c
8509ba65bd51
850a169ce1f0
850a72d4467b
850acf0beaf2
850b2b43cf54
850b877bf3a1
850be3b457db
850c3fecfc01
850c9c25e014
850cf85f0413
850d549867fe
850db0d20bd7
850e0d0bef9c
850e6946134f
850ec58076ef
850f21bb1a7d
850f7df5fdf9
850fda312162
8510366c84b9
851092a827ff
8510eee40b33
85114b202e56
8511a75c9167
851203993468
85125fd61757
8512bc133a36
851318509d05
8513748e3fc2
8513d0cc2270
85142d0a450e
85148948a79c
8514e5874a1a
851541c62c89
85159e054ee8
8515fa44b139
85165684537a
8516b2c435ac
85170f0457d0
85176b44b9e6
8517c7855bed
851823c63de6
851880075fd1
8518dc48c1ae
8519388a637e
851994cc4540
8519f10e66f5
851a4d50c89d
851aa9936a38
851b05d64bc6
851b62196d48
851bbe5ccebe
851c1aa07027
851c76e45184
851cd32872d5
851d2f6cd41b
851d8bb17555
851de7f65684
851e443b77a8
851ea080d8c0
851efcc679ce
851f590c5ad1
851fb5527bca
85201198dcb8
85206ddf7d9c
8520ca265e77
8521266d7f47
852182b4e00e
8521defc80cc
85223b446180
8522978c822b
8522f3d4e2cd
8523501d8367
8523ac6663f7
852408af8480
852464f8e500
8524c1428578
85251d8c65e9
852579d68651
8525d620e6b2
8526326b870c
85268eb6675f
8526eb0187aa
8527474ce7ef
8527a398882d
8527ffe46865
85285c308896
8528b87ce8c1
852914c988e6
852971166905
8529cd63891f
852a29b0e933
852a85fe8942
852ae24c694c
852b3e9a8951
852b9ae8e951
852bf737894d
852c53866944
852cafd58937
852d0c24e926
852d68748911
852dc4c468f8
852e211488dc
852e7d64e8bc
852ed9b58899
852f36066873
852f9257884b
852feea8e81f
85304afa87f1
8530a74c67c1
8531039e878f
85315ff0e75a
8531bc438724
8532189666ec
853274e986b3
8532d13ce678
85332d90863c
853389e46600
8533e63885c2
8534428ce584
85349ee18546
8534fb366507
8535578b84c8
8535b3e0e489
85361036844b
85366c8c640d
8536c8e283d0
85372538e393
8537818f8357
8537dde6631d
85383a3d82e3
85389694e2ac
8538f2ec8276
85394f446241
8539ab9c820f
853a07f4e1df
853a644d81b1
853ac0a66186
853b1cff815d
853b7958e138
853bd5b28115
853c320c60f6
853c8e6680da
853ceac0e0c1
853d471b80ac
853da376609c
853dffd1808f
853e5c2ce086
853eb8888082
853f14e46083
853f71408088
853fcd9ce092
854029f980a1
8540865660b6
8540e2b380d0
85413f10e0f0
85419b6e8115
8541f7cc6141
8542542a8173
8542b088e1ab
85430ce781e9
85436946622e
8543c5a5827b
85442204e2ce
85447e648328
8544dac4638a
8545372483f3
85459384e464
8545efe584dd
85464c46655d
8546a8a785e7
85470508e678
8547616a8712
8547bdcc67b5
85481a2e8861
85487690e916
8548d2f389d4
85492f566a9c
85498bb98b6d
8549e81cec48
854a44808d2d
854aa0e46e1c
854afd488f16
854b59acf01a
854bb6119128
854c12767242
854c6edb9366
854ccb40f496
854d27a695d1
854d840c7718
854de072986a
854e3cd8f9c8
854e993f9b33
854ef5a67ca9
854f520d9e2c
854fae74ffbb
85500adca158
855067448301
8550c3aca4b7
85512015067a
85517c7da84b
8551d8e68a2a
8552354fac16
855291b90e10
8552ee22b019
85534a8c9230
8553a6f6b455
855403611689
85545fcbb8cb
8554bc369b1d
855518a1bd7e
8555750d1fee
8555d178c26e
85562de4a4fd
85568a50c79d
8556e6bd2a4c
85574329cd0b
85579f96afdb
8557fc03d2bc
8558587135ad
8558b4ded8af
8559114cbbc3
85596dbadee7
8559ca29421d
855a2697e565
855a8306c8be
855adf75ec29
855b3be54fa7
855b9854f336
855bf4c4d6d8
855c5134fa8d
855cada55e55
855d0a16022f
855d6686e61d
855dc2f80a1e
855e1f696e33
855e7bdb125b
855ed84cf697
855f34bf1ae8
855f91317f4c
855feda423c5
85604a170852
8560a68a2cf4
856102fd91ab
85615f713677
8561bbe51b59
85621859404f
856274cda55c
8562d1424a7e
85632db72fb6
85638a2c5504
8563e6a1ba68
856443175fe3
85649f8d4575
8564fc036b1d
85655879d0dc
8565b4f076b3
856611675ca1
85666dde82a6
8566ca55e8c3
856726cd8ef8
856783457545
8567dfbd9baa
85683c360227
856898aea8bd
8568f5278f6c
856951a0b633
8569ae1a1d14
856a0a93c40e
856a670dab21
856ac387d24e
856b20023995
856b7c7ce0f5
856bd8f7c870
856c3572f005
856c91ee57b4
856cee69ff7e
856d4ae5e763
856da7620f63
856e03de777e
856e605b1fb4
856ebcd80806
856f19553073
856f75d298fd
856fd25041a2
85702ece2a63
85708b4c5341
8570e7cabc3c
857144496553
8571a0c84e87
8571fd4777d8
857259c6e146
8572b6468ad2
857312c6747b
85736f469e42
8573cbc70827
85742847b22a
857484c89c4b
8574e149c68b
85753dcb30e9
85759a4cdb66
8575f6cec603
85765350f0be
8576afd35b98
85770c560692
857768d8f1ac
8577c55c1ce6
857821df883f
85787e6333b9
8578dae71f53
8579376b4b0e
857993efb6e9
8579f07462e5
857a4cf94f03
857aa97e7b41
857b0603e7a1
857b62899423
857bbf0f80c6
857c1b95ad8b
857c781c1a72
857cd4a2c77c
857d3129b4a7
857d8db0e1f6
857dea384f67
857e46bffcfc
857ea347eab3
857effd0188e
857f5c58868c
857fb8e134ae
8580156a22f4
858071f3515d
8580ce7cbfeb
85812b066e9d
858187905d74
8581e41a8c6f
858240a4fb90
85829d2faad5
8582f9ba9a40
85835645c9d0
8583b2d13985
85840f5ce960
85846be8d962
8584c8750989
8585250179d6
8585818e2a4a
8585de1b1ae5
85863aa84ba6
85869735bc8f
8586f3c36d9e
858750515ed5
8587acdf9033
8588096e01b9
858865fcb367
8588c28ba53c
85891f1ad73a
85897baa4960
8589d839fbaf
858a34c9ee26
858a915a20c7
858aedea9390
858b4a7b4683
858ba70c399e
858c039d6ce4
858c602ee053
858cbcc093ec
858d195287af
858d75e4bb9d
858dd2772fb5
858e2f09e3f7
858e8b9cd865
858ee8300cfd
858f44c381c0
858fa15736af
858ffdeb2bc9
85905a7f610f
8590b713d680
859113a88c1e
8591703d81e7
8591ccd2b7de
859229682e00
859285fde44f
8592e293dacc
85933f2a1175
85939bc0884b
8593f8573f4f
859454ee3680
8594b1856ddf
85950e1ce56c
85956ab49d27
8595c74c9511
859623e4cd28
8596807d456f
8596dd15fde4
859739aef688
859796482f5b
8597f2e1a85d
85984f7b618f
8598ac155af1
859908af9482
8599654a0e44
8599c1e4c835
859a1e7fc257
859a7b1afca9
859ad7b6772c
859b345231e0
859b90ee2cc5
859bed8a67db
859c4a26e323
859ca6c39e9c
859d03609a47
859d5ffdd624
859dbc9b5232
859e19390e73
859e75d70ae7
859ed275478d
859f2f13c466
859f8bb28172
859fe8517eb1
85a044f0bc23
85a0a19039c8
85a0fe2ff7a2
85a15acff5af
85a1b77033f0
85a21410b265
85a270b1710f
85a2cd526fed
85a329f3af00
85a386952e47
85a3e336edc4
85a43fd8ed76
85a49c7b2d5d
85a4f91dad7a
85a555c06dcd
85a5b2636e55
85a60f06af13
85a66baa3008
85a6c84df133
85a724f1f295
85a78196342e
85a7de3ab5fd
85a83adf7804
85a897847a42
85a8f429bcb7
85a950cf3f64
85a9ad750249
85aa0a1b0566
85aa66c148bb
85aac367cc48
85ab200e900e
85ab7cb5940c
85abd95cd844
85ac36045cb4
85ac92ac215e
85acef542641
85ad4bfc6b5d
85ada8a4f0b3
85ae054db643
85ae61f6bc0e
85aebea00212
85af1b498851
85af77f34eca
85afd49d557f
85b031479c6e
85b08df22398
85b0ea9ceafe
85b14747f29f
85b1a3f33a7b
85b2009ec294
85b25d4a8ae8
85b2b9f69379
85b316a2dc46
85b3734f654f
85b3cffc2e96
85b42ca93819
85b4895681d9
85b4e6040bd6
85b542b1d611
85b59f5fe089
85b5fc0e2b3f
85b658bcb632
85b6b56b8164
85b7121a8cd4
85b76ec9d883
85b7cb796470
85b82829309c
85b884d93d07
85b8e18989b1
85b93e3a169a
85b99aeae3c3
85b9f79bf12b
85ba544d3ed3
85bab0feccbc
85bb0db09ae4
85bb6a62a94d
85bbc714f7f6
85bc23c786e0
85bc807a560a
85bcdd2d6576
85bd39e0b523
85bd96944511
85bdf3481541
85be4ffc25b3
85beacb07666
85bf0965075c
85bf6619d894
85bfc2ceea0e
85c01f843bcb
85c07c39cdca
85c0d8efa00d
85c135a5b293
85c1925c055c
85c1ef129868
85c24bc96bb8
85c2a8807f4c
85c30537d324
85c361ef6740
85c3bea73ba0
85c41b5f5045
85c47817a52f
85c4d4d03a5d
85c531890fd1
85c58e422589
85c5eafb7b87
85c647b511cb
85c6a46ee854
85c70128ff24
85c75de35639
85c7ba9ded94
85c81758c536
85c87413dd1f
85c8d0cf354e
85c92d8acdc5
85c98a46a682
85c9e702bf87
85ca43bf18d3
85caa07bb267
85cafd388c42
85cb59f5a666
85cbb6b300d2
85cc13709b86
85cc702e7683
85ccccec91c8
85cd29aaed56
85cd8669892d
85cde328654e
85ce3fe781b8
85ce9ca6de6b
85cef9667b68
85cf562658af
85cfb2e67640
85d00fa6d41c
85d06c677242
85d0c92850b2
85d125e96f6d
85d182aace73
85d1df6c6dc4
85d23c2e4d61
85d298f06d49
85d2f5b2cd7d
85d352756dfc
85d3af384ec8
85d40bfb6fdf
85d468bed143
85d4c58272f4
85d5224654f1
85d57f0a773b
85d5dbced9d2
85d638937cb6
85d695585fe8
85d6f21d8367
85d74ee2e734
85d7aba88b4f
85d8086e6fb8
85d865349470
85d8c1faf975
85d91ec19ec9
85d97b88846d
85d9d84faa5f
85da351710a0
85da91deb730
85daeea69e10
85db4b6ec540
85dba8372cbf
85dc04ffd48e
85dc61c8bcae
85dcbe91e51e
85dd1b5b4dde
85dd7824f6f0
85ddd4eee052
85de31b90a05
85de8e837409
85deeb4e1e5f
85df48190906
85dfa4e433ff
85e001af9f4a
85e05e7b4ae7
85e0bb4736d6
85e118136317
85e174dfcfac
85e1d1ac7c93
85e22e7969cd
85e28b46975a
85e2e814053b
85e344e1b36e
85e3a1afa1f6
85e3fe7dd0d2
85e45b4c4001
85e4b81aef85
85e514e9df5d
85e571b90f89
85e5ce88800a
85e62b5830e0
85e68828220b
85e6e4f8538c
85e741c8c562
85e79e99778d
85e7fb6a6a0e
85e8583b9ce5
85e8b50d1012
85e911dec395
85e96eb0b76f
85e9cb82eba0
85ea28556027
85ea85281505
85eae1fb0a3a
85eb3ece3fc7
85eb9ba1b5ab
85ebf8756be7
85ec5549627a
85ecb21d9966
85ed0ef210aa
85ed6bc6c846
85edc89bc03b
85ee2570f888
85ee8246712f
85eedf1c2a2e
85ef3bf22386
85ef98c85d38
85eff59ed744
85f0527591a9
85f0af4c8c69
85f10c23c782
85f168fb42f6
85f1c5d2fec4
85f222aafaec
85f27f833770
85f2dc5bb44e
85f339347188
85f3960d6f1d
85f3f2e6ad0d
85f44fc02b59
85f4ac99ea01
85f50973e905
85f5664e2866
85f5c328a822
85f62003683b
85f67cde68b1
85f6d9b9a984
85f736952ab3
85f79370ec40
85f7f04cee2b
85f84d293073
85f8aa05b319
85f906e2761c
85f963bf797e
85f9c09cbd3e
85fa1d7a415d
85fa7a5805da
85fad7360ab6
85fb34144ff1
85fb90f2d58b
85fbedd19b84
85fc4ab0a1dd
85fca78fe896
85fd046f6fae
85fd614f3727
85fdbe2f3f00
85fe1b0f8739
85fe77f00fd2
85fed4d0d8cd
85ff31b1e228
85ff8e932be4
85ffeb74b602
860048568081
8600a5388b61
8601021ad6a4
86015efd6248
8601bbe02e4e
860218c33ab7
860275a68782
8602d28a14b0
86032f6de241
86038c51f034
8603e9363e8b
8604461acd45
8604a2ff9c63
8604ffe4abe4
86055cc9fbca
8605b9af8c13
860616955cc0
8606737b6dd2
8606d061bf48
86072d485124
86078a2f2364
8607e7163609
860843fd8913
8608a0e51c83
8608fdccf058
86095ab50494
8609b79d5935
860a1485ee3c
860a716ec3aa
860ace57d97e
860b2b412fb8
860b882ac65a
860be5149d62
860c41feb4d2
860c9ee90ca9
860cfbd3a4e8
860d58be7d8e
860db5a9969c
860e1294f012
860e6f8089f1
860ecc6c6438
860f29587ee7
860f8644d9ff
860fe3317580
8610401e516a
86109d0b6dbe
8610f9f8ca7b
861156e667a1
8611b3d44531
861210c2632c
86126db0c190
8612ca9f605f
8613278e3f98
8613847d5f3c
8613e16cbf4a
86143e5c5fc4
86149b4c40a9
8614f83c61f9
8615552cc3b5
8615b21d65dc
86160f0e4870
86166bff6b6f
8616c8f0cedb
861725e272b3
861782d456f8
8617dfc67ba9
86183cb8e0c7
861899ab8653
8618f69e6c4c
8619539192b2
8619b084f985
861a0d78a0c7
861a6a6c8877
861ac760b094
861b24551920
861b8149c21b
861bde3eab84
861c3b33d55c
861c98293fa3
861cf51eea5a
861d5214d57f
861daf0b0115
861e0c016d1a
861e68f8198e
861ec5ef0673
861f22e633c8
861f7fdda18e
861fdcd54fc4
862039cd3e6b
862096c56d83
8620f3bddd0c
862150b68d06
8621adaf7d72
86220aa8ae4f
862267a21f9f
8622c49bd160
86232195c393
86237e8ff639
8623db8a6951
862438851cdc
8624958010da
8624f27b454b
86254f76ba2f
8625ac726f86
8626096e6551
8626666a9b90
8626c3671242
86272063c969
86277d60c104
8627da5df913
8628375b7197
862894592a90
8628f15723fe
86294e555de1
8629ab53d839
862a08529307
862a65518e4a
862ac250ca03
862b1f504632
862b7c5002d8
862bd94ffff3
862c36503d85
862c9350bb8e
862cf0517a0e
862d4d527905
862daa53b873
862e07553858
862e6456f8b6
862ec158f98a
862f1e5b3ad7
862f7b5dbc9c
862fd8607ed9
86303563818e
86309266c4bd
8630ef6a4863
86314c6e0c83
8631a972111c
86320676562f
8632637adbbb
8632c07fa1c0
86331d84a840
86337a89ef39
8633d78f76ad
863434953e9b
8634919b4703
8634eea18fe6
86354ba81944
8635a8aee31e
863605b5ed72
863662bd3842
8636bfc4c38d
86371ccc8f55
863779d49b98
8637d6dce857
863833e57592
863890ee434a
8638edf7517f
86394b00a031
8639a80a2f5f
863a0513ff0b
863a621e0f34
863abf285fda
863b1c32f0fe
863b793dc2a0
863bd648d4c0
863c3354275e
863c905fba7b
863ced6b8e16
863d4a77a230
863da783f6c9
863e04908be1
863e619d6178
863ebeaa778f
863f1bb7ce25
863f78c5653b
863fd5d33cd1
864032e154e7
86408fefad7d
8640ecfe4694
86414a0d202b
8641a71c3a44
8642042b94dd
8642613b2ff8
8642be4b0b93
86431b5b27b1
8643786b8450
8643d57c2171
8644328cff14
86448f9e1d39
8644ecaf7be1
864549c11b0b
8645a6d2fab8
864603e51ae8
864660f77b9b
8646be0a1cd1
86471b1cfe8b
8647783020c8
8647d5438389
8648325726ce
86488f6b0a98
8648ec7f2ee5
8649499393b7
8649a6a8390e
864a03bd1eea
864a60d2454a
864abde7ac30
864b1afd539b
864b78133b8c
864bd5296402
864c323fccff
864c8f567681
864cec6d608a
864d49848b19
864da69bf62e
864e03b3a1cb
864e60cb8dee
864ebde3ba99
864f1afc27cb
864f7814d584
864fd52dc3c5
86503246f28d
86508f6061de
8650ec7a11b7
865149940218
8651a6ae3302
865203c8a474
865260e3566f
8652bdfe48f4
86531b197c01
86537834ef98
8653d550a3b9
8654326c9863
86548f88cd97
8654eca54355
865549c1f99e
8655a6def071
865603fc27ce
865661199fb6
8656be37582a
86571b555128
865778738ab2
8657d59204c7
865832b0bf68
86588fcfba95
8658eceef64d
86594a0e7292
8659a72e2f64
865a044e2cc1
865a616e6aac
865abe8ee923
865b1bafa828
865b78d0a7b9
865bd5f1e7d8
865c33136885
865c903529bf
865ced572b88
865d4a796dde
865da79bf0c3
865e04beb436
865e61e1b838
865ebf04fcc9
865f1c2881e8
865f794c4797
865fd6704dd5
8660339494a3
866090b91c00
8660eddde3ed
86614b02ec6a
8661a8283578
8662054dbf16
866262738944
8662bf999403
86631cbfdf53
866379e66b34
8663d70d37a6
8664343444aa
8664915b923f
8664ee832066
86654baaef1f
8665a8d2fe6b
866605fb4e48
86666323deb8
8666c04cafbb
86671d75c150
86677a9f1378
8667d7c8a634
866834f27983
8668921c8d66
8668ef46e1dc
86694c7176e6
8669a99c4c84
866a06c762b6
866a63f2b97d
866ac11e50d8
866b1e4a28c8
866b7b76414d
866bd8a29a68
866c35cf3417
866c92fc0e5c
866cf0292936
866d4d5684a6
866daa8420ad
866e07b1fd49
866e64e01a7c
866ec20e7845
866f1f3d16a5
866f7c6bf59c
866fd99b1529
867036ca754e
867093fa160b
8670f129f75e
86714e5a194a
8671ab8a7bce
867208bb1ee9
867265ec029d
8672c31d26e9
8673204e8bce
86737d80314c
8673dab21762
867437e43e12
86749516a55b
8674f2494d3d
86754f7c35b9
8675acaf5ecf
867609e2c87f
8676671672c9
8676c44a5dae
8677217e892d
86777eb2f546
8677dbe7a1fb
8678391c8f4a
86789651bd35
8678f3872bbb
867950bcdadd
8679adf2ca9b
867a0b28faf4
867a685f6bea
867ac5961d7b
867b22cd0faa
867b80044274
867bdd3bb5dc
867c3a7369e1
867c97ab5e83
867cf4e393c2
867d521c099e
867daf54c018
867e0c8db731
867e69c6eee7
867ec700673b
867f243a202e
867f817419bf
867fdeae53ef
86803be8cebe
868099238a2c
8680f65e8639
86815399c2e6
8681b0d54032
86820e10fe1e
86826b4cfcaa
8682c8893bd6
868325c5bba2
868383027c0f
8683e03f7d1c
86843d7cbeca
86849aba411a
8684f7f8040a
86855536079c
8685b2744bcf
86860fb2d0a4
86866cf1961b
8686ca309c34
8687276fe2ef
868784af6a4d
8687e1ef324d
86883f2f3af0
86889c6f8435
8688f9b00e1e
868956f0d8aa
8689b431e3da
868a11732fad
868a6eb4bc24
868acbf6893f
868b293896fe
868b867ae561
868be3bd7469
868c41004416
868c9e435467
868cfb86a55e
868d58ca36f9
868db60e093b
868e13521c21
868e70966fad
868ecddb03e0
868f2b1fd8b8
868f8864ee36
868fe5aa445b
869042efdb27
8690a035b299
8690fd7bcab2
86915ac22373
8691b808bcda
8692154f96e9
86927296b1a0
8692cfde0cff
86932d25a905
86938a6d85b4
8693e7b5a30b
869444fe010b
8694a2469fb3
8694ff8f7f04
86955cd89eff
8695ba21ffa2
8696176ba0ef
869674b582e5
8696d1ffa585
86972f4a08d0
86978c94acc4
8697e9df9162
8698472ab6ab
8698a4761c9f
869901c1c33d
86995f0daa86
8699bc59d27b
869a19a63b1b
869a76f2e466
869ad43fce5d
869b318cf900
869b8eda644e
869bec281049
869c4975fcf1
869ca6c42a45
869d04129845
869d616146f3
869dbeb0364e
869e1bff6656
869e794ed70b
869ed69e886e
869f33ee7a7e
869f913ead3d
869fee8f20aa
86a04bdfd4c5
86a0a930c98e
86a10681ff07
86a163d3752e
86a1c1252c04
86a21e772389
86a27bc95bbd
86a2d91bd4a1
86a3366e8e35
86a393c18879
86a3f114c36d
86a44e683f11
86a4abbbfb65
86a5090ff86a
86a56664361f
86a5c3b8b486
86a6210d739e
86a67e627367
86a6dbb7b3e1
86a7390d350d
86a79662f6eb
86a7f3b8f97b
86a8510f3cbd
86a8ae65c0b1
86a90bbc8558
86a969138ab1
86a9c66ad0be
86aa23c2577d
86aa811a1ef0
86aade722716
86ab3bca6fef
86ab9922f97c
86abf67bc3bd
86ac53d4ceb3
86acb12e1a5c
86ad0e87a6ba
86ad6be173cd
86adc93b8194
86ae2695d010
86ae83f05f41
86aee14b2f28
86af3ea63fc4
86af9c019116
86aff95d231e
86b056b8f5db
86b0b415094f
86b111715d7a
86b16ecdf25a
86b1cc2ac7f2
86b22987de40
86b286e53545
86b2e442cd02
86b341a0a576
86b39efebea2
86b3fc5d1885
86b459bbb320
86b4b71a8e74
86b51479aa80
86b571d90744
86b5cf38a4c1
86b62c9882f6
86b689f8a1e5
86b6e759018d
86b744b9a1ee
86b7a21a8308
86b7ff7ba4dd
86b85cdd076b
86b8ba3eaab3
86b917a08eb5
86b97502b372
86b9d26518e9
86ba2fc7bf1c
86ba8d2aa609
86baea8dcdb1
86bb47f13614
86bba554df33
86bc02b8c90d
86bc601cf3a4
86bcbd815ef6
86bd1ae60b04
86bd784af7cf
86bdd5b02556
86be3315939a
86be907b429a
86beede13258
86bf4b4762d3
86bfa8add40b
86c006148601
86c0637b78b4
86c0c0e2ac26
86c11e4a2055
86c17bb1d543
86c1d919caef
86c23682015a
86c293ea7883
86c2f153306b
86c34ebc2913
86c3ac25627a
86c4098edca0
86c466f89786
86c4c462932c
86c521cccf92
86c57f374cb8
86c5dca20a9e
86c63a0d0945
86c6977848ac
86c6f4e3c8d5
86c7524f89be
86c7afbb8b69
86c80d27cdd5
86c86a945102
86c8c80114f2
86c9256e19a3
86c982db5f17
86c9e048e54c
86ca3db6ac44
86ca9b24b3ff
86caf892fc7d
86cb560185bd
86cbb3704fc1
86cc10df5a88
86cc6e4ea613
86cccbbe3261
86cd292dff73
86cd869e0d49
86cde40e5be3
86ce417eeb42
86ce9eefbb65
86cefc60cc4d
86cf59d21dfa
86cfb743b06c
86d014b583a3
86d0722797a0
86d0cf99ec62
86d12d0c81ea
86d18a7f5838
86d1e7f26f4d
86d24565c727
86d2a2d95fc8
86d3004d3930
86d35dc1535e
86d3bb35ae54
86d418aa4a10
86d4761f2694
86d4d39443e0
86d53109a1f3
86d58e7f40ce
86d5ebf52071
86d6496b40dd
86d6a6e1a211
86d70458440d
86d761cf26d2
86d7bf464a61
86d81cbdaeb8
86d87a3553d8
86d8d7ad39c2
86d935256076
86d9929dc7f4
86d9f016703b
86da4d8f594d
86daab088329
86db0881edcf
86db65fb9941
86dbc375857d
86dc20efb284
86dc7e6a2056
86dcdbe4cef4
86dd395fbe5d
86dd96daee92
86ddf4565f93
86de51d21160
86deaf4e03fa
86df0cca3760
86df6a46ab92
86dfc7c36091
86e02540565e
86e082bd8cf7
86e0e03b045e
86e13db8bc92
86e19b36b594
86e1f8b4ef64
86e256336a01
86e2b3b2256d
86e3113121a8
86e36eb05eb1
86e3cc2fdc88
86e429af9b2f
86e4872f9aa4
86e4e4afdae9
86e542305bfe
86e59fb11de1
86e5fd322095
86e65ab36419
86e6b834e86d
86e715b6ad91
86e77338b385
86e7d0bafa4b
86e82e3d81e1
86e88bc04a48
86e8e9435380
86e946c69d8a
86e9a44a2865
86ea01cdf412
86ea5f520091
86eabcd64de2
86eb1a5adc05
86eb77dfaafa
86ebd564bac2
86ec32ea0b5d
86ec906f9ccb
86ecedf56f0c
86ed4b7b8220
86eda901d608
86ee06886ac3
86ee640f4052
86eec19656b6
86ef1f1daded
86ef7ca545f9
86efda2d1ed9
86f037b5388e
86f0953d9318
86f0f2c62e76
86f1504f0aaa
86f1add827b4
86f20b618593
86f268eb2448
86f2c67503d2
86f323ff2433
86f38189856a
86f3df142778
86f43c9f0a5c
86f49a2a2e17
86f4f7b592a9
86f555413812
86f5b2cd1e52
86f61059456a
86f66de5ad5a
86f6cb725622
86f728ff3fc1
86f7868c6a39
86f7e419d589
86f841a781b2
86f89f356eb3
86f8fcc39c8d
86f95a520b41
86f9b7e0bacd
86fa156fab33
86fa72fedc73
86fad08e4e8d
86fb2e1e0180
86fb8badf54e
86fbe93e29f6
86fc46ce9f78
86fca45f55d5
86fd01f04d0d
86fd5f818520
86fdbd12fe0e
86fe1aa4b7d8
86fe7836b27d
86fed5c8edfe
86ff335b6a5a
86ff90ee2793
86ffee8125a8
87004c146499
8700a9a7e468
8701073ba512
870164cfa69a
8701c263e8ff
87021ff86c41
87027d8d3061
8702db22355e
870338b77b39
8703964d01f2
8703f3e2c98a
87045178d1ff
8704af0f1b54
87050ca5a586
87056a3c7098
8705c7d37c89
8706256ac959
870683025709
8706e09a2598
87073e323507
87079bca8555
8707f9631684
870856fbe893
8708b494fb83
8709122e4f53
87096fc7e404
8709cd61b996
870a2afbd00a
870a8896275e
870ae630bf94
870b43cb98ac
870ba166b2a6
870bff020d82
870c5c9da93f
870cba3985e0
870d17d5a363
870d757201c8
870dd30ea111
870e30ab813d
870e8e48a24b
870eebe6043e
870f4983a714
870fa7218ace
871004bfaf6b
8710625e14ed
8710bffcbb54
87111d9ba29e
87117b3acace
8711d8da33e2
87123679dddc
87129419c8ba
8712f1b9f47e
87134f5a6127
8713acfb0eb7
87140a9bfd2c
8714683d2c87
8714c5de9cc8
871523804df0
871581223fff
8715dec472f4
87163c66e6d0
87169a099b94
8716f7ac913f
8717554fc7d1
8717b2f33f4b
87181096f7ac
87186e3af0f6
8718cbdf2b28
87192983a642
871987286245
8719e4cd5f31
871a42729d05
871aa0181bc3
871afdbddb6a
871b5b63dbfa
871bb90a1d74
871c16b09fd7
871c74576325
871cd1fe675d
871d2fa5ac7f
871d8d4d328b
871deaf4f982
871e489d0164
871ea6454a31
871f03edd3e9
871f61969e8d
871fbf3faa1c
87201ce8f696
87207a9283fd
8720d83c5250
872135e6618e
87219390b1ba
8721f13b42d2
87224ee614d6
8722ac9127c8
87230a3c7ba7
872367e81073
8723c593e62c
8724233ffcd3
872480ec5468
8724de98eceb
87253c45c65c
872599f2e0bc
8725f7a03c0a
8726554dd846
8726b2fbb572
872710a9d38d
87276e583296
8727cc06d290
872829b5b378
87288764d551
8728e514381a
872942c3dbd2
8729a073c07b
8729fe23e614
872a5bd44c9e
872ab984f419
872b1735dc85
872b74e705e2
872bd2987030
872c304a1b70
872c8dfc07a1
872cebae34c4
872d4960a2da
872da71351e1
872e04c641db
872e627972c8
872ec02ce4a7
872f1de09779
872f7b948b3e
872fd948bff7
873036fd35a3
873094b1ec43
8730f266e3d6
8731501c1c5d
8731add195d9
87320b875049
8732693d4bad
8732c6f38806
873324aa0554
87338260c397
8733e017c2cf
87343dcf02fc
87349b86841f
8734f93e4638
873556f64947
8735b4ae8d4c
873612671247
8736701fd838
8736cdd8df20
87372b9226ff
8737894bafd5
8737e70579a2
873844bf8466
8738a279d022
873900345cd5
87395def2a80
8739bbaa3924
873a196588bf
873a77211953
873ad4dceae0
873b3298fd65
873b905550e3
873bee11e55a
873c4bcebaca
873ca98bd134
873d07492897
873d6506c0f4
873dc2c49a4b
873e2082b49d
873e7e410fe8
873edbffac2e
873f39be896f
873f977da7aa
873ff53d06e1
874052fca713
8740b0bc8840
87410e7caa68
87416c3d0d8d
8741c9fdb1ad
874227be96c9
8742857fbce2
8742e34123f6
87434102cc08
87439ec4b516
8743fc86df21
87445a494a2a
8744b80bf62f
874515cee333
874573921133
8745d1558032
87462f19302f
87468cdd2129
8746eaa15322
87474865c61a
8747a62a7a10
874803ef6f06
874861b4a4fa
8748bf7a1bed
87491d3fd3e0
87497b05ccd3
8749d8cc06c5
874a369281b7
874a94593daa
874af2203a9c
874b4fe7788f
874badaef783
874c0b76b778
874c693eb86d
874cc706fa64
874d24cf7d5c
874d82984155
874de0614651
874e3e2a8c4e
874e9bf4134d
874ef9bddb4e
874f5787e452
874fb5522e58
8750131cb962
875070e7856e
8750ceb2927d
87512c7de08f
87518a496fa5
8751e8153fbf
875245e150dc
8752a3ada2fd
8753017a3623
87535f470a4c
8753bd141f7b
87541ae175ae
875478af0ce6
8754d67ce523
8755344afe65
8755921958ac
8755efe7f3f9
87564db6d04c
8756ab85eda5
875709554c04
87576724eb69
8757c4f4cbd5
875822c4ed47
875880954fc0
8758de65f340
87593c36d7c7
87599a07fd55
8759f7d963eb
875a55ab0b89
875ab37cf42f
875b114f1ddc
875b6f218892
875bccf43450
875c2ac72117
875c889a4ee6
875ce66dbdbe
875d44416da0
875da2155e8b
875dffe9907f
875e5dbe037d
875ebb92b784
875f1967ac96
875f773ce2b1
875fd51259d7
876032e81208
876090be0b43
8760ee944589
87614c6ac0da
8761aa417d36
876208187a9e
876265efb911
8762c3c73890
8763219ef91b
87637f76fab2
8763dd4f3d55
87643b27c105
8764990085c1
8764f6d98b8a
876554b2d260
8765b28c5a43
876610662334
87666e402d32
8766cc1a783d
876729f50457
876787cfd17e
8767e5aadfb4
876843862ef8
8768a161bf4a
8768ff3d90ac
87695d19a31c
8769baf5f69b
876a18d28b2a
876a76af60c8
876ad48c7775
876b3269cf33
876b90476800
876bee2541de
876c4c035ccb
876ca9e1b8ca
876d07c055d9
876d659f33f8
876dc37e5329
876e215db36b
876e7f3d54be
876edd1d3723
876f3afd5a9a
876f98ddbf22
876ff6be64bd
8770549f4b6a
8770b2807329
87711061dbfb
87716e4385e0
8771cc2570d7
87722a079ce2
877287ea0a00
8772e5ccb832
877343afa777
8773a192d7d0
8773ff76493d
87745d59fbbe
8774bb3def54
8775192223fe
8775770699bd
8775d4eb5090
877632d04879
877690b58177
8776ee9afb8b
87774c80b6b4
8777aa66b2f2
8778084cf047
877866336eb2
8778c41a2e33
877922012ecb
87797fe87079
8779ddcff33f
877a3bb7b71b
877a999fbc0e
877af7880219
877b5570893b
877bb3595175
877c11425ac7
877c6f2ba531
877ccd1530b3
877d2afefd4e
877d88e90b01
877de6d359cd
877e44bde9b2
877ea2a8bab0
877f0093ccc7
877f5e7f1ff8
877fbc6ab442
87801a5689a7
87807842a025
8780d62ef7bd
8781341b9070
878192086a3d
8781eff58525
87824de2e128
8782abd07e46
878309be5c80
878367ac7bd4
8783c59adc44
878423897dd0
878481786078
8784df67843c
87853d56e91d
87859b468f1a
8785f9367633
878657269e69
8786b51707bd
87871307b22d
878770f89dbb
8787cee9ca66
87882cdb3830
87888acce716
8788e8bed71b
878946b1083f
8789a4a37a80
878a02962de1
878a60892260
878abe7c57fe
878b1c6fcebb
878b7a638697
878bd8577f93
878c364bb9ae
878c944034ea
878cf234f145
878d5029eec0
878dae1f2d5c
878e0c14ad18
878e6a0a6df5
878ec8006ff3
878f25f6b312
878f83ed3753
878fe1e3fcb4
87903fdb0337
87909dd24adc
8790fbc9d3a3
879159c19d8c
8791b7b9a898
879215b1f4c5
879273aa8216
8792d1a35089
87932f9c601f
87938d95b0d9
8793eb8f42b5
8794498915b6
8794a78329da
8795057d7f22
87956378158d
8795c172ed1e
87961f6e05d2
87967d695fab
8796db64faa9
87973960d6cc
8797975cf414
8797f5595281
87985355f214
8798b152d2cc
87990f4ff4aa
87996d4d57ae
8799cb4afbd9
879a2948e129
879a874707a1
879ae5456f3e
879b43441803
879ba14301ef
879bff422d02
879c5d41993d
879cbb41469f
879d19413528
879d774164da
879dd541d5b4
879e334287b6
879e91437ae1
879eef44af34
879f4d4624b0
879fab47db55
87a00949d323
87a0674c0c1b
87a0c54e863c
87a123514187
87a181543dfb
87a1df577b9a
87a23d5afa63
87a29b5eba56
87a2f962bb74
87a35766fdbd
87a3b56b8130
87a4137045cf
87a471754b99
87a4cf7a928f
87a52d801ab0
87a58b85e3fd
87a5e98bee75
87a647923a1b
87a6a598c6ec
87a7039f94ea
87a761a6a415
87a7bfadf46c
87a81db585f1
87a87bbd58a2
87a8d9c56c82
87a937cdc18e
87a995d657c9
87a9f3df2f32
87aa51e847c8
87aaaff1a18d
87ab0dfb3c80
87ab6c0518a2
87abca0f35f3
87ac28199473
87ac86243422
87ace42f1500
87ad423a370e
87ada0459a4c
87adfe513eb9
87ae5c5d2456
87aeba694b24
87af1875b322
87af76825c51
87afd48f46b0
87b0329c7241
87b090a9df02
87b0eeb78cf5
87b14cc57c19
87b1aad3ac6f
87b208e21df7
87b266f0d0b0
87b2c4ffc49c
87b3230ef9ba
87b3811e700b
87b3df2e278e
87b43d3e2045
87b49b4e5a2e
87b4f95ed54b
87b5576f919b
87b5b5808f1e
87b61391cdd6
87b671a34dc1
87b6cfb50ee0
87b72dc71134
87b78bd954bc
87b7e9ebd979
87b847fe9f6a
87b8a611a691
87b90424eeed
87b96238787e
87b9c04c4344
87ba1e604f41
87ba7c749c73
87bada892adb
87bb389dfa7a
87bb96b30b4e
87bbf4c85d5a
87bc52ddf09c
87bcb0f3c515
87bd0f09dac6
87bd6d2031ad
87bdcb36c9cc
87be294da323
87be8764bdb1
87bee57c1978
87bf4393b677
87bfa1ab94ae
87bfffc3b41d
87c05ddc14c5
87c0bbf4b6a6
87c11a0d99c1
87c17826be14
87c1d64023a1
87c23459ca67
87c29273b267
87c2f08ddba2
87c34ea84616
87c3acc2f1c4
87c40adddead
87c468f90cd1
87c4c7147c2f
87c525302cc9
87c5834c1e9e
87c5e16851ad
87c63f84c5f9
87c69da17b80
87c6fbbe7243
87c759dbaa42
87c7b7f9237e
87c81616ddf6
87c87434d9aa
87c8d253169b
87c9307194c9
87c98e905435
87c9ecaf54dd
87ca4ace96c3
87caa8ee19e7
87cb070dde48
87cb652de3e8
87cbc34e2ac5
87cc216eb2e1
87cc7f8f7c3c
87ccddb086d5
87cd3bd1d2ad
87cd99f35fc4
87cdf8152e1b
87ce56373db0
87ceb4598e86
87cf127c209b
87cf709ef3f0
87cfcec20885
87d02ce55e5b
87d08b08f571
87d0e92ccdc8
87d14750e75f
87d1a5754238
87d20399de51
87d261bebbac
87d2bfe3da49
87d31e093a27
87d37c2edb47
87d3da54bdaa
87d4387ae14e
87d496a14635
87d4f4c7ec5f
87d552eed3cb
87d5b115fc7a
87d60f3d666c
87d66d6511a2
87d6cb8cfe1b
87d729b52bd8
87d787dd9ad9
87d7e6064b1d
87d8442f3ca6
87d8a2586f73
87d90081e385
87d95eab98db
87d9bcd58f77
87da1affc757
87da792a407d
87dad754fae8
87db357ff698
87db93ab338f
87dbf1d6b1cb
87dc5002714e
87dcae2e7216
87dd0c5ab426
87dd6a87377c
87ddc8b3fc19
87de26e101fc
87de850e4927
87dee33bd19a
87df41699b54
87df9f97a655
87dffdc5f29f
87e05bf48030
87e0ba234f0a
87e118525f2c
87e17681b097
87e1d4b1434b
87e232e11748
87e291112c8d
87e2ef41831c
87e34d721af5
87e3aba2f417
87e409d40e83
87e468056a39
87e4c637073a
87e52468e584
87e5829b0519
87e5e0cd65f9
87e63f000824
87e69d32eb9a
87e6fb66105b
87e759997668
87e7b7cd1dc0
87e816010664
87e874353054
87e8d2699b90
87e9309e4818
87e98ed335ed
87e9ed08650f
87ea4b3dd57d
87eaa9738738
87eb07a97a41
87eb65dfae97
87ebc416243b
87ec224cdb2c
87ec8083d36b
87ecdebb0cf8
87ed3cf287d4
87ed9b2a43fe
87edf9624176
87ee579a803e
87eeb5d30054
87ef140bc1ba
87ef7244c46f
87efd07e0873
87f02eb78dc7
87f08cf1546b
87f0eb2b5c5f
87f14965a5a3
87f1a7a03037
87f205dafc1c
87f264160952
87f2c25157d9
87f3208ce7b0
87f37ec8b8d9
87f3dd04cb54
87f43b411f20
87f4997db43e
87f4f7ba8aae
87f555f7a270
87f5b434fb84
87f6127295eb
87f670b071a4
87f6ceee8eb1
87f72d2ced10
87f78b6b8cc3
87f7e9aa6dc9
87f847e99023
87f8a628f3d0
87f9046898d1
87f962a87f26
87f9c0e8a6d0
87fa1f290fce
87fa7d69ba21
87fadbaaa5c8
87fb39ebd2c5
87fb982d4117
87fbf66ef0be
87fc54b0e1ba
87fcb2f3140c
87fd113587b4
87fd6f783cb2
87fdcdbb3307
87fe2bfe6ab1
87fe8a41e3b3
87fee8859e0b
87ff46c999ba
87ffa50dd6c0
88000352551d
8800619714d2
8800bfdc15df
88011e215843
88017c66dbff
8801daaca113
880238f2a780
88029738ef46
8802f57f7863
880353c642da
8803b20d4eaa
880410549bd3
88046e9c2a56
8804cce3fa32
88052b2c0b68
880589745df8
8805e7bcf1e2
88064605c726
8806a44eddc5
8807029835be
880760e1cf12
8807bf2ba9c1
88081d75c5cb
88087bc02331
8808da0ac1f2
88093855a20f
880996a0c388
8809f4ec265d
880a5337ca8e
880ab183b01b
880b0fcfd706
880b6e1c3f4c
880bcc68e8f0
880c2ab5d3f1
880c8903004f
880ce7506e0b
880d459e1d24
880da3ec0d9b
880e023a3f71
880e6088b2a4
880ebed76736
880f1d265d26
880f7b759475
880fd9c50d23
88103814c730
88109664c29c
8810f4b4ff67
881153057d93
8811b1563d1e
88120fa73e08
88126df88054
8812cc4a03ff
88132a9bc90b
881388edcf77
8813e7401745
88144592a073
8814a3e56b02
8815023876f3
8815608bc446
8815bedf52fa
88161d332310
88167b873488
8816d9db8763
881738301b9f
88179684f13f
8817f4da0841
8818532f60a6
8818b184fa6f
88190fdad59a
88196e30f229
8819cc87501c
881a2addef73
881a8934d02e
881ae78bf24c
881b45e355d0
881ba43afab8
881c0292e104
881c60eb08b6
881cbf4371cc
881d1d9c1c48
881d7bf50829
881dda4e3570
881e38a7a41d
881e9701542f
881ef55b45a8
881f53b57887
881fb20feccd
8820106aa279
88206ec5998c
8820cd20d206
88212b7c4be8
882189d80731
8821e83403e1
8822469041f9
8822a4ecc179
882303498261
882361a684b2
8823c003c86a
88241e614d8c
88247cbf1416
8824db1d1c09
8825397b6566
882597d9f02c
8825f638bc5b
88265497c9f4
8826b2f718f7
88271156a964
88276fb67b3b
8827ce168e7c
88282c76e328
88288ad7793f
8828e93850c1
8829479969ae
8829a5fac406
882a045c5fc9
882a62be3cf9
882ac1205b94
882b1f82bb9b
882b7de55d0e
882bdc483fee
882c3aab643a
882c990ec9f2
882cf7727118
882d55d659ab
882db43a83ab
882e129eef18
882e71039bf3
882ecf688a3c
882f2dcdb9f3
882f8c332b17
882fea98ddaa
883048fed1ac
8830a765071c
883105cb7dfb
883164323649
8831c2993007
883221006b33
88327f67e7cf
8832ddcfa5db
88333c37a557
88339a9fe643
8833f908689f
883457712c6b
8834b5da31a8
883514437856
883572ad0075
8835d116ca05
88362f80d506
88368deb2179
8836ec55af5d
88374ac07eb3
8837a92b8f7c
88380796e1b6
883866027563
8838c46e4a82
883922da6114
88398146b919
8839dfb35292
883a3e202d7d
883a9c8d49dc
883afafaa7ae
883b596846f4
883bb7d627ae
883c164449dd
883c74b2ad7f
883cd3215296
883d31903922
883d8fff6123
883dee6eca98
883e4cde7583
883eab4e61e3
883f09be8fb9
883f682eff05
883fc69fafc6
88402510a1fe
88408381d5ac
8840e1f34ad0
88414065016b
88419ed6f97d
8841fd493305
88425bbbae05
8842ba2e6a7c
884318a1686b
88437714a7d1
8843d58828b0
884433fbeb06
8844926feed4
8844f0e4341b
88454f58badb
8845adcd8313
88460c428cc4
88466ab7d7ee
8846c92d6492
884727a332af
884786194246
8847e48f9356
8848430625e1
8848a17cf9e5
8848fff40f64
88495e6b665e
8849bce2fed2
884a1b5ad8c1
884a79d2f42b
884ad84b5110
884b36c3ef71
884b953ccf4e
884bf3b5f0a6
884c522f537a
884cb0a8f7ca
884d0f22dd97
884d6d9d04e0
884dcc176da5
884e2a9217e8
884e890d03a7
884ee78830e4
884f46039f9e
884fa47f4fd5
885002fb418b
8850617774be
8850bff3e96f
88511e709f9f
88517ced974c
8851db6ad079
885239e84b24
88529866074f
8852f6e404f8
885355624421
8853b3e0c4c9
8854125f86f1
885470de8a98
8854cf5dcfc0
88552ddd5668
88558c5d1e90
8855eadd2839
8856495d7363
8856a7de000d
8857065ece39
885764dfdde6
8857c3612f14
885821e2c1c4
8858806495f6
8858dee6aba9
88593d6902df
88599beb9b97
8859fa6e75d2
885a58f1918f
885ab774eed0
885b15f88d93
885b747c6dd9
885bd3008fa3
885c3184f2f0
885c900997c2
885cee8e7e17
885d4d13a5f0
885dab990f4d
885e0a1eba2f
885e68a4a696
885ec72ad481
885f25b143f2
885f8437f4e7
885fe2bee762
886041461b62
88609fcd90e8
8860fe5547f4
88615cdd4086
8861bb657a9f
886219edf63d
88627876b363
8862d6ffb20f
88633588f241
8863941273fc
8863f29c373d
886451263c06
8864afb08256
88650e3b0a2e
88656cc5d38f
8865cb50de77
886629dc2ae8
88668867b8e2
8866e6f38864
8867457f996f
8867a40bec03
886802988020
8868612555c7
8868bfb26cf7
88691e3fc5b1
88697ccd5ff5
8869db5b3bc3
886a39e9591c
886a9877b7ff
886af706586d
886b55953a65
886bb4245de9
886c12b3c2f7
886c71436991
886ccfd351b7
886d2e637b69
886d8cf3e6a6
886deb84936f
886e4a1581c5
886ea8a6b1a7
886f07382316
886f65c9d611
886fc45bca9a
887022ee00af
887081807852
8870e0133183
88713ea62c41
88719d39688d
8871fbcce667
88725a60a5cf
8872b8f4a6c6
88731788e94b
8873761d6d5f
8873d4b23302
887433473a34
887491dc82f5
8874f0720d46
88754f07d926
8875ad9de697
88760c343597
88766acac627
8876c9619848
887727f8abf9
88778690013b
8877e527980e
887843bf7072
8878a2578a67
887900efe5ed
88795f888305
8879be2161af
887a1cba81eb
887a7b53e3b9
887ad9ed8719
887b38876c0c
887b97219291
887bf5bbfaa9
887c5456a454
887cb2f18f93
887d118cbc65
887d70282aca
887dcec3dac3
887e2d5fcc50
887e8bfbff71
887eea987426
887f49352a70
887fa7d2224e
8880066f5bc1
8880650cd6c9
8880c3aa9366
888122489199
888180e6d161
8881df8552be
88823e2415b2
88829cc31a3b
8882fb62605b
88835a01e811
8883b8a1b15e
88841741bc41
888475e208bb
8884d48296cd
888533236675
888591c477b6
8885f065ca8d
88864f075efd
8886ada93504
88870c4b4ca4
88876aeda5dc
8887c99040ad
888828331d16
888886d63b18
8888e5799ab3
8889441d3be8
8889a2c11eb5
888a0165431d
888a6009a91e
888abeae50b9
888b1d5339ee
888b7bf864be
888bda9dd127
888c39437f2c
888c97e96ecb
888cf68fa006
888d553612db
888db3dcc74c
888e1283bd59
888e712af501
888ecfd26e45
888f2e7a2925
888f8d2225a1
888febca63ba
88904a72e370
8890a91ba4c2
889107c4a7b1
8891666dec3d
8891c5177267
889223c13a2e
8892826b4393
8892e1158e95
88933fc01b36
88939e6ae974
8893fd15f952
88945bc14acd
8894ba6cdde8
88951918b2a1
889577c4c8fa
8895d67120f1
8896351dba88
889693ca95bf
8896f277b296
88975125110c
8897afd2b123
88980e8092da
88986d2eb632
8898cbdd1b2a
88992a8bc1c3
8899893aa9fd
8899e7e9d3d8
889a46993f55
889aa548ec73
889b03f8db33
889b62a90b95
889bc1597d99
889c200a3140
889c7ebb2689
889cdd6c5d74
889d3c1dd603
889d9acf9034
889df9818c08
889e5833c980
889eb6e6489b
889f1599095b
889f744c0bbd
889fd2ff4fc5
88a031b2d570
88a090669cbf
88a0ef1aa5b4
88a14dcef04d
88a1ac837c8b
88a20b384a6e
88a269ed59f6
88a2c8a2ab24
88a327583df8
88a3860e1271
88a3e4c42891
88a4437a8056
88a4a23119c2
88a500e7f4d5
88a55f9f118e
88a5be566fee
88a61d0e0ff5
88a67bc5f1a4
88a6da7e14fa
88a7393679f8
88a797ef209d
88a7f6a808ea
88a8556132e0
88a8b41a9e7e
88a912d44bc4
88a9718e3ab3
88a9d0486b4b
88aa2f02dd8c
88aa8dbd9176
88aaec788709
88ab4b33be47
88aba9ef372d
88ac08aaf1be
88ac6766edf9
88acc6232bde
88ad24dfab6e
88ad839c6ca8
88ade2596f8d
88ae4116b41d
88ae9fd43a59
88aefe92023f
88af5d500bd1
88afbc0e570f
88b01acce3f9
88b0798bb28f
88b0d84ac2d1
88b1370a14bf
88b195c9a85a
88b1f4897da2
88b253499497
88b2b209ed39
88b310ca8788
88b36f8b6385
88b3ce4c812f
88b42d0de087
88b48bcf818e
88b4ea916442
88b5495388a5
88b5a815eeb6
88b606d89676
88b6659b7fe5
88b6c45eab03
88b7232217d1
88b781e5c64d
88b7e0a9b67a
88b83f6de856
88b89e325be2
88b8fcf7111e
88b95bbc080b
88b9ba8140a8
88ba1946baf6
88ba780c76f5
88bad6d274a4
88bb3598b405
88bb945f3518
88bbf325f7dc
88bc51ecfc51
88bcb0b44279
88bd0f7bca53
88bd6e4393df
88bdcd0b9f1d
88be2bd3ec0e
88be8a9c7ab2
88bee9654b09
88bf482e5d13
88bfa6f7b0d1
88c005c14642
88c0648b1d67
88c0c355363f
88c1221f90cc
88c180ea2d0d
88c1dfb50b02
88c23e802aac
88c29d4b8c0b
88c2fc172f1e
88c35ae313e7
88c3b9af3a65
88c4187ba299
88c477484c82
88c4d6153821
88c534e26576
88c593afd482
88c5f27d8543
88c6514b77bc
88c6b019abeb
88c70ee821d1
88c76db6d96e
88c7cc85d2c2
88c82b550dce
88c88a248a91
88c8e8f4490c
88c947c4493f
88c9a6948b2a
88ca05650ece
88ca6435d42a
88cac306db3f
88cb21d8240d
88cb80a9ae93
88cbdf7b7ad3
88cc3e4d88cd
88cc9d1fd880
88ccfbf269ec
88cd5ac53d13
88cdb99851f4
88ce186ba88f
88ce773f40e4
88ced6131af5
88cf34e736c0
88cf93bb9446
88cff2903387
88d051651483
88d0b03a373b
88d10f0f9baf
88d16de541df
88d1ccbb29cb
88d22b915373
88d28a67bed7
88d2e93e6bf8
88d348155ad6
88d3a6ec8b71
88d405c3fdc9
88d4649bb1de
88d4c373a7b1
88d5224bdf41
88d581245890
88d5dffd139c
88d63ed61066
88d69daf4eef
88d6fc88cf37
88d75b62913d
88d7ba3c9502
88d81916da87
88d877f161ca
88d8d6cc2acd
88d935a73590
88d994828212
88d9f35e1054
88da5239e057
88dab115f21a
88db0ff2459d
88db6ecedae2
88dbcdabb1e7
88dc2c88caad
88dc8b662534
88dcea43c17d
88dd49219f87
88dda7ffbf53
88de06de20e1
88de65bcc431
88dec49ba944
88df237ad019
88df825a38b1
88dfe139e30b
88e04019cf28
88e09ef9fd09
88e0fdda6cad
88e15cbb1e15
88e1bb9c1140
88e21a7d462f
88e2795ebce3
88e2d840755a
88e337226f96
88e39604ab97
88e3f4e7295c
88e453c9e8e7
88e4b2acea36
88e511902d4b
88e57073b225
88e5cf5778c5
88e62e3b812b
88e68d1fcb57
88e6ec04574a
88e74ae92502
88e7a9ce3481
88e808b385c7
88e8679918d4
88e8c67eeda8
88e925650443
88e9844b5ca6
88e9e331f6d1
88ea4218d2c3
88eaa0fff07d
88eaffe74fff
88eb5ecef14a
88ebbdb6d45d
88ec1c9ef939
88ec7b875fde
88ecda70084c
88ed3958f284
88ed98421e84
88edf72b8c4e
88ee56153be2
88eeb4ff2d40
88ef13e96069
88ef72d3d55b
88efd1be8c18
88f030a984a0
88f08f94bef2
88f0ee803b10
88f14d6bf8f8
88f1ac57f8ac
88f20b443a2c
88f26a30bd77
88f2c91d828f
88f3280a8972
88f386f7d222
88f3e5e55c9e
88f444d328e7
88f4a3c136fd
88f502af86df
88f5619e188f
88f5c08cec0c
88f61f7c0157
88f67e6b586f
88f6dd5af155
88f73c4acc09
88f79b3ae88c
88f7fa2b46dd
88f8591be6fc
88f8b80cc8eb
88f916fdeca8
88f975ef5234
88f9d4e0f990
88fa33d2e2bb
88fa92c50db6
88faf1b77a81
88fb50aa291b
88fbaf9d1986
88fc0e904bc1
88fc6d83bfcd
88fccc7775aa
88fd2b6b6d57
88fd8a5fa6d6
88fde9542226
88fe4848df47
88fea73dde3a
88ff06331efe
88ff6528a195
88ffc41e65fe
890023146c39
8900820ab447
8900e1013e27
89013ff809da
89019eef1761
8901fde666ba
89025cddf7e7
8902bbd5cae7
89031acddfbc
890379c63664
8903d8becee0
890437b7a931
890496b0c556
8904f5aa2350
890554a3c31e
8905b39da4c2
89061297c83b
890671922d89
8906d08cd4ac
89072f87bda6
89078e82e875
8907ed7e551a
89084c7a0396
8908ab75f3e8
89090a722611
8909696e9a10
8909c86b4fe7
890a27684794
890a86658119
890ae562fc76
890b4460b9aa
890ba35eb8b6
890c025cf99a
890c615b7c56
890cc05a40eb
890d1f594758
890d7e588f9e
890ddd5819bd
890e3c57e5b5
890e9b57f386
890efa584331
890f5958d4b5
890fb859a813
8910175abd4b
8910765c145e
8910d55dad4a
8911345f8812
89119361a4b4
8911f2640331
89125166a389
8912b06985bc
89130f6ca9ca
89136e700fb5
8913cd73b77b
89142c77a11d
89148b7bcc9b
8914ea8039f5
89154984e92c
8915a889da40
8916078f0d30
8916669481fe
8916c59a38a8
891724a03131
891783a66b96
8917e2ace7da
891841b3a5fb
8918a0baa5fa
8918ffc1e7d8
89195ec96b94
8919bdd1312f
891a1cd938a9
891a7be18201
891adaea0d39
891b39f2da50
891b98fbe947
891bf8053a1d
891c570eccd4
891cb618a16a
891d1522b7e1
891d742d1038
891dd337aa6f
891e32428688
891e914da481
891ef059045b
891f4f64a617
891fae7089b4
89200d7caf33
89206c891694
8920cb95bfd7
89212aa2aafc
892189afd803
8921e8bd46ed
892247caf7ba
8922a6d8ea6a
892305e71efc
892364f59572
8923c4044dcc
892423134809
89248222842a
8924e132022f
89254041c218
89259f51c3e5
8925fe620797
89265d728d2e
8926bc8354a9
89271b945e0a
89277aa5a950
8927d9b7367b
892838c9058c
892897db1682
8928f6ed695f
892955fffe21
8929b512d4ca
892a1425ed5a
892a733947d0
892ad24ce42d
892b3160c271
892b9074e29c
892bef8944af
892c4e9de8a9
892cadb2ce8b
892d0cc7f654
892d6bdd6006
892dcaf30ba0
892e2a08f923
892e891f288e
892ee83599e2
892f474c4d1f
892fa6634245
8930057a7955
89306491f24e
8930c3a9ad31
893122c1a9fd
893181d9e8b4
8931e0f26955
8932400b2be0
89329f243056
8932fe3d76b7
89335d56ff02
8933bc70c939
89341b8ad55b
89347aa52369
8934d9bfb362
893538da8547
893597f59918
8935f710eed5
8936562c867f
8936b5486015
893714647b98
89377380d908
8937d29d7864
893831ba59af
893890d77ce6
8938eff4e20c
89394f12891f
8939ae307220
893a0d4e9d0f
893a6c6d09ec
893acb8bb8b8
893b2aaaa973
893b89c9dc1d
893be8e950b5
893c4809073d
893ca728ffb5
893d06493a1c
893d6569b672
893dc48a74b9
893e23ab74f0
893e82ccb717
893ee1ee3b2e
893f41100136
893fa032092f
893fff54531a
89405e76def5
8940bd99acc1
89411cbcbc80
89417be00e2f
8941db03a1d1
89423a277765
8942994b8eeb
8942f86fe864
8943579483cf
8943b6b9612d
894415de807e
89447503e1c2
8944d42984fa
8945334f6a25
894592759144
8945f19bfa56
894650c2a55d
8946afe99258
89470f10c147
89476e38322b
8947cd5fe504
89482c87d9d1
89488bb01094
8948ead8894c
89494a0143fa
8949a92a409d
894a08537f36
894a677cffc5
894ac6a6c24a
894b25d0c6c6
894b84fb0d38
894be42595a1
894c43506001
894ca27b6c57
894d01a6baa6
894d60d24aeb
894dbffe1d28
894e1f2a315d
894e7e56878a
894edd831fb0
894f3caff9cd
894f9bdd15e3
894ffb0a73f2
89505a3813f9
8950b965f5fa
8951189419f4
895177c27fe7
8951d6f127d4
8952362011bb
8952954f3d9b
8952f47eab76
895353ae5b4b
8953b2de4d1b
8954120e80e5
8954713ef6aa
8954d06fae6a
89552fa0a825
89558ed1e3dc
8955ee03618e
89564d35213c
8956ac6722e6
89570b99668b
89576acbec2e
8957c9feb3cc
89582931bd67
895888650900
8958e7989695
895946cc6627
8959a60077b6
895a0534cb43
895a646960ce
895ac39e3857
895b22d351dd
895b8208ad62
895be13e4ae6
895c40742a68
895c9faa4be8
895cfee0af68
895d5e1754e7
895dbd4e3c65
895e1c8565e2
895e7bbcd160
895edaf47edd
895f3a2c6e5a
895f99649fd7
895ff89d1355
896057d5c8d3
8960b70ec052
89611647f9d2
896175817553
8961d4bb32d5
896233f53259
8962932f73de
8962f269f765
896351a4bcee
8963b0dfc47a
8964101b0e07
89646f569997
8964ce92672a
89652dce76c0
89658d0ac859
8965ec475bf5
89664b843194
8966aac14937
896709fea2de
8967693c3e89
8967c87a1c38
896827b83beb
896886f69da3
8968e635415f
896945742720
8969a4b34ee7
896a03f2b8b2
896a63326483
896ac2725259
896b21b28236
896b80f2f418
896be033a800
896c3f749dee
896c9eb5d5e3
896cfdf74fdf
896d5d390be1
896dbc7b09ea
896e1bbd49fb
896e7affcc13
896eda429032
896f39859659
896f98c8de88
896ff80c68bf
8970575034ff
8970b6944346
897115d89397
8971751d25f0
8971d461fa52
897233a710bd
897292ec6931
8972f23203af
89735177e037
8973b0bdfec9
897410045f64
89746f4b020a
8974ce91e6ba
89752dd90d75
89758d20763a
8975ec68210b
89764bb00de6
8976aaf83ccd
89770a40adbf
8977698960bd
8977c8d255c7
8978281b8cdd
8978876505ff
8978e6aec12d
897945f8be68
8979a542fdaf
897a048d7f04
897a63d84265
897ac32347d4
897b226e8f50
897b81ba18da
897be105e471
897c4051f217
897c9f9e41ca
897cfeead38c
897d5e37a75d
897dbd84bd3c
897e1cd2152a
897e7c1faf27
897edb6d8b33
897f3abba94f
897f9a0a097a
897ff958abb5
898058a79000
8980b7f6b65b
898117461ec7
89817695c943
8981d5e5b5cf
89823535e46c
89829486551b
8982f3d707da
89835327fcab
8983b279338d
898411caac81
8984711c6788
8984d06e64a0
89852fc0a3ca
89858f132507
8985ee65e856
89864db8edb8
8986ad0c352e
89870c5fbeb6
89876bb38a52
8987cb079801
89882a5be7c4
898889b0799a
8988e9054d85
8989485a6384
8989a7afbb98
898a070555c0
898a665b31fc
898ac5b1504e
898b2507b0b5
898b845e5331
898be3b537c3
898c430c5e6a
898ca263c727
898d01bb71fa
898d61135ee4
898dc06b8de3
898e1fc3fef9
898e7f1cb226
898ede75a76a
898f3dcedec5
898f9d285838
898ffc8213c1
89905bdc1163
8990bb36511c
89911a90d2ed
899179eb96d6
8991d9469cd8
899238a1e4f2
899297fd6f25
8992f7593b71
899356b549d5
8993b6119a53
8994156e2ceb
899474cb019c
8994d4281867
89953385714b
899592e30c4a
8995f240e963
8996519f0897
8996b0fd69e6
8997105c0d4f
89976fbaf2d3
8997cf1a1a72
89982e79842d
89988dd93004
8998ed391df6
89994c994e04
8999abf9c02e
899a0b5a7474
899a6abb6ad7
899aca1ca357
899b297e1df3
899b88dfdaad
899be841d983
899c47a41a77
899ca7069d88
899d066962b8
899d65cc6a05
899dc52fb370
899e24933ef9
899e83f70ca1
899ee35b1c67
899f42bf6e4c
899fa2240250
89a00188d874
89a060edf0b6
89a0c0534b18
89a11fb8e79a
89a17f1ec63c
89a1de84e6fd
89a23deb49df
89a29d51eee2
89a2fcb8d605
89a35c1fff48
89a3bb876aad
89a41aef1832
89a47a5707d9
89a4d9bf39a2
89a53927ad8c
89a598906398
89a5f7f95bc6
89a657629616
89a6b6cc1288
89a71635d11d
89a7759fd1d5
89a7d50a14b0
89a8347499ae
89a893df60cf
89a8f34a6a13
89a952b5b57b
89a9b2214307
89aa118d12b7
89aa70f9248b
89aad0657883
89ab2fd20ea0
89ab8f3ee6e2
89abeeac0148
89ac4e195dd3
89acad86fc84
89ad0cf4dd5a
89ad6c630056
89adcbd16578
89ae2b400cbf
89ae8aaef62d
89aeea1e21c0
89af498d8f7b
89afa8fd3f5c
89b0086d3164
89b067dd6593
89b0c74ddbe9
89b126be9466
89b1862f8f0b
89b1e5a0cbd8
89b245124acd
89b2a4840be9
89b303f60f2f
89b36368549c
89b3c2dadc32
89b4224da5f1
89b481c0b1d9
89b4e133ffea
89b540a79025
89b5a01b6289
89b5ff8f7717
89b65f03cdce
89b6be7866b0
89b71ded41bc
89b77d625ef2
89b7dcd7be53
89b83c4d5fdf
89b89bc34396
89b8fb396978
89b95aafd185
89b9ba267bbe
89ba199d6822
89ba791496b2
89bad88c076e
89bb3803ba57
89bb977baf6c
89bbf6f3e6ad
89bc566c601c
89bcb5e51bb7
89bd155e197f
89bd74d75975
89bdd450db98
89be33ca9fe8
89be9344a667
89bef2beef13
89bf523979ee
89bfb1b446f7
89c0112f562f
89c070aaa795
89c0d0263b2b
89c12fa210ef
89c18f1e28e3
89c1ee9a8306
89c24e171f58
89c2ad93fddb
89c30d111e8d
89c36c8e8170
89c3cc0c2683
89c42b8a0dc7
89c48b08373b
89c4ea86a2e0
89c54a0550b6
89c5a98440bd
89c6090372f6
89c66882e761
89c6c8029dfd
89c7278296cb
89c78702d1cb
89c7e6834efe
89c846040e63
89c8a5850ffa
89c9050653c5
89c96487d9c3
89c9c409a1f3
89ca238bac58
89ca830df8ef
89cae29087bb
89cb421358ba
89cba1966bee
89cc0119c156
89cc609d58f2
89ccc02132c3
89cd1fa54ec9
89cd7f29ad03
89cddeae4d73
89ce3e333019
89ce9db854f3
89cefd3dbc04
89cf5cc3654a
89cfbc4950c7
89d01bcf7e7a
89d07b55ee63
89d0dadca083
89d13a6394d9
89d199eacb67
89d1f972442c
89d258f9ff28
89d2b881fc5b
89d3180a3bc6
89d37792bd6a
89d3d71b8145
89d436a48758
89d4962dcfa4
89d4f5b75a28
89d5554126e6
89d5b4cb35dc
89d61455870b
89d673e01a73
89d6d36af015
89d732f607f1
89d792816207
89d7f20cfe56
89d85198dce0
89d8b124fda4
89d910b160a3
89d9703e05dc
89d9cfcaed50
89da2f581700
89da8ee582eb
89daee733111
89db4e012173
89dbad8f5410
89dc0d1dc8ea
89dc6cac8000
89dccc3b7952
89dd2bcab4e0
89dd8b5a32ac
89ddeae9f2b4
89de4a79f4f9
89deaa0a397c
89df099ac03c
89df692b8939
89dfc8bc9475
89e0284de1ee
89e087df71a6
89e0e771439c
89e1470357d0
89e1a695ae43
89e2062846f5
89e265bb21e6
89e2c54e3f16
89e324e19e85
89e384754035
89e3e4092423
89e4439d4a52
89e4a331b2c1
89e502c65d70
89e5625b4a60
89e5c1f07991
89e62185eb02
89e6811b9eb4
89e6e0b194a7
89e74047ccdc
89e79fde4753
89e7ff75040b
89e85f0c0305
89e8bea34441
89e91e3ac7bf
89e97dd28d80
89e9dd6a9583
89ea3d02dfca
89ea9c9b6c53
89eafc343b1f
89eb5bcd4c2f
89ebbb669f82
89ec1b003519
89ec7a9a0cf4
89ecda342713
89ed39ce8376
89ed9969221e
89edf904030a
89ee589f263b
89eeb83a8bb1
89ef17d6336c
89ef77721d6c
89efd70e49b2
89f036aab83e
89f09647690f
89f0f5e45c27
89f155819185
89f1b51f0929
89f214bcc313
89f2745abf45
89f2d3f8fdbd
89f333977e7d
89f393364183
89f3f2d546d2
89f452748e68
89f4b2141845
89f511b3e46b
89f57153f2d9
89f5d0f4438f
89f63094d68e
89f69035abd6
89f6efd6c366
89f74f781d40
89f7af19b963
89f80ebb97cf
89f86e5db885
89f8ce001b85
89f92da2c0cf
89f98d45a863
89f9ece8d241
89fa4c8c3e6a
89faac2fecdd
89fb0bd3dd9c
89fb6b7810a5
89fbcb1c85fa
89fc2ac13d9a
89fc8a663785
89fcea0b73bd
89fd49b0f240
89fda956b310
89fe08fcb62c
89fe68a2fb94
89fec8498349
89ff27f04d4b
89ff8797599a
89ffe73ea837
8a0046e63920
8a00a68e0c57
8a01063621dc
8a0165de79af
8a01c58713d0
8a02252ff03f
8a0284d90efd
8a02e482700a
8a03442c1365
8a03a3d5f90f
8a0403802109
8a04632a8b51
8a04c2d537ea
8a05228026d2
8a05822b580a
8a05e1d6cb92
8a064182816a
8a06a12e7993
8a0700dab40d
8a07608730d7
8a07c033eff2
8a081fe0f15f
8a087f8e351d
8a08df3bbb2c
8a093ee9838d
8a099e978e40
8a09fe45db45
8a0a5df46a9c
8a0abda33c46
8a0b1d525042
8a0b7d01a691
8a0bdcb13f33
8a0c3c611a28
8a0c9c113770
8a0cfbc1970c
8a0d5b7238fc
8a0dbb231d3f
8a0e1ad443d7
8a0e7a85acc3
8a0eda375803
8a0f39e94598
8a0f999b7581
8a0ff94de7c0
8a1059009c53
8a10b8b3933c
8a111866cc7a
8a11781a480e
8a11d7ce05f8
8a1237820638
8a12973648ce
8a12f6eacdba
8a13569f94fd
8a13b6549e97
8a141609ea88
8a1475bf78cf
8a14d575496e
8a15352b5c65
8a1594e1b1b3
8a15f4984959
8a16544f2357
8a16b4063fad
8a1713bd9e5b
8a1773753f62
8a17d32d22c2
8a1832e5487a
8a18929db08c
8a18f2565af7
8a19520f47bb
8a19b1c876d9
8a1a1181e851
8a1a713b9c22
8a1ad0f5924e
8a1b30afcad4
8a1b906a45b5
8a1bf02502f0
8a1c4fe00287
8a1caf9b4478
8a1d0f56c8c4
8a1d6f128f6c
8a1dcece9870
8a1e2e8ae3cf
8a1e8e47718a
8a1eee0441a1
8a1f4dc15415
8a1fad7ea8e5
8a200d3c4012
8a206cfa199b
8a20ccb83582
8a212c7693c6
8a218c353467
8a21ebf41766
8a224bb33cc2
8a22ab72a47d
8a230b324e95
8a236af23b0c
8a23cab269e1
8a242a72db15
8a248a338ea8
8a24e9f4849a
8a2549b5bceb
8a25a977379b
8a260938f4ab
8a2668faf41a
8a26c8bd35ea
8a27287fba19
8a27884280a9
8a27e8058999
8a2847c8d4ea
8a28a78c629b
8a29075032ae
8a2967144522
8a29c6d899f7
8a2a269d312e
8a2a86620ac6
8a2ae62726c0
8a2b45ec851c
8a2ba5b225db
8a2c057808fc
8a2c653e2e7f
8a2cc5049665
8a2d24cb40ae
8a2d84922d5b
8a2de4595c6a
8a2e4420cdde
8a2ea3e881b4
8a2f03b077ef
8a2f6378b08e
8a2fc3412b91
8a302309e8f8
8a3082d2e8c4
8a30e29c2af4
8a314265af8a
8a31a22f7685
8a3201f97fe5
8a3261c3cbaa
8a32c18e59d5
8a3321592a66
8a3381243d5d
8a33e0ef92ba
8a3440bb2a7d
8a34a08704a7
8a3500532138
8a35601f8030
8a35bfec218f
8a361fb90555
8a367f862b82
8a36df539417
8a373f213f14
8a379eef2c79
8a37febd5c46
8a385e8bce7b
8a38be5a8319
8a391e297a20
8a397df8b38f
8a39ddc82f68
8a3a3d97edaa
8a3a9d67ee55
8a3afd38316a
8a3b5d08b6e9
8a3bbcd97ed1
8a3c1caa8924
8a3c7c7bd5e1
8a3cdc4d6509
8a3d3c1f369b
8a3d9bf14a98
8a3dfbc3a100
8a3e5b9639d4
8a3ebb691513
8a3f1b3c32bd
8a3f7b0f92d3
8a3fdae33555
8a403ab71a43
8a409a8b419e
8a40fa5fab65
8a415a345799
8a41ba094639
8a4219de7747
8a4279b3eac1
8a42d989a0aa
8a43395f98ff
8a439935d3c3
8a43f90c50f4
8a4458e31094
8a44b8ba12a1
8a451891571d
8a457868de08
8a45d840a762
8a463818b32b
8a4697f10162
8a46f7c9920a
8a4757a26520
8a47b77b7aa7
8a481754d29d
8a48772e6d04
8a48d70849da
8a4936e26922
8a4996bccad9
8a49f6976f02
8a4a5672559b
8a4ab64d7ea6
8a4b1628ea22
8a4b76049810
8a4bd5e0886f
8a4c35bcbb40
8a4c95993083
8a4cf575e839
8a4d5552e261
8a4db5301efb
8a4e150d9e08
8a4e74eb5f89
8a4ed4c9637c
8a4f34a7a9e3
8a4f948632bd
8a4ff464fe0b
8a5054440bcc
8a50b4235c02
8a511402eeac
8a5173e2c3ca
8a51d3c2db5d
8a5233a33565
8a529383d1e2
8a52f364b0d3
8a535345d23a
8a53b3273617
8a541308dc69
8a5472eac531
8a54d2ccf06f
8a5532af5e23
8a5592920e4e
8a55f27500ef
8a5652583607
8a56b23bad96
8a57121f679c
8a5772036419
8a57d1e7a30e
8a5831cc247a
8a5891b0e85e
8a58f195eeba
8a59517b378e
8a59b160c2db
8a5a114690a0
8a5a712ca0de
8a5ad112f395
8a5b30f988c5
8a5b90e0606e
8a5bf0c77a90
8a5c50aed72d
8a5cb0967643
8a5d107e57d2
8a5d70667bdd
8a5dd04ee261
8a5e30378b60
8a5e902076da
8a5ef009a4ce
8a5f4ff3153e
8a5fafdcc829
8a600fc6bd8f
8a606fb0f571
8a60cf9b6fce
8a612f862ca8
8a618f712bfe
8a61ef5c6dd0
8a624f47f21e
8a62af33b8e9
8a630f1fc232
8a636f0c0df7
8a63cef89c39
8a642ee56cf9
8a648ed28036
8a64eebfd5f1
8a654ead6e2a
8a65ae9b48e1
8a660e896617
8a666e77c5ca
8a66ce6667fd
8a672e554cae
8a678e4473df
8a67ee33dd8e
8a684e2389bd
8a68ae13786c
8a690e03a99a
8a696df41d48
8a69cde4d377
8a6a2dd5cc25
8a6a8dc70754
8a6aedb88504
8a6b4daa4534
8a6bad9c47e6
8a6c0d8e8d18
8a6c6d8114cc
8a6ccd73df02
8a6d2d66ebb9
8a6d8d5a3af2
8a6ded4dccae
8a6e4d41a0eb
8a6ead35b7ab
8a6f0d2a10ee
8a6f6d1eacb3
8a6fcd138afb
8a702d08abc7
8a708cfe0f16
8a70ecf3b4e8
8a714ce99d3e
8a71acdfc818
8a720cd63576
8a726ccce558
8a72ccc3d7bf
8a732cbb0caa
8a738cb2841a
8a73ecaa3e0f
8a744ca23a89
8a74ac9a7989
8a750c92fb0e
8a756c8bbf19
8a75cc84c5a9
8a762c7e0ec0
8a768c779a5c
8a76ec716880
8a774c6b7929
8a77ac65cc5a
8a780c606211
8a786c5b3a50
8a78cc565516
8a792c51b263
8a798c4d5238
8a79ec493495
8a7a4c45597a
8a7aac41c0e7
8a7b0c3e6adc
8a7b6c3b575a
8a7bcc388661
8a7c2c35f7f1
8a7c8c33ac0a
8a7cec31a2ac
8a7d4c2fdbd7
8a7dac2e578c
8a7e0c2d15cb
8a7e6c2c1694
8a7ecc2b59e8
8a7f2c2adfc5
8a7f8c2aa82d
8a7fec2ab320
8a804c2b009e
8a80ac2b90a7
8a810c2c633b
8a816c2d785a
8a81cc2ed006
8a822c306a3d
8a828c3246ff
8a82ec34664f
8a834c36c82a
8a83ac396c92
8a840c3c5387
8a846c3f7d08
8a84cc42e917
8a852c4697b3
8a858c4a88dc
8a85ec4ebc93
8a864c5332d8
8a86ac57ebab
8a870c5ce70b
8a876c6224fb
8a87cc67a578
8a882c6d6885
8a888c736e20
8a88ec79b64a
8a894c804104
8a89ac870e4d
8a8a0c8e1e25
8a8a6c95708d
8a8acc9d0586
8a8b2ca4dd0e
8a8b8cacf727
8a8becb553d0
8a8c4cbdf30a
8a8cacc6d4d4
8a8d0ccff930
8a8d6cd9601d
8a8dcce3099b
8a8e2cecf5ab
8a8e8cf7244d
8a8eed019580
8a8f4d0c4946
8a8fad173f9e
8a900d227889
8a906d2df406
8a90cd39b216
8a912d45b2b9
8a918d51f5ef
8a91ed5e7bb8
8a924d6b4415
8a92ad784f06
8a930d859c8b
8a936d932ca4
8a93cda0ff51
8a942daf1492
8a948dbd6c69
8a94edcc06d4
8a954ddae3d4
8a95adea0369
8a960df96593
8a966e090a54
8a96ce18f1a9
8a972e291b95
8a978e398817
8a97ee4a372f
8a984e5b28dd
8a98ae6c5d23
8a990e7dd3fe
8a996e8f8d71
8a99cea1897b
8a9a2eb3c81d
8a9a8ec64956
8a9aeed90d26
8a9b4eec138f
8a9baeff5c8f
8a9c0f12e828
8a9c6f26b659
8a9ccf3ac723
8a9d2f4f1a86
8a9d8f63b081
8a9def788916
8a9e4f8da444
8a9eafa3020c
8a9f0fb8a26d
8a9f6fce8568
8a9fcfe4aafd
8aa02ffb132d
8aa09011bdf6
8aa0f028ab5b
8aa1503fdb5a
8aa1b0574df4
8aa2106f0329
8aa27086fafa
8aa2d09f3566
8aa330b7b26d
8aa390d07211
8aa3f0e97451
8aa45102b92c
8aa4b11c40a4
8aa511360ab9
8aa57150176b
8aa5d16a66b9
8aa63184f8a5
8aa6919fcd2d
8aa6f1bae454
8aa751d63e18
8aa7b1f1da79
8aa8120db979
8aa87229db17
8aa8d2463f54
8aa93262e62e
8aa9927fcfa8
8aa9f29cfbc1
8aaa52ba6a78
8aaab2d81bcf
8aab12f60fc6
8aab7314465c
8aabd332bf91
8aac33517b67
8aac937079dd
8aacf38fbaf4
8aad53af3eab
8aadb3cf0502
8aae13ef0dfb
8aae740f5994
8aaed42fe7cf
8aaf3450b8ac
8aaf9471cc2a
8aaff4932249
8ab054b4bb0b
8ab0b4d6966f
8ab114f8b475
8ab1751b151e
8ab1d53db869
8ab235609e58
8ab29583c6e9
8ab2f5a7321e
8ab355cadff6
8ab3b5eed072
8ab416130391
8ab476377955
8ab4d65c31bc
8ab536812cc8
8ab596a66a78
8ab5f6cbeace
8ab656f1adc8
8ab6b717b367
8ab7173dfbab
8ab777648694
8ab7d78b5424
8ab837b26459
8ab897d9b734
8ab8f8014cb5
8ab9582924dc
8ab9b8513faa
8aba18799d1f
8aba78a23d3a
8abad8cb1ffd
8abb38f44567
8abb991dad78
8abbf9475830
8abc59714591
8abcb99b7599
8abd19c5e84a
8abd79f09da2
8abdda1b95a4
8abe3a46d04e
8abe9a724da0
8abefa9e0d9c
8abf5aca1041
8abfbaf6558f
8ac01b22dd87
8ac07b4fa829
8ac0db7cb575
8ac13baa056a
8ac19bd7980a
8ac1fc056d55
8ac25c33854a
8ac2bc61dfea
8ac31c907d35
8ac37cbf5d2b
8ac3dcee7fcc
8ac43d1de519
8ac49d4d8d12
8ac4fd7d77b7
8ac55dada507
8ac5bdde1504
8ac61e0ec7ae
8ac67e3fbd04
8ac6de70f507
8ac73ea26fb7
8ac79ed42d14
8ac7ff062d1e
8ac85f386fd6
8ac8bf6af53c
8ac91f9dbd4f
8ac97fd0c811
8ac9e0041581
8aca4037a59f
8acaa06b786c
8acb009f8de8
8acb60d3e613
8acbc10880ec
8acc213d5e76
8acc81727eae
8acce1a7e197
8acd41dd872f
8acda2136f77
8ace02499a70
8ace62800819
8acec2b6b873
8acf22edab7d
8acf8324e138
8acfe35c59a5
8ad0439414c3
8ad0a3cc1292
8ad104045313
8ad1643cd646
8ad1c4759c2b
8ad224aea4c2
8ad284e7f00c
8ad2e5217e08
8ad3455b4eb7
8ad3a5956219
8ad405cfb82e
8ad4660a50f6
8ad4c6452c72
8ad526804aa2
8ad586bbab85
8ad5e6f74f1c
8ad647333568
8ad6a76f5e68
8ad707abca1c
8ad767e87886
8ad7c82569a4
8ad828629d77
8ad888a01400
8ad8e8ddcd3e
8ad9491bc932
8ad9a95a07dc
8ada0998893b
8ada69d74d51
8adaca16541d
8adb2a559da0
8adb8a9529da
8adbead4f8ca
8adc4b150a72
8adcab555ed1
8add0b95f5e7
8add6bd6cfb5
8addcc17ec3b
8ade2c594b79
8ade8c9aed6f
8adeecdcd21d
8adf4d1ef984
8adfad6163a4
8ae00da4107c
8ae06de7000e
8ae0ce2a3259
8ae12e6da75d
8ae18eb15f1b
8ae1eef55993
8ae24f3996c5
8ae2af7e16b1
8ae30fc2d957
8ae37007deb8
8ae3d04d26d4
8ae43092b1aa
8ae490d87f3c
8ae4f11e8f89
8ae55164e291
8ae5b1ab7855
8ae611f250d4
8ae672396c10
8ae6d280ca08
8ae732c86abc
8ae793104e2d
8ae7f358745a
8ae853a0dd45
8ae8b3e988ec
8ae914327751
8ae9747ba873
8ae9d4c51c52
8aea350ed2f0
8aea9558cc4b
8aeaf5a30865
8aeb55ed873d
8aebb63848d3
8aec16834d28
8aec76ce943c
8aecd71a1e0f
8aed3765eaa1
8aed97b1f9f3
8aedf7fe4c04
8aee584ae0d5
8aeeb897b866
8aef18e4d2b7
8aef79322fc9
8aefd97fcf9b
8af039cdb22e
8af09a1bd781
8af0fa6a3f96
8af15ab8ea6b
8af1bb07d803
8af21b57085b
8af27ba67b76
8af2dbf63152
8af33c4629f1
8af39c966552
8af3fce6e375
8af45d37a45b
8af4bd88a804
8af51dd9ee70
8af57e2b779f
8af5de7d4392
8af63ecf5248
8af69f21a3c2
8af6ff7437ff
8af75fc70f01
8af7c01a28c8
8af8206d8552
8af880c124a2
8af8e11506b6
8af941692b8f
8af9a1bd932d
8afa02123d91
8afa62672abb
8afac2bc5aaa
8afb2311cd5f
8afb836782da
8afbe3bd7b1b
8afc4413b623
8afca46a33f2
8afd04c0f487
8afd6517f7e3
8afdc56f3e07
8afe25c6c6f2
8afe861e92a4
8afee676a11e
8aff46cef260
8affa727866b
8b0007805d3d
8b0067d976d8
8b00c832d33b
8b01288c7268
8b0188e6545d
8b01e940791c
8b02499ae0a4
8b02a9f58af5
8b030a507810
8b036aaba7f5
8b03cb071aa4
8b042b62d01e
8b048bbec862
8b04ec1b0370
8b054c778149
8b05acd441ee
8b060d31455d
8b066d8e8b98
8b06cdec149e
8b072e49e070
8b078ea7ef0e
8b07ef064078
8b084f64d4ae
8b08afc3abb1
8b091022c580
8b097082221c
8b09d0e1c185
8b0a3141a3bb
8b0a91a1c8bf
8b0af2023090
8b0b5262db2f
8b0bb2c3c89b
8b0c1324f8d6
8b0c73866bdf
8b0cd3e821b6
8b0d344a1a5c
8b0d94ac55d1
8b0df50ed415
8b0e55719528
8b0eb5d4990a
8b0f1637dfbb
8b0f769b693d
8b0fd6ff358e
8b10376344af
8b1097c796a1
8b10f82c2b63
8b11589102f5
8b11b8f61d59
8b12195b7a8d
8b1279c11a92
8b12da26fd69
8b133a8d2311
8b139af38b8b
8b13fb5a36d7
8b145bc124f5
8b14bc2855e5
8b151c8fc9a7
8b157cf7803c
8b15dd5f79a4
8b163dc7b5de
8b169e3034ec
8b16fe98f6cd
8b175f01fb82
8b17bf6b430a
8b181fd4cd66
8b18803e9a97
8b18e0a8aa9b
8b194112fd74
8b19a17d9321
8b1a01e86ba3
8b1a625386fa
8b1ac2bee526
8b1b232a8628
8b1b839669ff
8b1be40290ab
8b1c446efa2e
8b1ca4dba686
8b1d054895b5
8b1d65b5c7ba
8b1dc6233c96
8b1e2690f448
8b1e86feeed1
8b1ee76d2c32
8b1f47dbac69
8b1fa84a6f78
8b2008b9755f
8b206928be1e
8b20c99849b4
8b212a081823
8b218a78296a
8b21eae87d8a
8b224b591483
8b22abc9ee54
8b230c3b0afe
8b236cac6a82
8b23cd1e0cdf
8b242d8ff216
8b248e021a27
8b24ee748512
8b254ee732d7
8b25af5a2376
8b260fcd56f0
8b267040cd44
8b26d0b48674
8b273128827e
8b27919cc164
8b27f2114325
8b28528607c2
8b28b2fb0f3b
8b291370598f
8b2973e5e6c0
8b29d45bb6ce
8b2a34d1c9b7
8b2a95481f7e
8b2af5beb821
8b2b563593a2
8b2bb6acb1ff
8b2c1724133a
8b2c779bb753
8b2cd8139e4a
8b2d388bc81e
8b2d990434d1
8b2df97ce462
8b2e59f5d6d2
8b2eba6f0c20
8b2f1ae8844d
8b2f7b623f5a
8b2fdbdc3d45
8b303c567e10
8b309cd101bb
8b30fd4bc845
8b315dc6d1af
8b31be421dfa
8b321ebdad25
8b327f397f30
8b32dfb5941c
8b334031ebe9
8b33a0ae8697
8b34012b6426
8b3461a88497
8b34c225e7e9
8b3522a38e1e
8b3583217734
8b35e39fa32c
8b36441e1206
8b36a49cc3c3
8b37051bb863
8b37659aefe6
8b37c61a6a4b
8b38269a2794
8b38871a27c1
8b38e79a6ad1
8b39481af0c4
8b39a89bb99c
8b3a091cc558
8b3a699e13f8
8b3aca1fa57d
8b3b2aa179e6
8b3b8b239134
8b3beba5eb67
8b3c4c288880
8b3cacab687e
8b3d0d2e8b61
8b3d6db1f12a
8b3dce3599da
8b3e2eb9856f
8b3e8f3db3eb
8b3eefc2254d
8b3f5046d996
8b3fb0cbd0c5
8b4011510adc
8b4071d687da
8b40d25c47bf
8b4132e24a8c
8b4193689041
8b41f3ef18dd
8b425475e462
8b42b4fcf2cf
8b4315844425
8b43760bd863
8b43d693af8a
8b44371bc99a
8b4497a42694
8b44f82cc676
8b4558b5a943
8b45b93ecef9
8b4619c83799
8b467a51e323
8b46dadbd197
8b473b6602f6
8b479bf07740
8b47fc7b2e74
8b485d062894
8b48bd91659e
8b491e1ce594
8b497ea8a876
8b49df34ae43
8b4a3fc0f6fd
8b4aa04d82a2
8b4b00da5134
8b4b616762b2
8b4bc1f4b71d
8b4c22824e74
8b4c831028b9
8b4ce39e45eb
8b4d442ca60a
8b4da4bb4917
8b4e054a2f12
8b4e65d957fa
8b4ec668c3d1
8b4f26f87296
8b4f87886449
8b4fe81898eb
8b5048a9107c
8b50a939cafc
8b5109cac86b
8b516a5c08c9
8b51caed8c17
8b522b7f5255
8b528c115b83
8b52eca3a7a0
8b534d3636ae
8b53adc908ad
8b540e5c1d9c
8b546eef757c
8b54cf83104d
8b553016ee0f
8b5590ab0ec3
8b55f13f7268
8b5651d418fe
8b56b2690287
8b5712fe2f02
8b5773939e6f
8b57d42950cf
8b5834bf4621
8b5895557e66
8b58f5ebf99e
8b595682b7c9
8b59b719b8e7
8b5a17b0fcf9
8b5a784883ff
8b5ad8e04df9
8b5b39785ae7
8b5b9a10aac9
8b5bfaa93d9f
8b5c5b42136b
8b5cbbdb2c2b
8b5d1c7487df
8b5d7d0e268a
8b5ddda80829
8b5e3e422cbe
8b5e9edc9449
8b5eff773eca
8b5f60122c40
8b5fc0ad5cad
8b602148d011
8b6081e4866b
8b60e2807fbc
8b61431cbc04
8b61a3b93b43
8b620455fd79
8b6264f302a7
8b62c5904acc
8b63262dd5ea
8b6386cba400
8b63e769b50d
8b6448080914
8b64a8a6a013
8b6509457a0a
8b6569e496fb
8b65ca83f6e5
8b662b2399c8
8b668bc37fa5
8b66ec63a87b
8b674d04144c
8b67ada4c316
8b680e45b4db
8b686ee6e99a
8b68cf886154
8b69302a1c08
8b6990cc19b8
8b69f16e5a62
8b6a5210de08
8b6ab2b3a4aa
8b6b1356ae47
8b6b73f9fae0
8b6bd49d8a75
8b6c35415d07
8b6c95e57294
8b6cf689cb1f
8b6d572e66a6
8b6db7d3452a
8b6e187866ac
8b6e791dcb2a
8b6ed9c372a7
8b6f3a695d21
8b6f9b0f8a98
8b6ffbb5fb0e
8b705c5cae82
8b70bd03a4f5
8b711daade66
8b717e525ad6
8b71defa1a45
8b723fa21cb3
8b72a04a6220
8b7300f2ea8d
8b73619bb5fa
8b73c244c466
8b7422ee15d3
8b748397aa3f
8b74e44181ad
8b7544eb9c1a
8b75a595f989
8b76064099f8
8b7666eb7d69
8b76c796a3db
8b7728420d4f
8b7788edb9c4
8b77e999a93b
8b784a45dbb4
8b78aaf2512f
8b790b9f09ad
8b796c4c052d
8b79ccf943b1
8b7a2da6c537
8b7a8e5489c0
8b7aef02914c
8b7b4fb0dbdd
8b7bb05f6970
8b7c110e3a08
8b7c71bd4da4
8b7cd26ca443
8b7d331c3de8
8b7d93cc1a91
8b7df47c3a3e
8b7e552c9cf1
8b7eb5dd42a9
8b7f168e2b66
8b7f773f5728
8b7fd7f0c5f1
8b8038a277bf
8b8099546c93
8b80fa06a46d
8b815ab91f4e
8b81bb6bdd35
8b821c1ede24
8b827cd22219
8b82dd85a915
8b833e397319
8b839eed8024
8b83ffa1d036
8b8460566351
8b84c10b3974
8b8521c0529e
8b858275aed2
8b85e32b4e0d
8b8643e13052
8b86a49755a0
8b87054dbdf6
8b8766046956
8b87c6bb57c0
8b8827728933
8b888829fdb0
8b88e8e1b537
8b894999afc8
8b89aa51ed64
8b8a0b0a6e0a
8b8a6bc331bb
8b8acc7c3877
8b8b2d35823e
8b8b8def0f11
8b8beea8deef
8b8c4f62f1d8
8b8cb01d47ce
8b8d10d7e0cf
8b8d7192bcdd
8b8dd24ddbf7
8b8e33093e1d
8b8e93c4e351
8b8ef480cb91
8b8f553cf6df
8b8fb5f96539
8b9016b616a2
8b9077730b18
8b90d830429b
8b9138edbd2d
8b9199ab7acd
8b91fa697b7c
8b925b27bf39
8b92bbe64604
8b931ca50fdf
8b937d641cc9
8b93de236cc2
8b943ee2ffcb
8b949fa2d5e3
8b950062ef0b
8b9561234b43
8b95c1e3ea8b
8b9622a4cce4
8b968365f24d
8b96e4275ac7
8b9744e90652
8b97a5aaf4ef
8b98066d269c
8b98672f9b5b
8b98c7f2532b
8b9928b54e0e
8b9989788c02
8b99ea3c0d09
8b9a4affd122
8b9aabc3d84d
8b9b0c88228c
8b9b6d4cafdd
8b9bce118041
8b9c2ed693b9
8b9c8f9bea44
8b9cf06183e3
8b9d51276096
8b9db1ed805d
8b9e12b3e337
8b9e737a8927
8b9ed441722b
8b9f35089e43
8b9f95d00d71
8b9ff697bfb3
8ba0575fb50b
8ba0b827ed79
8ba118f068fc
8ba179b92795
8ba1da822944
8ba23b4b6e09
8ba29c14f5e4
8ba2fcdec0d6
8ba35da8cedf
8ba3be731fff
8ba41f3db436
8ba480088b84
8ba4e0d3a5ea
8ba5419f0367
8ba5a26aa3fc
8ba6033687a9
8ba66402ae6f
8ba6c4cf184c
8ba7259bc543
8ba78668b552
8ba7e735e87a
8ba848035ebb
8ba8a8d11815
8ba9099f1489
8ba96a6d5417
8ba9cb3bd6be
8baa2c0a9c7f
8baa8cd9a55b
8baaeda8f151
8bab4e788061
8babaf48528d
8bac101867d3
8bac70e8c034
8bacd1b95bb1
8bad328a3a49
8bad935b5bfd
8badf42cc0cc
8bae54fe68b8
8baeb5d053bf
8baf16a281e4
8baf7774f324
8bafd847a782
8bb0391a9efc
8bb099edd994
8bb0fac15748
8bb15b95181b
8bb1bc691c0a
8bb21d3d6318
8bb27e11ed44
8bb2dee6ba8e
8bb33fbbcaf6
8bb3a0911e7d
8bb40166b523
8bb4623c8ee7
8bb4c312abcb
8bb523e90bce
8bb584bfaef0
8bb5e5969532
8bb6466dbe94
8bb6a7452b16
8bb7081cdab8
8bb768f4cd7b
8bb7c9cd035e
8bb82aa57c61
8bb88b7e3886
8bb8ec5737cc
8bb94d307a33
8bb9ae09ffbc
8bba0ee3c866
8bba6fbdd432
8bbad0982320
8bbb3172b530
8bbb924d8a63
8bbbf328a2b8
8bbc5403fe30
8bbcb4df9ccb
8bbd15bb7e89
8bbd7697a36a
8bbdd7740b6f
8bbe3850b697
8bbe992da4e3
8bbefa0ad653
8bbf5ae84ae8
8bbfbbc602a1
8bc01ca3fd7e
8bc07d823b80
8bc0de60bca7
8bc13f3f80f3
8bc1a01e8865
8bc200fdd2fb
8bc261dd60b8
8bc2c2bd319a
8bc3239d45a3
8bc3847d9cd1
8bc3e55e3726
8bc4463f14a2
8bc4a7203544
8bc50801990d
8bc568e33ffd
8bc5c9c52a15
8bc62aa75754
8bc68b89c7ba
8bc6ec6c7b49
8bc74d4f71ff
8bc7ae32abde
8bc80f1628e5
8bc86ff9e915
8bc8d0ddec6d
8bc931c232ef
8bc992a6bc99
8bc9f38b896d
8bca5470996a
8bcab555ec91
8bcb163b82e1
8bcb77215c5c
8bcbd8077901
8bcc38edd8d0
8bcc99d47bca
8bccfabb61ee
8bcd5ba28b3e
8bcdbc89f7b8
8bce1d71a75e
8bce7e599a2f
8bcedf41d02c
8bcf402a4955
8bcfa11305aa
8bd001fc052b
8bd062e547d8
8bd0c3cecdb2
8bd124b896b9
8bd185a2a2ed
8bd1e68cf24d
8bd2477784db
8bd2a8625a97
8bd3094d7380
8bd36a38cf97
8bd3cb246edc
8bd42c10514f
8bd48cfc76f1
8bd4ede8dfc1
8bd54ed58bc0
8bd5afc27aed
8bd610afad4a
8bd6719d22d6
8bd6d28adb92
8bd73378d77d
8bd794671698
8bd7f55598e4
8bd856445e5f
8bd8b733670b
8bd91822b2e7
8bd9791241f4
8bd9da021432
8bda3af229a1
8bda9be28241
8bdafcd31e13
8bdb5dc3fd17
8bdbbeb51f4c
8bdc1fa684b3
8bdc80982d4d
8bdce18a1919
8bdd427c4817
8bdda36eba48
8bde04616fad
8bde65546844
8bdec647a40e
8bdf273b230c
8bdf882ee53e
8bdfe922eaa3
8be04a17333d
8be0ab0bbf0b
8be10c008e0d
8be16cf5a044
8be1cdeaf5af
8be22ee08e4f
8be28fd66a25
8be2f0cc892f
8be351c2eb70
8be3b2b990e6
8be413b07991
8be474a7a573
8be4d59f148b
8be53696c6d9
8be5978ebc5e
8be5f886f51a
8be6597f710c
8be6ba783036
8be71b713297
8be77c6a782f
8be7dd640100
8be83e5dcd08
8be89f57dc48
8be900522ec0
8be9614cc470
8be9c2479d59
8bea2342b97b
8bea843e18d6
8beae539bb6a
8beb4635a137
8beba731ca3e
8bec082e367e
8bec692ae5f8
8becca27d8ad
8bed2b250e9b
8bed8c2287c4
8beded204427
8bee4e1e43c5
8beeaf1c869f
8bef101b0cb3
8bef7119d602
8befd218e28d
8bf033183254
8bf09417c556
8bf0f5179b95
8bf15617b510
8bf1b71811c7
8bf21818b1ba
8bf2791994eb
8bf2da1abb58
8bf33b1c2503
8bf39c1dd1ea
8bf3fd1fc210
8bf45e21f573
8bf4bf246c13
8bf5202725f2
8bf5812a230f
8bf5e22d636b
8bf64330e705
8bf6a434adde
8bf70538b7f5
8bf7663d054c
8bf7c74195e2
8bf8284669b8
8bf8894b80cd
8bf8ea50db22
8bf94b5678b7
8bf9ac5c598d
8bfa0d627da2
8bfa6e68e4f9
8bfacf6f8f90
8bfb30767d68
8bfb917dae81
8bfbf28522dc
8bfc538cda78
8bfcb494d555
8bfd159d1375
8bfd76a594d6
8bfdd7ae597a
8bfe38b76160
8bfe99c0ac89
8bfefaca3af4
8bff5bd40ca3
8bffbcde2194
8c001de879c9
8c007ef31542
8c00dffdf3fe
8c01410915fe
8c01a2147b41
8c02032023ca
8c02642c0f96
8c02c5383ea7
8c032644b0fd
8c0387516698
8c03e85e5f78
8c04496b9b9d
8c04aa791b08
8c050b86ddb9
8c056c94e3af
8c05cda32ceb
8c062eb1b96e
8c068fc08937
8c06f0cf9c47
8c0751def29d
8c07b2ee8c3a
8c0813fe691f
8c08750e894b
8c08d61eecbe
8c09372f9379
8c0998407d7c
8c09f951aac6
8c0a5a631b5a
8c0abb74cf35
8c0b1c86c659
8c0b7d9900c6
8c0bdeab7e7c
8c0c3fbe3f7b
8c0ca0d143c3
8c0d01e48b55
8c0d62f81630
8c0dc40be456
8c0e251ff5c5
8c0e86344a7f
8c0ee748e283
8c0f485dbdd1
8c0fa972dc6b
8c100a883e4f
8c106b9de37f
8c10ccb3cbfa
8c112dc9f7c0
8c118ee066d2
8c11eff71930
8c12510e0eda
8c12b22547d0
8c13133cc413
8c13745483a2
8c13d56c867e
8c143684cca7
8c14979d561d
8c14f8b622e0
8c1559cf32f1
8c15bae88650
8c161c021cfd
8c167d1bf6f7
8c16de361440
8c173f5074d7
8c17a06b18bd
8c180185fff2
8c1862a12a75
8c18c3bc9848
8c1924d8496a
8c1985f43ddc
8c19e710759d
8c1a482cf0ae
8c1aa949af10
8c1b0a66b0c1
8c1b6b83f5c3
8c1bcca17e16
8c1c2dbf49b9
8c1c8edd58ad
8c1ceffbaaf3
8c1d511a408a
8c1db2391972
8c1e135835ac
8c1e74779538
8c1ed5973816
8c1f36b71e46
8c1f97d747c9
8c1ff8f7b49e
8c205a1864c6
8c20bb395841
8c211c5a8f0f
8c217d7c0931
8c21de9dc6a6
8c223fbfc76f
8c22a0e20b8c
8c23020492fc
8c2363275dc1
8c23c44a6bdb
8c24256dbd49
8c248691520c
8c24e7b52a24
8c2548d94591
8c25a9fda453
8c260b22466b
8c266c472bd9
8c26cd6c549c
8c272e91c0b6
8c278fb77026
8c27f0dd62ec
8c2852039909
8c28b32a127d
8c291450cf47
8c297577cf69
8c29d69f12e3
8c2a37c699b3
8c2a98ee63dc
8c2afa16715c
8c2b5b3ec235
8c2bbc675666
8c2c1d902def
8c2c7eb948d1
8c2cdfe2a70b
8c2d410c489f
8c2da2362d8c
8c2e036055d2
8c2e648ac172
8c2ec5b5706b
8c2f26e062bf
8c2f880b986c
8c2fe9371174
8c304a62cdd6
8c30ab8ecd93
8c310cbb10ab
8c316de7971d
8c31cf1460eb
8c3230416e14
8c32916ebe99
8c32f29c5279
8c3353ca29b6
8c33b4f8444e
8c341626a243
8c3477554394
8c34d8842842
8c3539b3504d
8c359ae2bbb5
8c35fc126a7a
8c365d425c9c
8c36be72921c
8c371fa30af9
8c3780d3c735
8c37e204c6ce
8c38433609c6
8c38a467901d
8c39059959d2
8c3966cb66e5
8c39c7fdb758
8c3a29304b2a
8c3a8a63225c
8c3aeb963ced
8c3b4cc99add
8c3badfd3c2e
8c3c0f3120df
8c3c706548f0
8c3cd199b462
8c3d32ce6334
8c3d94035567
8c3df5388afb
8c3e566e03f0
8c3eb7a3c047
8c3f18d9bfff
8c3f7a100319
8c3fdb468995
8c403c7d5373
8c409db460b3
8c40feebb156
8c416023455b
8c41c15b1cc4
8c422293378f
8c4283cb95bd
8c42e504374f
8c43463d1c45
8c43a776449e
8c4408afb05b
8c4469e95f7d
8c44cb235202
8c452c5d87ec
8c458d98013b
8c45eed2bdef
8c46500dbe08
8c46b1490185
8c4712848869
8c4773c052b2
8c47d4fc6060
8c483638b175
8c48977545f0
8c48f8b21dd1
8c4959ef3918
8c49bb2c97c6
8c4a1c6a39db
8c4a7da81f58
8c4adee6483b
8c4b4024b486
8c4ba1636438
8c4c02a25752
8c4c63e18dd4
8c4cc52107be
8c4d2660c511
8c4d87a0c5cc
8c4de8e109f0
8c4e4a21917c
8c4eab625c72
8c4f0ca36ad1
8c4f6de4bc99
8c4fcf2651cb
8c5030682a67
8c5091aa466c
8c50f2eca5dc
8c51542f48b6
8c51b5722efb
8c5216b558aa
8c5277f8c5c4
8c52d93c7649
8c533a806a3a
8c539bc4a196
8c53fd091c5d
8c545e4dda91
8c54bf92dc30
8c5520d8213b
8c55821da9b3
8c55e3637597
8c5644a984e8
8c56a5efd7a6
8c5707366dd1
8c57687d4769
8c57c9c4646f
8c582b0bc4e2
8c588c5368c3
8c58ed9b5012
8c594ee37acf
8c59b02be8fb
8c5a11749a95
8c5a72bd8f9d
8c5ad406c815
8c5b355043fc
8c5b969a0352
8c5bf7e40617
8c5c592e4c4c
8c5cba78d5f1
8c5d1bc3a306
8c5d7d0eb38b
8c5dde5a0780
8c5e3fa59ee6
8c5ea0f179bd
8c5f023d9804
8c5f6389f9bd
8c5fc4d69ee7
8c6026238782
8c608770b38f
8c60e8be230d
8c614a0bd5fe
8c61ab59cc61
8c620ca80636
8c626df6837e
8c62cf454439
8c6330944866
8c6391e39007
8c63f3331b1b
8c645482e9a2
8c64b5d2fb9d
8c651723510c
8c657873e9ee
8c65d9c4c645
8c663b15e611
8c669c674950
8c66fdb8f005
8c675f0ada2e
8c67c05d07cd
8c6821af78e1
8c6883022d6a
8c68e4552569
8c6945a860de
8c69a6fbdfc9
8c6a084fa22a
8c6a69a3a802
8c6acaf7f150
8c6b2c4c7e14
8c6b8da14e50
8c6beef66203
8c6c504bb92d
8c6cb1a153ce
8c6d12f731e8
8c6d744d5379
8c6dd5a3b882
8c6e36fa6103
8c6e98514cfd
8c6ef9a87c6f
8c6f5affef5a
8c6fbc57a5be
8c701daf9f9b
8c707f07dcf1
8c70e0605dc1
8c7141b9220b
8c71a31229ce
8c72046b750b
8c7265c503c3
8c72c71ed5f5
8c732878eba1
8c7389d344c9
8c73eb2de16b
8c744c88c189
8c74ade3e521
8c750f3f4c35
8c75709af6c5
8c75d1f6e4d1
8c7633531659
8c7694af8b5d
8c76f60c43dd
8c7757693fdb
8c77b8c67f54
8c781a24024b
8c787b81c8bf
8c78dcdfd2b0
8c793e3e201f
8c799f9cb10b
8c7a00fb8576
8c7a625a9d5e
8c7ac3b9f8c5
8c7b251997aa
8c7b86797a0d
8c7be7d99ff0
8c7c493a0951
8c7caa9ab631
8c7d0bfba691
8c7d6d5cda71
8c7dcebe51d0
8c7e30200caf
8c7e91820b0e
8c7ef2e44ced
8c7f5446d24d
8c7fb5a99b2d
8c80170ca78e
8c80786ff770
8c80d9d38ad3
8c813b3761b8
8c819c9b7c1e
8c81fdffda06
8c825f647b6f
8c82c0c9605b
8c83222e88c9
8c838393f4b9
8c83e4f9a42d
8c84465f9722
8c84a7c5cd9b
8c85092c4797
8c856a930517
8c85cbfa061a
8c862d614aa0
8c868ec8d2ab
8c86f0309e39
8c875198ad4c
8c87b300ffe4
8c8814699600
8c8875d26fa0
8c88d73b8cc6
8c8938a4ed71
8c899a0e91a2
8c89fb787957
8c8a5ce2a493
8c8abe4d1355
8c8b1fb7c59c
8c8b8122bb6a
8c8be28df4bf
8c8c43f9719a
8c8ca56531fb
8c8d06d135e4
8c8d683d7d54
8c8dc9aa084c
8c8e2b16d6cb
8c8e8c83e8d1
8c8eedf13e60
8c8f4f5ed777
8c8fb0ccb416
8c90123ad43d
8c9073a937ed
8c90d517df27
8c913686c9e9
8c9197f5f834
8c91f9656a08
8c925ad51f67
8c92bc45184e
8c931db554c0
8c937f25d4bc
8c93e0969843
8c9442079f53
8c94a378e9ef
8c9504ea7815
8c95665c49c7
8c95c7ce5f03
8c962940b7cb
8c968ab3541f
8c96ec2633fe
8c974d995769
8c97af0cbe60
8c98108068e4
8c9871f456f4
8c98d3688891
8c9934dcfdbb
8c999651b672
8c99f7c6b2b6
8c9a593bf287
8c9abab175e6
8c9b1c273cd3
8c9b7d9d474d
8c9bdf139556
8c9c408a26ed
8c9ca200fc13
8c9d037814c8
8c9d64ef710b
8c9dc66710dd
8c9e27def43f
8c9e89571b30
8c9eeacf85b0
8c9f4c4833c1
8c9fadc12561
8ca00f3a5a92
8ca070b3d352
8ca0d22d8fa4
8ca133a78f86
8ca19521d2f9
8ca1f69c59fd
8ca258172492
8ca2b99232b9
8ca31b0d8471
8ca37c8919bb
8ca3de04f297
8ca43f810f06
8ca4a0fd6f06
8ca5027a1299
8ca563f6f9bf
8ca5c5742478
8ca626f192c4
8ca6886f44a3
8ca6e9ed3a15
8ca74b6b731c
8ca7ace9efb6
8ca80e68afe4
8ca86fe7b3a6
8ca8d166fafc
8ca932e685e7
8ca994665467
8ca9f5e6667c
8caa5766bc26
8caab8e75565
8cab1a683239
8cab7be952a4
8cabdd6ab6a4
8cac3eec5e3a
8caca06e4966
8cad01f07829
8cad6372ea82
8cadc4f5a072
8cae267899f8
8cae87fbd716
8caee97f57cc
8caf4b031c18
8cafac8723fd
8cb00e0b6f79
8cb06f8ffe8d
8cb0d114d139
8cb13299e77e
8cb1941f415c
8cb1f5a4ded2
8cb2572abfe1
8cb2b8b0e489
8cb31a374ccb
8cb37bbdf8a5
8cb3dd44e81a
8cb43ecc1b29
8cb4a05391d1
8cb501db4c14
8cb5636349f1
8cb5c4eb8b69
8cb62674107b
8cb687fcd929
8cb6e985e571
8cb74b0f3555
8cb7ac98c8d5
8cb80e229ff0
8cb86facbaa7
8cb8d13718fa
8cb932c1bae9
8cb9944ca075
8cb9f5d7c99d
8cba57633662
8cbab8eee6c4
8cbb1a7adac3
8cbb7c071260
8cbbdd938d9a
8cbc3f204c71
8cbca0ad4ee7
8cbd023a94fa
8cbd63c81eac
8cbdc555ebfd
8cbe26e3fceb
8cbe88725179
8cbeea00e9a6
8cbf4b8fc572
8cbfad1ee4dd
8cc00eae47e8
8cc0703dee92
8cc0d1cdd8dc
8cc1335e06c7
8cc194ee7851
8cc1f67f2d7d
8cc258102648
8cc2b9a162b5
8cc31b32e2c2
8cc37cc4a671
8cc3de56adc1
8cc43fe8f8b3
8cc4a17b8746
8cc5030e597b
8cc564a16f53
8cc5c634c8cc
8cc627c865e8
8cc6895c46a7
8cc6eaf06b09
8cc74c84d30d
8cc7ae197eb5
8cc80fae6e00
8cc87143a0ef
8cc8d2d91781
8cc9346ed1b7
8cc99604cf92
8cc9f79b1110
8cca59319634
8ccabac85efb
8ccb1c5f6b68
8ccb7df6bb7a
8ccbdf8e4f31
8ccc4126268d
8ccca2be418f
8ccd0456a036
8ccd65ef4284
8ccdc7882878
8cce29215212
8cce8ababf52
8cceec547039
8ccf4dee64c7
8ccfaf889cfc
8cd0112318d8
8cd072bdd85c
8cd0d458db87
8cd135f4225a
8cd1978facd5
8cd1f92b7af8
8cd25ac78cc4
8cd2bc63e238
8cd31e007b54
8cd37f9d581a
8cd3e13a7888
8cd442d7dca0
8cd4a4758461
8cd506136fcc
8cd567b19ee0
8cd5c950119f
8cd62aeec807
8cd68c8dc21a
8cd6ee2cffd8
8cd74fcc8140
8cd7b16c4653
8cd8130c4f11
8cd874ac9b7b
8cd8d64d2b90
8cd937edff50
8cd9998f16bc
8cd9fb3071d5
8cda5cd21099
8cdabe73f30a
8cdb20161927
8cdb81b882f1
8cdbe35b3068
8cdc44fe218c
8cdca6a1565d
8cdd0844cedc
8cdd69e88b08
8cddcb8c8ae2
8cde2d30ce6a
8cde8ed555a1
8cdef07a2085
8cdf521f2f19
8cdfb3c4815b
8ce0156a174b
8ce0770ff0eb
8ce0d8b60e3b
8ce13a5c6f39
8ce19c0313e8
8ce1fda9fc46
8ce25f512854
8ce2c0f89813
8ce322a04b81
8ce3844842a1
8ce3e5f07d71
8ce44798fbf2
8ce4a941be24
8ce50aeac407
8ce56c940d9c
8ce5ce3d9ae3
8ce62fe76bdb
8ce691918086
8ce6f33bd8e2
8ce754e674f2
8ce7b69154b3
8ce8183c7828
8ce879e7df4f
8ce8db938a29
8ce93d3f78b7
8ce99eebaaf9
8cea009820ee
8cea6244da96
8ceac3f1d7f3
8ceb259f1904
8ceb874c9dca
8cebe8fa6644
8cec4aa87273
8cecac56c257
8ced0e0555f0
8ced6fb42d3e
8cedd1634842
8cee3312a6fc
8cee94c2496b
8ceef6722f91
8cef5822596c
8cefb9d2c6ff
8cf01b837847
8cf07d346d47
8cf0dee5a5fd
8cf14097226b
8cf1a248e290
8cf203fae66d
8cf265ad2e01
8cf2c75fb94d
8cf329128852
8cf38ac59b0e
8cf3ec78f183
8cf44e2c8bb1
8cf4afe06997
8cf511948b37
8cf57348f08f
8cf5d4fd99a1
8cf636b2866d
8cf69867b6f2
8cf6fa1d2b31
8cf75bd2e32b
8cf7bd88dede
8cf81f3f1e4c
8cf880f5a175
8cf8e2ac6858
8cf9446372f7
8cf9a61ac151
8cfa07d25366
8cfa698a2936
8cfacb4242c3
8cfb2cfaa00b
8cfb8eb3410f
8cfbf06c25d0
8cfc52254e4d
8cfcb3deba87
8cfd15986a7e
8cfd77525e32
8cfdd90c95a3
8cfe3ac710d1
8cfe9c81cfbd
8cfefe3cd267
8cff5ff818cf
8cffc1b3a2f4
8d00236f70d8
8d00852b827b
8d00e6e7d7dc
8d0148a470fd
8d01aa614ddc
8d020c1e6e7a
8d026ddbd2d8
8d02cf997af6
8d03315766d3
8d0393159670
8d03f4d409cd
8d045692c0eb
8d04b851bbc9
8d051a10fa68
8d057bd07cc8
8d05dd9042e9
8d063f504ccb
8d06a1109a6e
8d0702d12bd4
8d07649200fb
8d07c65319e4
8d082814768f
8d0889d616fc
8d08eb97fb2c
8d094d5a231f
8d09af1c8ed4
8d0a10df3e4d
8d0a72a23189
8d0ad4656889
8d0b3628e34c
8d0b97eca1d2
8d0bf9b0a41d
8d0c5b74ea2c
8d0cbd397400
8d0d1efe4198
8d0d80c352f4
8d0de288a816
8d0e444e40fd
8d0ea6141da9
8d0f07da3e1a
8d0f69a0a252
8d0fcb674a4f
8d102d2e3612
8d108ef5659b
8d10f0bcd8ea
8d1152849001
8d11b44c8add
8d121614c981
8d1277dd4bec
8d12d9a6121f
8d133b6f1c18
8d139d3869da
8d13ff01fb63
8d1460cbd0b4
8d14c295e9ce
8d15246046b0
8d15862ae75b
8d15e7f5cbce
8d1649c0f40a
8d16ab8c6010
8d170d580fde
8d176f240377
8d17d0f03ad9
8d1832bcb604
8d18948974fa
8d18f65677ba
8d195823be45
8d19b9f1489a
8d1a1bbf16ba
8d1a7d8d28a5
8d1adf5b7e5b
8d1b412a17dd
8d1ba2f8f52a
8d1c04c81642
8d1c66977b27
8d1cc86723d7
8d1d2a371054
8d1d8c07409e
8d1dedd7b4b4
8d1e4fa86c96
8d1eb1796846
8d1f134aa7c3
8d1f751c2b0e
8d1fd6edf225
8d2038bffd0b
8d209a924bbf
8d20fc64de40
8d215e37b490
8d21c00aceae
8d2221de2c9b
8d2283b1ce57
8d22e585b3e2
8d234759dd3c
8d23a92e4a65
8d240b02fb5e
8d246cd7f027
8d24cead28c0
8d253082a529
8d2592586562
8d25f42e696b
8d265604b146
8d26b7db3cf1
8d2719b20c6d
8d277b891fba
8d27dd6076d9
8d283f3811c9
8d28a10ff08b
8d2902e8131f
8d2964c07986
8d29c69923be
8d2a287211c9
8d2a8a4b43a7
8d2aec24b957
8d2b4dfe72db
8d2bafd87032
8d2c11b2b15c
8d2c738d365a
8d2cd567ff2c
8d2d37430bd1
8d2d991e5c4b
8d2dfaf9f099
8d2e5cd5c8bc
8d2ebeb1e4b3
8d2f208e4480
8d2f826ae821
8d2fe447cf97
8d304624fae3
8d30a8026a05
8d3109e01cfd
8d316bbe13ca
8d31cd9c4e6e
8d322f7acce8
8d3291598f38
8d32f3389560
8d335517df5e
8d33b6f76d33
8d3418d73ee0
8d347ab75464
8d34dc97adbf
8d353e784af3
8d35a0592bfe
8d36023a50e2
8d36641bb99e
8d36c5fd6633
8d3727df56a0
8d3789c18ae6
8d37eba40306
8d384d86beff
8d38af69bed1
8d39114d027d
8d3973308a02
8d39d5145562
8d3a36f8649c
8d3a98dcb7b1
8d3afac14ea0
8d3b5ca62969
8d3bbe8b480e
8d3c2070aa8e
8d3c825650e9
8d3ce43c3b20
8d3d46226932
8d3da808db20
8d3e09ef90eb
8d3e6bd68a91
8d3ecdbdc814
8d3f2fa54974
8d3f918d0eb0
8d3ff37517c9
8d40555d64c0
8d40b745f593
8d41192eca45
8d417b17e2d4
8d41dd013f41
8d423eeadf8c
8d42a0d4c3b5
8d4302beebbd
8d4364a957a3
8d43c6940768
8d44287efb0c
8d448a6a3290
8d44ec55adf2
8d454e416d35
8d45b02d7057
8d461219b758
8d467406423a
8d46d5f310fd
8d4737e0239f
8d4799cd7a23
8d47fbbb1487
8d485da8f2cc
8d48bf9714f3
8d4921857afa
8d49837424e4
8d49e56312af
8d4a4752445c
8d4aa941b9eb
8d4b0b31735d
8d4b6d2170b1
8d4bcf11b1e7
8d4c31023701
8d4c92f2fffd
8d4cf4e40cdd
8d4d56d55da0
8d4db8c6f247
8d4e1ab8cad1
8d4e7caae740
8d4ede9d4793
8d4f408febca
8d4fa282d3e5
8d500475ffe5
8d5066696fca
8d50c85d2394
8d512a511b44
8d518c4556d8
8d51ee39d653
8d52502e99b3
8d52b223a0f9
8d531418ec25
8d53760e7b38
8d53d8044e31
8d5439fa6511
8d549bf0bfd8
8d54fde75e86
8d555fde411b
8d55c1d56798
8d5623ccd1fc
8d5685c48048
8d56e7bc727c
8d5749b4a898
8d57abad229d
8d580da5e08a
8d586f9ee260
8d58d198281f
8d593391b1c7
8d59958b7f58
8d59f78590d2
8d5a597fe637
8d5abb7a7f85
8d5b1d755cbd
8d5b7f707de0
8d5be16be2ec
8d5c43678be4
8d5ca56378c6
8d5d075fa993
8d5d695c1e4b
8d5dcb58d6ef
8d5e2d55d37e
8d5e8f5313f9
8d5ef150985f
8d5f534e60b2
8d5fb54c6cf1
8d60174abd1c
8d6079495134
8d60db482938
8d613d47452a
8d619f46a509
8d62014648d5
8d626346308f
8d62c5465c36
8d632746cbcb
8d6389477f4e
8d63eb4876c0
8d644d49b220
8d64af4b316e
8d65114cf4ac
8d65734efbd8
8d65d55146f4
8d663753d5ff
8d669956a8f9
8d66fb59bfe3
8d675d5d1abe
8d67bf60b988
8d6821649c42
8d688368c2ed
8d68e56d2d89
8d694771dc15
8d69a976ce93
8d6a0b7c0501
8d6a6d817f61
8d6acf873db3
8d6b318d3ff6
8d6b9393862b
8d6bf59a1053
8d6c57a0de6c
8d6cb9a7f079
8d6d1baf4677
8d6d7db6e069
8d6ddfbebe4e
8d6e41c6e026
8d6ea3cf45f1
8d6f05d7efb0
8d6f67e0dd63
8d6fc9ea0f09
8d702bf384a4
8d708dfd3e33
8d70f0073bb7
8d7152117d2f
8d71b41c029d
8d721626cbff
8d727831d956
8d72da3d2aa3
8d733c48bfe6
8d739e54991e
8d740060b64d
8d74626d1771
8d74c479bc8c
8d752686a59d
8d758893d2a5
8d75eaa143a4
8d764caef89a
8d76aebcf188
8d7710cb2e6d
8d7772d9af49
8d77d4e8741d
8d7836f77cea
8d789906c9ae
8d78fb165a6b
8d795d262f20
8d79bf3647ce
8d7a2146a476
8d7a83574516
8d7ae56829af
8d7b47795242
8d7ba98abecf
8d7c0b9c6f55
8d7c6dae63d6
8d7ccfc09c50
8d7d31d318c5
8d7d93e5d935
8d7df5f8dda0
8d7e580c2605
8d7eba1fb266
8d7f1c3382c1
8d7f7e479719
8d7fe05bef6c
8d8042708bbb
8d80a4856c06
8d81069a904d
8d8168aff890
8d81cac5a4d1
8d822cdb950e
8d828ef1c948
8d82f108417f
8d83531efdb3
8d83b535fde5
8d84174d4215
8d847964ca43
8d84db7c966e
8d853d94a698
8d859facfac1
8d8601c592e8
8d8663de6f0e
8d86c5f78f33
8d872810f357
8d878a2a9b7a
8d87ec44879d
8d884e5eb7c0
8d88b0792be2
8d891293e405
8d8974aee028
8d89d6ca204c
8d8a38e5a470
8d8a9b016c95
8d8afd1d78bb
8d8b5f39c8e2
8d8bc1565d0b
8d8c23733535
8d8c85905161
8d8ce7adb18f
8d8d49cb55bf
8d8dabe93df1
8d8e0e076a26
8d8e7025da5e
8d8ed2448e98
8d8f346386d6
8d8f9682c316
8d8ff8a2435a
8d905ac207a2
8d90bce20fee
8d911f025c3d
8d918122ec91
8d91e343c0e9
8d924564d945
8d92a78635a6
8d9309a7d60c
8d936bc9ba78
8d93cdebe2e8
8d94300e4f5e
8d949230ffd9
8d94f453f45b
8d9556772ce2
8d95b89aa970
8d961abe6a03
8d967ce26e9e
8d96df06b73f
8d97412b43e7
8d97a3501496
8d980575294d
8d98679a820b
8d98c9c01ed0
8d992be5ff9e
8d998e0c2473
8d99f0328d51
8d9a52593a37
8d9ab4802b25
8d9b16a7601d
8d9b78ced91d
8d9bdaf69627
8d9c3d1e9739
8d9c9f46dc56
8d9d016f657c
8d9d639832ab
8d9dc5c143e5
8d9e27ea9929
8d9e8a143278
8d9eec3e0fd1
8d9f4e683135
8d9fb09296a4
8da012bd401e
8da074e82da3
8da0d7135f34
8da1393ed4d1
8da19b6a8e79
8da1fd968c2e
8da25fc2cdef
8da2c1ef53bc
8da3241c1d96
8da386492b7d
8da3e8767d70
8da44aa41371
8da4acd1ed7f
8da50f000b9b
8da5712e6dc5
8da5d35d13fc
8da6358bfe42
8da697bb2c96
8da6f9ea9ef8
8da75c1a5569
8da7be4a4fe9
8da8207a8e78
8da882ab1116
8da8e4dbd7c3
8da9470ce280
8da9a93e314d
8daa0b6fc42a
8daa6da19b17
8daacfd3b614
8dab32061522
8dab9438b840
8dabf66b9f6f
8dac589ecab0
8dacbad23a01
8dad1d05ed64
8dad7f39e4d9
8dade16e205f
8dae43a29ff7
8daea5d763a2
8daf080c6b5f
8daf6a41b72e
8dafcc774710
8db02ead1b05
8db090e3330d
8db0f3198f28
8db155502f57
8db1b7871399
8db219be3bf0
8db27bf5a85a
8db2de2d58d8
8db340654d6b
8db3a29d8612
8db404d602ce
8db4670ec39f
8db4c947c885
8db52b811181
8db58dba9e92
8db5eff46fb8
8db6522e84f4
8db6b468de47
8db716a37baf
8db778de5d2e
8db7db1982c4
8db83d54ec70
8db89f909a33
8db901cc8c0e
8db96408c200
8db9c6453c09
8dba2881fa2a
8dba8abefc63
8dbaecfc42b3
8dbb4f39cd1c
8dbbb1779b9e
8dbc13b5ae38
8dbc75f404eb
8dbcd8329fb7
8dbd3a717e9c
8dbd9cb0a19a
8dbdfef008b2
8dbe612fb3e4
8dbec36fa330
8dbf25afd695
8dbf87f04e15
8dbfea3109b0
8dc04c720965
8dc0aeb34d34
8dc110f4d51f
8dc17336a125
8dc1d578b147
8dc237bb0584
8dc299fd9ddc
8dc2fc407a51
8dc35e839ae2
8dc3c0c6ff8f
8dc4230aa858
8dc4854e953e
8dc4e792c641
8dc549d73b62
8dc5ac1bf49f
8dc60e60f1fa
8dc670a63372
8dc6d2ebb908
8dc7353182bc
8dc79777908e
8dc7f9bde27f
8dc85c04788e
8dc8be4b52bb
8dc920927108
8dc982d9d374
8dc9e52179fe
8dca476964a9
8dcaa9b19373
8dcb0bfa065c
8dcb6e42bd66
8dcbd08bb890
8dcc32d4f7da
8dcc951e7b45
8dccf76842d1
8dcd59b24e7d
8dcdbbfc9e4b
8dce1e473239
8dce80920a4a
8dcee2dd267c
8dcf452886cf
8dcfa7742b45
8dd009c013dd
8dd06c0c4097
8dd0ce58b174
8dd130a56674
8dd192f25f97
8dd1f53f9cdc
8dd2578d1e45
8dd2b9dae3d2
8dd31c28ed82
8dd37e773b56
8dd3e0c5cd4e
8dd44314a36b
8dd4a563bdab
8dd507b31c11
8dd56a02be9b
8dd5cc52a54a
8dd62ea2d01e
8dd690f33f18
8dd6f343f237
8dd75594e97c
8dd7b7e624e6
8dd81a37a477
8dd87c89682e
8dd8dedb700c
8dd9412dbc10
8dd9a3804c3b
8dda05d3208d
8dda68263906
8ddaca7995a6
8ddb2ccd366e
8ddb8f211b5e
8ddbf1754476
8ddc53c9b1b5
8ddcb61e631d
8ddd187358ae
8ddd7ac89267
8ddddd1e1049
8dde3f73d254
8ddea1c9d888
8ddf042022e6
8ddf6676b16d
8ddfc8cd841e
8de02b249af9
8de08d7bf5fe
8de0efd3952e
8de1522b7888
8de1b483a00c
8de216dc0bbc
8de27934bb96
8de2db8daf9c
8de33de6e7cd
8de3a040642a
8de4029a24b3
8de464f42967
8de4c74e7248
8de529a8ff55
8de58c03d08f
8de5ee5ee5f5
8de650ba3f89
8de6b315dd49
8de71571bf37
8de777cde552
8de7da2a4f9a
8de83c86fe11
8de89ee3f0b6
8de901412788
8de9639ea289
8de9c5fc61b9
8dea285a6518
8dea8ab8aca5
8deaed173861
8deb4f76084d
8debb1d51c69
8dec143474b4
8dec7694112e
8decd8f3f1d9
8ded3b5416b4
8ded9db47fc0
8dee00152cfc
8dee62761e69
8deec4d75407
8def2738cdd6
8def899a8bd6
8defebfc8e08
8df04e5ed46b
8df0b0c15f01
8df113242dc8
8df1758740c2
8df1d7ea97ee
8df23a4e334d
8df29cb212df
8df2ff1636a3
8df3617a9e9b
8df3c3df4ac6
8df426443b25
8df488a96fb8
8df4eb0ee87e
8df54d74a578
8df5afdaa6a7
8df61240ec0a
8df674a775a2
8df6d70e436f
8df739755571
8df79bdcaba8
8df7fe444614
8df860ac24b6
8df8c314478e
8df9257cae9c
8df987e559df
8df9ea4e495a
8dfa4cb77d0a
8dfaaf20f4f2
8dfb118ab110
8dfb73f4b165
8dfbd65ef5f2
8dfc38c97eb5
8dfc9b344bb1
8dfcfd9f5ce4
8dfd600ab250
8dfdc2764bf3
8dfe24e229cf
8dfe874e4be3
8dfee9bab231
8dff4c275cb7
8dffae944b76
8e0011017e6e
8e00736ef5a0
8e00d5dcb10b
8e01384ab0b1
8e019ab8f490
8e01fd277ca9
8e025f9648fd
8e02c205598c
8e032474ae55
8e0386e44759
8e03e9542499
8e044bc44613
8e04ae34abc9
8e0510a555bb
8e05731643e9
8e05d5877652
8e0637f8ecf8
8e069a6aa7da
8e06fcdca6f9
8e075f4eea55
8e07c1c171ee
8e0824343dc4
8e0886a74dd7
8e08e91aa227
8e094b8e3ab6
8e09ae021782
8e0a1076388d
8e0a72ea9dd5
8e0ad55f475c
8e0b37d43522
8e0b9a496727
8e0bfcbedd6a
8e0c5f3497ed
8e0cc1aa96af
8e0d2420d9b1
8e0d869760f2
8e0de90e2c73
8e0e4b853c35
8e0eadfc9036
8e0f10742879
8e0f72ec04fb
8e0fd56425bf
8e1037dc8ac4
8e109a55340a
8e10fcce2191
8e115f47535a
8e11c1c0c965
8e12243a83b2
8e1286b48241
8e12e92ec512
8e134ba94c26
8e13ae24177c
8e14109f2715
8e14731a7af2
8e14d5961311
8e153811ef74
8e159a8e101b
8e15fd0a7505
8e165f871e34
8e16c2040ba6
8e1724813d5d
8e1786feb359
8e17e97c6d99
8e184bfa6c1e
8e18ae78aee9
8e1910f735f8
8e197376014d
8e19d5f510e8
8e1a387464c9
8e1a9af3fcef
8e1afd73d95c
8e1b5ff3fa0f
8e1bc2745f09
8e1c24f50849
8e1c8775f5d1
8e1ce9f727a0
8e1d4c789db5
8e1daefa5813
8e1e117c56b8
8e1e73fe99a5
8e1ed68120da
8e1f3903ec57
8e1f9b86fc1d
8e1ffe0a502b
8e20608de883
8e20c311c523
8e212595e60c
8e21881a4b3f
8e21ea9ef4bb
8e224d23e281
8e22afa91491
8e23122e8aeb
8e2374b4458f
8e23d73a447d
8e2439c087b7
8e249c470f3b
8e24fecddb0a
8e256154eb24
8e25c3dc3f8a
8e262663d83b
8e2688ebb538
8e26eb73d681
8e274dfc3c17
8e27b084e5f8
8e28130dd426
8e28759706a1
8e28d8207d68
8e293aaa387d
8e299d3437de
8e29ffbe7b8e
8e2a6249038b
8e2ac4d3cfd5
8e2b275ee06e
8e2b89ea3554
8e2bec75ce8a
8e2c4f01ac0d
8e2cb18dcde0
8e2d141a3401
8e2d76a6de71
8e2dd933cd31
8e2e3bc10040
8e2e9e4e779e
8e2f00dc334d
8e2f636a334b
8e2fc5f8779a
8e3028870039
8e308b15cd29
8e30eda4de69
8e31503433fb
8e31b2c3cddd
8e321553ac11
8e3277e3ce96
8e32da74356d
8e333d04e096
8e339f95d011
8e34022703de
8e3464b87bfe
8e34c74a3870
8e3529dc3935
8e358c6e7e4c
8e35ef0107b7
8e365193d576
8e36b426e788
8e3716ba3ded
8e37794dd8a7
8e37dbe1b7b4
8e383e75db16
8e38a10a42cc
8e39039eeed7
8e396633df37
8e39c8c913ec
8e3a2b5e8cf6
8e3a8df44a55
8e3af08a4c0a
8e3b53209215
8e3bb5b71c75
8e3c184deb2c
8e3c7ae4fe39
8e3cdd7c559c
8e3d4013f156
8e3da2abd167
8e3e0543f5cf
8e3e67dc5e8f
8e3eca750ba5
8e3f2d0dfd13
8e3f8fa732d9
8e3ff240acf7
8e4054da6b6e
8e40b7746e3c
8e411a0eb563
8e417ca940e3
8e41df4410bb
8e4241df24ed
8e42a47a7d78
8e4307161a5c
8e4369b1fb9a
8e43cc4e2132
8e442eea8b24
8e4491873970
8e44f4242c17
8e4556c16318
8e45b95ede73
8e461bfc9e2a
8e467e9aa23c
8e46e138eaa9
8e4743d77771
8e47a6764895
8e4809155e15
8e486bb4b7f1
8e48ce54562a
8e4930f438be
8e4993945fb0
8e49f634cafe
8e4a58d57aa9
8e4abb766eb1
8e4b1e17a717
8e4b80b923da
8e4be35ae4fa
8e4c45fcea79
8e4ca89f3456
8e4d0b41c291
8e4d6de4952a
8e4dd087ac22
8e4e332b0779
8e4e95cea72f
8e4ef8728b44
8e4f5b16b3b8
8e4fbdbb208c
8e50205fd1c0
8e508304c754
8e50e5aa0147
8e51484f7f9b
8e51aaf54250
8e520d9b4965
8e52704194db
8e52d2e824b2
8e53358ef8ea
8e5398361184
8e53fadd6e7f
8e545d850fdc
8e54c02cf59b
8e5522d51fbd
8e55857d8e40
8e55e8264126
8e564acf386f
8e56ad78741a
8e571021f429
8e5772cbb89b
8e57d575c170
8e5838200ea9
8e589acaa046
8e58fd757647
8e59602090ac
8e59c2cbef75
8e5a257792a3
8e5a88237a36
8e5aeacfa62e
8e5b4d7c168a
8e5bb028cb4c
8e5c12d5c474
8e5c75830201
8e5cd83083f4
8e5d3ade4a4d
8e5d9d8c550c
8e5e003aa432
8e5e62e937be
8e5ec5980fb1
8e5f28472c0b
8e5f8af68ccc
8e5feda631f5
8e6050561b85
8e60b306497c
8e6115b6bbdc
8e61786772a3
8e61db186dd3
8e623dc9ad6c
8e62a07b316d
8e63032cf9d6
8e6365df06a9
8e63c89157e5
8e642b43ed8a
8e648df6c799
8e64f0a9e612
8e65535d48f4
8e65b610f041
8e6618c4dbf8
8e667b790c19
8e66de2d80a6
8e6740e2399d
8e67a39736ff
8e68064c78cc
8e686901ff04
8e68cbb7c9a9
8e692e6dd8b9
8e6991242c34
8e69f3dac41d
8e6a5691a071
8e6ab948c132
8e6b1c002660
8e6b7eb7cffa
8e6be16fbe02
8e6c4427f077
8e6ca6e06759
8e6d099922a9
8e6d6c522267
8e6dcf0b6692
8e6e31c4ef2c
8e6e947ebc35
8e6ef738cdac
8e6f59f32391
8e6fbcadbde6
8e701f689ca9
8e708223bfdc
8e70e4df277f
8e71479ad391
8e71aa56c413
8e720d12f905
8e726fcf7267
8e72d28c303a
8e733549327d
8e7398067931
8e73fac40456
8e745d81d3ec
8e74c03fe7f3
8e7522fe406c
8e7585bcdd57
8e75e87bbeb4
8e764b3ae482
8e76adfa4ec3
8e7710b9fd77
8e777379f09d
8e77d63a2835
8e7838faa441
8e789bbb64c0
8e78fe7c69b3
8e79613db319
8e79c3ff40f2
8e7a26c11340
8e7a89832a02
8e7aec458538
8e7b4f0824e2
8e7bb1cb0901
8e7c148e3196
8e7c77519e9f
8e7cda15501d
8e7d3cd94611
8e7d9f9d807a
8e7e0261ff59
8e7e6526c2ae
8e7ec7ebca7a
8e7f2ab116bb
8e7f8d76a773
8e7ff03c7ca2
8e8053029648
8e80b5c8f465
8e81188f96f9
8e817b567e04
8e81de1da987
8e8240e51982
8e82a3accdf5
8e830674c6e0
8e83693d0444
8e83cc058620
8e842ece4c75
8e8491975743
8e84f460a68a
8e85572a3a4a
8e85b9f41284
8e861cbe2f37
8e867f889064
8e86e253360c
8e87451e202d
8e87a7e94ec9
8e880ab4c1e0
8e886d807971
8e88d04c757e
8e893318b605
8e8995e53b08
8e89f8b20486
8e8a5b7f1280
8e8abe4c64f6
8e8b2119fbe9
8e8b83e7d757
8e8be6b5f742
8e8c49845ba9
8e8cac53048d
8e8d0f21f1ef
8e8d71f123cd
8e8dd4c09a29
8e8e37905503
8e8e9a60545a
8e8efd30982f
8e8f60012082
8e8fc2d1ed54
8e9025a2fea4
8e9088745473
8e90eb45eec0
8e914e17cd8d
8e91b0e9f0d9
8e9213bc58a5
8e92768f04f0
8e92d961f5ba
8e933c352b05
8e939f08a4d0
8e9401dc631b
8e9464b065e7
8e94c784ad34
8e952a593901
8e958d2e0950
8e95f0031e20
8e9652d87771
8e96b5ae1544
8e971883f799
8e977b5a1e6f
8e97de3089c8
8e98410739a4
8e98a3de2e02
8e9906b566e3
8e99698ce446
8e99cc64a62d
8e9a2f3cac97
8e9a9214f785
8e9af4ed86f6
8e9b57c65aec
8e9bba9f7365
8e9c1d78d062
8e9c805271e4
8e9ce32c57eb
8e9d46068276
8e9da8e0f187
8e9e0bbba51c
8e9e6e969d37
8e9ed171d9d8
8e9f344d5afe
8e9f972920aa
8e9ffa052adc
8ea05ce17995
8ea0bfbe0cd4
8ea1229ae49a
8ea1857800e6
8ea1e85561ba
8ea24b330714
8ea2ae10f0f6
8ea310ef1f60
8ea373cd9252
8ea3d6ac49cb
8ea4398b45cd
8ea49c6a8657
8ea4ff4a0b69
8ea56229d504
8ea5c509e328
8ea627ea35d6
8ea68acacd0c
8ea6edaba8cc
8ea7508cc915
8ea7b36e2de9
8ea8164fd746
8ea87931c52d
8ea8dc13f79f
8ea93ef66e9c
8ea9a1d92a23
8eaa04bc2a35
8eaa679f6ed2
8eaaca82f7fa
8eab2d66c5ae
8eab904ad7ee
8eabf32f2eb9
8eac5613ca11
8eacb8f8a9f5
8ead1bddce65
8ead7ec33762
8eade1a8e4eb
8eae448ed702
8eaea7750da5
8eaf0a5b88d6
8eaf6d424895
8eafd0294ce1
8eb0331095bb
8eb095f82324
8eb0f8dff51a
8eb15bc80b9f
8eb1beb066b3
8eb221990655
8eb28481ea87
8eb2e76b1347
8eb34a548097
8eb3ad3e3277
8eb4102828e6
8eb4731263e5
8eb4d5fce375
8eb538e7a795
8eb59bd2b045
8eb5febdfd86
8eb661a98f57
8eb6c49565ba
8eb7278180ae
8eb78a6de034
8eb7ed5a844b
8eb850476cf4
8eb8b3349a2f
8eb916220bfc
8eb9790fc25b
8eb9dbfdbd4d
8eba3eebfcd2
8ebaa1da80e9
8ebb04c94994
8ebb67b856d2
8ebbcaa7a8a3
8ebc2d973f08
8ebc90871a01
8ebcf377398e
8ebd56679daf
8ebdb9584665
8ebe1c4933af
8ebe7f3a658e
8ebee22bdc02
8ebf451d970b
8ebfa80f96a9
8ec00b01dadd
8ec06df463a6
8ec0d0e73106
8ec133da42fb
8ec196cd9987
8ec1f9c134a9
8ec25cb51462
8ec2bfa938b1
8ec3229da198
8ec385924f16
8ec3e887412b
8ec44b7c77d7
8ec4ae71f31c
8ec51167b2f8
8ec5745db76d
8ec5d7540079
8ec63a4a8e1f
8ec69d41605d
8ec700387733
8ec7632fd2a3
8ec7c62772ac
8ec8291f574e
8ec88c17808b
8ec8ef0fee60
8ec95208a0d0
8ec9b50197da
8eca17fad37e
8eca7af453bd
8ecaddee1896
8ecb40e8220b
8ecba3e2701a
8ecc06dd02c5
8ecc69d7da0b
8eccccd2f5ed
8ecd2fce566b
8ecd92c9fb84
8ecdf5c5e53a
8ece58c2138d
8ecebbbe867b
8ecf1ebb3e07
8ecf81b83a2f
8ecfe4b57af5
8ed047b30058
8ed0aab0ca58
8ed10daed8f6
8ed170ad2c32
8ed1d3abc40d
8ed236aaa085
8ed299a9c19b
8ed2fca92751
8ed35fa8d1a5
8ed3c2a8c098
8ed425a8f42a
8ed488a96c5c
8ed4ebaa292d
8ed54eab2a9e
8ed5b1ac70af
8ed614adfb60
8ed677afcab1
8ed6dab1dea2
8ed73db43735
8ed7a0b6d468
8ed803b9b63c
8ed866bcdcb1
8ed8c9c047c8
8ed92cc3f781
8ed98fc7ebdb
8ed9f2cc24d7
8eda55d0a275
8edab8d564b6
8edb1bda6b99
8edb7edfb71f
8edbe1e54747
8edc44eb1c13
8edca7f13582
8edd0af79394
8edd6dfe364a
8eddd1051da4
8ede340c49a2
8ede9713ba44
8edefa1b6f8b
8edf5d236976
8edfc02ba805
8ee023342b3a
8ee0863cf314
8ee0e945ff93
8ee14c4f50b7
8ee1af58e682
8ee21262c0f2
8ee2756ce008
8ee2d87743c4
8ee33b81ec27
8ee39e8cd931
8ee401980ae1
8ee464a38138
8ee4c7af3c36
8ee52abb3bdc
8ee58dc78029
8ee5f0d4091e
8ee653e0d6bb
8ee6b6ede900
8ee719fb3fed
8ee77d08db83
8ee7e016bbc1
8ee84324e0a8
8ee8a6334a38
8ee90941f871
8ee96c50eb54
8ee9cf6022e1
8eea326f9f17
8eea957f5ff7
8eeaf88f6581
8eeb5b9fafb5
8eebbeb03e94
8eec21c1121e
8eec84d22a53
8eece7e38732
8eed4af528bd
8eedae070ef3
8eee111939d5
8eee742ba963
8eeed73e5d9d
8eef3a515683
8eef9d649415
8ef000781654
8ef0638bdd3f
8ef0c69fe8d8
8ef129b4391d
8ef18cc8ce10
8ef1efdda7b1
8ef252f2c5ff
8ef2b60828fb
8ef3191dd0a5
8ef37c33bcfd
8ef3df49ee03
8ef4426063b9
8ef4a5771e1d
8ef5088e1d2f
8ef56ba560f2
8ef5cebce963
8ef631d4b684
8ef694ecc855
8ef6f8051ed5
8ef75b1dba06
8ef7be3699e7
8ef8214fbe78
8ef8846927ba
8ef8e782d5ad
8ef94a9cc851
8ef9adb6ffa6
8efa10d17bac
8efa73ec3c64
8efad70741ce
8efb3a228bea
8efb9d3e1ab8
8efc0059ee38
8efc6376066a
8efcc6926350
8efd29af04e8
8efd8ccbeb33
8efdefe91632
8efe530685e4
8efeb6243a49
8eff19423363
8eff7c607130
8effdf7ef3b2
8f00429dbae8
8f00a5bcc6d2
8f0108dc1771
8f016bfbacc6
8f01cf1b86cf
8f02323ba58d
8f02955c0901
8f02f87cb12b
8f035b9d9e0b
8f03bebecfa0
8f0421e045ec
8f04850200ee
8f04e82400a7
8f054b464517
8f05ae68ce3d
8f06118b9c1b
8f0674aeaeb0
8f06d7d205fc
8f073af5a201
8f079e1982bd
8f08013da831
8f086462125e
8f08c786c143
8f092aabb4e0
8f098dd0ed37
8f09f0f66a46
8f0a541c2c0f
8f0ab7423291
8f0b1a687dcd
8f0b7d8f0dc2
8f0be0b5e271
8f0c43dcfbdb
8f0ca70459ff
8f0d0a2bfcdd
8f0d6d53e476
8f0dd07c10ca
8f0e33a481d9
8f0e96cd37a3
8f0ef9f63228
8f0f5d1f7169
8f0fc048f566
8f102372be1f
8f10869ccb95
8f10e9c71dc6
8f114cf1b4b4
8f11b01c905f
8f121347b0c7
8f12767315ec
8f12d99ebfce
8f133ccaae6e
8f139ff6e1cb
8f14032359e6
8f14665016bf
8f14c97d1857
8f152caa5eac
8f158fd7e9c1
8f15f305b994
8f165633ce26
8f16b9622778
8f171c90c588
8f177fbfa858
8f17e2eecfe8
8f18461e3c38
8f18a94ded48
8f190c7de318
8f196fae1da9
8f19d2de9cfa
8f1a360f610c
8f1a994069df
8f1afc71b774
8f1b5fa349ca
8f1bc2d520e1
8f1c26073cba
8f1c89399d55
8f1cec6c42b2
8f1d4f9f2cd1
8f1db2d25bb3
8f1e1605cf58
8f1e793987c0
8f1edc6d84ea
8f1f3fa1c6d8
8f1fa2d64d89
8f20060b18fe
8f2069402937
8f20cc757e34
8f212fab17f5
8f2192e0f67a
8f21f61719c4
8f22594d81d2
8f22bc842ea6
8f231fbb203e
8f2382f2569c
8f23e629d1c0
8f24496191a9
8f24ac999658
8f250fd1dfcd
8f25730a6e08
8f25d643410a
8f26397c58d2
8f269cb5b561
8f26ffef56b7
8f2763293cd4
8f27c66367b8
8f28299dd764
8f288cd88bd8
8f28f0138514
8f29534ec318
8f29b68a45e4
8f2a19c60d78
8f2a7d0219d5
8f2ae03e6afb
8f2b437b00ea
8f2ba6b7dba2
8f2c09f4fb24
8f2c6d325f6f
8f2cd0700884
8f2d33adf663
8f2d96ec290c
8f2dfa2aa080
8f2e5d695cbd
8f2ec0a85dc6
8f2f23e7a39a
8f2f87272e38
8f2fea66fda2
8f304da711d7
8f30b0e76ad8
8f31142808a5
8f317768eb3d
8f31daaa12a2
8f323deb7ed4
8f32a12d2fd2
8f33046f259c
8f3367b16034
8f33caf3df98
8f342e36a3ca
8f349179acca
8f34f4bcfa97
8f3558008d32
8f35bb44649b
8f361e8880d2
8f3681cce1d8
8f36e51187ac
8f374856724f
8f37ab9ba1c1
8f380ee11603
8f387226cf13
8f38d56cccf4
8f3938b30fa3
8f399bf99723
8f39ff406373
8f3a62877493
8f3ac5ceca84
8f3b29166546
8f3b8c5e44d8
8f3befa6693b
8f3c52eed26f
8f3cb6378075
8f3d1980734d
8f3d7cc9aaf6
8f3de0132771
8f3e435ce8bf
8f3ea6a6eede
8f3f09f139d0
8f3f6d3bc995
8f3fd0869e2d
8f4033d1b798
8f40971d15d6
8f40fa68b8e8
8f415db4a0cd
8f41c100cd86
8f42244d3f13
8f428799f575
8f42eae6f0ab
8f434e3430b5
8f43b181b594
8f4414cf7f48
8f44781d8dd1
8f44db6be12f
8f453eba7963
8f45a209566d
8f460558784d
8f4668a7df02
8f46cbf78a8e
8f472f477af0
8f479297b029
8f47f5e82a39
8f485938e920
8f48bc89ecde
8f491fdb3573
8f49832cc2e0
8f49e67e9524
8f4a49d0ac41
8f4aad230835
8f4b1075a902
8f4b73c88ea8
8f4bd71bb926
8f4c3a6f287d
8f4c9dc2dcad
8f4d0116d5b6
8f4d646b1399
8f4dc7bf9655
8f4e2b145deb
8f4e8e696a5b
8f4ef1bebba5
8f4f551451ca
8f4fb86a2cc9
8f501bc04ca3
8f507f16b157
8f50e26d5ae7
8f5145c44952
8f51a91b7c99
8f520c72f4bb
8f526fcab1b9
8f52d322b393
8f53367afa4a
8f5399d385dd
8f53fd2c564c
8f5460856b98
8f54c3dec5c1
8f55273864c7
8f558a9248ab
8f55edec716c
8f565146df0b
8f56b4a19187
8f5717fc88e2
8f577b57c51b
8f57deb34633
8f58420f0c29
8f58a56b16fe
8f5908c766b2
8f596c23fb45
8f59cf80d4b7
8f5a32ddf30a
8f5a963b563c
8f5af998fe4d
8f5b5cf6eb3f
8f5bc0551d12
8f5c23b393c4
8f5c87124f58
8f5cea714fcc
8f5d4dd09522
8f5db1301f58
8f5e148fee71
8f5e77f0026a
8f5edb505b46
8f5f3eb0f903
8f5fa211dba3
8f6005730325
8f6068d46f8a
8f60cc3620d1
8f612f9816fc
8f6192fa5209
8f61f65cd1fa
8f6259bf96ce
8f62bd22a086
8f632085ef22
8f6383e982a2
8f63e74d5b06
8f644ab1784e
8f64ae15da7c
8f65117a818e
8f6574df6d84
8f65d8449e60
8f663baa1422
8f669f0fcec9
8f670275ce56
8f6765dc12c8
8f67c9429c21
8f682ca96a60
8f6890107d85
8f68f377d592
8f6956df7284
8f69ba47545f
8f6a1daf7b20
8f6a8117e6c8
8f6ae4809759
8f6b47e98cd1
8f6bab52c731
8f6c0ebc4679
8f6c72260aa9
8f6cd59013c2
8f6d38fa61c4
8f6d9c64f4af
8f6dffcfcc82
8f6e633ae93f
8f6ec6a64ae6
8f6f2a11f176
8f6f8d7ddcf0
8f6ff0ea0d54
8f70545682a2
8f70b7c33cda
8f711b303bfe
8f717e9d800b
8f71e20b0904
8f724578d6e8
8f72a8e6e9b8
8f730c554172
8f736fc3de19
8f73d332bfab
8f7436a1e62a
8f749a115195
8f74fd8101ec
8f7560f0f730
8f75c4613160
8f7627d1b07e
8f768b427489
8f76eeb37d81
8f775224cb67
8f77b5965e3a
8f78190835fc
8f787c7a52ab
8f78dfecb449
8f79435f5ad6
8f79a6d24651
8f7a0a4576bb
8f7a6db8ec14
8f7ad12ca65c
8f7b34a0a594
8f7b9814e9bb
8f7bfb8972d2
8f7c5efe40d9
8f7cc27353d0
8f7d25e8abb8
8f7d895e4890
8f7decd42a59
8f7e504a5113
8f7eb3c0bcbe
8f7f17376d5a
8f7f7aae62e8
8f7fde259d68
8f80419d1cd9
8f80a514e13c
8f81088cea92
8f816c0538da
8f81cf7dcc14
8f8232f6a442
8f82966fc162
8f82f9e92376
8f835d62ca7d
8f83c0dcb677
8f842456e765
8f8487d15d47
8f84eb4c181d
8f854ec717e8
8f85b2425ca7
8f8615bde65a
8f867939b503
8f86dcb5c8a0
8f8740322133
8f87a3aebebb
8f88072ba138
8f886aa8c8ac
8f88ce263515
8f8931a3e675
8f899521dccb
8f89f8a01817
8f8a5c1e985a
8f8abf9d5d94
8f8b231c67c6
8f8b869bb6ee
8f8bea1b4b0e
8f8c4d9b2425
8f8cb11b4235
8f8d149ba53c
8f8d781c4d3c
8f8ddb9d3a34
8f8e3f1e6c24
8f8ea29fe30d
8f8f06219ef0
8f8f69a39fcb
8f8fcd25e5a0
8f9030a8706e
8f90942b4036
8f90f7ae54f8
8f915b31aeb4
8f91beb54d6a
8f922239311a
8f9285bd59c6
8f92e941c76c
8f934cc67a0d
8f93b04b71a9
8f9413d0ae41
8f9477562fd4
8f94dadbf663
8f953e6201ee
8f95a1e85275
8f96056ee7f8
8f9668f5c278
8f96cc7ce1f5
8f973004466e
8f97938befe5
8f97f713de58
8f985a9c11c9
8f98be248a38
8f9921ad47a5
8f9985364a0f
8f99e8bf9178
8f9a4c491ddf
8f9aafd2ef45
8f9b135d05aa
8f9b76e7610d
8f9bda72016f
8f9c3dfce6d1
8f9ca1881133
8f9d05138094
8f9d689f34f4
8f9dcc2b2e55
8f9e2fb76cb6
8f9e9343f018
8f9ef6d0b87a
8f9f5a5dc5dd
8f9fbdeb1841
8fa02178afa6
8fa085068c0d
8fa0e894ad75
8fa14c2313de
8fa1afb1bf4a
8fa21340afb8
8fa276cfe528
8fa2da5f5f9b
8fa33def1f10
8fa3a17f2388
8fa4050f6d03
8fa4689ffb81
8fa4cc30cf03
8fa52fc1e788
8fa593534512
8fa5f6e4e79f
8fa65a76cf30
8fa6be08fbc6
8fa7219b6d60
8fa7852e23ff
8fa7e8c11fa3
8fa84c54604b
8fa8afe7e5fa
8fa9137bb0ad
8fa9770fc067
8fa9daa41526
8faa3e38aeeb
8faaa1cd8db6
8fab0562b188
8fab68f81a61
8fabcc8dc840
8fac3023bb26
8fac93b9f313
8facf7507008
8fad5ae73204
8fadbe7e3908
8fae22158514
8fae85ad1628
8faee944ec44
8faf4cdd0768
8fafb0756796
8fb0140e0ccc
8fb077a6f70b
8fb0db402653
8fb13ed99aa5
8fb1a2735400
8fb2060d5265
8fb269a795d4
8fb2cd421e4d
8fb330dcebd1
8fb39477fe5f
8fb3f81355f7
8fb45baef29b
8fb4bf4ad44a
8fb522e6fb04
8fb5868366c9
8fb5ea20179a
8fb64dbd0d77
8fb6b15a4860
8fb714f7c855
8fb778958d56
8fb7dc339764
8fb83fd1e67f
8fb8a3707aa7
8fb9070f53dc
8fb96aae721e
8fb9ce4dd56e
8fba31ed7dcb
8fba958d6b36
8fbaf92d9db0
8fbb5cce1537
8fbbc06ed1cd
8fbc240fd372
8fbc87b11a25
8fbceb52a5e8
8fbd4ef476ba
8fbdb2968c9b
8fbe1638e78b
8fbe79db878c
8fbedd7e6c9c
8fbf412196bc
8fbfa4c505ed
8fc00868ba2e
8fc06c0cb380
8fc0cfb0f1e3
8fc133557557
8fc196fa3ddc
8fc1fa9f4b73
8fc25e449e1b
8fc2c1ea35d5
8fc3259012a1
8fc38936347f
8fc3ecdc9b70
8fc450834773
8fc4b42a3888
8fc517d16eb1
8fc57b78e9ed
8fc5df20aa3c
8fc642c8af9f
8fc6a670fa15
8fc70a1989a0
8fc76dc25e3e
8fc7d16b77f0
8fc83514d6b7
8fc898be7a93
8fc8fc686383
8fc960129189
8fc9c3bd04a3
8fca2767bcd3
8fca8b12ba18
8fcaeebdfc74
8fcb526983e5
8fcbb615506c
8fcc19c16209
8fcc7d6db8bd
8fcce11a5488
8fcd44c7356a
8fcda8745b62
8fce0c21c672
8fce6fcf7699
8fced37d6bd8
8fcf372ba62f
8fcf9ada259d
8fcffe88ea24
8fd06237f3c3
8fd0c5e7427b
8fd12996d64b
8fd18d46af34
8fd1f0f6cd37
8fd254a73053
8fd2b857d888
8fd31c08c5d7
8fd37fb9f83f
8fd3e36b6fc2
8fd4471d2c5f
8fd4aacf2e16
8fd50e8174e8
8fd5723400d5
8fd5d5e6d1dd
8fd63999e800
8fd69d4d433e
8fd70100e398
8fd764b4c90d
8fd7c868f39f
8fd82c1d634c
8fd88fd21816
8fd8f38711fc
8fd9573c50ff
8fd9baf1d51f
8fda1ea79e5c
8fda825dacb6
8fdae614002d
8fdb49ca98c2
8fdbad817675
8fdc11389946
8fdc74f00135
8fdcd8a7ae42
8fdd3c5fa06e
8fdda017d7b9
8fde03d05422
8fde678915ab
8fdecb421c52
8fdf2efb681a
8fdf92b4f901
8fdff66ecf07
8fe05a28ea2e
8fe0bde34a75
8fe1219defdd
8fe18558da65
8fe1e9140a0d
8fe24ccf7ed7
8fe2b08b38c2
8fe3144737ce
8fe378037bfc
8fe3dbc0054b
8fe43f7cd3bd
8fe4a339e750
8fe506f74006
8fe56ab4ddde
8fe5ce72c0d9
8fe63230e8f7
8fe695ef5637
8fe6f9ae089b
8fe75d6d0023
8fe7c12c3ccd
8fe824ebbe9c
8fe888ab858f
8fe8ec6b91a6
8fe9502be2e1
8fe9b3ec7940
8fea17ad54c5
8fea7b6e756e
8feadf2fdb3c
8feb42f18630
8feba6b37649
8fec0a75ab87
8fec6e3825ec
8fecd1fae576
8fed35bdea27
8fed998133fe
8fedfd44c2fc
8fee61089720
8feec4ccb06c
8fef28910ede
8fef8c55b278
8feff01a9b39
8ff053dfc923
8ff0b7a53c34
8ff11b6af46d
8ff17f30f1ce
8ff1e2f73458
8ff246bdbc0a
8ff2aa8488e5
8ff30e4b9aea
8ff37212f217
8ff3d5da8e6e
8ff439a26fee
8ff49d6a9699
8ff50133026d
8ff564fbb36b
8ff5c8c4a994
8ff62c8de4e7
8ff690576564
8ff6f4212b0d
8ff757eb35e1
8ff7bbb585e0
8ff81f801b0a
8ff8834af561
8ff8e71614e2
8ff94ae17990
8ff9aead236b
8ffa12791271
8ffa764546a4
8ffada11c004
8ffb3dde7e91
8ffba1ab824b
8ffc0578cb32
8ffc69465947
8ffccd142c89
8ffd30e244fa
8ffd94b0a298
8ffdf87f4565
8ffe5c4e2d60
8ffec01d5a8a
8fff23eccce2
8fff87bc846a
8fffeb8c8120
90004f5cc307
9000b32d4a1c
900116fe1662
90017acf27d7
9001dea07e7d
900242721a53
9002a643fb59
90030a162190
90036de88cf8
9003d1bb3d91
9004358e335b
900499616e57
9004fd34ee84
90056108b3e4
9005c4dcbe75
900628b10e38
90068c85a32e
9006f05a7d56
9007542f9cb1
9007b805013f
90081bdaab00
90087fb099f5
9008e386ce1d
9009475d4778
9009ab340608
900a0f0b09cb
900a72e252c3
900ad6b9e0ef
900b3a91b450
900b9e69cce6
900c02422ab1
900c661acdb1
900cc9f3b5e6
900d2dcce351
900d91a655f1
900df5800dc8
900e595a0ad5
900ebd344d18
900f210ed491
900f84e9a141
900fe8c4b328
90104ca00a46
9010b07ba69c
901114578828
90117833aeed
9011dc101ae9
90123feccc1d
9012a3c9c28a
901307a6fe2f
90136b847f0c
9013cf624522
901433405071
9014971ea0f9
9014fafd36bb
90155edc11b6
9015c2bb31ea
9016269a9759
90168a7a4202
9016ee5a31e4
9017523a6702
9017b61ae15a
901819fba0ec
90187ddca5ba
9018e1bdefc3
9019459f7f07
9019a9815387
901a0d636d43
901a7145cc3a
901ad528706e
901b390b59de
901b9cee888b
901c00d1fc74
901c64b5b59a
901cc899b3fd
901d2c7df79d
901d9062807b
901df4474e96
901e582c61f0
901ebc11ba87
901f1ff7585c
901f83dd3b70
901fe7c363c2
90204ba9d153
9020af908423
902113777c33
9021775eb981
9021db463c0f
90223f2e03dd
9022a31610ea
902306fe6338
90236ae6fac6
9023cecfd794
902432b8f9a3
902496a260f2
9024fa8c0d83
90255e75ff55
9025c2603668
9026264ab2bd
90268a357454
9026ee207b2c
9027520bc747
9027b5f758a4
902819e32f43
90287dcf4b25
9028e1bbac4a
902945a852b2
9029a9953e5e
902a0d826f4d
902a716fe57f
902ad55da0f5
902b394ba1af
902b9d39e7ae
902c012872f0
902c65174378
902cc9065944
902d2cf5b455
902d90e554ab
902df4d53a46
902e58c56527
902ebcb5d54e
902f20a68aba
902f8497856d
902fe888c566
90304c7a4aa5
9030b06c152b
9031145e24f8
903178507a0b
9031dc431466
90324035f408
9032a42918f2
9033081c8324
90336c10329d
9033d004275f
903433f86169
903497ece0bb
9034fbe1a556
90355fd6af3a
9035c3cbfe68
903627c192de
90368bb76c9e
9036efad8ba7
903753a3effa
9037b79a9997
90381b91887f
90387f88bcb1
9038e380362d
90394777f4f4
9039ab6ff906
903a0f684263
903a7360d10c
903ad759a500
903b3b52be3f
903b9f4c1ccb
903c0345c0a2
903c673fa9c6
903ccb39d837
903d2f344bf4
903d932f04fd
903df72a0354
903e5b2546f8
903ebf20cfe9
903f231c9e28
903f8718b1b5
903feb150a8f
90404f11a8b8
9040b30e8c2f
9041170bb4f5
90417b092309
9041df06d66c
90424304cf1e
9042a7030d20
90430b019070
90436f005911
9043d2ff6701
904436feba42
90449afe52d2
9044fefe30b3
904562fe53e5
9045c6febc67
90462aff6a3a
90468f005d5e
9046f30195d4
90475703139b
9047bb04d6b4
90481f06df1f
904883092cdb
9048e70bbfea
90494b0e984c
9049af11b600
904a13151907
904a7718c161
904adb1caf0e
904b3f20e20f
904ba3255a63
904c072a180b
904c6b2f1b06
904ccf346356
904d3339f0fb
904d973fc3f3
904dfb45dc41
904e5f4c39e3
904ec352dcdb
904f2759c527
904f8b60f2ca
904fef6865c1
905053701e0f
9050b7781bb3
90511b805eac
90517f88e6fd
9051e391b4a3
9052479ac7a1
9052aba41ff6
90530fadbda1
905373b7a0a4
9053d7c1c8ff
90543bcc36b1
90549fd6e9bb
905503e1e21d
905567ed1fd8
9055cbf8a2ea
905630046b56
90569410791a
9056f81ccc38
90575c2964ae
9057c036427e
9058244365a8
90588850ce2b
9058ec5e7c08
9059506c6f40
9059b47aa7d1
905a188925be
905a7c97e905
905ae0a6f1a7
905b44b63fa4
905ba8c5d2fc
905c0cd5abaf
905c70e5c9bf
905cd4f62d2a
905d3906d5f1
905d9d17c414
905e0128f794
905e653a7071
905ec94c2eaa
905f2d5e3240
905f91707b33
905ff5830984
90605995dd32
9060bda8f63e
906121bc54a7
906185cff86f
9061e9e3e195
90624df8101a
9062b20c83fd
906316213d3f
90637a363be0
9063de4b7fe0
906442610940
9064a676d7ff
90650a8cec1e
90656ea3459d
9065d2b9e47c
906636d0c8bc
90669ae7f25c
9066feff615d
9067631715be
9067c72f0f81
90682b474ea5
90688f5fd32b
9068f3789d12
90695791ac5b
9069bbab0106
906a1fc49b13
906a83de7a83
906ae7f89f55
906b4c13098a
906bb02db922
906c1448ae1d
906c7863e87c
906cdc7f683e
906d409b2d63
906da4b737ed
906e08d387db
906e6cf01d2d
906ed10cf7e3
906f352a17ff
906f99477d7f
906ffd652864
9070618318ae
9070c5a14e5e
907129bfc973
90718dde89ee
9071f1fd8fcf
9072561cdb17
9072ba3c6bc4
90731e5c41d8
9073827c5d53
9073e69cbe35
90744abd647e
9074aede502e
907512ff8146
90757720f7c5
9075db42b3ac
90763f64b4fc
9076a386fbb3
907707a987d3
90776bcc595b
9077cfef704d
90783412cca7
907898366e6a
9078fc5a5597
9079607e822e
9079c4a2f42e
907a28c7ab98
907a8ceca86c
907af111eaaa
907b55377253
907bb95d3f67
907c1d8351e5
907c81a9a9cf
907ce5d04724
907d49f729e4
907dae1e5210
907e1245bfa7
907e766d72ab
907eda956b1b
907f3ebda8f7
907fa2e62c3f
9080070ef4f5
90806b380317
9080cf6156a7
9081338aefa3
908197b4ce0e
9081fbdef1e6
908260095b2c
9082c43409df
9083285efe02
90838c8a3792
9083f0b5b691
908454e17aff
9084b90d84dc
90851d39d429
9085816668e4
9085e593430f
908649c062aa
9086adedc7b5
9087121b7230
90877649621b
9087da779777
90883ea61244
9088a2d4d281
90890703d82f
90896b33234f
9089cf62b3e0
908a339289e3
908a97c2a557
908afbf3063e
908b6023ac97
908bc4549862
908c2885c9a0
908c8cb74050
908cf0e8fc73
908d551afe0a
908db94d4514
908e1d7fd191
908e81b2a382
908ee5e5bae7
908f4a1917c0
908fae4cba0e
90901280a1d0
909076b4cf06
9090dae941b1
90913f1df9d1
9091a352f767
909207883a72
90926bbdc2f2
9092cff390e8
90933429a455
9093985ffd37
9093fc969b90
909460cd7f5f
9094c504a8a5
9095293c1761
90958d73cb95
9095f1abc540
909655e40463
9096ba1c88fd
90971e55530f
9097828e6299
9097e6c7b79c
90984b015216
9098af3b320a
909913755776
909977afc25b
9099dbea72b9
909a40256890
909aa460a3e1
909b089c24ac
909b6cd7eaf1
909bd113f6b0
909c355047e9
909c998cde9c
909cfdc9bacb
909d6206dc74
909dc6444398
909e2a81f037
909e8ebfe252
909ef2fe19e8
909f573c96fa
909fbb7b5988
90a01fba6192
90a083f9af19
90a0e839421c
90a14c791a9c
90a1b0b93899
90a214f99c13
90a2793a450a
90a2dd7b337e
90a341bc6771
90a3a5fde0e1
90a40a3f9fcf
90a46e81a43c
90a4d2c3ee27
90a537067d90
90a59b495278
90a5ff8c6ce0
90a663cfccc6
90a6c813722c
90a72c575d11
90a7909b8d76
90a7f4e0035b
90a85924bec0
90a8bd69bfa6
90a921af060c
90a985f491f2
90a9ea3a635a
90aa4e807a43
90aab2c6d6ac
90ab170d7898
90ab7b546004
90abdf9b8cf3
90ac43e2ff64
90aca82ab756
90ad0c72b4cc
90ad70baf7c3
90add503803e
90ae394c4e3b
90ae9d9561bc
90af01debac0
90af66285947
90afca723d52
90b02ebc66e1
90b09306d5f4
90b0f7518a8c
90b15b9c84a7
90b1bfe7c448
90b22433496d
90b2887f1417
90b2eccb2447
90b3511779fb
90b3b5641536
90b419b0f5f6
90b47dfe1c3c
90b4e24b8808
90b54699395b
90b5aae73034
90b60f356c93
90b67383ee7a
90b6d7d2b5e8
90b73c21c2dd
90b7a0711559
90b804c0ad5d
90b869108ae9
90b8cd60adfd
90b931b11699
90b99601c4be
90b9fa52b86b
90ba5ea3f1a1
90bac2f57060
90bb274734a8
90bb8b993e79
90bbefeb8dd4
90bc543e22b8
90bcb890fd27
90bd1ce41d1f
90bd813782a2
90bde58b2db0
90be49df1e48
90beae33546a
90bf1287d018
90bf76dc9151
90bfdb319816
90c03f86e466
90c0a3dc7642
90c108324daa
90c16c886a9e
90c1d0decd1e
90c23535752b
90c2998c62c5
90c2fde395eb
90c3623b0e9f
90c3c692cce0
90c42aead0ae
90c48f431a0a
90c4f39ba8f4
90c557f47d6c
90c5bc4d9772
90c620a6f707
90c685009c2a
90c6e95a86dc
90c74db4b71d
90c7b20f2cee
90c81669e84d
90c87ac4e93c
90c8df202fbb
90c9437bbbca
90c9a7d78d69
90ca0c33a498
90ca70900158
90cad4eca3a8
90cb39498b8a
90cb9da6b8fc
90cc02042c00
90cc6661e495
90cccabfe2bb
90cd2f1e2674
90cd937cafbe
90cdf7db7e9b
90ce5c3a930a
90cec099ed0c
90cf24f98ca0
90cf895971c7
90cfedb99c82
90d0521a0ccf
90d0b67ac2b1
90d11adbbe26
90d17f3cff2f
90d1e39e85cb
90d2480051fd
90d2ac6263c2
90d310c4bb1c
90d37527580c
90d3d98a3a90
90d43ded62a9
90d4a250d058
90d506b4839c
90d56b187c76
90d5cf7cbae6
90d633e13eec
90d698460889
90d6fcab17bc
90d761106c85
90d7c57606e6
90d829dbe6de
90d88e420c6d
90d8f2a87793
90d9570f2851
90d9bb761ea7
90da1fdd5a95
90da8444dc1b
90dae8aca33a
90db4d14aff1
90dbb17d0241
90dc15e59a2a
90dc7a4e77ac
90dcdeb79ac8
90dd4321037d
90dda78ab1cb
90de0bf4a5b4
90de705edf37
90ded4c95e54
90df3934230b
90df9d9f2d5e
90e0020a7d4b
90e0667612d3
90e0cae1edf6
90e12f4e0eb5
90e193ba750f
90e1f8272105
90e25c941297
90e2c10149c6
90e3256ec690
90e389dc88f8
90e3ee4a90fc
90e452b8de9d
90e4b72771db
90e51b964ab6
90e58005692f
90e5e474cd45
90e648e476fa
90e6ad54664c
90e711c49b3d
90e7763515cc
90e7daa5d5fa
90e83f16dbc6
90e8a3882732
90e907f9b83d
90e96c6b8ee7
90e9d0ddab30
90ea35500d1a
90ea99c2b4a3
90eafe35a1cd
90eb62a8d497
90ebc71c4d01
90ec2b900b0c
90ec90040eb8
90ecf4785805
90ed58ece6f4
90edbd61bb83
90ee21d6d5b5
90ee864c3588
90eeeac1dafd
90ef4f37c615
90efb3adf6cf
90f018246d2b
90f07c9b292a
90f0e1122acd
90f145897212
90f1aa00fefb
90f20e78d187
90f272f0e9b7
90f2d769478b
90f33be1eb02
90f3a05ad41f
90f404d402df
90f4694d7745
90f4cdc7314f
90f5324130fe
90f596bb7653
90f5fb36014c
90f65fb0d1ec
90f6c42be831
90f728a7441c
90f78d22e5ae
90f7f19ecce6
90f8561af9c4
90f8ba976c49
90f91f142475
90f983912248
90f9e80e65c2
90fa4c8beee4
90fab109bdae
90fb1587d21f
90fb7a062c39
90fbde84cbfa
90fc4303b164
90fca782dc77
90fd0c024d33
90fd70820397
90fdd501ffa5
90fe3982415c
90fe9e02c8bd
90ff028395c7
90ff6704a87c
90ffcb8600da
910030079ee3
910094898296
9100f90babf4
91015d8e1afd
9101c210cfb1
91022693ca10
91028b170a1b
9102ef9a8fd1
9103541e5b34
9103b8a26c42
91041d26c2fc
910481ab5f63
9104e6304176
91054ab56936
9105af3ad6a3
910613c089be
910678468285
9106dcccc0fa
91074153451d
9107a5da0eee
91080a611e6d
91086ee8739a
9108d3700e75
910937f7eeff
91099c801538
910a01088120
910a659132b8
910aca1a29fe
910b2ea366f5
910b932ce99b
910bf7b6b1f1
910c5c40bff7
910cc0cb13ae
910d2555ad15
910d89e08c2d
910dee6bb0f5
910e52f71b6f
910eb782cb9a
910f1c0ec177
910f809afd05
910fe5277e46
911049b44538
9110ae4151dc
911112cea433
9111775c3c3d
9111dbea19f9
911240783d69
9112a506a68b
911309955561
91136e2449eb
9113d2b38428
911437430419
91149bd2c9be
91150062d518
911564f32626
9115c983bce9
91162e149961
911692a5bb8d
9116f737236f
91175bc8d107
9117c05ac454
911824ecfd57
9118897f7c10
9118ee12407f
911952a54aa5
9119b7389a81
911a1bcc3014
911a80600b5e
911ae4f42c5f
911b49889317
911bae1d3f87
911c12b231ae
911c7747698e
911cdbdce726
911d4072aa75
911da508b37e
911e099f023f
911e6e3596b9
911ed2cc70ec
911f376390d8
911f9bfaf67d
91200092a1dc
9120652a92f5
9120c9c2c9c8
91212e5b4655
912192f4089d
9121f78d109f
91225c265e5b
9122c0bff1d3
91232559cb06
912389f3e9f4
9123ee8e4e9d
91245328f903
9124b7c3e924
91251c5f1f01
912580fa9a9a
9125e5965bf0
91264a326303
9126aeceafd2
9127136b425e
912778081aa8
9127dca538ae
912841429c73
9128a5e045f5
91290a7e3535
91296f1c6a33
9129d3bae4f0
912a3859a56b
912a9cf8aba5
912b0197f79d
912b66378955
912bcad760cc
912c2f777e03
912c9417e0f9
912cf8b889af
912d5d597825
912dc1faac5b
912e269c2651
912e8b3de609
912eefdfeb81
912f548236b9
912fb924c7b4
91301dc79e6f
9130826abaec
9130e70e1d2b
91314bb1c52b
9131b055b2ee
913214f9e673
9132799e5fba
9132de431ec4
913342e82391
9133a78d6e21
91340c32fe75
913470d8d48b
9134d57ef066
91353a255204
91359ecbf966
91360372e68c
9136681a1977
9136ccc19226
91373169509a
9137961154d3
9137fab99ed0
91385f622e94
9138c40b041d
913928b41f6b
91398d5d807f
9139f207275a
913a56b113fa
913abb5b4662
913b2005be8f
913b84b07c84
913be95b8040
913c4e06c9c2
913cb2b2590c
913d175e2e1e
913d7c0a48f8
913de0b6a999
913e45635003
913eaa103c35
913f0ebd6e2f
913f736ae5f2
913fd818a37f
91403cc6a6d4
9140a174eff2
914106237eda
91416ad2538c
9141cf816e07
91423430ce4d
914298e0745c
9142fd906036
9143624091db
9143c6f1094b
91442ba1c685
91449052c98b
9144f504125c
914559b5a0f8
9145be677561
914623198f95
914687cbef95
9146ec7e9562
9147513180fb
9147b5e4b261
91481a982993
91487f4be693
9148e3ffe960
914948b431fb
9149ad68c063
914a121d9498
914a76d2ae9c
914adb880e6e
914b403db40f
914ba4f39f7e
914c09a9d0bb
914c6e6047c8
914cd31704a4
914d37ce074f
914d9c854fca
914e013cde14
914e65f4b22f
914ecaaccc19
914f2f652bd4
914f941dd15f
914ff8d6bcba
91505d8fede7
9150c24964e5
9151270321b3
91518bbd2454
9151f0776cc6
91525531fb09
9152b9eccf1f
91531ea7e906
9153836348c1
9153e81eee4d
91544cdad9ad
9154b1970adf
9155165381e4
91557b103ebd
9155dfcd4169
9156448a89e9
9156a948183d
91570e05ec64
915772c40660
9157d7826631
91583c410bd6
9158a0fff750
915905bf289f
91596a7e9fc3
9159cf3e5cbc
915a33fe5f8b
915a98bea830
915afd7f36ab
915b62400afb
915bc7012523
915c2bc28520
915c90842af5
915cf54616a0
915d5a084822
915dbecabf7c
915e238d7cad
915e88507fb6
915eed13c896
915f51d7574f
915fb69b2bdf
91601b5f4649
91608023a68a
9160e4e84ca5
916149ad3898
9161ae726a65
91621337e20b
916277fd9f8b
9162dcc3a2e4
91634189ec17
9163a6507b24
91640b17500c
91646fde6ace
9164d4a5cb6b
9165396d71e2
91659e355e35
916602fd9063
916667c6086c
9166cc8ec651
91673157ca12
9167962113ae
9167faeaa327
91685fb4787d
9168c47e93af
91692948f4bd
91698e139ba9
9169f2de8871
916a57a9bb17
916abc75339b
916b2140f1fc
916b860cf63b
916bead94058
916c4fa5d054
916cb472a62e
916d193fc1e6
916d7e0d237d
916de2dacaf4
916e47a8b849
916eac76eb7e
916f11456493
916f76142387
916fdae3285c
91703fb27310
9170a48203a5
91710951da1a
91716e21f670
9171d2f258a7
917237c300bf
91729c93eeb9
917301652294
917366369c50
9173cb085bef
91742fda616f
917494acacd2
9174f97f3e17
91755e52153f
9175c3253249
917627f89537
91768ccc3e08
9176f1a02cbc
917756746153
9177bb48dbcf
9178201d9c2e
917884f2a272
9178e9c7ee99
91794e9d80a6
9179b3735897
917a1849766d
917a7d1fda28
917ae1f683c8
917b46cd734d
917baba4a8b9
917c107c240a
917c7553e541
917cda2bec5f
917d3f043962
917da3dccc4d
917e08b5a51e
917e6d8ec3d6
917ed2682875
917f3741d2fc
917f9c1bc36a
918000f5f9c0
918065d075fe
9180caab3824
91812f864032
918194618e29
9181f93d2208
91825e18fbd1
9182c2f51b82
918327d1811c
91838cae2ca0
9183f18b1e0e
918456685565
9184bb45d2a7
9185202395d2
918585019ee8
9185e9dfede9
91864ebe82d4
9186b39d5daa
9187187c7e6c
91877d5be519
9187e23b91b1
9188471b8435
9188abfbbca4
918910dc3b00
918975bcff48
9189da9e097d
918a3f7f599e
918aa460efac
918b0942cba7
918b6e24ed90
918bd3075566
918c37ea0329
918c9cccf6da
918d01b03079
918d6693b006
918dcb777582
918e305b80ec
918e953fd245
918efa24698d
918f5f0946c4
918fc3ee69ea
919028d3d300
91908db98205
9190f29f76fa
91915785b1df
9191bc6c32b5
91922152f97b
9192863a0632
9192eb2158d9
91935008f171
9193b4f0cffb
919419d8f476
91947ec15ee3
9194e3aa0f41
919548930591
9195ad7c41d4
91961265c408
9196774f8c30
9196dc399a4a
91974123ee56
9197a60e8856
91980af9684a
91986fe48e30
9198d4cffa0b
919939bbabd9
91999ea7a39b
919a0393e152
919a688064fc
919acd6d2e9c
919b325a3e30
919b974793b9
919bfc352f38
919c612310ac
919cc6113815
919d2affa574
919d8fee58c9
919df4dd5214
919e59cc9155
919ebebc168d
919f23abe1bc
919f889bf2e1
919fed8c49fe
91a0527ce712
91a0b76dca1d
91a11c5ef320
91a18150621a
91a1e642170d
91a24b3411f8
91a2b02652db
91a31518d9b7
91a37a0ba68c
91a3defeb959
91a443f21220
91a4a8e5b0e0
91a50dd9959a
91a572cdc04d
91a5d7c230fa
91a63cb6e7a2
91a6a1abe443
91a706a126df
91a76b96af76
91a7d08c7e08
91a835829294
91a89a78ed1c
91a8ff6f8d9f
91a96466741e
91a9c95da099
91aa2e551310
91aa934ccb83
91aaf844c9f2
91ab5d3d0e5e
91abc23598c6
91ac272e692c
91ac8c277f8e
91acf120dbee
91ad561a7e4c
91adbb1466a7
91ae200e9500
91ae85090957
91aeea03c3ac
91af4efec400
91afb3fa0a53
91b018f596a4
91b07df168f4
91b0e2ed8144
91b147e9df93
91b1ace683e1
91b211e36e2f
91b276e09e7e
91b2dbde14cc
91b340dbd11b
91b3a5d9d36a
91b40ad81bba
91b46fd6aa0b
91b4d4d57e5d
91b539d498b1
91b59ed3f905
91b603d39f5c
91b668d38bb4
91b6cdd3be0f
91b732d4366c
91b797d4f4cb
91b7fcd5f92c
91b861d74391
91b8c6d8d3f9
91b92bdaaa63
91b990dcc6d1
91b9f5df2943
91ba5ae1d1b9
91babfe4c032
91bb24e7f4b0
91bb89eb6f32
91bbeeef2fb8
91bc53f33643
91bcb8f782d3
91bd1dfc1568
91bd8300ee03
91bde8060ca2
91be4d0b7148
91beb2111bf3
91bf17170ca5
91bf7c1d435c
91bfe123c01a
91c0462a82df
91c0ab318baa
91c11038da7d
91c175406f56
91c1da484a37
91c23f506b20
91c2a458d210
91c309617f08
91c36e6a7209
91c3d373ab11
91c4387d2a22
91c49d86ef3c
91c50290fa5f
91c5679b4b8b
91c5cca5e2c0
91c631b0bffe
91c696bbe346
91c6fbc74c98
91c760d2fbf4
91c7c5def15a
91c82aeb2ccb
91c88ff7ae46
91c8f50475cc
91c95a11835d
91c9bf1ed6f9
91ca242c70a0
91ca893a5053
91caee487612
91cb5356e1dc
91cbb86593b3
91cc1d748b96
91cc8283c985
91cce7934d82
91cd4ca3178b
91cdb1b327a1
91ce16c37dc4
91ce7bd419f5
91cee0e4fc33
91cf45f6247f
91cfab0792d9
91d010194742
91d0752b41b8
91d0da3d823e
91d13f5008d2
91d1a462d575
91d20975e827
91d26e8940e8
91d2d39cdfb9
91d338b0c49a
91d39dc4ef8a
91d402d9608b
91d467ee179c
91d4cd0314bd
91d5321857f0
91d5972de132
91d5fc43b086
91d66159c5ec
91d6c6702162
91d72b86c2ea
91d7909daa84
91d7f5b4d830
91d85acc4bef
91d8bfe405bf
91d924fc05a2
91d98a144b98
91d9ef2cd7a1
91da5445a9bd
91dab95ec1ec
91db1e78202e
91db8391c485
91dbe8abaeef
91dc4dc5df6d
91dcb2e05600
91dd17fb12a7
91dd7d161563
91dde2315e33
91de474ced19
91deac68c214
91df1184dd24
91df76a13e4a
91dfdbbde585
91e040dad2d7
91e0a5f8063e
91e10b157fbc
91e170333f51
91e1d55144fc
91e23a6f90be
91e29f8e2297
91e304acfa88
91e369cc1890
91e3ceeb7cb0
91e4340b26e7
91e4992b1737
91e4fe4b4d9f
91e5636bca1f
91e5c88c8cb8
91e62dad956a
91e692cee435
91e6f7f07919
91e75d125416
91e7c234752d
91e82756dc5e
91e88c7989a9
91e8f19c7d0e
91e956bfb68d
91e9bbe33627
91ea2106fbdb
91ea862b07aa
91eaeb4f5995
91eb5073f19a
91ebb598cfbb
91ec1abdf3f8
91ec7fe35e51
91ece5090ec6
91ed4a2f0557
91edaf554204
91ee147bc4ce
91ee79a28db5
91eedec99cb9
91ef43f0f1da
91efa9188d18
91f00e406e74
91f0736895ed
91f0d8910385
91f13db9b73b
91f1a2e2b10f
91f2080bf101
91f26d357713
91f2d25f4343
91f337895592
91f39cb3ae00
91f401de4c8e
91f46709313c
91f4cc345c09
91f5315fccf7
91f5968b8405
91f5fbb78133
91f660e3c481
91f6c6104df1
91f72b3d1d81
91f7906a3333
91f7f5978f06
91f85ac530fa
91f8bff31911
91f925214749
91f98a4fbba3
91f9ef7e7620
91fa54ad76bf
91fab9dcbd81
91fb1f0c4a66
91fb843c1d6d
91fbe96c3698
91fc4e9c95e7
91fcb3cd3b59
91fd18fe26ef
91fd7e2f58a9
91fde360d087
91fe48928e8a
91feadc492b1
91ff12f6dcfd
91ff78296d6d
91ffdd5c4404
9200428f60bf
9200a7c2c3a0
92010cf66ca7
9201722a5bd3
9201d75e9126
92023c930c9f
9202a1c7ce3e
920306fcd604
92036c3223f1
9203d167b805
9204369d9241
92049bd3b2a3
9205010a192e
92056640c5e0
9205cb77b8ba
920630aef1bd
920695e670e7
9206fb1e363b
9207605641b7
9207c58e935c
92082ac72b2a
920890000922
9208f5392d43
92095a72978e
9209bfac4802
920a24e63ea1
920a8a207b6a
920aef5afe5e
920b5495c77c
920bb9d0d6c5
920c1f0c2c39
920c8447c7d9
920ce983a9a3
920d4ebfd19a
920db3fc3fbc
920e1938f40a
920e7e75ee85
920ee3b32f2b
920f48f0b5ff
920fae2e82ff
9210136c962c
921078aaef86
9210dde98f0d
9211432874c2
9211a867a0a5
92120da712b6
921272e6caf4
9212d826c961
92133d670dfd
9213a2a798c7
921407e869c0
92146d2980e8
9214d26ade3f
921537ac81c6
92159cee6b7c
921602309b62
921667731178
9216ccb5cdbe
921731f8d035
9217973c18dc
9217fc7fa7b4
921861c37cbc
9218c70797f6
92192c4bf961
92199190a0fe
9219f6d58ecd
921a5c1ac2cd
921ac1603cff
921b26a5fd64
921b8bec03fb
921bf13250c5
921c5678e3c1
921cbbbfbcf1
921d2106dc54
921d864e41ea
921deb95edb4
921e50dddfb2
921eb62617e3
921f1b6e9649
921f80b75ae3
921fe60065b2
92204b49b6b5
9220b0934dee
922115dd2b5b
92217b274efe
9221e071b8d6
922245bc68e4
9222ab075f28
922310529ba2
9223759e1e52
9223dae9e739
92244035f656
9224a5824baa
92250acee735
9225701bc8f7
9225d568f0f1
92263ab65f22
9226a004138b
922705520e2c
92276aa04f06
9227cfeed617
9228353da361
92289a8cb6e4
9228ffdc10a0
9229652bb095
9229ca7b96c3
922a2fcbc32a
922a951c35cc
922afa6ceea7
922b5fbdedbc
922bc50f330c
922c2a60be96
922c8fb2905a
922cf504a85a
922d5a570694
922dbfa9ab0a
922e24fc95bb
922e8a4fc6a7
922eefa33dd0
922f54f6fb34
922fba4afed4
92301f9f48b1
923084f3d8cb
9230ea48af21
92314f9dcbb4
9231b4f32e84
92321a48d791
92327f9ec6dc
9232e4f4fc65
92334a4b782b
9233afa23a2f
923414f94272
92347a5090f3
9234dfa825b3
9235450000b2
9235aa5821ef
92360fb0896c
923675093728
9236da622b24
92373fbb655f
9237a514e5db
92380a6eac96
92386fc8b992
9238d5230ccf
92393a7da64c
92399fd8860a
923a0533ac09
923a6a8f184a
923acfeacacc
923b3546c38f
923b9aa30295
923bffff87dc
923c655c5366
923ccab96532
923d3016bd41
923d95745b93
923dfad24028
923e60306aff
923ec58edc1b
923f2aed9379
923f904c911c
923ff5abd502
92405b0b5f2d
9240c06b2f9c
924125cb464f
92418b2ba348
9241f08c4685
924255ed3007
9242bb4e5fce
924320afd5db
92438611922e
9243eb7394c6
924450d5dda5
9244b6386cca
92451b9b4235
924580fe5de7
9245e661bfdf
92464bc5681f
9246b12956a6
9247168d8b74
92477bf20689
9247e156c7e7
924846bbcf8c
9248ac211d7a
92491186b1b0
924976ec8c2e
9249dc52acf5
924a41b91405
924aa71fc15e
924b0c86b501
924b71edeeed
924bd7556f22
924c3cbd35a1
924ca225426b
924d078d957f
924d6cf62edd
924dd25f0e85
924e37c83479
924e9d31a0b7
924f029b5341
924f68054c16
924fcd6f8b36
925032da10a3
92509844dc5b
9250fdafee5f
9251631b46b0
9251c886e54d
92522df2ca37
9252935ef56e
9252f8cb66f2
92535e381ec3
9253c3a51ce2
92542912614e
92548e7fec08
9254f3edbd11
9255595bd467
9255beca320c
92562438d5ff
925689a7c042
9256ef16f0d3
9257548667b3
9257b9f624e3
92581f662862
925884d67231
9258ea470250
92594fb7d8c0
9259b528f57f
925a1a9a588f
925a800c01f0
925ae57df1a2
925b4af027a4
925bb062a3f8
925c15d5669e
925c7b486f95
925ce0bbbede
925d462f5479
925daba33066
925e111752a5
925e768bbb38
925edc006a1d
925f41755f55
925fa6ea9ae0
92600c601cbe
926071d5e4f0
9260d74bf376
92613cc24850
9261a238e37e
926207afc500
92626d26ecd7
9262d29e5b02
926338160f83
92639d8e0a58
926403064b83
9264687ed303
9264cdf7a0d9
92653370b505
926598ea0f86
9265fe63b05e
926663dd978c
9266c957c511
92672ed238ed
9267944cf320
9267f9c7f3aa
92685f433a8b
9268c4bec7c4
92692a3a9b54
92698fb6b53d
9269f533157e
926a5aafbc16
926ac02ca908
926b25a9dc52
926b8b2755f5
926bf0a515f1
926c56231c47
926cbba168f6
926d211ffbfe
926d869ed561
926dec1df51d
926e519d5b34
926eb71d07a5
926f1c9cfa70
926f821d3397
926fe79db318
92704d1e78f5
9270b29f852d
92711820d7c0
92717da270b0
9271e3244ffb
927248a675a2
9272ae28e1a6
927313ab9406
9273792e8cc3
9273deb1cbdd
927444355153
9274a9b91d28
92750f3d2f59
927574c187e8
9275da4626d5
92763fcb0c21
9276a55037ca
92770ad5a9d2
9277705b6238
9277d5e160fd
92783b67a621
9278a0ee31a5
927906750387
92796bfc1bca
9279d1837a6c
927a370b1f6e
927a9c930ad0
927b021b3c92
927b67a3b4b5
927bcd2c7339
927c32b5781d
927c983ec363
927cfdc8550a
927d63522d12
927dc8dc4b7c
927e2e66b048
927e93f15b76
927ef97c4d06
927f5f0784f8
927fc493034d
92802a1ec805
92808faad320
9280f537249e
92815ac3bc80
9281c0509ac5
928225ddbf6d
92828b6b2a7a
9282f0f8dbeb
92835686d3c0
9283bc1511fa
928421a39698
92848732619b
9284ecc17304
92855250cad1
9285b7e06904
92861d704d9d
92868300789c
9286e890ea00
92874e21a1cb
9287b3b29ffd
92881943e495
92887ed56f93
9288e46740f9
928949f958c6
9289af8bb6fa
928a151e5b96
928a7ab14699
928ae0447805
928b45d7efd9
928bab6bae15
928c10ffb2b9
928c7693fdc6
928cdc288f3c
928d41bd671b
928da7528564
928e0ce7ea16
928e727d9531
928ed81386b7
928f3da9bea6
928fa3403d00
929008d701c4
92906e6e0cf3
9290d4055e8d
9291399cf691
92919f34d501
929204ccf9dc
92926a656523
9292cffe16d5
929335970ef3
92939b304d7e
929400c9d275
929466639dd8
9294cbfdafa8
9295319807e5
92959732a68f
9295fccd8ba7
92966268b72c
9296c804291e
92972d9fe17e
9297933be04d
9297f8d82589
92985e74b135
9298c411834e
929929ae9bd7
92998f4bface
9299f4e9a035
929a5a878c0b
929ac025be51
929b25c43706
929b8b62f62b
929bf101fbc1
929c56a147c7
929cbc40da3d
929d21e0b324
929d8780d27c
929ded213845
929e52c1e480
929eb862d72b
929f1e041049
929f83a58fd8
929fe94755da
92a04ee9624d
92a0b48bb533
92a11a2e4e8c
92a17fd12e58
92a1e5745496
92a24b17c148
92a2b0bb746d
92a3165f6e06
92a37c03ae12
92a3e1a83493
92a4474d0187
92a4acf214f0
92a512976ece
92a5783d0f20
92a5dde2f5e7
92a643892323
92a6a92f96d4
92a70ed650fb
92a7747d5198
92a7da2498ab
92a83fcc2633
92a8a573fa32
92a90b1c14a7
92a970c47593
92a9d66d1cf6
92aa3c160acf
92aaa1bf3f20
92ab0768b9e9
92ab6d127b28
92abd2bc82e0
92ac3866d110
92ac9e1165b8
92ad03bc40d8
92ad69676270
92adcf12ca82
92ae34be790c
92ae9a6a6e0f
92af0016a98c
92af65c32b82
92afcb6ff3f2
92b0311d02dc
92b096ca5840
92b0fc77f41e
92b16225d676
92b1c7d3ff4a
92b22d826e98
92b293312461
92b2f8e020a5
92b35e8f6364
92b3c43eeca0
92b429eebc57
92b48f9ed289
92b4f54f2f39
92b55affd264
92b5c0b0bc0c
92b62661ec31
92b68c1362d3
92b6f1c51ff1
92b75777238d
92b7bd296da7
92b822dbfe3e
92b8888ed554
92b8ee41f2e7
92b953f556f8
92b9b9a90188
92ba1f5cf297
92ba85112a24
92baeac5a831
92bb507a6cbc
92bbb62f77c8
92bc1be4c952
92bc819a615d
92bce7503fe7
92bd4d0664f2
92bdb2bcd07d
92be18738288
92be7e2a7b15
92bee3e1ba22
92bf49993fb0
92bfaf510bc0
92c015091e51
92c07ac17764
92c0e07a16f9
92c14632fd0f
92c1abec29a9
92c211a59cc4
92c2775f5662
92c2dd195683
92c342d39d28
92c3a88e2a4f
92c40e48fdfa
92c474041828
92c4d9bf78da
92c53f7b2010
92c5a5370dcb
92c60af34209
92c670afbccd
92c6d66c7e15
92c73c2985e2
92c7a1e6d434
92c807a4690b
92c86d624468
92c8d320664b
92c938deceb3
92c99e9d7da2
92ca045c7317
92ca6a1baf12
92cacfdb3194
92cb359afa9d
92cb9b5b0a2d
92cc011b6044
92cc66dbfce3
92cccc9ce009
92cd325e09b7
92cd981f79ed
92cdfde130ab
92ce63a32df2
92cec96571c1
92cf2f27fc19
92cf94eaccfa
92cffaade464
92d060714257
92d0c634e6d4
92d12bf8d1db
92d191bd036b
92d1f7817b86
92d25d463a2b
92d2c30b3f5a
92d328d08b14
92d38e961d59
92d3f45bf629
92d45a221584
92d4bfe87b6b
92d525af27dd
92d58b761adb
92d5f13d5466
92d65704d47c
92d6bccc9b1f
92d72294a84e
92d7885cfc0a
92d7ee259653
92d853ee7729
92d8b9b79e8d
92d91f810c7e
92d9854ac0fd
92d9eb14bc09
92da50defda4
92dab6a985cd
92db1c745485
92db823f69cb
92dbe80ac5a1
92dc4dd66805
92dcb3a250f8
92dd196e807b
92dd7f3af68e
92dde507b330
92de4ad4b663
92deb0a20026
92df166f9079
92df7c3d675c
92dfe20b84d1
92e047d9e8d6
92e0ada8936d
92e113778495
92e17946bc4e
92e1df163a9a
92e244e5ff77
92e2aab60ae6
92e310865ce8
92e37656f57c
92e3dc27d4a3
92e441f8fa5c
92e4a7ca66a9
92e50d9c1989
92e5736e12fd
92e5d9405304
92e63f12d99f
92e6a4e5a6ce
92e70ab8ba91
92e7708c14e9
92e7d65fb5d5
92e83c339d56
92e8a207cb6d
92e907dc4018
92e96db0fb58
92e9d385fd2f
92ea395b459b
92ea9f30d49d
92eb0506aa35
92eb6adcc663
92ebd0b32928
92ec3689d284
92ec9c60c276
92ed0237f900
92ed680f7621
92edcde739d9
92ee33bf4429
92ee99979511
92eeff702c91
92ef65490aa9
92efcb222f5a
92f030fb9aa3
92f096d54c85
92f0fcaf4500
92f162898414
92f1c86409c2
92f22e3ed609
92f29419e8ea
92f2f9f54265
92f35fd0e27a
92f3c5acc929
92f42b88f673
92f491656a58
92f4f74224d7
92f55d1f25f2
92f5c2fc6da8
92f628d9fbfa
92f68eb7d0e7
92f6f495ec70
92f75a744e95
92f7c052f756
92f82631e6b4
92f88c111cae
92f8f1f09946
92f957d05c7a
92f9bdb0664b
92fa2390b6ba
92fa89714dc7
92faef522b71
92fb55334fb9
92fbbb14baa0
92fc20f66c24
92fc86d86448
92fcecbaa30a
92fd529d286b
92fdb87ff46b
92fe1e63070a
92fe84466049
92feea2a0028
92ff500de6a6
92ffb5f213c5
93001bd68784
930081bb41e3
9300e7a042e3
93014d858a84
9301b36b18c6
93021950eda9
93027f37092d
9302e51d6b53
93034b04141b
9303b0eb0385
930416d23991
93047cb9b63f
9304e2a17990
930548898384
9305ae71d41b
9306145a6b55
93067a434932
9306e02c6db2
93074615d8d7
9307abff8a9f
930811e9830b
930877d3c21c
9308ddbe47d1
930943a9142b
9309a994272a
930a0f7f80cd
930a756b2116
930adb570805
930b41433599
930ba72fa9d3
930c0d1c64b2
930c73096638
930cd8f6ae65
930d3ee43d38
930da4d212b2
930e0ac02ed2
930e70ae919a
930ed69d3b0a
930f3c8c2b20
930fa27b61df
9310086adf45
93106e5aa354
9310d44aae0b
93113a3aff6a
9311a02b9772
9312061c7623
93126c0d9b7d
9312d1ff0780
931337f0ba2d
93139de2b383
931403d4f383
931469c77a2d
9314cfba4782
931535ad5b80
93159ba0b62a
93160194577e
931667883f7d
9316cd7c6e27
93173370e37d
931799659f7e
9317ff5aa22b
9318654feb84
9318cb457b89
9319313b523b
931997316f99
9319fd27d3a3
931a631e7e5b
931ac9156fbf
931b2f0ca7d1
931b95042690
931bfafbebfd
931c60f3f818
931cc6ec4ae1
931d2ce4e458
931d92ddc47e
931df8d6eb52
931e5ed058d5
931ec4ca0d07
931f2ac407e8
931f90be4978
931ff6b8d1b9
93205cb3a0a8
9320c2aeb648
932128aa1298
93218ea5b598
9321f4a19f49
93225a9dcfab
9322c09a46bd
932326970481
93238c9408f6
9323f291541c
9324588ee5f4
9324be8cbe7e
9325248addba
93258a8943a8
9325f087f049
93265686e39c
9326bc861da2
932722859e5c
9327888565c8
9327ee8573e8
93285485c8bb
9328ba866442
93292087467d
932986886f6d
9329ec89df10
932a528b9568
932ab88d9275
932b1e8fd637
932b849260ae
932bea9531db
932c509849bc
932cb69ba854
932d1c9f4da1
932d82a339a5
932de8a76c5f
932e4eabe5cf
932eb4b0a5f6
932f1ab5acd3
932f80bafa68
932fe6c08eb4
93304cc669b8
9330b2cc8b73
933118d2f3e5
93317ed9a310
9331e4e098f3
93324ae7d58f
9332b0ef58e3
933316f722ef
93337cff33b5
9333e3078b34
93344910296c
9334af190e5e
933515223a09
93357b2bac6f
9335e135658e
9336473f6568
9336ad49abfc
93371354394b
9337795f0d55
9337df6a2819
93384575899a
9338ab8131d5
9339118d20cc
93397799567f
9339dda5d2ee
933a43b29619
933aa9bfa001
933b0fccf0a5
933b75da8806
933bdbe86624
933c41f68aff
933ca804f698
933d0e13a8ee
933d7422a202
933dda31e1d3
933e40416863
933ea65135b1
933f0c6149be
933f7271a489
933fd8824614
93403e932e5d
9340a4a45d66
93410ab5d32e
934170c78fb5
9341d6d992fd
93423cebdd05
9342a2fe6dcc
934309114555
93436f24639e
9343d537c8a7
93443b4b7472
9344a15f66fe
93450773a04b
93456d88205a
9345d39ce72b
934639b1f4bd
93469fc74912
934705dce429
93476bf2c603
9347d208ee9f
9348381f5dfe
93489e361420
9349044d1106
93496a6454af
9349d07bdf1c
934a3693b04d
934a9cabc841
934b02c426fa
934b68dccc78
934bcef5b8ba
934c350eebc1
934c9b28658d
934d0142261e
934d675c2d74
934dcd767b91
934e33911072
934e99abec1a
934effc70e88
934f65e277bd
934fcbfe27b8
9350321a1e7a
935098365c02
9350fe52e052
9351646fab69
9351ca8cbd48
935230aa15ee
935296c7b55d
9352fce59b93
93536303c891
9353c9223c59
93542f40f6e8
9354955ff841
9354fb7f4063
9355619ecf4d
9355c7bea502
93562ddec180
935693ff24c7
9356fa1fced9
93576040bfb5
9357c661f75b
93582c8375cc
935892a53b08
9358f8c7470f
93595ee999e1
9359c50c337e
935a2b2f13e6
935a91523b1b
935af775a91b
935b5d995de8
935bc3bd5980
935c29e19be6
935c90062518
935cf62af516
935d5c500be2
935dc275697b
935e289b0de2
935e8ec0f916
935ef4e72b18
935f5b0da3e9
935fc1346387
9360275b69f4
93608d82b72f
9360f3aa4b39
936159d22612
9361bffa47bb
93622622b032
93628c4b5f7a
9362f2745591
9363589d9278
9363bec7162f
936424f0e0b6
93648b1af20e
9364f1454a37
9365576fe930
9365bd9acefb
936623c5fb97
936689f16f05
9366f01d2944
936756492a55
9367bc757238
936822a200ed
936888ced675
9368eefbf2cf
9369552955fc
9369bb56fffd
936a2184f0d0
936a87b32877
936aede1a6f1
936b54106c3f
936bba3f7862
936c206ecb58
936c869e6523
936cecce45c2
936d52fe6d36
936db92edb7f
936e1f5f909d
936e85908c90
936eebc1cf59
936f51f358f7
936fb825296c
93701e5740b6
937084899ed7
9370eabc43cf
937150ef2f9c
9371b7226241
93721d55dbbd
937283899c10
9372e9bda33b
93734ff1f13d
9373b6268617
93741c5b61c9
937482908453
9374e8c5edb5
93754efb9df0
9375b5319504
93761b67d2f1
9376819e57b7
9376e7d52356
93774e0c35cf
9377b4438f22
93781a7b2f4e
937880b31655
9378e6eb4436
93794d23b8f1
9379b35c7487
937a199576f8
937a7fcec044
937ae608506b
937b4c42276e
937bb27c454c
937c18b6aa07
937c7ef1559d
937ce52c480f
937d4b67815e
937db1a3018a
937e17dec892
937e7e1ad678
937ee4572b3a
937f4a93c6da
937fb0d0a957
9380170dd2b2
93807d4b42ec
9380e388fa03
938149c6f7f8
9381b0053ccd
93821643c87f
93827c829b11
9382e2c1b482
9383490114d2
9383af40bc02
93841580aa11
93847bc0df00
9384e2015acf
938548421d7f
9385ae83270f
938614c4777f
93867b060ed1
9386e147ed03
9387478a1217
9387adcc7e0c
9388140f30e2
93887a522a9b
9388e0956b35
938946d8f2b2
9389ad1cc111
938a1360d652
938a79a53276
938adfe9d57e
938b462ebf68
938bac73f035
938c12b967e7
938c78ff267b
938cdf452bf4
938d458b7851
938dabd20b92
938e1218e5b8
938e786006c2
938edea76eb1
938f44ef1d85
938fab37133f
9390117f4fdd
939077c7d362
9390de109dcc
93914459af1c
9391aaa30753
939210eca670
939277368c73
9392dd80b95d
939343cb2d2f
9393aa15e7e7
93941060e987
939476ac320e
9394dcf7c17d
9395434397d4
9395a98fb513
93960fdc193a
93967628c44a
9396dc75b643
939742c2ef24
9397a9106eef
93980f5e35a3
939875ac4340
9398dbfa97c7
939942493338
9399a8981593
939a0ee73ed8
939a7536af07
939adb866621
939b41d66426
939ba826a916
939c0e7734f1
939c74c807b8
939cdb19216a
939d416a8208
939da7bc2991
939e0e0e1807
939e74604d6a
939edab2c9b8
939f41058cf4
939fa758971d
93a00dabe832
93a073ff8035
93a0da535f26
93a140a78504
93a1a6fbf1d0
93a20d50a58a
93a273a5a032
93a2d9fae1c9
93a340506a4e
93a3a6a639c3
93a40cfc5026
93a47352ad78
93a4d9a951ba
93a540003cec
93a5a6576f0d
93a60caee81f
93a67306a820
93a6d95eaf12
93a73fb6fcf5
93a7a60f91c8
93a80c686d8c
93a872c19041
93a8d91af9e8
93a93f74aa80
93a9a5cea20a
93aa0c28e086
93aa728365f4
93aad8de3255
93ab3f3945a7
93aba5949fed
93ac0bf04125
93ac724c2951
93acd8a8586f
93ad3f04ce81
93ada5618b87
93ae0bbe8f81
93ae721bda6e
93aed8796c50
93af3ed74526
93afa53564f1
93b00b93cbb1
93b071f27966
93b0d8516e0f
93b13eb0a9af
93b1a5102c43
93b20b6ff5ce
93b271d0064e
93b2d8305dc5
93b33e90fc32
93b3a4f1e196
93b40b530df0
93b471b48141
93b4d8163b89
93b53e783cc9
93b5a4da8500
93b60b3d142e
93b6719fea55
93b6d8030773
93b73e666b8a
93b7a4ca169a
93b80b2e08a2
93b8719241a2
93b8d7f6c19c
93b93e5b888f
93b9a4c0967c
93ba0b25eb62
93ba718b8741
93bad7f16a1b
93bb3e5793ef
93bba4be04be
93bc0b24bc87
93bc718bbb4a
93bcd7f30109
93bd3e5a8dc3
93bda4c26178
93be0b2a7c28
93be7192ddd5
93bed7fb867d
93bf3e647621
93bfa4cdacc2
93c00b372a5f
93c071a0eef9
93c0d80afa8f
93c13e754d23
93c1a4dfe6b4
93c20b4ac743
93c271b5eecf
93c2d8215d58
93c33e8d12e0
93c3a4f90f67
93c40b6552eb
93c471d1dd6e
93c4d83eaef0
93c53eabc771
93c5a51926f1
93c60b86cd70
93c671f4baef
93c6d862ef6e
93c73ed16aed
93c7a5402d6c
93c80baf36eb
93c8721e876b
93c8d88e1eeb
93c93efdfd6c
93c9a56e22ef
93ca0bde8f72
93ca724f42f7
93cad8c03d7e
93cb3f317f07
93cba5a30792
93cc0c14d71f
93cc7286edae
93ccd8f94b40
93cd3f6befd5
93cda5dedb6d
93ce0c520e08
93ce72c587a7
93ced9394849
93cf3fad4fef
93cfa6219e99
93d00c963447
93d0730b10f9
93d0d98034b0
93d13ff59f6c
93d1a66b512d
93d20ce149f3
93d2735789be
93d2d9ce108e
93d34044de65
93d3a6bbf341
93d40d334f24
93d473aaf20c
93d4da22dbfb
93d5409b0cf1
93d5a71384ee
93d60d8c43f2
93d6740549fd
93d6da7e970f
93d740f82b29
93d7a772064b
93d80dec2875
93d8746691a7
93d8dae141e2
93d9415c3925
93d9a7d77771
93da0e52fcc6
93da74cec924
93dadb4adc8b
93db41c736fc
93dba843d877
93dc0ec0c0fc
93dc753df08b
93dcdbbb6724
93dd423924c8
93dda8b72976
93de0f35752f
93de75b407f4
93dedc32e1c3
93df42b2029f
93dfa9316a85
93e00fb11978
93e076310f77
93e0dcb14c82
93e14331d099
93e1a9b29bbe
93e21033adef
93e276b5072c
93e2dd36a778
93e343b88ed0
93e3aa3abd36
93e410bd32aa
93e4773fef2c
93e4ddc2f2bc
93e544463d5b
93e5aac9cf08
93e6114da7c4
93e677d1c78e
93e6de562e68
93e744dadc52
93e7ab5fd14a
93e811e50d53
93e8786a906b
93e8def05a94
93e945766bcc
93e9abfcc416
93ea1283636f
93ea790a49da
93eadf917756
93eb4618ebe3
93ebaca0a782
93ec1328aa32
93ec79b0f3f4
93ece03984c8
93ed46c25cae
93edad4b7ba7
93ee13d4e1b2
93ee7a5e8ed0
93eee0e88301
93ef4772be45
93efadfd409d
93f014880a08
93f07b131a87
93f0e19e721a
93f1482a10c1
93f1aeb5f67c
93f21542234c
93f27bce9730
93f2e25b522a
93f348e85438
93f3af759d5c
93f416032d96
93f47c9104e5
93f4e31f234a
93f549ad88c4
93f5b03c3556
93f616cb28fd
93f67d5a63bc
93f6e3e9e591
93f74a79ae7d
93f7b109be80
93f8179a159b
93f87e2ab3ce
93f8e4bb9918
93f94b4cc57a
93f9b1de38f4
93fa186ff387
93fa7f01f532
93fae5943df7
93fb4c26cdd4
93fbb2b9a4ca
93fc194cc2d9
93fc7fe02802
93fce673d445
93fd4d07c7a2
93fdb39c0219
93fe1a3083aa
93fe80c54c55
93fee75a5c1b
93ff4defb2fd
93ffb48550f9
94001b1b3610
940081b16243
9400e847d592
94014ede8ffc
9401b5759183
94021c0cda25
940282a469e4
9402e93c40c0
94034fd45eb9
9403b66cc3ce
94041d057001
9404839e6351
9404ea379dbe
940550d11f4a
9405b76ae7f3
94061e04f7bb
9406849f4ea1
9406eb39eca5
940751d4d1c8
9407b86ffe0a
94081f0b716b
940885a72bec
9408ec432d8c
940952df764b
9409b97c062b
940a2018dd2a
940a86b5fb4a
940aed53608b
940b53f10cec
940bba8f006d
940c212d3b10
940c87cbbcd4
940cee6a85ba
940d550995c1
940dbba8ecea
940e22488b35
940e88e870a2
940eef889d32
940f562910e4
940fbcc9cbb9
9410236acdb1
94108a0c16cc
9410f0ada70a
9411574f7e6c
9411bdf19cf1
94122494029b
94128b36af69
9412f1d9a35b
9413587cde71
9413bf2060ac
941425c42a0c
94148c683a92
9414f30c923c
941559b1310c
9415c0561702
941626fb441d
94168da0b85f
9416f44673c6
94175aec7654
9417c192c009
9418283950e5
94188ee028e7
9418f5874811
94195c2eae62
9419c2d65bdb
941a297e507c
941a90268c44
941af6cf0f35
941b5d77d94e
941bc420ea90
941c2aca42fa
941c9173e28d
941cf81dc94a
941d5ec7f730
941dc5726c3f
941e2c1d2878
941e92c82bdb
941ef9737668
941f601f081f
941fc6cae101
94202d77010d
942094236844
9420fad016a7
9421617d0c34
9421c82a48ed
94222ed7ccd2
9422958597e3
9422fc33aa1f
942362e20388
9423c990a41d
9424303f8bdf
942496eebacd
9424fd9e30e9
9425644dee31
9425cafdf2a7
942631ae3e4b
9426985ed11c
9426ff0fab1c
942765c0cc49
9427cc7234a5
94283323e42f
942899d5dae8
9429008818d0
9429673a9de7
9429cded6a2d
942a34a07da3
942a9b53d849
942b02077a1e
942b68bb6323
942bcf6f9359
942c36240abf
942c9cd8c956
942d038dcf1e
942d6a431c16
942dd0f8b040
942e37ae8b9c
942e9e64ae28
942f051b17e7
942f6bd1c8d8
942fd288c0fb
943039400050
94309ff786d8
943106af5493
94316d676980
9431d41fc5a1
94323ad868f5
9432a191537c
9433084a8538
94336f03fe27
9433d5bdbe4a
94343c77c5a2
9434a332142e
943509eca9ef
943570a786e5
9435d762ab10
94363e1e1670
9436a4d9c905
94370b95c2d1
9437725203d2
9437d90e8c09
94383fcb5b76
9438a688721a
94390d45cff5
943974037506
9439dac1614e
943a417f94cd
943aa83e0f84
943b0efcd173
943b75bbda99
943bdc7b2af7
943c433ac28d
943ca9faa15c
943d10bac763
943d777b34a3
943dde3be91c
943e44fce4ce
943eabbe27ba
943f127fb1de
943f7941833d
943fe0039bd6
944046c5fba8
9440ad88a2b5
9441144b90fc
94417b0ec67e
9441e1d2433b
944248960733
9442af5a1266
9443161e64d5
94437ce2fe7f
9443e3a7df65
94444a6d0787
9444b13276e6
944517f82d81
94457ebe2b58
9445e584706c
94464c4afcbd
9446b311d04b
944719d8eb17
944780a04d20
9447e767f667
94484e2fe6ec
9448b4f81eaf
94491bc09db1
9449828963f1
9449e952716f
944a501bc62d
944ab6e5622a
944b1daf4566
944b84796fe1
944beb43e19c
944c520e9a97
944cb8d99ad2
944d1fa4e24e
944d8670710a
944ded3c4706
944e54086444
944ebad4c8c2
944f21a17482
944f886e6783
944fef3ba1c5
94505609234a
9450bcd6ec10
945123a4fc19
94518a735364
9451f141f1f1
94525810d7c2
9452bee004d5
945325af792c
94538c7f34c6
9453f34f37a3
94545a1f81c4
9454c0f01329
945527c0ebd2
94558e920bc0
9455f56372f2
94565c352169
9456c3071724
945729d95425
945790abd86b
9457f77ea3f7
94585e51b6c8
9458c52510df
94592bf8b23c
945992cc9adf
9459f9a0cac9
945a607541f9
945ac74a0070
945b2e1f062f
945b94f45334
945bfbc9e781
945c629fc315
945cc975e5f2
945d304c5016
945d97230182
945dfdf9fa37
945e64d13a34
945ecba8c17a
945f32809009
945f9958a5e1
946000310303
94606709a76e
9460cde29323
946134bbc621
94619b95406a
9462026f01fd
946269490adb
9462d0235b03
946336fdf276
94639dd8d134
946404b3f73e
94646b8f6493
9464d26b1933
946539471520
9465a0235858
946606ffe2dd
94666ddcb4ae
9466d4b9cdcc
94673b972e36
9467a274d5ee
94680952c4f2
94687030fb45
9468d70f78e4
94693dee3dd2
9469a4cd4a0d
946a0bac9d97
946a728c386f
946ad96c1a95
946b404c440b
946ba72cb4cf
946c0e0d6ce2
946c74ee6c45
946cdbcfb2f7
946d42b140f9
946da993164a
946e107532ec
946e775796de
946ede3a4221
946f451d34b4
946fac006e98
947012e3efcd
947079c7b854
9470e0abc82c
947147901f55
9471ae74bdd1
94721559a39e
94727c3ed0bd
9472e324452f
94734a0a00f4
9473b0f0040b
947417d64e76
94747ebce033
9474e5a3b944
94754c8ad9a9
9475b3724161
94761a59f06d
94768141e6ce
9476e82a2482
94774f12a98c
9477b5fb75e9
94781ce4899c
947883cde4a4
9478eab78702
947951a170b4
9479b88ba1bd
947a1f761a1b
947a8660d9d0
947aed4be0da
947b54372f3c
947bbb22c4f3
947c220ea202
947c88fac668
947cefe73225
947d56d3e539
947dbdc0dfa5
947e24ae2169
947e8b9baa85
947ef2897af9
947f597792c5
947fc065f1ea
948027549868
94808e43863f
9480f532bb6f
94815c2237f8
9481c311fbdb
94822a020718
948290f259ae
9482f7e2f39f
94835ed3d4ea
9483c5c4fd90
94842cb66d90
948493a824eb
9484fa9a23a1
9485618c69b3
9485c87ef720
94862f71cbe9
94869664e80d
9486fd584b8e
9487644bf66b
9487cb3fe8a4
94883234223a
94889928a32d
9489001d6b7d
948967127b2a
9489ce07d235
948a34fd709d
948a9bf35663
948b02e98387
948b69dff809
948bd0d6b3ea
948c37cdb729
948c9ec501c7
948d05bc93c4
948d6cb46d20
948dd3ac8ddb
948e3aa4f5f6
948ea19da571
948f08969c4b
948f6f8fda86
948fd6896021
94903d832d1c
9490a47d4179
94910b779d36
949172724054
9491d96d2ad4
949240685cb5
9492a763d5f7
94930e5f969c
9493755b9ea2
9493dc57ee0b
9494435484d7
9494aa516304
9495114e8895
9495784bf589
9495df49a9e0
94964647a59a
9496ad45e8b8
94971444733a
94977b434520
9497e2425e6a
94984941bf18
9498b041672b
9499174156a3
94997e418d80
9499e5420bc1
949a4c42d169
949ab343de75
949b1a4532e8
949b8146cec0
949be848b1fe
949c4f4adca3
949cb64d4eae
949d1d500820
949d845308f9
949deb565139
949e5259e0e0
949eb95db7ef
949f2061d665
949f87663c44
949fee6ae98a
94a0556fde38
94a0bc751a4f
94a1237a9dcf
94a18a8068b7
94a1f1867b09
94a2588cd4c3
94a2bf9375e7
94a3269a5e75
94a38da18e6c
94a3f4a905ce
94a45bb0c499
94a4c2b8cacf
94a529c1186f
94a590c9ad7b
94a5f7d289f1
94a65edbadd2
94a6c5e5191f
94a72ceecbd7
94a793f8c5fb
94a7fb03078b
94a8620d9087
94a8c91860ef
94a9302378c4
94a9972ed805
94a9fe3a7eb4
94aa65466ccf
94aacc52a258
94ab335f1f4e
94ab9a6be3b2
94ac0178ef83
94ac688642c3
94accf93dd71
94ad36a1bf8d
94ad9dafe918
94ae04be5a12
94ae6bcd127b
94aed2dc1253
94af39eb599a
94afa0fae852
94b0080abe78
94b06f1adc0f
94b0d62b4116
94b13d3bed8d
94b1a44ce175
94b20b5e1cce
94b2726f9f97
94b2d98169d2
94b340937b7e
94b3a7a5d49c
94b40eb8752b
94b475cb5d2c
94b4dcde8ca0
94b543f20385
94b5ab05c1dd
94b61219c7a8
94b6792e14e6
94b6e042a997
94b7475785bb
94b7ae6ca952
94b81582145d
94b87c97c6dc
94b8e3adc0cf
94b94ac40236
94b9b1da8b12
94ba18f15b62
94ba80087328
94bae71fd262
94bb4e377911
94bbb54f6736
94bc1c679cd0
94bc838019e0
94bcea98de66
94bd51b1ea62
94bdb8cb3dd5
94be1fe4d8be
94be86febb1e
94beee18e4f5
94bf55335643
94bfbc4e0f08
94c023690f45
94c08a8456fa
94c0f19fe626
94c158bbbccb
94c1bfd7dae8
94c226f4407d
94c28e10ed8b
94c2f52de212
94c35c4b1e12
94c3c368a18b
94c42a866c7e
94c491a47eea
94c4f8c2d8d0
94c55fe17a31
94c5c700630b
94c62e1f9360
94c6953f0b30
94c6fc5eca7a
94c7637ed13f
94c7ca9f1f80
94c831bfb53c
94c898e09273
94c90001b727
94c967232356
94c9ce44d702
94ca3566d229
94ca9c8914ce
94cb03ab9eef
94cb6ace708d
94cbd1f189a8
94cc3914ea41
94cca0389257
94cd075c81eb
94cd6e80b8fc
94cdd5a5378c
94ce3cc9fd9a
94cea3ef0b27
94cf0b146032
94cf7239fcbc
94cfd95fe0c5
94d040860c4e
94d0a7ac7f56
94d10ed339dd
94d175fa3be5
94d1dd21856c
94d244491674
94d2ab70eefc
94d312990f05
94d379c1768e
94d3e0ea2599
94d448131c25
94d4af3c5a32
94d51665dfc1
94d57d8facd1
94d5e4b9c164
94d64be41d79
94d6b30ec110
94d71a39ac29
94d78164dec6
94d7e89058e5
94d84fbc1a87
94d8b6e823ad
94d91e147457
94d985410c84
94d9ec6dec34
94da539b136a
94dabac88223
94db21f63861
94db89243623
94dbf0527b6b
94dc57810837
94dcbeafdc89
94dd25def860
94dd8d0e5bbd
94ddf43e06a0
94de5b6df908
94dec29e32f7
94df29ceb46d
94df90ff7d69
94dff8308dec
94e05f61e5f6
94e0c6938587
94e12dc56c9f
94e194f79b3f
94e1fc2a1167
94e2635ccf17
94e2ca8fd44f
94e331c3210f
94e398f6b558
94e4002a912a
94e4675eb484
94e4ce931f68
94e535c7d1d5
94e59cfccbcc
94e604320d4c
94e66b679657
94e6d29d66eb
94e739d37f0a
94e7a109deb3
94e8084085e7
94e86f7774a5
94e8d6aeaaef
94e93de628c4
94e9a51dee25
94ea0c55fb11
94ea738e4f89
94eadac6eb8d
94eb41ffcf1e
94eba938fa3b
94ec10726ce4
94ec77ac271a
94ecdee628de
94ed4620722e
94edad5b030c
94ee1495db77
94ee7bd0fb71
94eee30c62f8
94ef4a48120d
94efb18408b1
94f018c046e4
94f07ffccca5
94f0e73999f5
94f14e76aed4
94f1b5b40b43
94f21cf1af41
94f2842f9ace
94f2eb6dcdec
94f352ac489a
94f3b9eb0ad8
94f4212a14a7
94f488696606
94f4efa8fef7
94f556e8df78
94f5be29078b
94f62569772f
94f68caa2e64
94f6f3eb2d2c
94f75b2c7386
94f7c26e0172
94f829afd6f0
94f890f1f401
94f8f83458a5
94f95f7704dc
94f9c6b9f8a6
94fa2dfd3403
94fa9540b6f4
94fafc848179
94fb63c89392
94fbcb0ced3f
94fc32518e80
94fc99967756
94fd00dba7c1
94fd68211fc1
94fdcf66df56
94fe36ace680
94fe9df33540
94ff0539cb95
94ff6c80a981
94ffd3c7cf02
95003b0f3c1a
9500a256f0c8
9501099eed0e
950170e730ea
9501d82fbc5d
95023f788f67
9502a6c1aa09
95030e0b0c42
95037554b614
9503dc9ea77d
950443e8e07f
9504ab336119
9505127e294c
950579c93917
9505e114907c
950648602f7a
9506afac1611
950716f84442
95077e44ba0d
9507e5917772
95084cde7c71
9508b42bc90a
95091b795d3e
950982c7390c
9509ea155c76
950a5163c77b
950ab8b27a1b
950b20017457
950b8750b62e
950beea03fa1
950c55f010b1
950cbd40295d
950d249089a5
950d8be1318a
950df332210c
950e5a83582b
950ec1d4d6e8
950f29269d42
950f9078ab39
950ff7cb00cf
95105f1d9e02
9510c67082d4
95112dc3af44
951195172353
9511fc6adf01
951263bee24d
9512cb132d39
95133267bfc5
951399bc99f0
95140111bbbb
951468672526
9514cfbcd631
95153712cedc
95159e690f28
951605bf9715
95166d1666a3
9516d46d7dd2
95173bc4dca3
9517a31c8315
95180a747128
951871cca6de
9518d9252436
9519407de930
9519a7d6f5cd
951a0f304a0c
951a7689e5ee
951adde3c974
951b453df49c
951bac986769
951c13f321d9
951c7b4e23ec
951ce2a96da4
951d4a04ff01
951db160d801
951e18bcf8a7
951e801960f1
951ee77610e0
951f4ed30874
951fb63047ae
95201d8dce8e
952084eb9d13
9520ec49b33f
952153a81110
9521bb06b688
95222265a3a7
952289c4d86d
9522f12454d9
9523588418ed
9523bfe424a8
95242744780a
95248ea51315
9524f605f5c7
95255d672021
9525c4c89224
95262c2a4bd0
9526938c4d24
9526faee9621
9527625126c7
9527c9b3ff17
952831171f10
9528987a86b2
9528ffde35ff
952967422cf6
9529cea66b97
952a360af1e2
952a9d6fbfd8
952b04d4d57a
952b6c3a32c6
952bd39fd7bd
952c3b05c460
952ca26bf8ae
952d09d274a9
952d7139384f
952dd8a043a2
952e400796a1
952ea76f314d
952f0ed713a5
952f763f3dab
952fdda7af5d
9530451068bd
9530ac7969cb
953113e2b286
95317b4c42f0
9531e2b61b08
95324a203ace
9532b18aa242
953318f55165
953380604838
9533e7cb86b9
95344f370cea
9534b6a2daca
95351e0ef05a
9535857b4d9a
9535ece7f28a
95365454df2a
9536bbc2137b
9537232f8f7d
95378a9d532f
9537f20b5e93
95385979b1a8
9538c0e84c6e
953928572ee6
95398fc65910
9539f735caeb
953a5ea58479
953ac61585ba
953b2d85cead
953b94f65f53
953bfc6737ac
953c63d857b9
953ccb49bf78
953d32bb6eeb
953d9a2d6613
953e019fa4ee
953e69122b7d
953ed084f9c1
953f37f80fb9
953f9f6b6d66
954006df12c8
95406e52ffdf
9540d5c734ab
95413d3bb12d
9541a4b07565
95420c258153
9542739ad4f7
9542db107051
954342865362
9543a9fc7e29
95441172f0a8
954478e9aadd
9544e060acca
954547d7f66e
9545af4f87ca
954616c760de
95467e3f81a9
9546e5b7ea2e
95474d309a6a
9547b4a9925f
95481c22d20e
9548839c5975
9548eb162895
954952903f6f
9549ba0a9e02
954a21854450
954a89003257
954af07b6818
954b57f6e594
954bbf72aacb
954c26eeb7bc
954c8e6b0c68
954cf5e7a8d0
954d5d648cf3
954dc4e1b8d1
954e2c5f2c6b
954e93dce7c1
954efb5aead4
954f62d935a2
954fca57c82e
955031d6a275
95509955c47a
955100d52e3c
95516854dfbc
9551cfd4d8f8
9552375519f3
95529ed5a2ab
955306567322
95536dd78b56
9553d558eb4a
95543cda92fc
9554a45c826d
95550bdeb99c
95557361388c
9555dae3ff3a
955642670da8
9556a9ea63d6
9557116e01c5
955778f1e773
9557e07614e2
955847fa8a11
9558af7f4701
955917044bb3
95597e899825
9559e60f2c59
955a4d95084e
955ab51b2c05
955b1ca1977f
955b84284aba
955bebaf45b8
955c53368878
955cbabe12fb
955d2245e541
955d89cdff4a
955df1566117
955e58df0aa7
955ec067fbfb
955f27f13512
955f8f7ab5ee
955ff7047e8e
95605e8e8ef3
9560c618e71c
95612da3870a
9561952e6ebe
9561fcb99e36
956264451574
9562cbd0d478
9563335cdb42
95639ae929d1
95640275c027
95646a029e44
9564d18fc427
9565391d31d0
9565a0aae741
95660838e479
95666fc72979
9566d755b640
95673ee48acf
9567a673a726
95680e030b45
95687592b72d
9568dd22aadd
956944b2e656
9569ac436998
956a13d434a3
956a7b654777
956ae2f6a215
956b4a88447d
956bb21a2eaf
956c19ac60aa
956c813eda71
956ce8d19c01
956d5064a55d
956db7f7f683
956e1f8b8f75
956e871f7031
956eeeb398ba
956f5648090e
956fbddcc12e
95702571c119
95708d0708d2
9570f49c9856
95715c326fa8
9571c3c88ec6
95722b5ef5b1
957292f5a46a
9572fa8c9af0
95736223d944
9573c9bb5f65
957431532d55
957498eb4312
95750083a09e
9575681c45f9
9575cfb53323
9576374e681b
95769ee7e4e3
95770681a97a
95776e1bb5e1
9577d5b60a18
95783d50a61e
9578a4eb89f5
95790c86b59c
957974222913
9579dbbde45c
957a4359e775
957aaaf63260
957b1292c51b
957b7a2f9fa9
957be1ccc208
957c496a2c39
957cb107de3c
957d18a5d811
957d804419b9
957de7e2a333
957e4f817481
957eb7208da1
957f1ebfee95
957f865f975d
957fedff87f8
9580559fc066
9580bd4040a9
958124e108c0
95818c8218ac
9581f423706c
95825bc51001
9582c366f76c
95832b0926ab
958392ab9dc0
9583fa4e5caa
958461f1636a
9584c994b200
95853138486d
958598dc26af
958600804cc9
95866824bab9
9586cfc97080
9587376e6e1e
95879f13b394
958806b940e1
95886e5f1606
9588d6053303
95893dab97d8
9589a5524486
958a0cf9390b
958a74a0756a
958adc47f9a2
958b43efc5b2
958bab97d99c
958c13403560
958c7ae8d8fd
958ce291c474
958d4a3af7c5
958db1e472f1
958e198e35f7
958e813840d7
958ee8e29393
958f508d2e29
958fb838109b
95901fe33ae8
9590878ead11
9590ef3a6716
959156e668f7
9591be92b2b4
9592263f444d
95928dec1dc3
9592f5993f16
95935d46a846
9593c4f45953
95942ca2523e
959494509306
9594fbff1bab
959563adec2f
9595cb5d0491
9596330c64d2
95969abc0cf0
9597026bfcee
95976a1c34cb
9597d1ccb487
9598397d7c22
9598a12e8b9c
959908dfe2f7
959970918231
9599d843694b
959a3ff59846
959aa7a80f21
959b0f5acddd
959b770dd47a
959bdec122f8
959c4674b957
959cae289798
959d15dcbdbb
959d7d912bbf
959de545e1a5
959e4cfadf6e
959eb4b02519
959f1c65b2a7
959f841b8817
959febd1a56b
95a053880aa2
95a0bb3eb7bc
95a122f5acba
95a18aace99b
95a1f2646e61
95a25a1c3b0b
95a2c1d44f99
95a3298cac0c
95a391455064
95a3f8fe3ca1
95a460b770c2
95a4c870ecca
95a5302ab0b7
95a597e4bc89
95a5ff9f1042
95a66759abe0
95a6cf148f65
95a736cfbad1
95a79e8b2e23
95a80646e95d
95a86e02ec7d
95a8d5bf3785
95a93d7bca74
95a9a538a54b
95aa0cf5c80a
95aa74b332b1
95aadc70e540
95ab442edfb8
95ababed2218
95ac13abac61
95ac7b6a7e94
95ace32998af
95ad4ae8fab5
95adb2a8a4a3
95ae1a68967c
95ae8228d03f
95aee9e951eb
95af51aa1b83
95afb96b2d05
95b0212c8672
95b088ee27c9
95b0f0b0110d
95b15872423b
95b1c034bb55
95b227f77c5b
95b28fba854d
95b2f77dd62b
95b35f416ef5
95b3c7054fac
95b42ec97850
95b4968de8e1
95b4fe52a15f
95b56617a1ca
95b5cddcea23
95b635a27a69
95b69d68529e
95b7052e72c1
95b76cf4dad2
95b7d4bb8ad1
95b83c8282bf
95b8a449c29d
95b90c114a69
95b973d91a24
95b9dba131cf
95ba4369916a
95baab3238f5
95bb12fb2870
95bb7ac45fdb
95bbe28ddf36
95bc4a57a682
95bcb221b5bf
95bd19ec0ced
95bd81b6ac0d
95bde981931e
95be514cc220
95beb9183914
95bf20e3f7fb
95bf88affed3
95bff07c4d9e
95c05848e45c
95c0c015c30c
95c127e2e9b0
95c18fb05846
95c1f77e0ed0
95c25f4c0d4e
95c2c71a53bf
95c32ee8e225
95c396b7b87e
95c3fe86d6cc
95c466563d0e
95c4ce25eb46
95c535f5e172
95c59dc61f93
95c60596a5aa
95c66d6773b6
95c6d53889b8
95c73d09e7b0
95c7a4db8d9e
95c80cad7b82
95c8747fb15d
95c8dc522f2f
95c94424f4f7
95c9abf802b7
95ca13cb586e
95ca7b9ef61c
95cae372dbc2
95cb4b470960
95cbb31b7ef6
95cc1af03c84
95cc82c5420b
95ccea9a8f8a
95cd52702502
95cdba460274
95ce221c27de
95ce89f29542
95cef1c94aa0
95cf59a047f7
95cfc1778d49
95d0294f1a94
95d09126efda
95d0f8ff0d1b
95d160d77256
95d1c8b01f8d
95d2308914bf
95d2986251ec
95d3003bd714
95d36815a439
95d3cfefb959
95d437ca1675
95d49fa4bb8e
95d5077fa8a4
95d56f5addb6
95d5d7365ac5
95d63f121fd1
95d6a6ee2cdb
95d70eca81e2
95d776a71ee7
95d7de8403ea
95d8466130eb
95d8ae3ea5ea
95d9161c62e8
95d97dfa67e4
95d9e5d8b4df
95da4db749da
95dab59626d3
95db1d754bcd
95db8554b8c5
95dbed346dbe
95dc55146ab7
95dcbcf4afb0
95dd24d53ca9
95dd8cb611a4
95ddf4972e9f
95de5c78939b
95dec45a4098
95df2c3c3597
95df941e7297
95dffc00f799
95e063e3c49d
95e0cbc6d9a3
95e133aa36ac
95e19b8ddbb8
95e20371c8c6
95e26b55fdd7
95e2d33a7aeb
95e33b1f4003
95e3a3044d1e
95e40ae9a23d
95e472cf3f60
95e4dab52487
95e5429b51b3
95e5aa81c6e3
95e612688418
95e67a4f8951
95e6e236d690
95e74a1e6bd5
95e7b206491e
95e819ee6e6e
95e881d6dbc3
95e8e9bf911f
95e951a88e80
95e9b991d3e9
95ea217b6158
95ea896536cd
95eaf14f544a
95eb5939b9cf
95ebc124675a
95ec290f5cee
95ec90fa9a89
95ecf8e6202c
95ed60d1edd8
95edc8be038c
95ee30aa6148
95ee9897070e
95ef0083f4dc
95ef68712ab4
95efd05ea895
95f0384c6e80
95f0a03a7c74
95f10828d273
95f17017707c
95f1d806568f
95f23ff584ad
95f2a7e4fad5
95f30fd4b909
95f377c4bf48
95f3dfb50d92
95f447a5a3e7
95f4af968249
95f51787a8b6
95f57f791730
95f5e76acdb6
95f64f5ccc48
95f6b74f12e7
95f71f41a194
95f78734784d
95f7ef279714
95f8571afde8
95f8bf0eacc9
95f92702a3b9
95f98ef6e2b7
95f9f6eb69c3
95fa5ee038de
95fac6d55007
95fb2ecaaf3f
95fb96c05687
95fbfeb645dd
95fc66ac7d43
95fccea2fcb9
95fd3699c43f
95fd9e90d3d4
95fe06882b7a
95fe6e7fcb30
95fed677b2f7
95ff3e6fe2cf
95ffa6685ab8
96000e611ab2
9600765a22be
9600de5372db
9601464d0b0a
9601ae46eb4b
96021641139e
96027e3b8403
9602e6363c7b
96034e313d06
9603b62c85a4
96041e281655
96048623ef1a
9604ee200ff2
9605561c78de
9605be1929dd
9606261622f1
96068e13641a
9606f610ed56
96075e0ebea8
9607c60cd80e
96082e0b398a
96089609e31b
9608fe08d4c1
960966080e7e
9609ce079050
960a36075a38
960a9e076c36
960b0607c64b
960b6e086877
960bd60952ba
960c3e0a8513
960ca60bff84
960d0e0dc20d
960d760fccad
960dde121f65
960e4614ba35
960eae179d1d
960f161ac81d
960f7e1e3b37
960fe621f669
96104e25f9b4
9610b62a4519
96111e2ed896
96118633b42e
9611ee38d7df
9612563e43ab
9612be43f790
96132649f390
96138e5037aa
9613f656c3e0
96145e5d9830
9614c664b49c
96152e6c1922
96159673c5c5
9615fe7bba83
96166683f75d
9616ce8c7c53
961736954966
96179e9e5e95
961806a7bbe1
96186eb1614a
9618d6bb4ed0
96193ec58474
9619a6d00234
961a0edac813
961a76e5d610
961adef12c2a
961b46fcca63
961baf08b0bb
961c1714df31
961c7f2155c6
961ce72e147a
961d4f3b1b4d
961db7486a40
961e1f560153
961e8763e085
961eef7207d8
961f5780774a
961fbf8f2edd
9620279e2e91
96208fad7666
9620f7bd065c
96215fccde73
9621c7dcfeab
96222fed6705
962297fe1781
9623000f101f
9623682050df
9623d031d9c1
96243843aac6
9624a055c3ee
962508682539
9625707acea7
9625d88dc039
962640a0f9ee
9626a8b47bc6
962710c845c3
962778dc57e4
9627e0f0b229
962849055493
9628b11a3f22
9629192f71d5
96298144ecae
9629e95aafac
962a5170bad0
962ab9870e19
962b219da988
962b89b48d1d
962bf1cbb8d9
962c59e32cbb
962cc1fae8c4
962d2a12ecf4
962d922b394b
962dfa43cdc9
962e625caa6e
962eca75cf3c
962f328f3c31
962f9aa8f14e
963002c2ee93
96306add3401
9630d2f7c198
96313b129758
9631a32db540
96320b491b52
96327364c98d
9632db80bff2
9633439cfe81
9633abb98539
963413d6541c
96347bf36b2a
9634e410ca62
96354c2e71c4
9635b44c6152
96361c6a990b
9636848918ef
9636eca7e0ff
963754c6f13b
9637bce649a3
96382505ea37
96388d25d2f7
9638f54603e4
96395d667cfd
9639c5873e44
963a2da847b8
963a95c99959
963afdeb3327
963b660d1524
963bce2f3f4e
963c3651b1a6
963c9e746c2d
963d06976ee2
963d6ebab9c6
963dd6de4cd9
963e3f02281b
963ea7264b8c
963f0f4ab72d
963f776f6afd
963fdf9466fe
964047b9ab2e
9640afdf378f
964118050c20
9641802b28e2
9641e8518dd5
964250783af8
9642b89f304d
964320c66dd4
964388edf38c
9643f115c176
9644593dd792
9644c16635e0
9645298edc61
964591b7cb14
9645f9e101fa
9646620a8114
9646ca344860
9647325e57e0
96479a88af93
964802b34f7a
96486ade3795
9648d30967e5
96493b34e068
9649a360a121
964a0b8caa0e
964a73b8fb30
964adbe59487
964b44127614
964bac3f9fd6
964c146d11ce
964c7c9acbfc
964ce4c8ce60
964d4cf718fa
964db525abcb
964e1d5486d2
964e8583aa11
964eedb31587
964f55e2c934
964fbe12c518
965026430934
96508e739588
9650f6a46a14
96515ed586d9
9651c706ebd6
96522f38990c
9652976a8e7a
9652ff9ccc22
965367cf5203
9653d002201d
965438353671
9654a06894ff
9655089c3bc7
965570d02ac9
9655d9046206
96564138e17d
9656a96da92f
965711a2b91c
965779d81144
9657e20db1a8
96584a439a48
9658b279cb23
96591ab0443a
965982e7058e
9659eb1e0f1d
965a535560ea
965abb8cfaf3
965b23c4dd39
965b8bfd07bd
965bf4357a7d
965c5c6e357c
965cc4a738b8
965d2ce08432
965d951a17ea
965dfd53f3e1
965e658e1816
965ecdc8848a
965f3603393d
965f9e3e362f
966006797b60
96606eb508d1
9660d6f0de82
96613f2cfc72
9661a76962a3
96620fa61114
966277e307c5
9662e02046b7
9663485dcdeb
9663b09b9d5f
966418d9b514
96648118150b
9664e956bd44
96655195adbe
9665b9d4e67b
96662214677a
96668a5430bb
9666f294423f
96675ad49c06
9667c3153e10
96682b56285d
966893975aed
9668fbd8d5c2
9669641a98da
9669cc5ca436
966a349ef7d6
966a9ce193bb
966b052477e4
966b6d67a452
966bd5ab1906
966c3deed5fe
966ca632db3c
966d0e7728bf
966d76bbbe88
966ddf009c97
966e4745c2ed
966eaf8b3189
966f17d0e86b
966f8016e794
966fe85d2f04
967050a3bebb
9670b8ea96ba
96712131b700
967189791f8e
9671f1c0d063
96725a08c981
9672c2510ae8
96732a999496
967392e2668e
9673fb2b80cf
96746374e358
9674cbbe8e2b
967534088147
96759c52bcae
9676049d405e
96766ce80c58
9676d533209c
96773d7e7d2b
9677a5ca2205
96780e160f29
967876624499
9678deaec253
967946fb885a
9679af4896ac
967a1795ed49
967a7fe38c33
967ae8317369
967b507fa2ec
967bb8ce1abb
967c211cdad7
967c896be340
967cf1bb33f7
967d5a0accfa
967dc25aae4c
967e2aaad7eb
967e92fb49d8
967efb4c0413
967f639d069d
967fcbee5176
9680343fe49d
96809c91c013
968104e3e3d8
96816d364fed
9681d5890451
96823ddc0106
9682a62f460a
96830e82d35e
968376d6a902
9683df2ac6f8
9684477f2d3e
9684afd3dbd4
96851828d2bc
9685807e11f6
9685e8d39981
96865129695d
9686b97f818c
968721d5e20c
96878a2c8adf
9687f2837c05
96885adab57d
9688c3323748
96892b8a0167
968993e213d8
9689fc3a6e9d
968a649311b6
968accebfd23
968b354530e3
968b9d9eacf8
968c05f87162
968c6e527e20
968cd6acd333
968d3f07709b
968da7625658
968e0fbd846b
968e7818fad3
968ee074b992
968f48d0c0a6
968fb12d1010
96901989a7d1
969081e687e9
9690ea43b057
969152a1211d
9691bafeda39
9692235cdbad
96928bbb2579
9692f419b79d
96935c789218
9693c4d7b4ec
96942d372018
96949596d39d
9694fdf6cf7a
9695665713b0
9695ceb7a040
969637187529
96969f79926b
969707daf808
9697703ca5fe
9697d89e9c4e
96984100daf9
9698a96361fe
969911c6315f
96997a29491a
9699e28ca930
969a4af051a1
969ab354426e
969b1bb87b97
969b841cfd1b
969bec81c6fc
969c54e6d939
969cbd4c33d3
969d25b1d6c9
969d8e17c21c
969df67df5cc
969e5ee471da
969ec74b3645
969f2fb2430e
969f98199834
96a0008135b9
96a068e91b9c
96a0d15149dd
96a139b9c07d
96a1a2227f7c
96a20a8b86da
96a272f4d697
96a2db5e6eb4
96a343c84f30
96a3ac32780c
96a4149ce948
96a47d07a2e5
96a4e572a4e2
96a54dddef3f
96a5b64981fd
96a61eb55d1d
96a68721809d
96a6ef8dec7f
96a757faa0c2
96a7c0679d68
96a828d4e26f
96a891426fd8
96a8f9b045a4
96a9621e63d3
96a9ca8cca64
96aa32fb7958
96aa9b6a70af
96ab03d9b06a
96ab6c493888
96abd4b9090a
96ac3d2921f0
96aca599833a
96ad0e0a2ce9
96ad767b1efc
96addeec5973
96ae475ddc50
96aeafcfa792
96af1841bb39
96af80b41746
96afe926bbb8
96b05199a890
96b0ba0cddcf
96b122805b73
96b18af4217f
96b1f3682ff0
96b25bdc86c9
96b2c4512609
96b32cc60db0
96b3953b3dbf
96b3fdb0b635
96b466267713
96b4ce9c805a
96b53712d208
96b59f896c1f
96b608004e9f
96b670777987
96b6d8eeecd9
96b74166a894
96b7a9deacb8
96b81256f946
96b87acf8e3d
96b8e3486b9f
96b94bc1916b
96b9b43affa1
96ba1cb4b642
96ba852eb54e
96baeda8fcc5
96bb56238ca7
96bbbe9e64f4
96bc271985ad
96bc8f94eed2
96bcf810a063
96bd608c9a60
96bdc908dcc9
96be3185679f
96be9a023ae2
96bf027f5692
96bf6afcbaaf
96bfd37a6739
96c03bf85c31
96c0a4769996
96c10cf51f6a
96c17573edab
96c1ddf3045b
96c24672637a
96c2aef20b07
96c31771fb03
96c37ff2336f
96c3e872b449
96c450f37d93
96c4b9748f4d
96c521f5e977
96c58a778c11
96c5f2f9771b
96c65b7baa96
96c6c3fe2681
96c72c80eadd
96c79503f7ab
96c7fd874cea
96c8660aea9a
96c8ce8ed0bc
96c93712ff4f
96c99f977655
96ca081c35cd
96ca70a13db8
96cad9268e15
96cb41ac26e5
96cbaa320828
96cc12b831de
96cc7b3ea408
96cce3c55ea5
96cd4c4c61b6
96cdb4d3ad3c
96ce1d5b4135
96ce85e31da3
96ceee6b4286
96cf56f3afdd
96cfbf7c65a9
96d0280563eb
96d0908eaaa2
96d0f91839cf
96d161a21171
96d1ca2c3189
96d232b69a18
96d29b414b1d
96d303cc4498
96d36c57868b
96d3d4e310f4
96d43d6ee3d4
96d4a5faff2c
96d50e8762fc
96d577140f43
96d5dfa10402
96d6482e4139
96d6b0bbc6e9
96d719499511
96d781d7abb2
96d7ea660acc
96d852f4b25e
96d8bb83a26b
96d92412daf1
96d98ca25bf0
96d9f532256a
96da5dc2375d
96dac65291cb
96db2ee334b3
96db97742016
96dc000553f4
96dc6896d04e
96dcd1289522
96dd39baa272
96dda24cf83d
96de0adf9685
96de73727d48
96dedc05ac88
96df44992444
96dfad2ce47d
96e015c0ed33
96e07e553e66
96e0e6e9d816
96e14f7eba43
96e1b813e4ef
96e220a95818
96e2893f13bf
96e2f1d517e4
96e35a6b6488
96e3c301f9aa
96e42b98d74b
96e4942ffd6b
96e4fcc76c0b
96e5655f232a
96e5cdf722c8
96e6368f6ae6
96e69f27fb85
96e707c0d4a3
96e77059f642
96e7d8f36061
96e8418d1301
96e8aa270e23
96e912c151c5
96e97b5bdde9
96e9e3f6b28e
96ea4c91cfb5
96eab52d355e
96eb1dc8e38a
96eb8664da37
96ebef011967
96ec579da11a
96ecc03a7150
96ed28d78a09
96ed9174eb45
96edfa129505
96ee62b08749
96eecb4ec210
96ef33ed455c
96ef9c8c112c
96f0052b2580
96f06dca825a
96f0d66a27b8
96f13f0a159b
96f1a7aa4c04
96f2104acaf2
96f278eb9265
96f2e18ca25f
96f34a2dfadf
96f3b2cf9be5
96f41b718571
96f48413b784
96f4ecb6321e
96f55558f53f
96f5bdfc00e8
96f6269f5517
96f68f42f1cf
96f6f7e6d70e
96f7608b04d6
96f7c92f7b25
96f831d439fd
96f89a79415e
96f9031e9148
96f96bc429ba
96f9d46a0ab6
96fa3d10343b
96faa5b6a64a
96fb0e5d60e3
96fb77046406
96fbdfabafb3
96fc485343ea
96fcb0fb20ac
96fd19a345f9
96fd824bb3d0
96fdeaf46a33
96fe539d6922
96febc46b09b
96ff24f040a1
96ff8d9a1933
96fff6443a51
97005eeea3fb
9700c7995632
9701304450f5
970198ef9446
9702019b2023
97026a46f48f
9702d2f31187
97033b9f770d
9703a44c2522
97040cf91bc4
970475a65af5
9704de53e2b4
97054701b302
9705afafcbdf
9706185e2d4b
9706810cd747
9706e9bbc9d2
9707526b04ec
9707bb1a8897
970823ca54d1
97088c7a699c
9708f52ac6f8
97095ddb6ce4
9709c68c5b61
970a2f3d926f
970a97ef120f
970b00a0da40
970b6952eb02
970bd2054457
970c3ab7e63d
970ca36ad0b6
970d0c1e03c1
970d74d17f5f
970ddd854390
970e46395054
970eaeeda5ab
970f17a24395
970f80572a13
970fe90c5925
971051c1d0cb
9710ba779106
9711232d99d4
97118be3eb38
9711f49a8530
97125d5167bd
9712c60892df
97132ec00697
97139777c2e4
9714002fc7c8
971468e81541
9714d1a0ab50
97153a5989f6
9715a312b132
97160bcc2106
97167485d970
9716dd3fda71
971745fa240a
9717aeb4b63a
9718176f9102
9718802ab462
9718e8e6205a
971951a1d4eb
9719ba5dd214
971a231a17d6
971a8bd6a631
971af4937d25
971b5d509cb2
971bc60e04d9
971c2ecbb599
971c9789aef4
971d0047f0e8
971d69067b77
971dd1c54ea1
971e3a846a65
971ea343cec4
971f0c037bbe
971f74c37154
971fdd83af85
972046443652
9720af0505ba
972117c61dbf
972180877e60
9721e949279e
9722520b1978
9722bacd53ef
9723238fd703
97238c52a2b4
9723f515b703
97245dd913f0
9724c69cb97a
97252f60a7a3
97259824de69
972600e95dcf
972669ae25d2
9726d2733675
97273b388fb7
9727a3fe3198
97280cc41c18
9728758a4f38
9728de50caf8
972947178f58
9729afde9c58
972a18a5f1f9
972a816d903a
972aea35771c
972b52fda69f
972bbbc61ec3
972c248edf89
972c8d57e8f0
972cf6213af9
972d5eead5a4
972dc7b4b8f1
972e307ee4e1
972e99495973
972f021416a8
972f6adf1c80
972fd3aa6afb
97303c760219
9730a541e1db
97310e0e0a41
973176da7b4b
9731dfa734f9
97324874374b
9732b1418242
97331a0f15dd
973382dcf21e
9733ebab1704
97345479848e
9734bd483abf
973526173995
97358ee68111
9735f7b61134
97366085e9fc
9736c9560b6b
973732267581
97379af7283e
973803c823a2
97386c9967ad
9738d56af460
97393e3cc9ba
9739a70ee7bc
973a0fe14e67
973a78b3fdb9
973ae186f5b4
973b4a5a3658
973bb32dbfa5
973c1c01919b
973c84d5ac3a
973cedaa0f82
973d567ebb74
973dbf53b010
973e2828ed56
973e90fe7347
973ef9d441e2
973f62aa5927
973fcb80b917
9740345761b3
97409d2e52f9
974106058ceb
97416edd0f89
9741d7b4dad2
9742408ceec8
9742a9654b69
9743123df0b8
97437b16deb2
9743e3f0155a
97444cc994ae
9744b5a35cb0
97451e7d6d5f
97458757c6bc
9745f03268c7
9746590d537f
9746c1e886e6
97472ac402fb
9747939fc7bf
9747fc7bd532
974865582b53
9748ce34ca24
97493711b1a4
97499feee1d3
974a08cc5ab3
974a71aa1c42
974ada882681
974b43667971
974bac451512
974c1523f963
974c7e032665
974ce6e29c18
974d4fc25a7d
974db8a26193
974e2182b15b
974e8a6349d4
974ef3442b00
974f5c2554df
974fc506c76f
97502de882b3
975096ca86a9
9750ffacd353
9751688f68af
9751d17246c0
97523a556d84
9752a338dcfc
97530c1c9528
975375009608
9753dde4df9d
975446c971e6
9754afae4ce5
975518937098
97558178dd01
9755ea5e921f
975653448ff3
9756bc2ad67c
9757251165bc
97578df83db2
9757f6df5e5f
97585fc6c7c2
9758c8ae79dc
9759319674ad
97599a7eb835
975a03674475
975a6c50196c
975ad539371b
975b3e229d83
975ba70c4ca2
975c0ff6447a
975c78e0850b
975ce1cb0e54
975d4ab5e056
975db3a0fb12
975e1c8c5e87
975e85780ab5
975eee63ff9e
975f57503d40
975fc03cc39d
9760292992b4
97609216aa85
9760fb040b12
976163f1b459
9761ccdfa65c
976235cde11a
97629ebc6493
976307ab30c8
9763709a45ba
9763d989a367
9764427949d1
9764ab6938f7
9765145970da
97657d49f17a
9765e63abad7
97664f2bccf2
9766b81d27ca
9767210ecb60
97678a00b7b4
9767f2f2ecc6
97685be56a96
9768c4d83125
97692dcb4072
976996be987f
9769ffb2394a
976a68a622d5
976ad19a551f
976b3a8ed02a
976ba38393f4
976c0c78a07e
976c756df5c8
976cde6393d3
976d47597a9f
976db04faa2b
976e19462279
976e823ce388
976eeb33ed58
976f542b3fea
976fbd22db3e
9770261abf54
97708f12ec2c
9770f80b61c7
977161042025
9771c9fd2745
977232f67728
97729bf00fcf
977304e9f139
97736de41b67
9773d6de8e58
97743fd94a0e
9774a8d44e88
977511cf9bc6
97757acb31c9
9775e3c71091
97764cc3381e
9776b5bfa870
97771ebc6187
977787b96365
9777f0b6ae07
977859b44170
9778c2b21da0
97792bb04295
977994aeb051
9779fdad66d4
977a66ac661e
977acfabae2f
977b38ab3f08
977ba1ab18a8
977c0aab3b10
977c73aba640
977cdcac5a38
977d45ad56f9
977daeae9c82
977e17b02ad4
977e80b201ef
977ee9b421d3
977f52b68a80
977fbbb93bf7
978024bc3638
97808dbf7942
9780f6c30517
97815fc6d9b6
9781c8caf720
978231cf5d55
97829ad40c54
978303d9041f
97836cde44b5
9783d5e3ce16
97843ee9a043
9784a7efbb3c
978510f61f01
978579fccb93
9785e303c0f1
97864c0aff1c
9786b5128614
97871e1a55d8
978787226e6b
9787f02acfca
9788593379f7
9788c23c6cf3
97892b45a8bc
9789944f2d54
9789fd58faba
978a666310ef
978acf6d6ff2
978b387817c5
978ba1830867
978c0a8e41d9
978c7399c41a
978cdca58f2b
978d45b1a30c
978daebdffbe
978e17caa53f
978e80d79392
978ee9e4cab5
978f52f24aaa
978fbc001370
9790250e2507
97908e1c7f70
9790f72b22aa
9791603a0eb7
9791c9494396
97923258c147
97929b6887cb
979304789722
97936d88ef4c
9793d6999049
97943faa7a19
9794a8bbacbe
979511cd2835
97957adeec81
9795e3f0f9a2
97964d034f96
9796b615ee5f
97971f28d5fd
9797883c0670
9797f14f7fb8
97985a6341d6
9798c3774cc9
97992c8ba092
979995a03d31
9799feb522a6
979a67ca50f2
979ad0dfc814
979b39f5880c
979ba30b90dc
979c0c21e283
979c75387d02
979cde4f6057
979d47668c85
979db07e018b
979e1995bf68
979e82adc61f
979eebc615ad
979f54deae15
979fbdf78f55
97a02710b96e
97a0902a2c61
97a0f943e82e
97a1625decd4
97a1cb783a54
97a23492d0ae
97a29dadafe2
97a306c8d7f1
97a36fe448db
97a3d90002a0
97a4421c053f
97a4ab3850bb
97a51454e511
97a57d71c243
97a5e68ee852
97a64fac573c
97a6b8ca0f02
97a721e80fa5
97a78b065925
97a7f424eb82
97a85d43c6bc
97a8c662ead3
97a92f8257c7
97a998a20d99
97aa01c20c49
97aa6ae253d7
97aad402e444
97ab3d23bd8f
97aba644dfb8
97ac0f664ac0
97ac7887fea8
97ace1a9fb6f
97ad4acc4115
97adb3eecf9a
97ae1d11a700
97ae8634c746
97aeef58306c
97af587be272
97afc19fdd59
97b02ac42121
97b093e8adca
97b0fd0d8354
97b16632a1bf
97b1cf58090d
97b2387db93c
97b2a1a3b24d
97b30ac9f440
97b373f07f15
97b3dd1752ce
97b4463e6f69
97b4af65d4e7
97b5188d8348
97b581b57a8d
97b5eaddbab5
97b6540643c1
97b6bd2f15b1
97b726583085
97b78f81943e
97b7f8ab40db
97b861d5365d
97b8caff74c4
97b93429fc10
97b99d54cc41
97ba067fe558
97ba6fab4755
97bad8d6f238
97bb4202e601
97bbab2f22b0
97bc145ba846
97bc7d8876c3
97bce6b58e26
97bd4fe2ee71
97bdb91097a3
97be223e89bd
97be8b6cc4be
97bef49b48a7
97bf5dca1579
97bfc6f92b33
97c0302889d5
97c099583160
97c1028821d4
97c16bb85b31
97c1d4e8dd78
97c23e19a8a7
97c2a74abcc1
97c3107c19c5
97c379adbfb2
97c3e2dfae8a
97c44c11e64d
97c4b54466fa
97c51e773092
97c587aa4315
97c5f0dd9e84
97c65a1142de
97c6c3453023
97c72c796655
97c795ade573
97c7fee2ad7d
97c86817be73
97c8d14d1856
97c93a82bb26
97c9a3b8a6e3
97ca0ceedb8d
97ca76255925
97cadf5c1faa
97cb48932f1e
97cbb1ca877f
97cc1b0228cf
97cc843a130d
97cced72463a
97cd56aac255
97cdbfe38760
97ce291c955a
97ce9255ec43
97cefb8f8c1c
97cf64c974e5
97cfce03a69d
97d0373e2146
97d0a078e4e0
97d109b3f16a
97d172ef46e5
97d1dc2ae551
97d24566ccae
97d2aea2fcfd
97d317df763d
97d3811c386f
97d3ea594393
97d4539697a9
97d4bcd434b2
97d526121aad
97d58f50499b
97d5f88ec17c
97d661cd8250
97d6cb0c8c18
97d7344bded3
97d79d8b7a82
97d806cb5f25
97d8700b8cbc
97d8d94c0348
97d9428cc2c8
97d9abcdcb3d
97da150f1ca7
97da7e50b706
97dae7929a5a
97db50d4c6a4
97dbba173be4
97dc2359fa19
97dc8c9d0145
97dcf5e05168
97dd5f23ea80
97ddc867cc90
97de31abf796
97de9af06b94
97df04352889
97df6d7a2e75
97dfd6bf7d59
97e040051536
97e0a94af60a
97e112911fd7
97e17bd7929c
97e1e51e4e5a
97e24e655310
97e2b7aca0c0
97e320f4376a
97e38a3c170c
97e3f3843fa9
97e45cccb13f
97e4c6156bd0
97e52f5e6f5a
97e598a7bbe0
97e601f15160
97e66b3b2fdb
97e6d4855751
97e73dcfc7c2
97e7a71a812f
97e810658397
97e879b0cefc
97e8e2fc635c
97e94c4840b9
97e9b5946712
97ea1ee0d668
97ea882d8ebb
97eaf17a900b
97eb5ac7da58
97ebc4156da2
97ec2d6349ea
97ec96b16f31
97ecffffdd75
97ed694e94b7
97edd29d94f8
97ee3becde38
97eea53c7076
97ef0e8c4bb3
97ef77dc6ff0
97efe12cdd2c
97f04a7d9368
97f0b3ce92a4
97f11d1fdadf
97f186716c1b
97f1efc34658
97f259156995
97f2c267d5d2
97f32bba8b11
97f3950d8951
97f3fe60d093
97f467b460d6
97f4d1083a1b
97f53a5c5c62
97f5a3b0c7ab
97f60d057bf6
97f6765a7944
97f6dfafbf95
97f749054ee9
97f7b25b2740
97f81bb1489b
97f88507b2f9
97f8ee5e665b
97f957b562c1
97f9c10ca82b
97fa2a64369a
97fa93bc0e0d
97fafd142e84
97fb666c9801
97fbcfc54a83
97fc391e460b
97fca2778a98
97fd0bd1182a
97fd752aeec3
97fdde850e62
97fe47df7707
97feb13a28b3
97ff1a952366
97ff83f0671f
97ffed4bf3e0
980056a7c9a8
9800c003e878
98012960504f
980192bd012e
9801fc19fb16
980265773e05
9802ced4c9fe
980338329eff
9803a190bd09
98040aef241c
9804744dd438
9804ddaccd5e
9805470c0f8e
9805b06b9ac7
980619cb6f0b
9806832b8c59
9806ec8bf2b2
980755eca215
9807bf4d9a83
980828aedbfd
980892106681
9808fb723a11
980964d456ad
9809ce36bc55
980a37996b09
980aa0fc62c9
980b0a5fa395
980b73c32d6f
980bdd270055
980c468b1c48
980cafef8149
980d19542f57
980d82b92672
980dec1e669c
980e5583efd4
980ebee9c21a
980f284fdd6e
980f91b641d1
980ffb1cef43
98106483e5c4
9810cdeb2554
98113752adf4
9811a0ba7fa4
98120a229a63
9812738afe32
9812dcf3ab12
9813465ca102
9813afc5e003
9814192f6814
981482993937
9814ec03536a
9815556db6b0
9815bed86307
98162843586f
981691ae96ea
9816fb1a1e77
98176485ef17
9817cdf208c9
9818375e6b8d
9818a0cb1765
98190a380c50
981973a54a4f
9819dd12d161
981a4680a187
981aafeebac1
981b195d1d0f
981b82cbc872
981bec3abce9
981c55a9fa75
981cbf198116
981d288950cc
981d91f96998
981dfb69cb79
981e64da7670
981ece4b6a7d
981f37bca7a0
981fa12e2dda
98200a9ffd2a
982074121591
9820dd84770f
982146f721a4
9821b06a1550
982219dd5214
98228350d7f0
9822ecc4a6e4
98235638bef0
9823bfad2014
98242921ca51
98249296bda6
9824fc0bfa15
982565817f9d
9825cef74e3e
9826386d65f9
9826a1e3c6cd
98270b5a70bb
982774d163c4
9827de489fe7
982847c02524
9828b137f37c
98291ab00aef
982984286b7d
9829eda11527
982a571a07ec
982ac09343cd
982b2a0cc8c9
982b938696e2
982bfd00ae17
982c667b0e69
982ccff5b7d8
982d3970aa63
982da2ebe60b
982e0c676ad1
982e75e338b4
982edf5f4fb5
982f48dbafd4
982fb2585911
98301bd54b6c
9830855286e6
9830eed00b7f
9831584dd936
9831c1cbf00d
98322b4a5002
983294c8f918
9832fe47eb4d
983367c726a2
9833d146ab17
98343ac678ac
9834a4468f61
98350dc6ef38
98357747982f
9835e0c88a47
98364a49c581
9836b3cb49dc
98371d4d1759
983786cf2df7
9837f0518db8
983859d4369b
9838c35728a1
98392cda63c9
9839965de814
9839ffe1b582
983a6965cc13
983ad2ea2bc7
983b3c6ed4a0
983ba5f3c69c
983c0f7901bc
983c78fe8601
983ce284536a
983d4c0a69f7
983db590c9aa
983e1f177281
983e889e647e
983ef2259fa0
983f5bad23e7
983fc534f155
98402ebd07e9
9840984567a2
984101ce1083
98416b570289
9841d4e03db7
98423e69c20c
9842a7f38f88
9843117da62b
98437b0805f6
9843e492aee9
98444e1da103
9844b7a8dc46
9845213460b2
98458ac02e46
9845f44c4502
98465dd8a4e8
9846c7654df7
984730f2402f
98479a7f7b91
9848040d001d
98486d9acdd3
9848d728e4b3
984940b744bd
9849aa45edf2
984a13d4e051
984a7d641bdc
984ae6f3a092
984b50836e73
984bba138580
984c23a3e5b8
984c8d348f1d
984cf6c581ad
984d6056bd6a
984dc9e84254
984e337a106a
984e9d0c27ae
984f069e881e
984f703131bc
984fd9c42487
985043576080
9850aceae5a7
9851167eb3fd
98518012cb80
9851e9a72c32
9852533bd613
9852bcd0c923
985326660562
98538ffb8ad0
9853f991596e
98546327713c
9854ccbdd239
985536547c67
98559feb6fc5
98560982ac53
9856731a3212
9856dcb20102
9857464a1923
9857afe27a76
9858197b24fa
9858831418b0
9858ecad5598
98595646dbb1
9859bfe0aafd
985a297ac37c
985a9315252d
985afcafd012
985b664ac429
985bcfe60174
985c398187f2
985ca31d57a3
985d0cb97089
985d7655d2a3
985ddff27df1
985e498f7274
985eb32cb02b
985f1cca3717
985f86680738
985ff006208f
986059a4831b
9860c3432edd
98612ce223d4
986196816202
98620020e966
986269c0ba00
9862d360d3d1
98633d0136d9
9863a6a1e318
98641042d88f
986479e4173c
9864e3859f22
98654d27703f
9865b6c98a94
9866206bee22
98668a0e9ae8
9866f3b190e7
98675d54d01e
9867c6f8588f
9868309c2a38
98689a40451c
986903e4a939
98696d89568f
9869d72e4d20
986a40d38ceb
986aaa7915f1
986b141ee831
986b7dc503ac
986be76b6862
986c51121653
986cbab90d80
986d24604de8
986d8e07d78c
986df7afaa6c
986e6157c688
986ecb002be1
986f34a8da77
986f9e51d249
987007fb1358
987071a49da4
9870db4e712e
987144f88df6
9871aea2f3fb
9872184da33e
987281f89bc0
9872eba3dd7f
9873554f687e
9873befb3cbb
987428a75a37
98749253c0f3
9874fc0070ee
987565ad6a28
9875cf5aaca3
98763908385d
9876a2b60d57
98770c642b92
98777612930d
9877dfc143ca
987849703dc7
9878b31f8105
98791ccf0d85
9879867ee346
9879f02f0249
987a59df6a8e
987ac3901c15
987b2d4116df
987b96f25aeb
987c00a3e83a
987c6a55becc
987cd407dea1
987d3dba47b9
987da76cfa15
987e111ff5b5
987e7ad33a99
987ee486c8c1
987f4e3aa02d
987fb7eec0dd
988021a32ad3
98808b57de0d
9880f50cda8d
98815ec22052
9881c877af5c
9882322d87ad
98829be3a943
9883059a141f
98836f50c842
9883d907c5ab
988442bf0c5b
9884ac769c52
9885162e7590
98857fe69815
9885e99f03e2
98865357b8f6
9886bd10b753
988726c9fef7
988790838fe4
9887fa3d6a1a
988863f78d98
9888cdb1fa5f
9889376cb06f
9889a127afc9
988a0ae2f86c
988a749e8a58
988ade5a658f
988b48168a10
988bb1d2f7db
988c1b8faef0
988c854caf51
988cef09f8fc
988d58c78bf2
988dc2856834
988e2c438dc1
988e9601fc99
988effc0b4be
988f697fb62f
988fd33f00ec
98903cfe94f5
9890a6be724c
9891107e98ef
98917a3f08df
9891e3ffc21c
98924dc0c4a7
9892b7821080
98932143a5a6
98938b05841b
9893f4c7abde
98945e8a1cef
9894c84cd74f
9895320fdafe
98959bd327fc
98960596be49
98966f5a9de6
9896d91ec6d2
989742e3390e
9897aca7f49b
9898166cf977
9898803247a4
9898e9f7df22
989953bdbff0
9899bd83ea10
989a274a5d81
989a91111a43
989afad82057
989b649f6fbc
989bce670874
989c382eea7e
989ca1f715db
989d0bbf8a8a
989d7588488c
989ddf514fe1
989e491aa089
989eb2e43a85
989f1cae1dd4
989f86784a77
989ff042c06e
98a05a0d7fba
98a0c3d8885a
98a12da3da4e
98a1976f7597
98a2013b5a36
98a26b078829
98a2d4d3ff72
98a33ea0c011
98a3a86dca05
98a4123b1d50
98a47c08b9f0
98a4e5d69fe7
98a54fa4cf35
98a5b97347d9
98a6234209d5
98a68d111528
98a6f6e069d2
98a760b007d3
98a7ca7fef2d
98a834501fde
98a89e2099e8
98a907f15d4a
98a971c26a05
98a9db93c019
98aa45655f85
98aaaf37484b
98ab19097a6a
98ab82dbf5e3
98abecaebab5
98ac5681c8e2
98acc0552068
98ad2a28c149
98ad93fcab85
98adfdd0df1b
98ae67a55c0d
98aed17a2259
98af3b4f3201
98afa5248b05
98b00efa2d64
98b078d0191f
98b0e2a64e37
98b14c7cccab
98b1b653947b
98b2202aa5a8
98b28a020032
98b2f3d9a41a
98b35db1915e
98b3c789c801
98b431624801
98b49b3b115f
98b50514241b
98b56eed8035
98b5d8c725ae
98b642a11486
98b6ac7b4cbd
98b71655ce53
98b780309948
98b7ea0bad9d
98b853e70b51
98b8bdc2b266
98b9279ea2db
98b9917adcb0
98b9fb575fe5
98ba65342c7b
98bacf114273
98bb38eea1cb
98bba2cc4a85
98bc0caa3ca0
98bc7688781d
98bce066fcfc
98bd4a45cb3d
98bdb424e2e0
98be1e0443e6
98be87e3ee4f
98bef1c3e21b
98bf5ba41f49
98bfc584a5db
98c02f6575d1
98c099468f2a
98c10327f1e7
98c16d099e09
98c1d6eb938e
98c240cdd279
98c2aab05ac7
98c314932c7b
98c37e764794
98c3e859ac12
98c4523d59f6
98c4bc215140
98c5260591ef
98c58fea1c04
98c5f9ceef80
98c663b40c63
98c6cd9972ac
98c7377f225b
98c7a1651b72
98c80b4b5df1
98c87531e9d6
98c8df18bf24
98c948ffddd9
98c9b2e745f7
98ca1ccef77d
98ca86b6f26b
98caf09f36c2
98cb5a87c482
98cbc4709bab
98cc2e59bc3d
98cc98432639
98cd022cd99e
98cd6c16d66d
98cdd6011ca7
98ce3febac4a
98cea9d68558
98cf13c1a7d1
98cf7dad13b5
98cfe798c904
98d05184c7be
98d0bb710fe3
98d1255da175
98d18f4a7c72
98d1f937a0db
98d263250eb0
98d2cd12c5f2
98d33700c6a1
98d3a0ef10bc
98d40adda444
98d474cc813a
98d4debba79d
98d548ab176e
98d5b29ad0ad
98d61c8ad35a
98d6867b1f75
98d6f06bb4fe
98d75a5c93f7
98d7c44dbc5e
98d82e3f2e34
98d89830e979
98d90222ee2e
98d96c153c52
98d9d607d3e6
98da3ffab4eb
98daa9eddf5f
98db13e15344
98db7dd5109a
98dbe7c91760
98dc51bd6798
98dcbbb20141
98dd25a6e45b
98dd8f9c10e7
98ddf99186e5
98de63874654
98decd7d4f36
98df3773a18b
98dfa16a3d52
98e00b61228c
98e075585138
98e0df4fc959
98e149478aec
98e1b33f95f3
98e21d37ea6e
98e28730885d
98e2f1296fc1
98e35b22a098
98e3c51c1ae5
98e42f15dea6
98e4990febdc
98e5030a4287
98e56d04e2a8
98e5d6ffcc3e
98e640faff4b
98e6aaf67bcd
98e714f241c5
98e77eee5134
98e7e8eaaa19
98e852e74c76
98e8bce43849
98e926e16d93
98e990deec55
98e9fadcb48f
98ea64dac640
98eaced92169
98eb38d7c60b
98eba2d6b425
98ec0cd5ebb7
98ec76d56cc3
98ece0d53747
98ed4ad54b44
98edb4d5a8bb
98ee1ed64fac
98ee88d74016
98eef2d879fa
98ef5cd9fd59
98efc6dbca32
98f030dde085
98f09ae04053
98f104e2e99c
98f16ee5dc61
98f1d8e918a1
98f242ec9e5c
98f2acf06d93
98f316f48646
98f380f8e876
98f3eafd9421
98f45502894a
98f4bf07c7ef
98f5290d5011
98f5931321b0
98f5fd193ccc
98f6671fa167
98f6d1264f7f
98f73b2d4714
98f7a5348829
98f80f3c12bb
98f87943e6cc
98f8e34c045c
98f94d546b6a
98f9b75d1bf8
98fa21661606
98fa8b6f5992
98faf578e69f
98fb5f82bd2c
98fbc98cdd38
98fc339746c5
98fc9da1f9d3
98fd07acf661
98fd71b83c71
98fddbc3cc01
98fe45cfa513
98feafdbc7a7
98ff19e833bc
98ff83f4e953
98ffee01e86c
9900580f3108
9900c21cc326
99012c2a9ec7
99019638c3eb
990200473292
99026a55eabc
9902d464ec6a
99033e74379c
9903a883cc51
99041293aa8b
99047ca3d249
9904e6b4438c
990550c4fe53
9905bad6029f
990624e75071
99068ef8e7c7
9906f90ac8a4
9907631cf306
9907cd2f66ee
99083742245c
9908a1552b50
99090b687bcb
9909757c15cd
9909df8ff955
990a49a42665
990ab3b89cfc
990b1dcd5d1b
990b87e266c1
990bf1f7b9ef
990c5c0d56a6
990cc6233ce4
990d30396cab
990d9a4fe5fb
990e0466a8d4
990e6e7db536
990ed8950b21
990f42acaa96
990facc49395
991016dcc61d
991080f54230
9910eb0e07cd
9911552716f4
9911bf406fa6
9912295a11e3
99129373fdab
9912fd8e32fe
991367a8b1dd
9913d1c37a48
99143bde8c3e
9914a5f9e7c1
991510158cd0
99157a317b6b
9915e44db394
99164e6a3549
9916b887008b
991722a4155a
99178cc173b7
9917f6df1ba2
991860fd0d1a
9918cb1b4821
99193539ccb6
99199f589ad9
991a0977b28b
991a739713cc
991addb6be9c
991b47d6b2fc
991bb1f6f0eb
991c1c177869
991c86384978
991cf0596416
991d5a7ac845
991dc49c7604
991e2ebe6d54
991e98e0ae35
991f030338a7
991f6d260cab
991fd7492a3f
9920416c9166
9920ab90421e
992115b43c68
99217fd88045
9921e9fd0db4
99225421e4b6
9922be47054b
9923286c6f73
99239292232e
9923fcb8207c
992466de675e
9924d104f7d4
99253b2bd1df
9925a552f57d
99260f7a62b0
992679a21977
9926e3ca19d4
99274df263c5
9927b81af74c
99282243d468
99288c6cfb1a
9928f6966b62
992960c02540
9929caea28b4
992a351475be
992a9f3f0c60
992b0969ec98
992b73951667
992bddc089cd
992c47ec46cb
992cb2184d61
992d1c449d8e
992d86713753
992df09e1ab1
992e5acb47a7
992ec4f8be36
992f2f267e5e
992f9954881e
99300382db78
99306db1786c
9930d7e05ef9
9931420f8f20
9931ac3f08e1
9932166ecc3c
9932809ed931
9932eacf2fc2
993354ffcfed
9933bf30b9b3
99342961ed15
993493936a11
9934fdc530aa
993567f740de
9935d2299aaf
99363c5c3e1b
9936a68f2b24
993710c261ca
99377af5e20d
9937e529abec
99384f5dbf69
9938b9921c84
993923c6c33b
99398dfbb391
9939f830ed85
993a62667117
993acc9c3e48
993b36d25517
993ba108b585
993c0b3f5f92
993c7576533e
993cdfad9089
993d49e51775
993db41ce800
993e1e55022b
993e888d65f6
993ef2c61362
993f5cff0a6f
993fc7384b1c
99403171d56a
99409baba959
994105e5c6ea
994170202e1d
9941da5adef1
99424495d968
9942aed11d80
9943190cab3b
994383488299
9943ed84a399
994457c10e3d
9944c1fdc284
99452c3ac06e
9945967807fc
994600b5992d
99466af37403
9946d531987c
99473f70069b
9947a9aebe5e
994813edbfc5
99487e2d0ad2
9948e86c9f84
994952ac7ddb
9949bceca5d8
994a272d177b
994a916dd2c3
994afbaed7b2
994b65f02648
994bd031be83
994c3a73a066
994ca4b5cbf0
994d0ef84121
994d793afff9
994de37e0879
994e4dc15aa1
994eb804f671
994f2248dbe9
994f8c8d0b09
994ff6d183d2
995061164644
9950cb5b525f
995135a0a823
99519fe64790
99520a2c30a7
995274726368
9952deb8dfd3
995348ffa5e8
9953b346b5a7
99541d8e0f11
995487d5b226
9954f21d9ee6
99555c65d551
9955c6ae5567
995630f71f29
99569b403297
995705898fb1
99576fd33677
9957da1d26e9
995844676108
9958aeb1e4d4
995918fcb24d
99598347c973
9959ed932a46
995a57ded4c7
995ac22ac8f5
995b2c7706d2
995b96c38e5d
995c01105f96
995c6b5d7a7e
995cd5aadf15
995d3ff88d5a
995daa46854f
995e1494c6f3
995e7ee35247
995ee932274b
995f538145fe
995fbdd0ae62
996028206076
996092705c3b
9960fcc0a1b0
9961671130d7
9961d16209ae
99623bb32c37
9962a6049872
996310564e5e
99637aa84dfd
9963e4fa974d
99644f4d2a50
9964b9a00706
996523f32d6e
99658e469d89
9965f89a5758
996662ee5ad9
9966cd42a80f
996737973ef8
9967a1ec1f95
99680c4149e6
99687696bdec
9968e0ec7ba6
99694b428315
9969b598d439
996a1fef6f12
996a8a4653a1
996af49d81e5
996b5ef4f9df
996bc94cbb8f
996c33a4c6f5
996c9dfd1c11
996d0855bae4
996d72aea36e
996ddd07d5ae
996e476151a6
996eb1bb1756
996f1c1526bc
996f866f7fdb
996ff0ca22b1
99705b250f40
9970c5804587
99712fdbc587
99719a378f3f
99720493a2b1
99726eefffdb
9972d94ca6bf
997343a9975c
9973ae06d1b4
9974186455c5
997482c22390
9974ed203b16
9975577e9c56
9975c1dd4751
99762c3c3c07
9976969b7a78
997700fb02a5
99776b5ad48d
9977d5baf031
9978401b5590
9978aa7c04ac
997914dcfd84
99797f3e4019
9979e99fcc6b
997a5401a27a
997abe63c245
997b28c62bce
997b9328df15
997bfd8bdc19
997c67ef22dc
997cd252b35c
997d3cb68d9b
997da71ab198
997e117f1f55
997e7be3d6d0
997ee648d80a
997f50ae2304
997fbb13b7bd
998025799636
99808fdfbe6e
9980fa463067
998164acec21
9981cf13f19b
9982397b40d5
9982a3e2d9d1
99830e4abc8e
998378b2e90c
9983e31b5f4c
99844d841f4d
9984b7ed2910
998522567c96
99858cc019de
9985f72a00e8
9986619431b5
9986cbfeac46
998736697099
9987a0d47eaf
99880b3fd68a
998875ab7828
9988e0176389
99894a8398af
9989b4f0179a
998a1f5ce049
998a89c9f2bc
998af4374ef5
998b5ea4f4f2
998bc912e4b6
998c33811e3e
998c9defa18d
998d085e6ea1
998d72cd857b
998ddd3ce61c
998e47ac9083
998eb21c84b1
998f1c8cc2a6
998f86fd4a63
998ff16e1be6
99905bdf3731
9990c6509c44
999130c24b1f
99919b3443c1
999205a6862d
999270191260
9992da8be85d
999344ff0822
9993af7271b1
999419e62509
9994845a222a
9994eece6915
99955942f9ca
9995c3b7d44a
99962e2cf893
999698a266a7
999703181e86
99976d8e2030
9997d8046ba5
9998427b00e5
9998acf1dff1
9999176908c9
999981e07b6c
9999ec5837dc
999a56d03e18
999ac1488e20
999b2bc127f6
999b963a0b98
999c00b33907
999c6b2cb044
999cd5a6714e
999d40207c26
999daa9ad0cc
999e15156f40
999e7f905782
999eea0b8993
999f54870572
999fbf02cb21
99a0297eda9f
99a093fb33ec
99a0fe77d708
99a168f4c3f4
99a1d371fab1
99a23def7b3d
99a2a86d459a
99a312eb59c7
99a37d69b7c5
99a3e7e85f93
99a452675133
99a4bce68ca5
99a5276611e8
99a591e5e0fc
99a5fc65f9e3
99a666e65c9b
99a6d1670926
99a73be7ff84
99a7a6693fb4
99a810eac9b7
99a87b6c9d8e
99a8e5eebb37
99a9507122b4
99a9baf3d405
99aa2576cf2a
99aa8ffa1423
99aafa7da2f1
99ab65017b92
99abcf859e09
99ac3a0a0a54
99aca48ec075
99ad0f13c06b
99ad79990a36
99ade41e9dd8
99ae4ea47b4f
99aeb92aa29c
99af23b113c0
99af8e37ceba
99aff8bed38b
99b063462232
99b0cdcdbab1
99b138559d08
99b1a2ddc935
99b20d663f3b
99b277eeff18
99b2e27808ce
99b34d015c5c
99b3b78af9c2
99b42214e101
99b48c9f121a
99b4f7298d0b
99b561b451d5
99b5cc3f6079
99b636cab8f7
99b6a1565b4f
99b70be24781
99b7766e7d8d
99b7e0fafd74
99b84b87c735
99b8b614dad1
99b920a23849
99b98b2fdf9c
99b9f5bdd0ca
99ba604c0bd4
99bacada90ba
99bb35695f7c
99bb9ff8781b
99bc0a87da96
99bc751786ee
99bcdfa77d22
99bd4a37bd34
99bdb4c84723
99be1f591af0
99be89ea389a
99bef47ba023
99bf5f0d5189
99bfc99f4cce
99c0343191f1
99c09ec420f3
99c10956f9d4
99c173ea1c94
99c1de7d8933
99c249113fb2
99c2b3a54011
99c31e398a50
99c388ce1e6e
99c3f362fc6d
99c45df8244d
99c4c88d960d
99c5332351af
99c59db95731
99c6084fa695
99c672e63fda
99c6dd7d2301
99c74814500a
99c7b2abc6f5
99c81d4387c2
99c887db9272
99c8f273e704
99c95d0c857a
99c9c7a56dd3
99ca323ea00f
99ca9cd81c2e
99cb0771e231
99cb720bf219
99cbdca64be4
99cc4740ef94
99ccb1dbdd28
99cd1c7714a1
99cd871295fe
99cdf1ae6141
99ce5c4a766a
99cec6e6d577
99cf31837e6b
99cf9c207144
99d006bdae04
99d0715b34aa
99d0dbf90536
99d146971faa
99d1b1358404
99d21bd43245
99d286732a6e
99d2f1126c7e
99d35bb1f876
99d3c651ce55
99d430f1ee1d
99d49b9257ce
99d506330b66
99d570d408e8
99d5db755052
99d64616e1a6
99d6b0b8bce3
99d71b5ae209
99d785fd5119
99d7f0a00a13
99d85b430cf8
99d8c5e659c6
99d93089f07f
99d99b2dd123
99da05d1fbb2
99da7076702c
99dadb1b2e91
99db45c036e2
99dbb065891e
99dc1b0b2547
99dc85b10b5b
99dcf0573b5c
99dd5afdb54a
99ddc5a47924
99de304b86eb
99de9af2de9f
99df059a8041
99df70426bd0
99dfdaeaa14d
99e0459320b7
99e0b03bea10
99e11ae4fd58
99e1858e5a8d
99e1f03801b2
99e25ae1f2c5
99e2c58c2dc8
99e33036b2ba
99e39ae1819b
99e4058c9a6d
99e47037fd2e
99e4dae3a9df
99e5458fa081
99e5b03be113
99e61ae86b96
99e68595400a
99e6f0425e6f
99e75aefc6c5
99e7c59d790d
99e8304b7546
99e89af9bb72
99e905a84b90
99e9705725a0
99e9db0649a2
99ea45b5b797
99eab0656f80
99eb1b15715b
99eb85c5bd2a
99ebf07652ec
99ec5b2732a2
99ecc5d85c4c
99ed3089cfea
99ed9b3b8d7c
99ee05ed9503
99ee709fe67f
99eedb5281f0
99ef46056755
99efb0b896b1
99f01b6c1001
99f0861fd348
99f0f0d3e084
99f15b8837b7
99f1c63cd8df
99f230f1c3ff
99f29ba6f915
99f3065c7822
99f371124126
99f3dbc85422
99f4467eb115
99f4b1355800
99f51bec48e3
99f586a383be
99f5f15b0891
99f65c12d75d
99f6c6caf022
99f7318352df
99f79c3bff96
99f806f4f646
99f871ae36ef
99f8dc67c193
99f947219630
99f9b1dbb4c8
99fa1c961d59
99fa8750cfe6
99faf20bcc6d
99fb5cc712ef
99fbc782a36c
99fc323e7de5
99fc9cfaa259
99fd07b710c9
99fd7273c934
99fddd30cb9c
99fe47ee1801
99feb2abae62
99ff1d698ebf
99ff8827b91a
99fff2e62d72
9a005da4ebc7
9a00c863f419
9a013323466a
9a019de2e2b8
9a0208a2c905
9a027362f950
9a02de237399
9a0348e437e1
9a03b3a54628
9a041e669e6f
9a04892840b4
9a04f3ea2cf9
9a055eac633e
9a05c96ee383
9a063431adc9
9a069ef4c20e
9a0709b82054
9a07747bc89b
9a07df3fbae3
9a084a03f72b
9a08b4c87d76
9a091f8d4dc2
9a098a52680f
9a09f517cc5f
9a0a5fdd7ab0
9a0acaa37305
9a0b3569b55b
9a0ba03041b5
9a0c0af71811
9a0c75be3871
9a0ce085a2d3
9a0d4b4d573a
9a0db61555a4
9a0e20dd9e12
9a0e8ba63085
9a0ef66f0cfc
9a0f61383377
9a0fcc01a3f7
9a1036cb5e7c
9a10a1956306
9a110c5fb196
9a11772a4a2b
9a11e1f52cc6
9a124cc05967
9a12b78bd00e
9a13225790bb
9a138d239b6f
9a13f7eff02a
9a1462bc8eec
9a14cd8977b5
9a153856aa85
9a15a324275d
9a160df1ee3d
9a1678bfff24
9a16e38e5a14
9a174e5cff0c
9a17b92bee0d
9a1823fb2717
9a188ecaaa29
9a18f99a7745
9a19646a8e6a
9a19cf3aef99
9a1a3a0b9ad1
9a1aa4dc9014
9a1b0fadcf60
9a1b7a7f58b7
9a1be5512c19
9a1c50234985
9a1cbaf5b0fd
9a1d25c8627f
9a1d909b5e0d
9a1dfb6ea3a6
9a1e6642334c
9a1ed1160cfd
9a1f3bea30ba
9a1fa6be9e84
9a201193565b
9a207c68583e
9a20e73da42e
9a2152133a2b
9a21bce91a36
9a2227bf444f
9a229295b875
9a22fd6c76a9
9a2368437eeb
9a23d31ad13c
9a243df26d9b
9a24a8ca5409
9a2513a28486
9a257e7aff13
9a25e953c3ae
9a26542cd25a
9a26bf062b15
9a2729dfcde0
9a2794b9babb
9a27ff93f1a7
9a286a6e72a3
9a28d5493db0
9a29402452ce
9a29aaffb1fd
9a2a15db5b3e
9a2a80b74e90
9a2aeb938bf4
9a2b5670136a
9a2bc14ce4f3
9a2c2c2a008d
9a2c9707663b
9a2d01e515fb
9a2d6cc30fce
9a2dd7a153b4
9a2e427fe1ae
9a2ead5eb9bb
9a2f183ddbdc
9a2f831d4811
9a2fedfcfe5a
9a3058dcfeb8
9a30c3bd492a
9a312e9dddb1
9a31997ebc4e
9a32045fe4ff
9a326f4157c6
9a32da2314a2
9a3345051b94
9a33afe76c9c
9a341aca07bb
9a3485acecf0
9a34f0901c3b
9a355b73959d
9a35c6575917
9a36313b66a7
9a369c1fbe4f
9a370704600e
9a3771e94be6
9a37dcce81d5
9a3847b401dd
9a38b299cbfd
9a391d7fe035
9a3988663e87
9a39f34ce6f1
9a3a5e33d975
9a3ac91b1612
9a3b34029cc9
9a3b9eea6d99
9a3c09d28884
9a3c74baed88
9a3cdfa39ca8
9a3d4a8c95e1
9a3db575d936
9a3e205f66a6
9a3e8b493e31
9a3ef6335fd7
9a3f611dcb99
9a3fcc088177
9a4036f38171
9a40a1decb87
9a410cca5fb9
9a4177b63e08
9a41e2a26674
9a424d8ed8fd
9a42b87b95a4
9a4323689c67
9a438e55ed49
9a43f9438848
9a4464316d65
9a44cf1f9ca0
9a453a0e15fa
9a45a4fcd973
9a460febe70a
9a467adb3ec1
9a46e5cae096
9a4750bacc8b
9a47bbab02a0
9a48269b82d4
9a48918c4d29
9a48fc7d619e
9a49676ec033
9a49d26068e9
9a4a3d525bc0
9a4aa84498b8
9a4b13371fd1
9a4b7e29f10b
9a4be91d0c68
9a4c541071e6
9a4cbf042186
9a4d29f81b48
9a4d94ec5f2d
9a4dffe0ed34
9a4e6ad5c55f
9a4ed5cae7ac
9a4f40c0541d
9a4fabb60ab1
9a5016ac0b68
9a5081a25644
9a50ec98eb44
9a51578fca68
9a51c286f3b0
9a522d7e671d
9a52987624af
9a53036e2c66
9a536e667e42
9a53d95f1a44
9a544458006b
9a54af5130b8
9a551a4aab2c
9a5585446fc5
9a55f03e7e85
9a565b38d76c
9a56c6337a79
9a57312e67ae
9a579c299f0a
9a580725208d
9a587220ec38
9a58dd1d020b
9a5948196206
9a59b3160c29
9a5a1e130075
9a5a89103eea
9a5af40dc787
9a5b5f0b9a4d
9a5bca09b73d
9a5c35081e56
9a5ca006cf99
9a5d0b05cb06
9a5d7605109c
9a5de104a05d
9a5e4c047a49
9a5eb7049e5f
9a5f22050ca0
9a5f8d05c50d
9a5ff806c7a4
9a6063081467
9a60ce09ab56
9a61390b8c70
9a61a40db7b7
9a620f102d2a
9a627a12ecc9
9a62e515f695
9a6350194a8e
9a63bb1ce8b5
9a642620d108
9a6491250389
9a64fc298037
9a65672e4714
9a65d233581f
9a663d38b357
9a66a83e58bf
9a6713444855
9a677e4a821a
9a67e951060e
9a685457d431
9a68bf5eec84
9a692a664f07
9a69956dfbba
9a6a0075f29c
9a6a6b7e33af
9a6ad686bef3
9a6b418f9467
9a6bac98b40c
9a6c17a21de2
9a6c82abd1e9
9a6cedb5d023
9a6d58c0188d
9a6dc3caab2a
9a6e2ed587f9
9a6e99e0aefa
9a6f04ec202d
9a6f6ff7db94
9a6fdb03e12d
9a70461030f9
9a70b11ccaf9
9a711c29af2c
9a718736dd93
9a71f244562e
9a725d5218fd
9a72c8602600
9a73336e7d38
9a739e7d1ea5
9a74098c0a46
9a74749b401d
9a74dfaac029
9a754aba8a6a
9a75b5ca9ee1
9a7620dafd8e
9a768beba672
9a76f6fc998b
9a77620dd6dc
9a77cd1f5e62
9a7838313020
9a78a3434c15
9a790e55b242
9a79796862a5
9a79e47b5d41
9a7a4f8ea214
9a7abaa23120
9a7b25b60a64
9a7b90ca2de1
9a7bfbde9b96
9a7c66f35384
9a7cd20855ac
9a7d3d1da20d
9a7da83338a7
9a7e1349197b
9a7e7e5f4489
9a7ee975b9d1
9a7f548c7954
9a7fbfa38311
9a802abad709
9a8095d2753b
9a8100ea5da9
9a816c029053
9a81d71b0d38
9a824233d458
9a82ad4ce5b5
9a831866414e
9a83837fe723
9a83ee99d734
9a8459b41183
9a84c4ce960e
9a852fe964d7
9a859b047ddd
9a86061fe120
9a86713b8ea2
9a86dc578661
9a874773c85e
9a87b290549a
9a881dad2b15
9a8888ca4bce
9a88f3e7b6c6
9a895f056bfd
9a89ca236b74
9a8a3541b52a
9a8aa0604921
9a8b0b7f2757
9a8b769e4fcd
9a8be1bdc284
9a8c4cdd7f7b
9a8cb7fd86b3
9a8d231dd82c
9a8d8e3e73e6
9a8df95f59e2
9a8e64808a1f
9a8ecfa2049e
9a8f3ac3c95f
9a8fa5e5d862
9a90110831a7
9a907c2ad530
9a90e74dc2fa
9a915270fb08
9a91bd947d5a
9a9228b849ee
9a9293dc60c6
9a92ff00c1e2
9a936a256d42
9a93d54a62e6
9a94406fa2cf
9a94ab952cfc
9a9516bb016e
9a9581e12025
9a95ed078921
9a96582e3c63
9a96c35539ea
9a972e7c81b7
9a9799a413ca
9a9804cbf023
9a986ff416c3
9a98db1c87aa
9a99464542d7
9a99b16e484b
9a9a1c979806
9a9a87c13209
9a9af2eb1653
9a9b5e1544e6
9a9bc93fbdc0
9a9c346a80e2
9a9c9f958e4d
9a9d0ac0e601
9a9d75ec87fd
9a9de1187443
9a9e4c44aad1
9a9eb7712ba9
9a9f229df6cb
9a9f8dcb0c37
9a9ff8f86bec
9aa0642615ec
9aa0cf540a36
9aa13a8248cb
9aa1a5b0d1ab
9aa210dfa4d6
9aa27c0ec24c
9aa2e73e2a0e
9aa3526ddc1b
9aa3bd9dd874
9aa428ce1f19
9aa493feb00a
9aa4ff2f8b48
9aa56a60b0d2
9aa5d59220a9
9aa640c3dace
9aa6abf5df3f
9aa717282dfe
9aa7825ac70b
9aa7ed8daa65
9aa858c0d80e
9aa8c3f45005
9aa92f28124a
9aa99a5c1ede
9aaa059075c1
9aaa70c516f3
9aaadbfa0274
9aab472f3845
9aabb264b865
9aac1d9a82d5
9aac88d09796
9aacf406f6a6
9aad5f3da007
9aadca7493b9
9aae35abd1bc
9aaea0e35a0f
9aaf0c1b2cb4
9aaf775349ab
9aafe28bb0f3
9ab04dc4628d
9ab0b8fd5e79
9ab12436a4b7
9ab18f703548
9ab1faaa102b
9ab265e43562
9ab2d11ea4eb
9ab33c595ec8
9ab3a79462f9
9ab412cfb17d
9ab47e0b4a54
9ab4e9472d80
9ab554835b01
9ab5bfbfd2d6
9ab62afc94ff
9ab69639a17d
9ab70176f851
9ab76cb4997a
9ab7d7f284f8
9ab84330bacc
9ab8ae6f3af6
9ab919ae0576
9ab984ed1a4c
9ab9f02c7979
9aba5b6c22fd
9abac6ac16d7
9abb31ec5509
9abb9d2cdd92
9abc086db072
9abc73aecdab
9abcdef0353b
9abd4a31e723
9abdb573e363
9abe20b629fc
9abe8bf8baee
9abef73b9639
9abf627ebbdd
9abfcdc22bda
9ac03905e631
9ac0a449eae1
9ac10f8e39ec
9ac17ad2d350
9ac1e617b70f
9ac2515ce528
9ac2bca25d9c
9ac327e8206b
9ac3932e2d96
9ac3fe74851b
9ac469bb26fc
9ac4d5021339
9ac5404949d2
9ac5ab90cac7
9ac616d89618
9ac68220abc6
9ac6ed690bd1
9ac758b1b638
9ac7c3faaafd
9ac82f43ea1f
9ac89a8d739f
9ac905d7477c
9ac9712165b8
9ac9dc6bce51
9aca47b68149
9acab3017e9f
9acb1e4cc655
9acb89985869
9acbf4e434dc
9acc60305baf
9acccb7ccce1
9acd36c98873
9acda2168e65
9ace0d63deb8
9ace78b1796a
9acee3ff5e7d
9acf4f4d8df1
9acfba9c07c6
9ad025eacbfc
9ad09139da94
9ad0fc89338d
9ad167d8d6e8
9ad1d328c4a5
9ad23e78fcc4
9ad2a9c97f45
9ad3151a4c29
9ad3806b6370
9ad3ebbcc51a
9ad4570e7127
9ad4c2606798
9ad52db2a86c
9ad5990533a3
9ad60458093f
9ad66fab293f
9ad6dafe93a4
9ad74652486d
9ad7b1a6479b
9ad81cfa912e
9ad8884f2526
9ad8f3a40383
9ad95ef92c46
9ad9ca4e9f6f
9ada35a45cfe
9adaa0fa64f4
9adb0c50b74f
9adb77a75411
9adbe2fe3b3a
9adc4e556cca
9adcb9ace8c2
9add2504af20
9add905cbfe7
9addfbb51b15
9ade670dc0ab
9aded266b0aa
9adf3dbfeb11
9adfa9196fe0
9ae014733f18
9ae07fcd58ba
9ae0eb27bcc5
9ae156826b39
9ae1c1dd6416
9ae22d38a75e
9ae298943510
9ae303f00d2b
9ae36f4c2fb2
9ae3daa89ca3
9ae4460553fe
9ae4b16255c5
9ae51cbfa1f8
9ae5881d3895
9ae5f37b199e
9ae65ed94513
9ae6ca37baf5
9ae735967b42
9ae7a0f585fc
9ae80c54db23
9ae877b47ab6
9ae8e31464b6
9ae94e749924
9ae9b9d517ff
9aea2535e148
9aea9096f4ff
9aeafbf85324
9aeb6759fbb7
9aebd2bbeeb9
9aec3e1e2c29
9aeca980b408
9aed14e38657
9aed8046a314
9aedebaa0a41
9aee570dbbde
9aeec271b7eb
9aef2dd5fe67
9aef993a8f54
9af0049f6ab2
9af070049080
9af0db6a00bf
9af146cfbb6f
9af1b235c091
9af21d9c1024
9af28902aa29
9af2f4698e9f
9af35fd0bd88
9af3cb3836e3
9af4369ffab1
9af4a20808f1
9af50d7061a4
9af578d904ca
9af5e441f264
9af64fab2a71
9af6bb14acf2
9af7267e79e7
9af791e89150
9af7fd52f32d
9af868bd9f7f
9af8d4289645
9af93f93d781
9af9aaff6331
9afa166b3957
9afa81d759f2
9afaed43c504
9afb58b07a8b
9afbc41d7a88
9afc2f8ac4fb
9afc9af859e6
9afd06663946
9afd71d4631e
9afddd42d76d
9afe48b19633
9afeb4209f71
9aff1f8ff327
9aff8aff9154
9afff66f79fa
9b0061dfad18
9b00cd502aaf
9b0138c0f2be
9b01a4320547
9b020fa36248
9b027b1509c3
9b02e686fbb8
9b0351f93826
9b03bd6bbf0e
9b0428de9070
9b049451ac4d
9b04ffc512a4
9b056b38c376
9b05d6acbec4
9b064221048c
9b06ad9594cf
9b07190a6f8f
9b07847f94ca
9b07eff50481
9b085b6abeb4
9b08c6e0c363
9b0932571290
9b099dcdac38
9b0a0944905e
9b0a74bbbf02
9b0ae0333822
9b0b4baafbc0
9b0bb72309dc
9b0c229b6276
9b0c8e14058e
9b0cf98cf325
9b0d65062b3a
9b0dd07fadce
9b0e3bf97ae1
9b0ea7739273
9b0f12edf485
9b0f7e68a116
9b0fe9e39827
9b10555ed9b8
9b10c0da65ca
9b112c563c5b
9b1197d25d6e
9b12034ec901
9b126ecb7f15
9b12da487fab
9b1345c5cac2
9b13b143605a
9b141cc14074
9b14883f6b11
9b14f3bde030
9b155f3c9fd1
9b15cabba9f4
9b16363afe9b
9b16a1ba9dc5
9b170d3a8771
9b1778babba2
9b17e43b3a56
9b184fbc038e
9b18bb3d1749
9b1926be758a
9b1992401e4e
9b19fdc21197
9b1a69444f66
9b1ad4c6d7b9
9b1b4049aa91
9b1babccc7ef
9b1c17502fd3
9b1c82d3e23c
9b1cee57df2c
9b1d59dc26a2
9b1dc560b89e
9b1e30e59521
9b1e9c6abc2b
9b1f07f02dbc
9b1f7375e9d4
9b1fdefbf074
9b204a82419b
9b20b608dd4a
9b21218fc382
9b218d16f441
9b21f89e6f8a
9b226426355a
9b22cfae45b4
9b233b36a097
9b23a6bf4603
9b24124835f9
9b247dd17078
9b24e95af582
9b2554e4c515
9b25c06edf33
9b262bf943db
9b269783f30e
9b27030eeccc
9b276e9a3115
9b27da25bfe9
9b2845b19949
9b28b13dbd34
9b291cca2bac
9b298856e4af
9b29f3e3e83f
9b2a5f71365c
9b2acafecf05
9b2b368cb23b
9b2ba21adffe
9b2c0da9584f
9b2c79381b2d
9b2ce4c72899
9b2d50568093
9b2dbbe6231b
9b2e27761031
9b2e930647d6
9b2efe96ca0a
9b2f6a2796cc
9b2fd5b8ae1e
9b30414a0fff
9b30acdbbc70
9b31186db370
9b3183fff500
9b31ef928121
9b325b2557d2
9b32c6b87913
9b33324be4e6
9b339ddf9b49
9b3409739c3d
9b347507e7c3
9b34e09c7dda
9b354c315e84
9b35b7c689bf
9b36235bff8c
9b368ef1bfec
9b36fa87cade
9b37661e2063
9b37d1b4c07b
9b383d4bab26
9b38a8e2e065
9b39147a6037
9b3980122a9d
9b39ebaa3f97
9b3a57429f26
9b3ac2db4948
9b3b2e743e00
9b3b9a0d7d4c
9b3c05a7072d
9b3c7140dba3
9b3cdcdafaaf
9b3d48756450
9b3db4101887
9b3e1fab1755
9b3e8b4660b8
9b3ef6e1f4b2
9b3f627dd342
9b3fce19fc6a
9b4039b67028
9b40a5532e7d
9b4110f0376a
9b417c8d8aef
9b41e82b290b
9b4253c911c0
9b42bf67450d
9b432b05c2f2
9b4396a48b70
9b4402439e86
9b446de2fc36
9b44d982a47f
9b4545229762
9b45b0c2d4de
9b461c635cf4
9b4688042fa4
9b46f3a54cee
9b475f46b4d3
9b47cae86752
9b48368a646c
9b48a22cac22
9b490dcf3e72
9b4979721b5e
9b49e51542e6
9b4a50b8b50a
9b4abc5c71ca
9b4b28007926
9b4b93a4cb1e
9b4bff4967b3
9b4c6aee4ee5
9b4cd69380b5
9b4d4238fd21
9b4daddec42b
9b4e1984d5d3
9b4e852b3218
9b4ef0d1d8fc
9b4f5c78ca7e
9b4fc820069e
9b5033c78d5d
9b509f6f5ebb
9b510b177ab9
9b5176bfe155
9b51e2689291
9b524e118e6d
9b52b9bad4e9
9b5325646604
9b53910e41c0
9b53fcb8681d
9b546862d91a
9b54d40d94b9
9b553fb89af8
9b55ab63ebd9
9b56170f875b
9b5682bb6d7f
9b56ee679e45
9b575a1419ad
9b57c5c0dfb8
9b58316df065
9b589d1b4bb4
9b5908c8f1a7
9b597476e23d
9b59e0251d76
9b5a4bd3a353
9b5ab78273d3
9b5b23318ef8
9b5b8ee0f4c0
9b5bfa90a52d
9b5c6640a03f
9b5cd1f0e5f5
9b5d3da17651
9b5da9525151
9b5e150376f7
9b5e80b4e742
9b5eec66a234
9b5f5818a7cb
9b5fc3caf808
9b602f7d92ec
9b609b307876
9b6106e3a8a7
9b6172972380
9b61de4ae8ff
9b6249fef926
9b62b5b353f4
9b632167f96a
9b638d1ce988
9b63f8d2244e
9b646487a9bd
9b64d03d79d5
9b653bf39495
9b65a7a9f9fe
9b661360aa10
9b667f17a4cc
9b66eaceea32
9b6756867a41
9b67c23e54fa
9b682df67a5e
9b6899aeea6b
9b690567a524
9b697120aa87
9b69dcd9fa96
9b6a48939550
9b6ab44d7ab5
9b6b2007aac5
9b6b8bc22582
9b6bf77ceaeb
9b6c6337fb00
9b6ccef355c1
9b6d3aaefb2f
9b6da66aeb4a
9b6e12272612
9b6e7de3ab87
9b6ee9a07ba9
9b6f555d967a
9b6fc11afbf8
9b702cd8ac24
9b709896a6ff
9b710454ec88
9b7170137cbf
9b71dbd257a6
9b7247917d3b
9b72b350ed80
9b731f10a875
9b738ad0ae19
9b73f690fe6d
9b7462519971
9b74ce127f25
9b7539d3af8a
9b75a5952a9f
9b761156f066
9b767d1900dd
9b76e8db5c06
9b77549e01e0
9b77c060f26c
9b782c242daa
9b7897e7b39a
9b7903ab843d
9b796f6f9f92
9b79db340599
9b7a46f8b654
9b7ab2bdb1c1
9b7b1e82f7e2
9b7b8a4888b7
9b7bf60e643f
9b7c61d48a7b
9b7ccd9afb6c
9b7d3961b710
9b7da528bd6a
9b7e10f00e77
9b7e7cb7aa3a
9b7ee87f90b2
9b7f5447c1e0
9b7fc0103dc3
9b802bd9045b
9b8097a215aa
9b81036b71af
9b816f35186a
9b81daff09dc
9b8246c94604
9b82b293cce4
9b831e5e9e7a
9b838a29bac8
9b83f5f521ce
9b8461c0d38b
9b84cd8cd000
9b853959172e
9b85a525a914
9b8610f285b2
9b867cbfad09
9b86e88d1f1a
9b87545adbe3
9b87c028e366
9b882bf735a2
9b8897c5d299
9b890394ba49
9b896f63ecb3
9b89db3369d8
9b8a470331b8
9b8ab2d34452
9b8b1ea3a1a7
9b8b8a7449b8
9b8bf6453c84
9b8c62167a0b
9b8ccde8024e
9b8d39b9d54e
9b8da58bf309
9b8e115e5b81
9b8e7d310eb6
9b8ee9040ca8
9b8f54d75556
9b8fc0aae8c2
9b902c7ec6eb
9b909852efd2
9b9104276377
9b916ffc21da
9b91dbd12afb
9b9247a67eda
9b92b37c1d78
9b931f5206d5
9b938b283af1
9b93f6feb9cd
9b9462d58367
9b94ceac97c2
9b953a83f6dc
9b95a65ba0b6
9b9612339551
9b967e0bd4ac
9b96e9e45ec8
9b9755bd33a5
9b97c1965343
9b982d6fbda2
9b98994972c2
9b99052372a4
9b9970fdbd49
9b99dcd852af
9b9a48b332d7
9b9ab48e5dc2
9b9b2069d370
9b9b8c4593e1
9b9bf8219f15
9b9c63fdf50c
9b9ccfda95c6
9b9d3bb78145
9b9da794b787
9b9e1372388d
9b9e7f500458
9b9eeb2e1ae7
9b9f570c7c3b
9b9fc2eb2854
9ba02eca1f32
9ba09aa960d5
9ba10688ed3e
9ba17268c46d
9ba1de48e661
9ba24a29531c
9ba2b60a0a9d
9ba321eb0ce5
9ba38dcc59f3
9ba3f9adf1c8
9ba4658fd465
9ba4d17201c9
9ba53d5479f4
9ba5a9373ce7
9ba6151a4aa2
9ba680fda325
9ba6ece14671
9ba758c53485
9ba7c4a96d62
9ba8308df108
9ba89c72bf78
9ba90857d8b0
9ba9743d3cb2
9ba9e022eb7e
9baa4c08e514
9baab7ef2974
9bab23d5b89f
9bab8fbc9294
9babfba3b754
9bac678b26df
9bacd372e135
9bad3f5ae657
9badab433644
9bae172bd0fd
9bae8314b682
9baeeefde6d3
9baf5ae761f1
9bafc6d127db
9bb032bb3892
9bb09ea59416
9bb10a903a67
9bb1767b2b86
9bb1e2666773
9bb24e51ee2d
9bb2ba3dbfb5
9bb32629dc0c
9bb392164331
9bb3fe02f524
9bb469eff1e7
9bb4d5dd3979
9bb541cacbd9
9bb5adb8a90a
9bb619a6d10a
9bb6859543d9
9bb6f1840179
9bb75d7309ea
9bb7c9625d2a
9bb83551fb3c
9bb8a141e41e
9bb90d3217d1
9bb979229656
9bb9e5135fac
9bba510473d3
9bbabcf5d2cd
9bbb28e77c99
9bbb94d97137
9bbc00cbb0a7
9bbc6cbe3aea
9bbcd8b11001
9bbd44a42fea
9bbdb0979aa6
9bbe1c8b5036
9bbe887f509a
9bbef4739bd2
9bbf606831de
9bbfcc5d12be
9bc038523e72
9bc0a447b4fc
9bc1103d765a
9bc17c33828e
9bc1e829d996
9bc254207b75
9bc2c0176829
9bc32c0e9fb3
9bc398062213
9bc403fdef49
9bc46ff60756
9bc4dbee6a3a
9bc547e717f5
9bc5b3e01087
9bc61fd953f0
9bc68bd2e231
9bc6f7ccbb4a
9bc763c6df3a
9bc7cfc14e03
9bc83bbc07a4
9bc8a7b70c1e
9bc913b25b71
9bc97fadf59c
9bc9eba9daa1
9bca57a60a7f
9bcac3a28536
9bcb2f9f4ac8
9bcb9b9c5b33
9bcc0799b679
9bcc73975c99
9bccdf954d94
9bcd4b938969
9bcdb792101a
9bce2390e1a5
9bce8f8ffe0c
9bcefb8f654f
9bcf678f176e
9bcfd38f1468
9bd03f8f5c3f
9bd0ab8feef2
9bd11790cc82
9bd18391f4ef
9bd1ef936838
9bd25b95265f
9bd2c7972f64
9bd333998346
9bd39f9c2206
9bd40b9f0ba4
9bd477a24020
9bd4e3a5bf7b
9bd54fa989b4
9bd5bbad9ecc
9bd627b1fec3
9bd693b6a99a
9bd6ffbb9f50
9bd76bc0dfe5
9bd7d7c66b5b
9bd843cc41b1
9bd8afd262e6
9bd91bd8cefd
9bd987df85f4
9bd9f3e687cc
9bda5fedd485
9bdacbf56c1f
9bdb37fd4e9b
9bdba4057bf8
9bdc100df438
9bdc7c16b759
9bdce81fc55d
9bdd54291e44
9bddc032c20d
9bde2c3cb0b9
9bde9846ea48
9bdf04516eba
9bdf705c3e10
9bdfdc67584a
9be04872bd67
9be0b47e6d69
9be1208a684f
9be18c96ae1a
9be1f8a33ec9
9be264b01a5e
9be2d0bd40d7
9be33ccab236
9be3a8d86e7a
9be414e675a4
9be480f4c7b4
9be4ed0364ab
9be559124c87
9be5c5217f4a
9be63130fcf4
9be69d40c585
9be70950d8fd
9be77561375d
9be7e171e0a4
9be84d82d4d2
9be8b99413e9
9be925a59de8
9be991b772d0
9be9fdc992a0
9bea69dbfd58
9bead5eeb2fa
9beb4201b385
9bebae14fef9
9bec1a289557
9bec863c769f
9becf250a2d1
9bed5e6519ed
9bedca79dbf4
9bee368ee8e5
9beea2a440c1
9bef0eb9e387
9bef7acfd13a
9befe6e609d7
9bf052fc8d60
9bf0bf135bd6
9bf12b2a7537
9bf19741d984
9bf2035988be
9bf26f7182e4
9bf2db89c7f8
9bf347a257f8
9bf3b3bb32e6
9bf41fd458c1
9bf48bedc989
9bf4f8078540
9bf564218be5
9bf5d03bdd78
9bf63c5679f9
9bf6a8716169
9bf7148c93c8
9bf780a81116
9bf7ecc3d954
9bf858dfec81
9bf8c4fc4a9d
9bf93118f3aa
9bf99d35e7a6
9bfa09532693
9bfa7570b071
9bfae18e853f
9bfb4daca4fe
9bfbb9cb0fae
9bfc25e9c54f
9bfc9208c5e2
9bfcfe281167
9bfd6a47a7de
9bfdd6678946
9bfe4287b5a1
9bfeaea82cef
9bff1ac8ef2f
9bff86e9fc63
9bfff30b5489
9c005f2cf7a3
9c00cb4ee5b0
9c0137711eb1
9c01a393a2a6
9c020fb67190
9c027bd98b6d
9c02e7fcf03f
9c035420a006
9c03c0449ac2
9c042c68e073
9c04988d7119
9c0504b24cb5
9c0570d77347
9c05dcfce4cf
9c064922a14d
9c06b548a8c1
9c07216efb2c
9c078d95988e
9c07f9bc80e7
9c0865e3b437
9c08d20b327e
9c093e32fbbd
9c09aa5b0ff4
9c0a16836f22
9c0a82ac1949
9c0aeed50e69
9c0b5afe4e81
9c0bc727d992
9c0c3351af9c
9c0c9f7bd09f
9c0d0ba63c9b
9c0d77d0f392
9c0de3fbf582
9c0e5027426c
9c0ebc52da50
9c0f287ebd2f
9c0f94aaeb08
9c1000d763dd
9c106d0427ac
9c10d9313677
9c11455e903d
9c11b18c34ff
9c121dba24bc
9c1289e85f76
9c12f616e52c
9c136245b5de
9c13ce74d18e
9c143aa4383a
9c14a6d3e9e3
9c151303e689
9c157f342e2d
9c15eb64c0cf
9c1657959e6e
9c16c3c6c70c
9c172ff83aa8
9c179c29f942
9c18085c02dc
9c18748e5774
9c18e0c0f70b
9c194cf3e1a1
9c19b9271738
9c1a255a97cd
9c1a918e6363
9c1afdc279f9
9c1b69f6db8f
9c1bd62b8826
9c1c42607fbd
9c1cae95c256
9c1d1acb4fef
9c1d8701288a
9c1df3374c27
9c1e5f6dbac5
9c1ecba47465
9c1f37db7908
9c1fa412c8ad
9c20104a6354
9c207c8248fe
9c20e8ba79ab
9c2154f2f55c
9c21c12bbc0f
9c222d64cdc6
9c22999e2a81
9c2305d7d241
9c237211c504
9c23de4c02cb
9c244a868b98
9c24b6c15f69
9c2522fc7e3f
9c258f37e81a
9c25fb739cfb
9c2667af9ce1
9c26d3ebe7cd
9c2740287dbf
9c27ac655eb8
9c2818a28ab7
9c2884e001bc
9c28f11dc3c9
9c295d5bd0dc
9c29c99a28f6
9c2a35d8cc19
9c2aa217ba42
9c2b0e56f374
9c2b7a9677ad
9c2be6d646ef
9c2c5316613a
9c2cbf56c68d
9c2d2b9776e8
9c2d97d8724d
9c2e0419b8bc
9c2e705b4a33
9c2edc9d26b5
9c2f48df4e40
9c2fb521c0d5
9c3021647e75
9c308da7871f
9c30f9eadad4
9c31662e7994
9c31d272635f
9c323eb69835
9c32aafb1817
9c33173fe304
9c338384f8fd
9c33efca5a03
9c345c100614
9c34c855fd33
9c35349c3f5e
9c35a0e2cc96
9c360d29a4db
9c367970c82d
9c36e5b8368d
9c3751ffeffb
9c37be47f477
9c382a904400
9c3896d8de99
9c390321c43f
9c396f6af4f5
9c39dbb470b9
9c3a47fe378d
9c3ab4484970
9c3b2092a663
9c3b8cdd4e65
9c3bf9284177
9c3c65737f9a
9c3cd1bf08cd
9c3d3e0add10
9c3daa56fc65
9c3e16a366ca
9c3e82f01c41
9c3eef3d1cc8
9c3f5b8a6862
9c3fc7d7ff0d
9c403425e0cb
9c40a0740d9a
9c410cc2857c
9c4179114871
9c41e5605678
9c4251afaf93
9c42bdff53c1
9c432a4f4302
9c43969f7d57
9c4402f002bf
9c446f40d33c
9c44db91eecd
9c4547e35572
9c45b435072c
9c46208703fb
9c468cd94bdf
9c46f92bded8
9c47657ebce7
9c47d1d1e60c
9c483e255a46
9c48aa791996
9c4916cd23fd
9c498321797a
9c49ef761a0e
9c4a5bcb05b8
9c4ac8203c7a
9c4b3475be53
9c4ba0cb8b44
9c4c0d21a34c
9c4c7978066d
9c4ce5ceb4a5
9c4d5225adf6
9c4dbe7cf25f
9c4e2ad481e1
9c4e972c5c7b
9c4f0384822f
9c4f6fdcf2fd
9c4fdc35aee4
9c50488eb5e4
9c50b4e807ff
9c512141a533
9c518d9b8d82
9c51f9f5c0ec
9c5266503f70
9c52d2ab0910
9c533f061dca
9c53ab617da0
9c5417bd2891
9c5484191e9e
9c54f0755fc7
9c555cd1ec0d
9c55c92ec36f
9c56358be5ed
9c56a1e95388
9c570e470c40
9c577aa51015
9c57e7035f08
9c585361f918
9c58bfc0de46
9c592c200e92
9c59987f89fd
9c5a04df5085
9c5a713f622d
9c5add9fbef3
9c5b4a0066d8
9c5bb66159dd
9c5c22c29801
9c5c8f242144
9c5cfb85f5a7
9c5d67e8152b
9c5dd44a7fce
9c5e40ad3593
9c5ead103677
9c5f1973827d
9c5f85d719a4
9c5ff23afbec
9c605e9f2955
9c60cb03a1e0
9c613768658d
9c61a3cd745c
9c621032ce4d
9c627c987361
9c62e8fe6398
9c6355649ef1
9c63c1cb256e
9c642e31f70d
9c649a9913d1
9c6507007bb8
9c6573682ec3
9c65dfd02cf2
9c664c387645
9c66b8a10abd
9c672509ea5a
9c679173151b
9c67fddc8b02
9c686a464c0e
9c68d6b0583f
9c69431aaf96
9c69af855214
9c6a1bf03fb7
9c6a885b7881
9c6af4c6fc71
9c6b6132cb88
9c6bcd9ee5c6
9c6c3a0b4b2b
9c6ca677fbb8
9c6d12e4f76c
9c6d7f523e48
9c6debbfd04c
9c6e582dad78
9c6ec49bd5cc
9c6f310a4949
9c6f9d7907ef
9c7009e811be
9c70765766b6
9c70e2c706d7
9c714f36f222
9c71bba72897
9c722817aa36
9c72948876ff
9c7300f98ef2
9c736d6af210
9c73d9dca059
9c74464e99cd
9c74b2c0de6c
9c751f336e37
9c758ba6492d
9c75f8196f50
9c76648ce09e
9c76d1009d18
9c773d74a4bf
9c77a9e8f793
9c78165d9593
9c7882d27ec1
9c78ef47b31b
9c795bbd32a4
9c79c832fd59
9c7a34a9133d
9c7aa11f744f
9c7b0d96208f
9c7b7a0d17fe
9c7be6845a9b
9c7c52fbe868
9c7cbf73c163
9c7d2bebe58e
9c7d986454e8
9c7e04dd0f72
9c7e7156152c
9c7eddcf6615
9c7f4a490230
9c7fb6c2e97a
9c80233d1bf6
9c808fb799a2
9c80fc326280
9c8168ad768f
9c81d528d5cf
9c8241a48042
9c82ae2075e6
9c831a9cb6bc
9c83871942c5
9c83f3961a00
9c8460133c6e
9c84cc90aa0f
9c85390e62e3
9c85a58c66eb
9c86120ab626
9c867e895095
9c86eb083638
9c875787670f
9c87c406e31b
9c883086aa5b
9c889d06bcd0
9c8909871a7a
9c897607c359
9c89e288b76d
9c8a4f09f6b8
9c8abb8b8138
9c8b280d56ee
9c8b948f77da
9c8c0111e3fc
9c8c6d949b56
9c8cda179de6
9c8d469aebad
9c8db31e84ac
9c8e1fa268e2
9c8e8c26984f
9c8ef8ab12f5
9c8f652fd8d2
9c8fd1b4e9e8
9c903e3a4636
9c90aabfedbd
9c911745e07d
9c9183cc1e75
9c91f052a7a8
9c925cd97c13
9c92c9609bb9
9c9335e80698
9c93a26fbcb1
9c940ef7be05
9c947b800a93
9c94e808a25c
9c955491855f
9c95c11ab39e
9c962da42d18
9c969a2df1ce
9c9706b801c0
9c9773425ced
9c97dfcd0356
9c984c57f4fc
9c98b8e331df
9c99256eb9fe
9c9991fa8d5a
9c99fe86abf3
9c9a6b1315ca
9c9ad79fcade
9c9b442ccb30
9c9bb0ba16c0
9c9c1d47ad8e
9c9c89d58f9a
9c9cf663bce5
9c9d62f2356f
9c9dcf80f938
9c9e3c100840
9c9ea89f6287
9c9f152f080e
9c9f81bef8d5
9c9fee4f34dc
9ca05adfbc23
9ca0c7708eaa
9ca13401ac72
9ca1a093157b
9ca20d24c9c5
9ca279b6c950
9ca2e649141d
9ca352dbaa2b
9ca3bf6e8b7b
9ca42c01b80d
9ca498952fe1
9ca50528f2f8
9ca571bd0152
9ca5de515aee
9ca64ae5ffcd
9ca6b77aeff0
9ca724102b56
9ca790a5b200
9ca7fd3b83ee
9ca869d1a11f
9ca8d6680995
9ca942febd50
9ca9af95bc4f
9caa1c2d0693
9caa88c49c1c
9caaf55c7ceb
9cab61f4a8ff
9cabce8d2059
9cac3b25e2f8
9caca7bef0de
9cad14584a0a
9cad80f1ee7d
9caded8bde36
9cae5a261936
9caec6c09f7e
9caf335b710d
9caf9ff68de3
9cb00c91f601
9cb0792da967
9cb0e5c9a815
9cb15265f20c
9cb1bf02874b
9cb22b9f67d3
9cb2983c93a4
9cb304da0abe
9cb37177cd21
9cb3de15dace
9cb44ab433c5
9cb4b752d806
9cb523f1c791
9cb590910266
9cb5fd308886
9cb669d059f1
9cb6d67076a7
9cb74310dea8
9cb7afb191f4
9cb81c52908c
9cb888f3da70
9cb8f5956fa0
9cb96237501c
9cb9ced97be5
9cba3b7bf2fa
9cbaa81eb55c
9cbb14c1c30b
9cbb81651c08
9cbbee08c051
9cbc5aacafe9
9cbcc750eace
9cbd33f57102
9cbda09a4284
9cbe0d3f5f54
9cbe79e4c773
9cbee68a7ae0
9cbf5330799d
9cbfbfd6c3aa
9cc02c7d5905
9cc0992439b1
9cc105cb65ac
9cc17272dcf7
9cc1df1a9f93
9cc24bc2ad7f
9cc2b86b06bc
9cc32513ab4a
9cc391bc9b29
9cc3fe65d659
9cc46b0f5cdb
9cc4d7b92eaf
9cc544634bd4
9cc5b10db44c
9cc61db86816
9cc68a636733
9cc6f70eb1a2
9cc763ba4764
9cc7d066287a
9cc83d1254e3
9cc8a9becc9f
9cc9166b8faf
9cc983189e14
9cc9efc5f7cc
9cca5c739cd9
9ccac9218d3a
9ccb35cfc8f0
9ccba27e4ffc
9ccc0f2d225c
9ccc7bdc4012
9ccce88ba91d
9ccd553b5d7f
9ccdc1eb5d36
9cce2e9ba843
9cce9b4c3ea7
9ccf07fd2062
9ccf74ae4d73
9ccfe15fc5dc
9cd04e11899c
9cd0bac398b3
9cd12775f322
9cd1942898e8
9cd200db8a07
9cd26d8ec67e
9cd2da424e4d
9cd346f62176
9cd3b3aa3ff7
9cd4205ea9d1
9cd48d135f04
9cd4f9c85f91
9cd5667dab78
9cd5d33342b8
9cd63fe92553
9cd6ac9f5348
9cd71955cc97
9cd7860c9141
9cd7f2c3a146
9cd85f7afca7
9cd8cc32a362
9cd938ea9579
9cd9a5a2d2ec
9cda125b5bbb
9cda7f142fe6
9cdaebcd4f6d
9cdb5886ba51
9cdbc5407091
9cdc31fa722f
9cdc9eb4bf29
9cdd0b6f5781
9cdd782a3b37
9cdde4e56a4a
9cde51a0e4bc
9cdebe5caa8b
9cdf2b18bbb9
9cdf97d51846
9ce00491c031
9ce0714eb37b
9ce0de0bf225
9ce14ac97c2e
9ce1b7875196
9ce22445725f
9ce29103de87
9ce2fdc29610
9ce36a8198f9
9ce3d740e743
9ce4440080ed
9ce4b0c065f9
9ce51d809666
9ce58a411234
9ce5f701d964
9ce663c2ebf5
9ce6d08449e9
9ce73d45f33f
9ce7aa07e7f8
9ce816ca2813
9ce8838cb391
9ce8f04f8a73
9ce95d12acb7
9ce9c9d61a5f
9cea3699d36b
9ceaa35dd7da
9ceb102227ae
9ceb7ce6c2e6
9cebe9aba983
9cec5670db84
9cecc33658ea
9ced2ffc21b5
9ced9cc235e6
9cee0988957c
9cee764f4078
9ceee31636da
9cef4fdd78a2
9cefbca505d0
9cf0296cde65
9cf096350261
9cf102fd71c3
9cf16fc62c8d
9cf1dc8f32be
9cf249588457
9cf2b6222157
9cf322ec09c0
9cf38fb63d90
9cf3fc80bcca
9cf4694b876b
9cf4d6169d76
9cf542e1fee9
9cf5afadabc6
9cf61c79a40c
9cf68945e7bb
9cf6f61276d5
9cf762df5158
9cf7cfac7746
9cf83c79e89e
9cf8a947a561
9cf91615ad8f
9cf982e40128
9cf9efb2a02c
9cfa5c818a9b
9cfac950c076
9cfb362041bd
9cfba2f00e70
9cfc0fc0268f
9cfc7c908a1b
9cfce9613914
9cfd56323379
9cfdc303794b
9cfe2fd50a8b
9cfe9ca6e738
9cff09790f53
9cff764b82dc
9cffe31e41d3
9d004ff14c38
9d00bcc4a20c
9d012998434e
9d01966c3000
9d0203406820
9d027014ebb0
9d02dce9baaf
9d0349bed51e
9d03b6943afe
9d042369ec4d
9d04903fe90c
9d04fd16313c
9d0569ecc4dd
9d05d6c3a3ef
9d06439ace72
9d06b0724467
9d071d4a05cd
9d078a2212a5
9d07f6fa6aee
9d0863d30eaa
9d08d0abfdd9
9d093d85387a
9d09aa5ebe8e
9d0a17389014
9d0a8412ad0e
9d0af0ed157c
9d0b5dc7c95d
9d0bcaa2c8b2
9d0c377e137b
9d0ca459a9b8
9d0d11358b69
9d0d7e11b890
9d0deaee312b
9d0e57caf53b
9d0ec4a804c0
9d0f31855fbb
9d0f9e63062c
9d100b40f812
9d10781f356f
9d10e4fdbe41
9d1151dc928b
9d11bebbb24b
9d122b9b1d81
9d12987ad42f
9d13055ad655
9d13723b23f1
9d13df1bbd06
9d144bfca192
9d14b8ddd197
9d1525bf4d13
9d1592a11409
9d15ff832677
9d166c65845e
9d16d9482dbe
9d17462b2298
9d17b30e62eb
9d181ff1eeb7
9d188cd5c5fe
9d18f9b9e8bf
9d19669e56fa
9d19d38310b0
9d1a406815e1
9d1aad4d668c
9d1b1a3302b3
9d1b8718ea55
9d1bf3ff1d73
9d1c60e59c0d
9d1ccdcc6622
9d1d3ab37bb4
9d1da79adcc2
9d1e1482894d
9d1e816a8155
9d1eee52c4d9
9d1f5b3b53db
9d1fc8242e5b
9d20350d5458
9d20a1f6c5d2
9d210ee082cb
9d217bca8b42
9d21e8b4df38
9d22559f7eac
9d22c28a699f
9d232f75a011
9d239c612203
9d24094cef74
9d2476390864
9d24e3256cd5
9d2550121cc5
9d25bcff1836
9d2629ec5f27
9d2696d9f199
9d2703c7cf8c
9d2770b5f900
9d27dda46df6
9d284a932e6d
9d28b7823a65
9d29247191e0
9d29916134dc
9d29fe51235b
9d2a6b415d5d
9d2ad831e2e1
9d2b4522b3e9
9d2bb213d073
9d2c1f053881
9d2c8bf6ec12
9d2cf8e8eb27
9d2d65db35c0
9d2dd2cdcbde
9d2e3fc0ad7f
9d2eacb3daa6
9d2f19a75351
9d2f869b1781
9d2ff38f2736
9d3060838271
9d30cd782931
9d313a6d1b77
9d31a7625943
9d321457e295
9d32814db76e
9d32ee43d7cd
9d335b3a43b4
9d33c830fb21
9d343527fe15
9d34a21f4c91
9d350f16e695
9d357c0ecc20
9d35e906fd34
9d3655ff79d0
9d36c2f841f4
9d372ff155a1
9d379ceab4d7
9d3809e45f96
9d3876de55de
9d38e3d897b0
9d3950d3250b
9d39bdcdfdf0
9d3a2ac92260
9d3a97c4925a
9d3b04c04dde
9d3b71bc54ed
9d3bdeb8a787
9d3c4bb545ac
9d3cb8b22f5c
9d3d25af6498
9d3d92ace560
9d3dffaab1b3
9d3e6ca8c993
9d3ed9a72cff
9d3f46a5dbf8
9d3fb3a4d67d
9d4020a41c90
9d408da3ae2f
9d40faa38b5c
9d4167a3b417
9d41d4a4285f
9d4241a4e836
9d42aea5f39a
9d431ba74a8d
9d4388a8ed0f
9d43f5aadb1f
9d4462ad14bf
9d44cfaf99ed
9d453cb26aab
9d45a9b586f9
9d4616b8eed7
9d4683bca244
9d46f0c0a142
9d475dc4ebd0
9d47cac981ef
9d4837ce639f
9d48a4d390e0
9d4911d909b2
9d497edece16
9d49ebe4de0b
9d4a58eb3992
9d4ac5f1e0ab
9d4b32f8d357
9d4ba0001195
9d4c0d079b66
9d4c7a0f70c9
9d4ce71791c0
9d4d541ffe4a
9d4dc128b668
9d4e2e31ba19
9d4e9b3b095e
9d4f0844a438
9d4f754e8aa6
9d4fe258bca8
9d504f633a3f
9d50bc6e036b
9d512979182c
9d5196847882
9d520390246e
9d52709c1bf0
9d52dda85f08
9d534ab4edb6
9d53b7c1c7fa
9d5424ceedd5
9d5491dc5f47
9d54feea1c50
9d556bf824f0
9d55d9067927
9d56461518f6
9d56b324045d
9d5720333b5c
9d578d42bdf3
9d57fa528c22
9d586762a5ea
9d58d4730b4b
9d594183bc45
9d59ae94b8d9
9d5a1ba60105
9d5a88b794cc
9d5af5c9742c
9d5b62db9f26
9d5bcfee15bb
9d5c3d00d7ea
9d5caa13e5b4
9d5d17273f18
9d5d843ae418
9d5df14ed4b3
9d5e5e6310ea
9d5ecb7798bc
9d5f388c6c2a
9d5fa5a18b34
9d6012b6f5db
9d607fccac1e
9d60ece2adfe
9d6159f8fb7b
9d61c70f9494
9d623426794c
9d62a13da9a1
9d630e552593
9d637b6ced24
9d63e8850052
9d64559d5f1f
9d64c2b6098b
9d652fceff95
9d659ce8413f
9d660a01ce87
9d66771ba76f
9d66e435cbf7
9d6751503c1e
9d67be6af7e6
9d682b85ff4d
9d6898a15255
9d6905bcf0fe
9d6972d8db47
9d69dff51132
9d6a4d1192be
9d6aba2e5feb
9d6b274b78ba
9d6b9468dd2a
9d6c01868d3d
9d6c6ea488f2
9d6cdbc2d049
9d6d48e16343
9d6db60041e0
9d6e231f6c20
9d6e903ee204
9d6efd5ea38b
9d6f6a7eb0b5
9d6fd79f0984
9d7044bfadf6
9d70b1e09e0d
9d711f01d9c8
9d718c236128
9d71f945342d
9d72666752d7
9d72d389bd27
9d7340ac731c
9d73adcf74b6
9d741af2c1f7
9d7488165ade
9d74f53a3f6b
9d75625e6f9f
9d75cf82eb79
9d763ca7b2fb
9d76a9ccc623
9d7716f224f3
9d778417cf6b
9d77f13dc58a
9d785e640752
9d78cb8a94c1
9d7938b16dd9
9d79a5d8929a
9d7a13000303
9d7a8027bf16
9d7aed4fc6d1
9d7b5a781a36
9d7bc7a0b945
9d7c34c9a3fe
9d7ca1f2da60
9d7d0f1c5c6d
9d7d7c462a24
9d7de9704386
9d7e569aa893
9d7ec3c5594b
9d7f30f055ae
9d7f9e1b9dbd
9d800b473177
9d80787310dd
9d80e59f3bf0
9d8152cbb2ae
9d81bff87519
9d822d258331
9d829a52dcf6
9d8307808268
9d8374ae7387
9d83e1dcb053
9d844f0b38ce
9d84bc3a0cf6
9d8529692ccd
9d8596989851
9d8603c84f85
9d8670f85267
9d86de28a0f8
9d874b593b38
9d87b88a2128
9d8825bb52c7
9d8892ecd016
9d89001e9915
9d896d50adc4
9d89da830e24
9d8a47b5ba34
9d8ab4e8b1f5
9d8b221bf567
9d8b8f4f848a
9d8bfc835f5e
9d8c69b785e5
9d8cd6ebf81d
9d8d4420b607
9d8db155bfa3
9d8e1e8b14f2
9d8e8bc0b5f3
9d8ef8f6a2a8
9d8f662cdb0f
9d8fd3635f2a
9d90409a2ef8
9d90add14a79
9d911b08b1af
9d9188406499
9d91f5786337
9d9262b0ad89
9d92cfe94390
9d933d22254c
9d93aa5b52be
9d941794cbe4
9d9484ce90c0
9d94f208a152
9d955f42fd99
9d95cc7da597
9d9639b8994b
9d96a6f3d8b6
9d97142f63d8
9d97816b3ab0
9d97eea75d3f
9d985be3cb86
9d98c9208585
9d99365d8b3b
9d99a39adca9
9d9a10d879d0
9d9a7e1662af
9d9aeb549746
9d9b58931796
9d9bc5d1e39f
9d9c3310fb62
9d9ca0505ede
9d9d0d900e13
9d9d7ad00902
9d9de8104fac
9d9e5550e20f
9d9ec291c02d
9d9f2fd2ea06
9d9f9d145f99
9da00a5620e8
9da077982df2
9da0e4da86b7
9da1521d2b38
9da1bf601b75
9da22ca3576d
9da299e6df23
9da3072ab294
9da3746ed1c3
9da3e1b33cae
9da44ef7f356
9da4bc3cf5bc
9da5298243df
9da596c7ddc0
9da6040dc35f
9da67153f4bc
9da6de9a71d7
9da74be13ab1
9da7b9284f49
9da8266fafa1
9da893b75bb8
9da900ff538e
9da96e479723
9da9db902679
9daa48d9018e
9daab6222863
9dab236b9af9
9dab90b55950
9dabfdff6367
9dac6b49b93f
9dacd8945ad9
9dad45df4834
9dadb32a8150
9dae2076062f
9dae8dc1d6cf
9daefb0df332
9daf685a5b57
9dafd5a70f3f
9db042f40ee9
9db0b0415a57
9db11d8ef188
9db18adcd47c
9db1f82b0334
9db265797db0
9db2d2c843f0
9db3401755f4
9db3ad66b3bd
9db41ab65d4a
9db48806529c
9db4f55693b4
9db562a72091
9db5cff7f933
9db63d491d9b
9db6aa9a8dc9
9db717ec49bd
9db7853e5177
9db7f290a4f8
9db85fe34440
9db8cd362f4e
9db93a896624
9db9a7dce8c1
9dba1530b726
9dba8284d152
9dbaefd93746
9dbb5d2de903
9dbbca82e688
9dbc37d82fd6
9dbca52dc4ec
9dbd1283a5cb
9dbd7fd9d274
9dbded304ae6
9dbe5a870f22
9dbec7de1f27
9dbf35357af7
9dbfa28d2290
9dc00fe515f4
9dc07d3d5523
9dc0ea95e01d
9dc157eeb6e2
9dc1c547d972
9dc232a147cd
9dc29ffb01f4
9dc30d5507e7
9dc37aaf59a6
9dc3e809f731
9dc45564e089
9dc4c2c015ae
9dc5301b969f
9dc59d77635e
9dc60ad37bea
9dc6782fe043
9dc6e58c906a
9dc752e98c5f
9dc7c046d422
9dc82da467b4
9dc89b024714
9dc908607242
9dc975bee940
9dc9e31dac0d
9dca507cbaa9
9dcabddc1515
9dcb2b3bbb51
9dcb989bad5c
9dcc05fbeb38
9dcc735c74e4
9dcce0bd4a61
9dcd4e1e6bae
9dcdbb7fd8cd
9dce28e191bd
9dce9643967e
9dcf03a5e711
9dcf71088375
9dcfde6b6bac
9dd04bce9fb5
9dd0b9321f90
9dd12695eb3e
9dd193fa02bf
9dd2015e6613
9dd26ec3153a
9dd2dc281035
9dd3498d5703
9dd3b6f2e9a6
9dd42458c81c
9dd491bef267
9dd4ff256886
9dd56c8c2a79
9dd5d9f33842
9dd6475a91e0
9dd6b4c23753
9dd7222a289c
9dd78f9265ba
9dd7fcfaeeae
9dd86a63c379
9dd8d7cce41a
9dd945365091
9dd9b2a008df
9dda200a0d04
9dda8d745d00
9ddafadef8d4
9ddb6849e07f
9ddbd5b51402
9ddc4320935d
9ddcb08c5e90
9ddd1df8759c
9ddd8b64d880
9dddf8d1873d
9dde663e81d3
9dded3abc842
9ddf41195a8b
9ddfae8738ad
9de01bf562a9
9de08963d87f
9de0f6d29a30
9de16441a7bb
9de1d1b10120
9de23f20a660
9de2ac90977c
9de31a00d472
9de387715d45
9de3f4e231f3
9de46253527c
9de4cfc4bee2
9de53d367724
9de5aaa87b43
9de6181acb3e
9de6858d6717
9de6f3004ecc
9de76073825f
9de7cde701cf
9de83b5acd1d
9de8a8cee449
9de916434753
9de983b7f63b
9de9f12cf102
9dea5ea237a8
9deacc17ca2d
9deb398da891
9deba703d2d4
9dec147a48f7
9dec81f10afa
9decef6818dc
9ded5cdf729f
9dedca571843
9dee37cf09c7
9deea547472b
9def12bfd071
9def8038a598
9defedb1c6a0
9df05b2b338a
9df0c8a4ec56
9df1361ef104
9df1a3994195
9df21113de07
9df27e8ec65d
9df2ec09fa95
9df359857ab0
9df3c70146af
9df4347d5e91
9df4a1f9c257
9df50f767200
9df57cf36d8e
9df5ea70b500
9df657ee4857
9df6c56c2792
9df732ea52b2
9df7a068c9b8
9df80de78ca3
9df87b669b73
9df8e8e5f629
9df956659cc5
9df9c3e58f47
9dfa3165cdb0
9dfa9ee657ff
9dfb0c672e35
9dfb79e85052
9dfbe769be56
9dfc54eb7841
9dfcc26d7e14
9dfd2fefcfcf
9dfd9d726d72
9dfe0af556fd
9dfe78788c71
9dfee5fc0dcd
9dff537fdb12
9dffc103f440
9e002e885957
9e009c0d0a58
9e0109920742
9e0177175016
9e01e49ce4d5
9e025222c57d
9e02bfa8f210
9e032d2f6a8e
9e039ab62ef7
9e04083d3f4a
9e0475c49b89
9e04e34c43b4
9e0550d437ca
9e05be5c77cc
9e062be503bb
9e06996ddb95
9e0706f6ff5c
9e0774806f10
9e07e20a2ab1
9e084f94323f
9e08bd1e85ba
9e092aa92523
9e099834107a
9e0a05bf47bf
9e0a734acaf2
9e0ae0d69a13
9e0b4e62b523
9e0bbbef1c21
9e0c297bcf0f
9e0c9708cdec
9e0d049618b8
9e0d7223af74
9e0ddfb1921f
9e0e4d3fc0bb
9e0ebace3b47
9e0f285d01c3
9e0f95ec1430
9e10037b728e
9e10710b1cdd
9e10de9b131d
9e114c2b554f
9e11b9bbe372
9e12274cbd87
9e1294dde38f
9e13026f5588
9e1370011374
9e13dd931d53
9e144b257325
9e14b8b814ea
9e15264b02a2
9e1593de3c4d
9e160171c1ed
9e166f059380
9e16dc99b107
9e174a2e1a83
9e17b7c2cff4
9e182557d159
9e1892ed1eb3
9e190082b802
9e196e189d47
9e19dbaece81
9e1a49454bb1
9e1ab6dc14d7
9e1b247329f3
9e1b920a8b06
9e1bffa2380f
9e1c6d3a310f
9e1cdad27606
9e1d486b06f4
9e1db603e3da
9e1e239d0cb7
9e1e9136818c
9e1efed04259
9e1f6c6a4f1f
9e1fda04a7dd
9e20479f4c94
9e20b53a3d43
9e2122d579ec
9e219071028d
9e21fe0cd729
9e226ba8f7be
9e22d945644d
9e2346e21cd6
9e23b47f2159
9e24221c71d7
9e248fba0e50
9e24fd57f6c3
9e256af62b32
9e25d894ab9c
9e2646337801
9e26b3d29063
9e272171f4c0
9e278f11a519
9e27fcb1a16f
9e286a51e9c1
9e28d7f27e10
9e2945935e5d
9e29b3348aa6
9e2a20d602ed
9e2a8e77c731
9e2afc19d773
9e2b69bc33b3
9e2bd75edbf2
9e2c4501d02e
9e2cb2a5106a
9e2d20489ca4
9e2d8dec74dd
9e2dfb909916
9e2e6935094e
9e2ed6d9c586
9e2f447ecdbd
9e2fb22421f5
9e301fc9c22d
9e308d6fae65
9e30fb15e69e
9e3168bc6ad8
9e31d6633b13
9e32440a5750
9e32b1b1bf8e
9e331f5973cd
9e338d01740f
9e33faa9c052
9e3468525898
9e34d5fb3ce1
9e3543a46d2c
9e35b14de97a
9e361ef7b1cc
9e368ca1c621
9e36fa4c2679
9e3767f6d2d5
9e37d5a1cb35
9e38434d0f9a
9e38b0f8a002
9e391ea47c70
9e398c50a4e2
9e39f9fd1959
9e3a67a9d9d5
9e3ad556e657
9e3b43043ede
9e3bb0b1e36c
9e3c1e5fd3ff
9e3c8c0e1098
9e3cf9bc9938
9e3d676b6ddf
9e3dd51a8e8c
9e3e42c9fb41
9e3eb079b3fd
9e3f1e29b8c0
9e3f8bda098b
9e3ff98aa65e
9e40673b8f39
9e40d4ecc41c
9e41429e4508
9e41b05011fd
9e421e022afa
9e428bb49001
9e42f9674111
9e43671a3e2a
9e43d4cd874e
9e4442811c7b
9e44b034fdb2
9e451de92af4
9e458b9da440
9e45f9526997
9e4667077af9
9e46d4bcd866
9e47427281df
9e47b0287763
9e481ddeb8f3
9e488b95468f
9e48f94c2038
9e49670345ec
9e49d4bab7ae
9e4a4272757c
9e4ab02a7f57
9e4b1de2d53f
9e4b8b9b7735
9e4bf9546539
9e4c670d9f4a
9e4cd4c7256a
9e4d4280f797
9e4db03b15d4
9e4e1df5801f
9e4e8bb03678
9e4ef96b38e1
9e4f6726875a
9e4fd4e221e1
9e50429e0879
9e50b05a3b20
9e511e16b9d8
9e518bd384a0
9e51f9909b78
9e52674dfe61
9e52d50bad5b
9e5342c9a866
9e53b087ef83
9e541e4682b1
9e548c0561f1
9e54f9c48d43
9e55678404a7
9e55d543c81e
9e564303d7a7
9e56b0c43343
9e571e84daf2
9e578c45ceb4
9e57fa070e8a
9e5867c89a73
9e58d58a7270
9e59434c9681
9e59b10f06a7
9e5a1ed1c2e1
9e5a8c94cb2f
9e5afa581f93
9e5b681bc00b
9e5bd5dfac99
9e5c43a3e53c
9e5cb16869f5
9e5d1f2d3ac4
9e5d8cf257a9
9e5dfab7c0a4
9e5e687d75b5
9e5ed64376de
9e5f4409c41d
9e5fb1d05d74
9e601f9742e2
9e608d5e7467
9e60fb25f204
9e6168edbbb9
9e61d6b5d187
9e62447e336c
9e62b246e16b
9e63200fdb82
9e638dd921b2
9e63fba2b3fb
9e64696c925d
9e64d736bcda
9e6545013370
9e65b2cbf620
9e66209704ea
9e668e625fcf
9e66fc2e06ce
9e6769f9f9e8
9e67d7c6391d
9e684592c46e
9e68b35f9bda
9e69212cbf61
9e698efa2f05
9e69fcc7eac4
9e6a6a95f2a0
9e6ad8644699
9e6b4632e6ae
9e6bb401d2e0
9e6c21d10b2f
9e6c8fa08f9b
9e6cfd706025
9e6d6b407ccc
9e6dd910e592
9e6e46e19a76
9e6eb4b29b78
9e6f2283e898
9e6f905581d8
9e6ffe276736
9e706bf998b3
9e70d9cc1650
9e71479ee00d
9e71b571f5e9
9e72234557e5
9e7291190602
9e72feed003e
9e736cc1469c
9e73da95d91a
9e74486ab7b9
9e74b63fe27a
9e752415595c
9e7591eb1c5f
9e75ffc12b85
9e766d9786cc
9e76db6e2e36
9e77494521c2
9e77b71c6171
9e7824f3ed43
9e7892cbc538
9e7900a3e950
9e796e7c598c
9e79dc5515eb
9e7a4a2e1e6f
9e7ab8077316
9e7b25e113e2
9e7b93bb00d2
9e7c019539e7
9e7c6f6fbf21
9e7cdd4a9080
9e7d4b25ae05
9e7db90117af
9e7e26dccd7e
9e7e94b8cf74
9e7f02951d90
9e7f7071b7d2
9e7fde4e9e3b
9e804c2bd0cb
9e80ba094f82
9e8127e71a60
9e8195c53165
9e8203a39492
9e82718243e7
9e82df613f63
9e834d408709
9e83bb201ad6
9e8428fffacc
9e8496e026eb
9e8504c09f33
9e8572a163a5
9e85e0827440
9e864e63d104
9e86bc4579f3
9e872a276f0b
9e879809b04e
9e8805ec3dbb
9e8873cf1753
9e88e1b23d16
9e894f95af04
9e89bd796d1e
9e8a2b5d7763
9e8a9941cdd4
9e8b07267070
9e8b750b5f39
9e8be2f09a2e
9e8c50d62150
9e8cbebbf49f
9e8d2ca2141a
9e8d9a887fc3
9e8e086f3799
9e8e76563b9d
9e8ee43d8bce
9e8f5225282e
9e8fc00d10bc
9e902df54578
9e909bddc663
9e9109c6937c
9e9177afacc5
9e91e599123d
9e925382c3e5
9e92c16cc1bc
9e932f570bc3
9e939d41a1fa
9e940b2c8461
9e947917b2f9
9e94e7032dc2
9e9554eef4bb
9e95c2db07e6
9e9630c76741
9e969eb412cf
9e970ca10a8e
9e977a8e4e7f
9e97e87bdea2
9e985669baf8
9e98c457e380
9e993246583b
9e99a0351929
9e9a0e24264a
9e9a7c137f9e
9e9aea032526
9e9b57f316e2
9e9bc5e354d2
9e9c33d3def5
9e9ca1c4b54e
9e9d0fb5d7db
9e9d7da7469d
9e9deb990194
9e9e598b08c0
9e9ec77d5c21
9e9f356ffbb8
9e9fa362e785
9ea011561f89
9ea07f49a3c2
9ea0ed3d7432
9ea15b3190d8
9ea1c925f9b6
9ea2371aaeca
9ea2a50fb016
9ea31304fd99
9ea380fa9754
9ea3eef07d47
9ea45ce6af72
9ea4cadd2dd6
9ea538d3f872
9ea5a6cb0f46
9ea614c27254
9ea682ba219b
9ea6f0b21d1b
9ea75eaa64d5
9ea7cca2f8c8
9ea83a9bd8f6
9ea8a895055d
9ea9168e7e00
9ea9848842dc
9ea9f28253f4
9eaa607cb146
9eaace775ad4
9eab3c72509d
9eabaa6d92a2
9eac186920e3
9eac8664fb5f
9eacf4612218
9ead625d950e
9eadd05a5440
9eae3e575faf
9eaeac54b75b
9eaf1a525b44
9eaf88504b6b
9eaff64e87cf
9eb0644d1071
9eb0d24be552
9eb1404b0671
9eb1ae4a73ce
9eb21c4a2d6a
9eb28a4a3345
9eb2f84a855f
9eb3664b23b9
9eb3d44c0e52
9eb4424d452b
9eb4b04ec844
9eb51e50979d
9eb58c52b336
9eb5fa551b10
9eb66857cf2b
9eb6d65acf86
9eb7445e1c23
9eb7b261b502
9eb820659a22
9eb88e69cb83
9eb8fc6e4927
9eb96a73130d
9eb9d8782936
9eba467d8ba1
9ebab4833a4f
9ebb22893540
9ebb908f7c75
9ebbfe960fed
9ebc6c9cefa8
9ebcdaa41ba8
9ebd48ab93eb
9ebdb6b35873
9ebe24bb693f
9ebe92c3c650
9ebf00cc6fa6
9ebf6ed56542
9ebfdcdea722
9ec04ae83548
9ec0b8f20fb4
9ec126fc3666
9ec19506a95d
9ec20311689c
9ec2711c7421
9ec2df27cbec
9ec34d336fff
9ec3bb3f6059
9ec4294b9cfa
9ec4975825e3
9ec50564fb13
9ec573721c8c
9ec5e17f8a4d
9ec64f8d4456
9ec6bd9b4aa8
9ec72ba99d43
9ec799b83c27
9ec807c72754
9ec875d65ecb
9ec8e3e5e28b
9ec951f5b295
9ec9c005cee9
9eca2e163788
9eca9c26ec71
9ecb0a37eda5
9ecb78493b23
9ecbe65ad4ed
9ecc546cbb02
9eccc27eed63
9ecd30916c0f
9ecd9ea43708
9ece0cb74e4c
9ece7acab1dd
9ecee8de61ba
9ecf56f25de5
9ecfc506a65c
9ed0331b3b20
9ed0a1301c32
9ed10f454991
9ed17d5ac33e
9ed1eb70893a
9ed259869b83
9ed2c79cfa1b
9ed335b3a501
9ed3a3ca9c37
9ed411e1dfbb
9ed47ff96f8f
9ed4ee114bb2
9ed55c297424
9ed5ca41e8e7
9ed6385aa9fa
9ed6a673b75d
9ed7148d1110
9ed782a6b714
9ed7f0c0a969
9ed85edae80f
9ed8ccf57307
9ed93b104a50
9ed9a92b6deb
9eda1746ddd7
9eda85629a16
9edaf37ea2a7
9edb619af78b
9edbcfb798c2
9edc3dd4864b
9edcabf1c028
9edd1a0f4658
9edd882d18dc
9eddf64b37b3
9ede6469a2de
9eded2885a5e
9edf40a75e32
9edfaec6ae5b
9ee01ce64ad8
9ee08b0633ab
9ee0f92668d3
9ee16746ea50
9ee1d567b823
9ee24388d24c
9ee2b1aa38cb
9ee31fcbeba0
9ee38dedeacc
9ee3fc10364e
9ee46a32ce27
9ee4d855b258
9ee54678e2df
9ee5b49c5fbe
9ee622c028f5
9ee690e43e84
9ee6ff08a06b
9ee76d2d4eaa
9ee7db524942
9ee849779033
9ee8b79d237c
9ee925c3031f
9ee993e92f1b
9eea020fa771
9eea70366c21
9eeade5d7d2a
9eeb4c84da8e
9eebbaac844c
9eec28d47a65
9eec96fcbcd8
9eed05254ba7
9eed734e26d1
9eede1774e56
9eee4fa0c237
9eeebdca8274
9eef2bf48f0d
9eef9a1ee802
9ef008498d54
9ef076747f02
9ef0e49fbd0d
9ef152cb4776
9ef1c0f71e3b
9ef22f23415f
9ef29d4fb0e0
9ef30b7c6cbe
9ef379a974fb
9ef3e7d6c997
9ef456046a90
9ef4c43257e9
9ef5326091a1
9ef5a08f17b7
9ef60ebdea2d
9ef67ced0903
9ef6eb1c7439
9ef7594c2bce
9ef7c77c2fc4
9ef835ac801a
9ef8a3dd1cd1
9ef9120e05e8
9ef9803f3b61
9ef9ee70bd3a
9efa5ca28b76
9efacad4a612
9efb39070d11
9efba739c072
9efc156cc035
9efc83a00c5b
9efcf1d3a4e3
9efd600789ce
9efdce3bbb1c
9efe3c7038ce
9efeaaa502e3
9eff18da195c
9eff870f7c38
9efff5452b79
9f00637b271e
9f00d1b16f28
9f013fe80397
9f01ae1ee46a
9f021c5611a3
9f028a8d8b40
9f02f8c55144
9f0366fd63ad
9f03d535c27d
9f04436e6db2
9f04b1a7654e
9f051fe0a951
9f058e1a39ba
9f05fc54168a
9f066a8e3fc2
9f06d8c8b561
9f0747037768
9f07b53e85d7
9f082379e0ad
9f0891b587ec
9f08fff17b93
9f096e2dbba4
9f09dc6a481d
9f0a4aa720ff
9f0ab8e4464a
9f0b2721b7ff
9f0b955f761d
9f0c039d80a6
9f0c71dbd799
9f0ce01a7af6
9f0d4e596abd
9f0dbc98a6ef
9f0e2ad82f8d
9f0e99180495
9f0f07582609
9f0f759893e8
9f0fe3d94e33
9f10521a54eb
9f10c05ba80e
9f112e9d479e
9f119cdf339a
9f120b216c03
9f127963f0d9
9f12e7a6c21d
9f1355e9dfce
9f13c42d49ec
9f1432710079
9f14a0b50373
9f150ef952dc
9f157d3deeb3
9f15eb82d6f9
9f1659c80bae
9f16c80d8cd2
9f1736535a65
9f17a4997468
9f1812dfdada
9f1881268dbc
9f18ef6d8d0f
9f195db4d8d2
9f19cbfc7105
9f1a3a4455a9
9f1aa88c86be
9f1b16d50445
9f1b851dce3c
9f1bf366e4a5
9f1c61b04780
9f1ccff9f6cd
9f1d3e43f28d
9f1dac8e3abe
9f1e1ad8cf62
9f1e8923b079
9f1ef76ede03
9f1f65ba5801
9f1fd4061e72
9f2042523156
9f20b09e90ae
9f211eeb3c7b
9f218d3834bb
9f21fb857970
9f2269d30a9a
9f22d820e839
9f23466f124c
9f23b4bd88d6
9f24230c4bd4
9f24915b5b48
9f24ffaab733
9f256dfa5f93
9f25dc4a546a
9f264a9a95b7
9f26b8eb237b
9f27273bfdb6
9f27958d2468
9f2803de9792
9f2872305733
9f28e082634c
9f294ed4bbdd
9f29bd2760e6
9f2a2b7a5267
9f2a99cd9061
9f2b08211ad4
9f2b7674f1c0
9f2be4c91526
9f2c531d8504
9f2cc172415d
9f2d2fc74a2f
9f2d9e1c9f7b
9f2e0c724142
9f2e7ac82f83
9f2ee91e6a3f
9f2f5774f175
9f2fc5cbc527
9f303422e554
9f30a27a51fd
9f3110d20b21
9f317f2a10c1
9f31ed8262dd
9f325bdb0176
9f32ca33ec8b
9f33388d241d
9f33a6e6a82c
9f34154078b9
9f34839a95c2
9f34f1f4ff49
9f35604fb54e
9f35ceaab7d1
9f363d0606d2
9f36ab61a252
9f3719bd8a50
9f378819becd
9f37f6763fc9
9f3864d30d45
9f38d330273f
9f39418d8dba
9f39afeb40b4
9f3a1e49402f
9f3a8ca78c29
9f3afb0624a4
9f3b696509a0
9f3bd7c43b1d
9f3c4623b91b
9f3cb483839a
9f3d22e39a9b
9f3d9143fe1d
9f3dffa4ae22
9f3e6e05aaa8
9f3edc66f3b1
9f3f4ac8893c
9f3fb92a6b4b
9f40278c99dc
9f4095ef14f0
9f410451dc88
9f4172b4f0a3
9f41e1185143
9f424f7bfe66
9f42bddff80d
9f432c443e39
9f439aa8d0e9
9f44090db01f
9f447772dbd9
9f44e5d85419
9f45543e18de
9f45c2a42a28
9f46310a87f9
9f469f713250
9f470dd8292d
9f477c3f6c90
9f47eaa6fc7a
9f48590ed8eb
9f48c77701e4
9f4935df7763
9f49a448396a
9f4a12b147f9
9f4a811aa310
9f4aef844aaf
9f4b5dee3ed6
9f4bcc587f86
9f4c3ac30cbf
9f4ca92de680
9f4d17990ccb
9f4d86047f9f
9f4df4703efd
9f4e62dc4ae5
9f4ed148a356
9f4f3fb54852
9f4fae2239d8
9f501c8f77e9
9f508afd0285
9f50f96ad9ac
9f5167d8fd5e
9f51d6476d9c
9f5244b62a65
9f52b32533ba
9f532194899b
9f5390042c09
9f53fe741b03
9f546ce4568a
9f54db54de9d
9f5549c5b33e
9f55b836d46c
9f5626a84228
9f569519fc71
9f57038c0349
9f5771fe56ae
9f57e070f6a2
9f584ee3e325
9f58bd571c36
9f592bcaa1d6
9f599a3e7406
9f5a08b292c5
9f5a7726fe13
9f5ae59bb5f2
9f5b5410ba60
9f5bc2860b5f
9f5c30fba8ee
9f5c9f71930e
9f5d0de7c9be
9f5d7c5e4d00
9f5dead51cd3
9f5e594c3937
9f5ec7c3a22d
9f5f363b57b5
9f5fa4b359cf
9f60132ba87c
9f6081a443bb
9f60f01d2b8c
9f615e965ff1
9f61cd0fe0e9
9f623b89ae74
9f62aa03c892
9f63187e2f45
9f6386f8e28b
9f63f573e266
9f6463ef2ed5
9f64d26ac7d8
9f6540e6ad70
9f65af62df9e
9f661ddf5e60
9f668c5c29b8
9f66fad941a6
9f676956a629
9f67d7d45743
9f68465254f3
9f68b4d09f39
9f69234f3616
9f6991ce1989
9f6a004d4994
9f6a6eccc636
9f6add4c8f70
9f6b4bcca541
9f6bba4d07aa
9f6c28cdb6ac
9f6c974eb245
9f6d05cffa77
9f6d74518f42
9f6de2d370a6
9f6e51559ea3
9f6ebfd8193a
9f6f2e5ae06a
9f6f9cddf433
9f700b615497
9f7079e50195
9f70e868fb2d
9f7156ed4160
9f71c571d42e
9f7233f6b397
9f72a27bdf9b
9f731101583a
9f737f871d75
9f73ee0d2f4c
9f745c938dbf
9f74cb1a38ce
9f7539a1307a
9f75a82874c2
9f7616b005a7
9f768537e32a
9f76f3c00d49
9f7762488407
9f77d0d14762
9f783f5a575a
9f78ade3b3f1
9f791c6d5d27
9f798af752fa
9f79f981956d
9f7a680c247f
9f7ad697002f
9f7b4522287f
9f7bb3ad9d6f
9f7c22395eff
9f7c90c56d2e
9f7cff51c7fe
9f7d6dde6f6e
9f7ddc6b637f
9f7e4af8a430
9f7eb9863183
9f7f28140b77
9f7f96a2320c
9f800530a543
9f8073bf651c
9f80e24e7197
9f8150ddcab4
9f81bf6d7073
9f822dfd62d6
9f829c8da1db
9f830b1e2d83
9f8379af05cf
9f83e8402abe
9f8456d19c51
9f84c5635a88
9f8533f56563
9f85a287bce3
9f86111a6107
9f867fad51cf
9f86ee408f3d
9f875cd41950
9f87cb67f008
9f8839fc1366
9f88a890836a
9f8917254014
9f8985ba4964
9f89f44f9f5a
9f8a62e541f7
9f8ad17b313b
9f8b40116d26
9f8baea7f5b8
9f8c1d3ecaf2
9f8c8bd5ecd3
9f8cfa6d5b5c
9f8d6905168e
9f8dd79d1e67
9f8e463572e9
9f8eb4ce1414
9f8f236701e8
9f8f92003c65
9f900099c38b
9f906f33975b
9f90ddcdb7d5
9f914c6824f8
9f91bb02dec6
9f92299de53e
9f9298393860
9f9306d4d82e
9f937570c4a6
9f93e40cfdca
9f9452a98399
9f94c1465614
9f952fe3753a
9f959e80e10d
9f960d1e998b
9f967bbc9eb7
9f96ea5af08f
9f9758f98f13
9f97c7987a45
9f983637b224
9f98a4d736b1
9f99137707eb
9f99821725d3
9f99f0b7906a
9f9a5f5847ae
9f9acdf94ba1
9f9b3c9a9c43
9f9bab3c3994
9f9c19de2394
9f9c88805a44
9f9cf722dda2
9f9d65c5adb1
9f9dd468ca70
9f9e430c33df
9f9eb1afe9fe
9f9f2053ecce
9f9f8ef83c4f
9f9ffd9cd880
9fa06c41c163
9fa0dae6f6f8
9fa1498c793e
9fa1b8324835
9fa226d863df
9fa2957ecc3b
9fa30425814a
9fa372cc830b
9fa3e173d180
9fa4501b6ca7
9fa4bec35482
9fa52d6b8910
9fa59c140a52
9fa60abcd847
9fa67965f2f1
9fa6e80f5a50
9fa756b90e62
9fa7c5630f2a
9fa8340d5ca6
9fa8a2b7f6d8
9fa91162ddbf
9fa9800e115c
9fa9eeb991ae
9faa5d655eb7
9faacc117876
9fab3abddeeb
9faba96a9216
9fac181791f9
9fac86c4de93
9facf57277e3
9fad64205dec
9fadd2ce90ac
9fae417d1024
9faeb02bdc54
9faf1edaf53c
9faf8d8a5add
9faffc3a0d36
9fb06aea0c48
9fb0d99a5814
9fb1484af099
9fb1b6fbd5d7
9fb225ad07cf
9fb2945e8681
9fb3031051ed
9fb371c26a14
9fb3e074cef5
9fb44f278091
9fb4bdda7ee8
9fb52c8dc9fa
9fb59b4161c7
9fb609f54650
9fb678a97795
9fb6e75df596
9fb75612c053
9fb7c4c7d7cd
9fb8337d3c03
9fb8a232ecf6
9fb910e8eaa7
9fb97f9f3514
9fb9ee55cc3f
9fba5d0cb028
9fbacbc3e0ce
9fbb3a7b5e33
9fbba9332856
9fbc17eb3f38
9fbc86a3a2d8
9fbcf55c5337
9fbd64155055
9fbdd2ce9a33
9fbe418830d0
9fbeb042142d
9fbf1efc444a
9fbf8db6c127
9fbffc718ac5
9fc06b2ca123
9fc0d9e80442
9fc148a3b422
9fc1b75fb0c3
9fc2261bfa26
9fc294d8904a
9fc303957330
9fc37252a2d8
9fc3e1101f43
9fc44fcde870
9fc4be8bfe5f
9fc52d4a6112
9fc59c091087
9fc60ac80cc0
9fc6798755bc
9fc6e846eb7c
9fc75706ce00
9fc7c5c6fd49
9fc834877955
9fc8a3484226
9fc9120957bc
9fc980caba17
9fc9ef8c6937
9fca5e4e651c
9fcacd10adc7
9fcb3bd34337
9fcbaa96256e
9fcc1959546b
9fcc881cd02e
9fccf6e098b8
9fcd65a4ae09
9fcdd4691021
9fce432dbf00
9fceb1f2baa7
9fcf20b80315
9fcf8f7d984b
9fcffe437a49
9fd06d09a90f
9fd0dbd0249e
9fd14a96ecf6
9fd1b95e0217
9fd228256400
9fd296ed12b3
9fd305b50e30
9fd3747d5676
9fd3e345eb87
9fd4520ecd61
9fd4c0d7fc06
9fd52fa17775
9fd59e6b3faf
9fd60d3554b4
9fd67bffb685
9fd6eaca6521
9fd759956088
9fd7c860a8bb
9fd8372c3dba
9fd8a5f81f86
9fd914c44e1e
9fd98390c982
9fd9f25d91b4
9fda612aa6b2
9fdacff8087e
9fdb3ec5b717
9fdbad93b27e
9fdc1c61fab3
9fdc8b308fb6
9fdcf9ff7188
9fdd68cea027
9fddd79e1b96
9fde466de3d4
9fdeb53df8e0
9fdf240e5abc
9fdf92df0968
9fe001b004e3
9fe070814d2f
9fe0df52e24a
9fe14e24c436
9fe1bcf6f2f3
9fe22bc96e80
9fe29a9c36df
9fe3096f4c0e
9fe37842ae0f
9fe3e7165ce2
9fe455ea5887
9fe4c4bea0fd
9fe533933646
9fe5a2681862
9fe6113d4750
9fe68012c311
9fe6eee88ba5
9fe75dbea10c
9fe7cc950347
9fe83b6bb256
9fe8aa42ae38
9fe91919f6ef
9fe987f18c7a
9fe9f6c96eda
9fea65a19e0e
9fead47a1a18
9feb4352e2f6
9febb22bf8aa
9fec21055b34
9fec8fdf0a93
9fecfeb906c8
9fed6d934fd4
9feddc6de5b6
9fee4b48c86f
9feeba23f7fe
9fef28ff7465
9fef97db3da3
9ff006b753b8
9ff07593b6a5
9ff0e470666a
9ff1534d6307
9ff1c22aac7c
9ff2310842ca
9ff29fe625f1
9ff30ec455f0
9ff37da2d2c9
9ff3ec819c7b
9ff45b60b306
9ff4ca40166b
9ff5391fc6ab
9ff5a7ffc3c4
9ff616e00db8
9ff685c0a486
9ff6f4a1882f
9ff76382b8b4
9ff7d2643613
9ff84146004e
9ff8b0281764
9ff91f0a7b57
9ff98ded2c25
9ff9fcd029d0
9ffa6bb37457
9ffada970bbb
9ffb497aeffb
9ffbb85f2119
9ffc27439f14
9ffc962869ed
9ffd050d81a3
9ffd73f2e637
9ffde2d897a9
9ffe51be95fa
9ffec0a4e129
9fff2f8b7937
9fff9e725e24
a0000d598ff0
a0007c410e9c
a000eb28da27
a0015a10f292
a001c8f957dd
a00237e20a08
a002a6cb0913
a00315b454ff
a003849dedcc
a003f387d37a
a0046272060a
a004d15c857a
a005404751cd
a005af326b01
a0061e1dd117
a0068d098410
a006fbf583eb
a0076ae1d0a9
a007d9ce6a4a
a00848bb50ce
a008b7a88435
a00926960480
a0099583d1ae
a00a0471ebc1
a00a736052b8
a00ae24f0693
a00b513e0752
a00bc02d54f7
a00c2f1cef80
a00c9e0cd6ef
a00d0cfd0b43
a00d7bed8c7d
a00deade5a9c
a00e59cf75a2
a00ec8c0dd8e
a00f37b29260
a00fa6a49419
a0101596e2b9
a01084897e40
a010f37c66ae
a011626f9c03
a011d1631e41
a0124056ed66
a012af4b0974
a0131e3f7269
a0138d342848
a013fc292b0f
a0146b1e7abf
a014da141758
a015490a00db
a015b8003747
a01626f6ba9d
a01695ed8add
a01704e4a807
a01773dc121b
a017e2d3c91b
a01851cbcd05
a018c0c41dda
a0192fbcbb9a
a0199eb5a646
a01a0daedddd
a01a7ca86260
a01aeba233d0
a01b5a9c522b
a01bc996bd74
a01c389175a8
a01ca78c7aca
a01d1687ccd9
a01d85836bd5
a01df47f57bf
a01e637b9097
a01ed278165c
a01f4174e910
a01fb07208b2
a0201f6f7542
a0208e6d2ec2
a020fd6b3530
a0216c69888e
a021db6828db
a0224a671617
a022b9665044
a0232865d760
a0239765ab6d
a0240665cc6a
a02475663a58
a024e466f537
a0255367fd07
a025c26951c8
a026316af37a
a026a06ce21f
a0270f6f1db5
a0277e71a63d
a027ed747bb8
a0285c779e25
a028cb7b0d85
a0293a7ec9d8
a029a982d31e
a02a18872957
a02a878bcc85
a02af690bca5
a02b6595f9ba
a02bd49b83c3
a02c43a15ac1
a02cb2a77eb3
a02d21adef9a
a02d90b4ad75
a02dffbbb847
a02e6ec3100d
a02eddcab4ca
a02f4cd2a67c
a02fbbdae524
a0302ae370c3
a03099ec4958
a03108f56ee3
a03177fee166
a031e708a0e0
a0325612ad51
a032c51d06b9
a0333427ad1a
a033a332a072
a034123de0c3
a03481496e0c
a034f055484d
a0355f616f87
a035ce6de3bb
a0363d7aa4e7
a036ac87b30d
a0371b950e2c
a0378aa2b646
a037f9b0ab59
a03868beed67
a038d7cd7c6f
a03946dc5872
a039b5eb816f
a03a24faf768
a03a940aba5c
a03b031aca4b
a03b722b2737
a03be13bd11e
a03c504cc801
a03cbf5e0be1
a03d2e6f9cbd
a03d9d817a96
a03e0c93a56b
a03e7ba61d3e
a03eeab8e20f
a03f59cbf3dd
a03fc8df52a9
a04037f2fe72
a040a706f73a
a041161b3d01
a041852fcfc6
a041f444af89
a0426359dc4c
a042d26f560e
a04341851cd0
a043b09b3091
a0441fb19153
a0448ec83f14
a044fddf39d5
a0456cf68197
a045dc0e165a
a0464b25f81e
a046ba3e26e2
a0472956a2a9
a047986f6b70
a0480788813a
a04876a1e405
a048e5bb93d3
a04954d590a3
a049c3efda75
a04a330a714a
a04aa2255523
a04b114085fe
a04b805c03dd
a04bef77cec0
a04c5e93e6a6
a04ccdb04b91
a04d3cccfd7f
a04dabe9fc73
a04e1b07486a
a04e8a24e167
a04ef942c769
a04f6860fa70
a04fd77f7a7d
a050469e478f
a050b5bd61a7
a05124dcc8c6
a05193fc7ceb
a052031c7e16
a052723ccc48
a052e15d6781
a053507e4fc1
a053bf9f8509
a0542ec10758
a0549de2d6af
a0550d04f30e
a0557c275c75
a055eb4a12e5
a0565a6d165d
a056c99066de
a05738b40468
a057a7d7eefc
a05816fc2699
a0588620ab3f
a058f5457cf0
a059646a9baa
a059d390076f
a05a42b5c03f
a05ab1dbc619
a05b210218fe
a05b9028b8ee
a05bff4fa5e9
a05c6e76dff1
a05cdd9e6703
a05d4cc63b22
a05dbbee5c4d
a05e2b16ca85
a05e9a3f85c9
a05f09688e19
a05f7891e377
a05fe7bb85e2
a06056e5755b
a060c60fb1e1
a061353a3b75
a061a4651217
a062139035c7
a06282bba686
a062f1e76453
a06361136f30
a063d03fc71b
a0643f6c6c16
a064ae995e20
a0651dc69d3a
a0658cf42964
a065fc22029e
a0666b5028e8
a066da7e9c44
a06749ad5caf
a067b8dc6a2c
a068280bc4ba
a068973b6c59
a069066b610a
a069759ba2cd
a069e4cc31a2
a06a53fd0d89
a06ac32e3682
a06b325fac8e
a06ba1916fad
a06c10c37fdf
a06c7ff5dd25
a06cef28877e
a06d5e5b7eea
a06dcd8ec36a
a06e3cc254ff
a06eabf633a8
a06f1b2a5f65
a06f8a5ed837
a06ff9939e1e
a07068c8b11a
a070d7fe112c
a0714733be53
a071b669b890
a072259fffe3
a07294d6944c
a073040d75cb
a0737344a462
a073e27c200e
a07451b3e8d2
a074c0ebfeae
a075302461a0
a0759f5d11ab
a0760e960ecd
a0767dcf5907
a076ed08f05a
a0775c42d4c5
a077cb7d0648
a0783ab784e5
a078a9f2509b
a079192d696a
a0798868cf53
a079f7a48255
a07a66e08271
a07ad61ccfa8
a07b455969f9
a07bb4965164
a07c23d385ea
a07c9311078c
a07d024ed648
a07d718cf220
a07de0cb5b13
a07e500a1123
a07ebf49144e
a07f2e886496
a07f9dc801fa
a0800d07ec7b
a0807c482418
a080eb88a8d3
a0815ac97aab
a081ca0a99a0
a082394c05b4
a082a88dbee5
a08317cfc534
a083871218a2
a083f654b92e
a0846597a6d9
a084d4dae1a3
a085441e698c
a085b3623e94
a08622a660bc
a08691ead004
a087012f8c6c
a087707495f4
a087dfb9ec9d
a0884eff9066
a088be458150
a0892d8bbf5b
a0899cd24a87
a08a0c1922d5
a08a7b604844
a08aeaa7bad6
a08b59ef7a89
a08bc937875f
a08c387fe157
a08ca7c88872
a08d17117cb0
a08d865abe11
a08df5a44c95
a08e64ee283d
a08ed4385109
a08f4382c6f9
a08fb2cd8a0d
a09022189a45
a0909163f7a2
a09100afa224
a0916ffb99cb
a091df47de97
a0924e947088
a092bde14f9f
a0932d2e7bdc
a0939c7bf53f
a0940bc9bbc8
a0947b17cf78
a094ea66304e
a09559b4de4c
a095c903d970
a096385321bc
a096a7a2b72f
a09716f299ca
a0978642c98d
a097f5934678
a09864e4108c
a098d43527c8
a09943868c2d
a099b2d83dbb
a09a222a3c72
a09a917c8852
a09b00cf215c
a09b70220790
a09bdf753aee
a09c4ec8bb77
a09cbe1c8929
a09d2d70a407
a09d9cc50c0f
a09e0c19c142
a09e7b6ec3a1
a09eeac4132b
a09f5a19afe0
a09fc96f99c2
a0a038c5d0d0
a0a0a81c550a
a0a117732671
a0a186ca4504
a0a1f621b0c5
a0a2657969b2
a0a2d4d16fcd
a0a34429c316
a0a3b382638c
a0a422db5130
a0a492348c03
a0a5018e1404
a0a570e7e933
a0a5e0420b92
a0a64f9c7b1f
a0a6bef737dc
a0a72e5241c8
a0a79dad98e4
a0a80d093d30
a0a87c652eac
a0a8ebc16d58
a0a95b1df935
a0a9ca7ad242
a0aa39d7f881
a0aaa9356bf0
a0ab18932c91
a0ab87f13a64
a0abf74f9568
a0ac66ae3d9e
a0acd60d3306
a0ad456c75a1
a0adb4cc056e
a0ae242be26e
a0ae938c0ca2
a0af02ec8408
a0af724d48a2
a0afe1ae5a6f
a0b0510fb971
a0b0c07165a6
a0b12fd35f10
a0b19f35a5ae
a0b20e983981
a0b27dfb1a89
a0b2ed5e48c6
a0b35cc1c438
a0b3cc258ce0
a0b43b89a2bd
a0b4aaee05d1
a0b51a52b61a
a0b589b7b39a
a0b5f91cfe51
a0b66882963e
a0b6d7e87b62
a0b7474eadbe
a0b7b6b52d51
a0b8261bfa1b
a0b89583141e
a0b904ea7b58
a0b974522fcb
a0b9e3ba3176
a0ba5322805a
a0bac28b1c77
a0bb31f405cc
a0bba15d3c5b
a0bc10c6c024
a0bc80309126
a0bcef9aaf62
a0bd5f051ad9
a0bdce6fd389
a0be3ddad975
a0bead462c9b
a0bf1cb1ccfc
a0bf8c1dba98
a0bffb89f56f
a0c06af67d82
a0c0da6352d1
a0c149d0755c
a0c1b93de523
a0c228aba227
a0c29819ac67
a0c3078803e4
a0c376f6a89e
a0c3e6659a95
a0c455d4d9ca
a0c4c544663d
a0c534b43fed
a0c5a42466dc
a0c61394db09
a0c683059c74
a0c6f276ab1e
a0c761e80707
a0c7d159b02f
a0c840cba697
a0c8b03dea3e
a0c91fb07b25
a0c98f23594c
a0c9fe9684b3
a0ca6e09fd5a
a0cadd7dc342
a0cb4cf1d66b
a0cbbc6636d5
a0cc2bdae480
a0cc9b4fdf6d
a0cd0ac5279b
a0cd7a3abd0c
a0cde9b09fbe
a0ce5926cfb2
a0cec89d4ce9
a0cf38141763
a0cfa78b2f20
a0d017029420
a0d0867a4663
a0d0f5f245e9
a0d1656a92b4
a0d1d4e32cc2
a0d2445c1415
a0d2b3d548ab
a0d3234eca87
a0d392c899a7
a0d40242b60d
a0d471bd1fb7
a0d4e137d6a7
a0d550b2dadd
a0d5c02e2c58
a0d62fa9cb19
a0d69f25b721
a0d70ea1f06f
a0d77e1e7704
a0d7ed9b4ae0
a0d85d186c03
a0d8cc95da6d
a0d93c13961f
a0d9ab919f18
a0da1b0ff559
a0da8a8e98e3
a0dafa0d89b5
a0db698cc7cf
a0dbd90c5332
a0dc488c2bdf
a0dcb80c51d4
a0dd278cc513
a0dd970d859b
a0de068e936d
a0de760fee8a
a0dee59196f0
a0df55138ca1
a0dfc495cf9c
a0e034185fe3
a0e0a39b3d74
a0e1131e6851
a0e182a1e079
a0e1f225a5ed
a0e261a9b8ad
a0e2d12e18b9
a0e340b2c612
a0e3b037c0b7
a0e41fbd08a8
a0e48f429de7
a0e4fec88073
a0e56e4eb04c
a0e5ddd52d72
a0e64d5bf7e7
a0e6bce30fa9
a0e72c6a74ba
a0e79bf22719
a0e80b7a26c7
a0e87b0273c4
a0e8ea8b0e0f
a0e95a13f5aa
a0e9c99d2a95
a0ea3926accf
a0eaa8b07c59
a0eb183a9933
a0eb87c5035d
a0ebf74fbad8
a0ec66dabfa4
a0ecd66611c1
a0ed45f1b12e
a0edb57d9ded
a0ee2509d7fe
a0ee94965f60
a0ef04233415
a0ef73b0561b
a0efe33dc574
a0f052cb8220
a0f0c2598c1e
a0f131e7e370
a0f1a1768814
a0f211057a0d
a0f28094b958
a0f2f02445f8
a0f35fb41fec
a0f3cf444734
a0f43ed4bbd0
a0f4ae657dc1
a0f51df68d07
a0f58d87e9a3
a0f5fd199393
a0f66cab8ad9
a0f6dc3dcf75
a0f74bd06167
a0f7bb6340af
a0f82af66d4d
a0f89a89e742
a0f90a1dae8e
a0f979b1c331
a0f9e946252b
a0fa58dad47c
a0fac86fd125
a0fb38051b26
a0fba79ab27f
a0fc17309730
a0fc86c6c93a
a0fcf65d489d
a0fd65f41558
a0fdd58b2f6c
a0fe452296da
a0feb4ba4ba1
a0ff24524dc2
a0ff93ea9d3d
a10003833a12
a100731c2441
a100e2b55bcb
a101524ee0b0
a101c1e8b2ef
a1023182d28a
a102a11d3f81
a10310b7f9d3
a10380530180
a103efee568a
a1045f89f8f0
a104cf25e8b3
a1053ec225d2
a105ae5eb04e
a1061dfb8827
a1068d98ad5d
a106fd361ff1
a1076cd3dfe3
a107dc71ed32
a1084c1047e0
a108bbaeefec
a1092b4de556
a1099aed281f
a10a0a8cb848
a10a7a2c95cf
a10ae9ccc0b6
a10b596d38fc
a10bc90dfea3
a10c38af11a9
a10ca850720f
a10d17f21fd6
a10d87941afe
a10df7366386
a10e66d8f96f
a10ed67bdcba
a10f461f0d66
a10fb5c28b74
a110256656e4
a110950a6fb6
a11104aed5ea
a11174538981
a111e3f88a7a
a112539dd8d6
a112c3437496
a11332e95db9
a113a28f943f
a1141236182a
a11481dce978
a114f184082a
a115612b7441
a115d0d32dbd
a116407b349d
a116b02388e3
a1171fcc2a8d
a1178f75199d
a117ff1e5613
a1186ec7dfef
a118de71b731
a1194e1bdbd9
a119bdc64de7
a11a2d710d5c
a11a9d1c1a39
a11b0cc7747c
a11b7c731c27
a11bec1f1139
a11c5bcb53b3
a11ccb77e395
a11d3b24c0df
a11daad1eb92
a11e1a7f63ad
a11e8a2d2931
a11ef9db3c1e
a11f69899c74
a11fd9384a34
a12048e7455d
a120b8968df0
a121284623ee
a12197f60755
a12207a63827
a1227756b664
a122e707820c
a12356b89b1e
a123c66a019d
a124361bb586
a124a5cdb6dc
a1251580059d
a1258532a1cb
a125f4e58b64
a1266498c26b
a126d44c46de
a127440018bf
a127b3b4380c
a1282368a4c7
a128931d5ef0
a12902d26686
a1297287bb8b
a129e23d5dfd
a12a51f34ddf
a12ac1a98b2e
a12b316015ed
a12ba116ee1b
a12c10ce13b8
a12c808586c5
a12cf03d4742
a12d5ff5552e
a12dcfadb08b
a12e3f665958
a12eaf1f4f95
a12f1ed89343
a12f8e922463
a12ffe4c02f3
a1306e062ef5
a130ddc0a868
a1314d7b6f4e
a131bd3683a5
a1322cf1e56f
a1329cad94ab
a1330c69915a
a1337c25db7b
a133ebe27310
a1345b9f5818
a134cb5c8a93
a1353b1a0a83
a135aad7d7e6
a1361a95f2bd
a1368a545b09
a136fa1310c9
a13769d213fe
a137d99164a8
a138495102c7
a138b910ee5c
a13928d12766
a1399891ade6
a13a085281dc
a13a7813a348
a13ae7d5122a
a13b5796ce84
a13bc758d854
a13c371b2f9b
a13ca6ddd45a
a13d16a0c690
a13d8664063d
a13df6279363
a13e65eb6e01
a13ed5af9617
a13f45740ba5
a13fb538cead
a14024fddf2d
a14094c33d26
a1410488e899
a141744ee186
a141e41527ec
a14253dbbbcc
a142c3a29d27
a1433369cbfc
a143a331484b
a14412f91216
a14482c1295b
a144f2898e1c
a14562524058
a145d21b4010
a14641e48d44
a146b1ae27f3
a14721781020
a147914245c8
a148010cc8ee
a14870d79990
a148e0a2b7b0
a149506e234d
a149c039dc67
a14a3005e300
a14a9fd23716
a14b0f9ed8aa
a14b7f6bc7bd
a14bef39044f
a14c5f068e5f
a14cced465ef
a14d3ea28afd
a14dae70fd8b
a14e1e3fbd99
a14e8e0ecb27
a14efdde2635
a14f6dadcec3
a14fdd7dc4d1
a1504d4e0861
a150bd1e9971
a1512cef7802
a1519cc0a415
a1520c921da9
a1527c63e4bf
a152ec35f958
a1535c085b72
a153cbdb0b0e
a1543bae082e
a154ab8152d0
a1551b54eaf5
a1558b28d09d
a155fafd03c9
a1566ad18479
a156daa652ac
a1574a7b6e63
a157ba50d79f
a1582a268e5f
a15899fc92a4
a15909d2e46e
a15979a983bd
a159e9807091
a15a5957aaeb
a15ac92f32cb
a15b39070830
a15ba8df2b1c
a15c18b79b8e
a15c88905987
a15cf8696507
a15d6842be0d
a15dd81c649b
a15e47f658b0
a15eb7d09a4d
a15f27ab2972
a15f9786061f
a16007613054
a160773ca812
a160e7186d58
a16156f48027
a161c6d0e080
a16236ad8e61
a162a68a89cc
a1631667d2c1
a16386456940
a163f6234d49
a16466017edd
a164d5dffdfb
a16545becaa4
a165b59de4d7
a166257d4c97
a166955d01e1
a167053d04b7
a167751d5519
a167e4fdf307
a16854dede82
a168c4c01788
a16934a19e1c
a169a483723c
a16a146593ea
a16a84480324
a16af42abfed
a16b640dca43
a16bd3f12227
a16c43d4c799
a16cb3b8ba9a
a16d239cfb29
a16d93818947
a16e036664f3
a16e734b8e30
a16ee33104fb
a16f5316c956
a16fc2fcdb41
a17032e33abc
a170a2c9e7c8
a17112b0e263
a17182982a90
a171f27fc04d
a1726267a39b
a172d24fd47b
a173423852ec
a173b2211eef
a174220a3884
a17491f39fab
a17501dd5465
a17571c756b1
a175e1b1a690
a176519c4401
a176c1872f06
a1773172679f
a177a15dedcb
a1781149c18a
a1788135e2de
a178f12251c6
a179610f0e43
a179d0fc1854
a17a40e96ffa
a17ab0d71535
a17b20c50806
a17b90b3486c
a17c00a1d668
a17c7090b1f9
a17ce07fdb21
a17d506f51df
a17dc05f1634
a17e304f281f
a17ea03f87a2
a17f103034bb
a17f80212f6c
a17ff01277b5
a18060040d95
a180cff5f10e
a1813fe8221f
a181afdaa0c8
a1821fcd6d0a
a1828fc086e4
a182ffb3ee58
a1836fa7a365
a183df9ba60c
a1844f8ff64c
a184bf849426
a1852f797f9b
a1859f6eb8a9
a1860f643f53
a1867f5a1397
a186ef503575
a1875f46a4f0
a187cf3d6205
a1883f346cb6
a188af2bc503
a1891f236aec
a1898f1b5e71
a189ff139f93
a18a6f0c2e51
a18adf050aac
a18b4efe34a5
a18bbef7ac3a
a18c2ef1716d
a18c9eeb843e
a18d0ee5e4ad
a18d7ee092b9
a18deedb8e64
a18e5ed6d7ae
a18eced26e96
a18f3ece531e
a18faeca8544
a1901ec7050a
a1908ec3d270
a190fec0ed75
a1916ebe561a
a191debc0c60
a1924eba1046
a192beb861cc
a1932eb700f4
a1939eb5edbc
a1940eb52826
a1947eb4b031
a194eeb485de
a1955eb4a92d
a195ceb51a1e
a1963eb5d8b2
a196aeb6e4e8
a1971eb83ec0
a1978eb9e63c
a197febbdb5b
a1986ebe1e1d
a198dec0ae82
a1994ec38c8c
a199bec6b839
a19a2eca318b
a19a9ecdf881
a19b0ed20d1c
a19b7ed66f5c
a19beedb1f41
a19c5ee01ccb
a19ccee567fa
a19d3eeb00cf
a19daef0e74a
a19e1ef71b6b
a19e8efd9d33
a19eff046ca1
a19f6f0b89b6
a19fdf12f471
a1a04f1aacd4
a1a0bf22b2df
a1a12f2b0690
a1a19f33a7ea
a1a20f3c96ec
a1a27f45d396
a1a2ef4f5de8
a1a35f5935e3
a1a3cf635b86
a1a43f6dced3
a1a4af788fc9
a1a51f839e69
a1a58f8efab2
a1a5ff9aa4a5
a1a66fa69c42
a1a6dfb2e18a
a1a74fbf747c
a1a7bfcc5519
a1a82fd98361
a1a89fe6ff54
a1a90ff4c8f2
a1a98002e03c
a1a9f0114531
a1aa601ff7d3
a1aad02ef821
a1ab403e461b
a1abb04de1c2
a1ac205dcb16
a1ac906e0217
a1ad007e86c5
a1ad708f5920
a1ade0a07929
a1ae50b1e6e0
a1aec0c3a246
a1af30d5ab59
a1afa0e8021b
a1b010faa68c
a1b0810d98ac
a1b0f120d87a
a1b1613465f9
a1b1d1484127
a1b2415c6a04
a1b2b170e092
a1b32185a4cf
a1b3919ab6be
a1b401b0165c
a1b471c5c3ac
a1b4e1dbbead
a1b551f2075f
a1b5c2089dc2
a1b6321f81d7
a1b6a236b39e
a1b7124e3317
a1b782660043
a1b7f27e1b21
a1b8629683b1
a1b8d2af39f5
a1b942c83dec
a1b9b2e18f96
a1ba22fb2ef4
a1ba93151c05
a1bb032f56ca
a1bb7349df44
a1bbe364b572
a1bc537fd955
a1bcc39b4aec
a1bd33b70a39
a1bda3d3173b
a1be13ef71f2
a1be840c1a5f
a1bef4291082
a1bf6446545b
a1bfd463e5ea
a1c04481c530
a1c0b49ff22c
a1c124be6ce0
a1c194dd354a
a1c204fc4b6c
a1c2751baf46
a1c2e53b60d7
a1c3555b6020
a1c3c57bad22
a1c4359c47dc
a1c4a5bd304e
a1c515de6679
a1c585ffea5e
a1c5f621bbfb
a1c66643db52
a1c6d6664863
a1c74689032e
a1c7b6ac0bb3
a1c826cf61f2
a1c896f305eb
a1c90716f79f
a1c9773b370f
a1c9e75fc439
a1ca57849f1f
a1cac7a9c7c0
a1cb37cf3e1d
a1cba7f50236
a1cc181b140b
a1cc8841739d
a1ccf86820eb
a1cd688f1bf6
a1cdd8b664bf
a1ce48ddfb44
a1ceb905df87
a1cf292e1187
a1cf99569146
a1d0097f5ec2
a1d079a879fd
a1d0e9d1e2f6
a1d159fb99af
a1d1ca259e26
a1d23a4ff05c
a1d2aa7a9051
a1d31aa57e06
a1d38ad0b97b
a1d3fafc42b0
a1d46b2819a5
a1d4db543e5a
a1d54b80b0d0
a1d5bbad7107
a1d62bda7eff
a1d69c07dab8
a1d70c358433
a1d77c637b6f
a1d7ec91c06d
a1d85cc0532e
a1d8ccef33b0
a1d93d1e61f5
a1d9ad4dddfd
a1da1d7da7c8
a1da8dadbf56
a1dafdde24a7
a1db6e0ed7bc
a1dbde3fd894
a1dc4e712731
a1dcbea2c392
a1dd2ed4adb7
a1dd9f06e5a1
a1de0f396b4f
a1de7f6c3ec3
a1deef9f5ffc
a1df5fd2cefa
a1dfd0068bbf
a1e0403a9648
a1e0b06eee99
a1e120a394af
a1e190d8888c
a1e2010dca2f
a1e27143599a
a1e2e17936cc
a1e351af61c5
a1e3c1e5da85
a1e4321ca10e
a1e4a253b55e
a1e5128b1776
a1e582c2c757
a1e5f2fac501
a1e663331073
a1e6d36ba9af
a1e743a490b4
a1e7b3ddc582
a1e82417481a
a1e89451187b
a1e9048b36a7
a1e974c5a29d
a1e9e5005c5e
a1ea553b63e9
a1eac576b940
a1eb35b25c61
a1eba5ee4d4e
a1ec162a8c06
a1ec8667188b
a1ecf6a3f2db
a1ed66e11af7
a1edd71e90e0
a1ee475c5495
a1eeb79a6617
a1ef27d8c567
a1ef98177283
a1f008566d6d
a1f07895b625
a1f0e8d54caa
a1f1591530fe
a1f1c9556320
a1f23995e311
a1f2a9d6b0d0
a1f31a17cc5e
a1f38a5935bb
a1f3fa9aece8
a1f46adcf1e4
a1f4db1f44b0
a1f54b61e54c
a1f5bba4d3b8
a1f62be80ff5
a1f69c2b9a02
a1f70c6f71e0
a1f77cb3978f
a1f7ecf80b10
a1f85d3ccc62
a1f8cd81db85
a1f93dc7387b
a1f9ae0ce342
a1fa1e52dbdc
a1fa8e992248
a1fafedfb688
a1fb6f26989a
a1fbdf6dc87f
a1fc4fb54637
a1fcbffd11c3
a1fd30452b23
a1fda08d9257
a1fe10d6475f
a1fe811f4a3c
a1fef1689aed
a1ff61b23973
a1ffd1fc25ce
a20042465ffe
a200b290e804
a20122dbbde0
a2019326e191
a20203725319
a20273be1276
a202e40a1fab
a20354567ab6
a203c4a32398
a20434f01a51
a204a53d5ee1
a205158af149
a20585d8d189
a205f626ffa1
a20666757b91
a206d6c4455a
a20747135cfb
a207b762c275
a20827b275c8
a208980276f4
a2090852c5fa
a20978a362da
a209e8f44d93
a20a59458627
a20ac9970c94
a20b39e8e0dd
a20baa3b0300
a20c1a8d72fe
a20c8ae030d7
a20cfb333c8c
a20d6b86961c
a20ddbda3d88
a20e4c2e32d0
a20ebc8275f4
a20f2cd706f4
a20f9d2be5d2
a2100d81128c
a2107dd68d23
a210ee2c5597
a2115e826be9
a211ced8d019
a2123f2f8226
a212af868212
a2131fddcfdc
a21390356b84
a214008d550b
a21470e58c72
a214e13e11b7
a2155196e4dc
a215c1f005e0
a216324974c4
a216a2a33188
a21712fd3c2d
a217835794b1
a217f3b23b17
a218640d2f5d
a218d4687184
a21944c4018d
a219b51fdf77
a21a257c0b43
a21a95d884f1
a21b06354c81
a21b769261f3
a21be6efc547
a21c574d767f
a21cc7ab7599
a21d3809c297
a21da8685d78
a21e18c7463d
a21e89267ce5
a21ef9860171
a21f69e5d3e2
a21fda45f437
a2204aa66271
a220bb071e8f
a2212b682893
a2219bc9807c
a2220c2b264a
a2227c8d19ff
a222ecef5b99
a2235d51eb19
a223cdb4c87f
a2243e17f3cc
a224ae7b6d00
a2251edf341b
a2258f43491d
a225ffa7ac07
a226700c5cd8
a226e0715b90
a22750d6a831
a227c13c42ba
a22831a22b2c
a228a2086186
a229126ee5c9
a22982d5b7f5
a229f33cd80b
a22a63a44609
a22ad40c01f2
a22b44740bc5
a22bb4dc6381
a22c25450928
a22c95adfcba
a22d06173e36
a22d7680cd9e
a22de6eaaaf0
a22e5754d62e
a22ec7bf4f58
a22f382a166d
a22fa8952b6e
a23019008e5c
a230896c3f36
a230f9d83dfd
a2316a448ab1
a231dab12551
a2324b1e0ddf
a232bb8b445b
a2332bf8c8c4
a2339c669b1b
a2340cd4bb61
a2347d432995
a234edb1e5b7
a2355e20efc8
a235ce9047c8
a2363effedb7
a236af6fe196
a2371fe02364
a2379050b322
a23800c190d0
a2387132bc6f
a238e1a435fe
a2395215fd7d
a239c28812ee
a23a32fa764f
a23aa36d27a2
a23b13e026e6
a23b8453741c
a23bf4c70f44
a23c653af85f
a23cd5af2f6b
a23d4623b46a
a23db698875c
a23e270da841
a23e97831719
a23f07f8d3e5
a23f786edea4
a23fe8e53757
a240595bddfe
a240c9d2d299
a2413a4a1529
a241aac1a5ae
a2421b398427
a2428bb1b095
a242fc2a2af9
a2436ca2f353
a243dd1c09a2
a2444d956de7
a244be0f2022
a2452e892053
a2459f036e7c
a2460f7e0a9b
a2467ff8f4b1
a246f0742cbe
a24760efb2c2
a247d16b86bf
a24841e7a8b3
a248b264189f
a24922e0d683
a249935de260
a24a03db3c36
a24a7458e404
a24ae4d6d9cc
a24b55551d8d
a24bc5d3af48
a24c36528efc
a24ca6d1bcaa
a24d17513853
a24d87d101f5
a24df8511993
a24e68d17f2b
a24ed95232be
a24f49d3344d
a24fba5483d7
a2502ad6215c
a2509b580cde
a2510bda465b
a2517c5ccdd5
a251ecdfa34b
a2525d62c6be
a252cde6382e
a2533e69f79b
a253aeee0505
a2541f72606d
a2548ff709d3
a255007c0137
a25571014699
a255e186d9f9
a256520cbb58
a256c292eab5
a25733196812
a257a3a0336e
a25814274cca
a25884aeb425
a258f5366980
a25965be6cdb
a259d646be36
a25a46cf5d92
a25ab7584aee
a25b27e1864c
a25b986b0fab
a25c08f4e70b
a25c797f0c6c
a25cea097fd0
a25d5a944135
a25dcb1f509c
a25e3baaae06
a25eac365973
a25f1cc252e2
a25f8d4e9a55
a25ffddb2fcb
a2606e681344
a260def544c1
a2614f82c441
a261c01091c6
a262309ead4f
a262a12d16dd
a26311bbce6f
a263824ad407
a263f2da27a3
a2646369c945
a264d3f9b8ed
a2654489f69a
a265b51a824d
a26625ab5c07
a266963c83c6
a26706cdf98d
a267775fbd5a
a267e7f1cf2f
a26858842f0a
a268c916dcee
a26939a9d8d8
a269aa3d22cb
a26a1ad0bac6
a26a8b64a0c9
a26afbf8d4d5
a26b6c8d56ea
a26bdd222707
a26c4db7452e
a26cbe4cb15e
a26d2ee26b97
a26d9f7873db
a26e100eca28
a26e80a56e80
a26ef13c60e2
a26f61d3a14f
a26fd26b2fc6
a27043030c49
a270b39b36d7
a2712433af70
a27194cc7615
a27205658ac7
a27275feed84
a272e6989e4d
a27357329d23
a273c7ccea06
a274386784f6
a274a9026df3
a275199da4fe
a2758a392a16
a275fad4fd3b
a2766b711e6f
a276dc0d8db1
a2774caa4b02
a277bd475661
a2782de4afcf
a2789e82574d
a2790f204cd9
a2797fbe9075
a279f05d2221
a27a60fc01dd
a27ad19b2fa8
a27b423aab85
a27bb2da7571
a27c237a8d6f
a27c941af37d
a27d04bba79d
a27d755ca9ce
a27de5fdfa11
a27e569f9865
a27ec74184cc
a27f37e3bf45
a27fa88647d0
a28019291e6e
a28089cc431f
a280fa6fb5e3
a2816b1376bb
a281dbb785a6
a2824c5be2a4
a282bd008db7
a2832da586dd
a2839e4ace19
a2840ef06368
a2847f9646cd
a284f03c7846
a28560e2f7d5
a285d189c579
a2864230e133
a286b2d84b02
a287238002e8
a287942808e4
a28804d05cf7
a2887578ff20
a288e621ef60
a28956cb2db7
a289c774ba25
a28a381e94ac
a28aa8c8bd49
a28b197333ff
a28b8a1df8cd
a28bfac90bb3
a28c6b746cb2
a28cdc201bca
a28d4ccc18fb
a28dbd786445
a28e2e24fda8
a28e9ed1e526
a28f0f7f1abd
a28f802c9e6e
a28ff0da7039
a2906188901f
a290d236fe1f
a29142e5ba3b
a291b394c472
a29224441cc4
a29294f3c331
a29305a3b7ba
a2937653fa60
a293e7048b21
a29457b569ff
a294c86696fa
a29539181211
a295a9c9db46
a2961a7bf297
a2968b2e5806
a296fbe10b93
a2976c940d3e
a297dd475d07
a2984dfafaee
a298beaee6f3
a2992f632118
a299a017a95b
a29a10cc7fbe
a29a8181a43f
a29af23716e1
a29b62ecd7a2
a29bd3a2e683
a29c44594385
a29cb50feea7
a29d25c6e7e9
a29d967e2f4c
a29e0735c4d1
a29e77eda877
a29ee8a5da3e
a29f595e5a27
a29fca172831
a2a03ad0445e
a2a0ab89aead
a2a11c43671f
a2a18cfd6db4
a2a1fdb7c26b
a2a26e726546
a2a2df2d5644
a2a34fe89565
a2a3c0a422ab
a2a4315ffe14
a2a4a21c27a2
a2a512d89f54
a2a58395652b
a2a5f4527927
a2a6650fdb47
a2a6d5cd8b8e
a2a7468b89f9
a2a7b749d68a
a2a828087142
a2a898c75a1f
a2a909869123
a2a97a46164d
a2a9eb05e99e
a2aa5bc60b16
a2aacc867ab5
a2ab3d47387c
a2abae08446a
a2ac1ec99e80
a2ac8f8b46be
a2ad004d3d24
a2ad710f81b3
a2ade1d2146b
a2ae5294f54b
a2aec3582455
a2af341ba187
a2afa4df6ce4
a2b015a3866a
a2b08667ee1a
a2b0f72ca3f4
a2b167f1a7f9
a2b1d8b6fa28
a2b2497c9a82
a2b2ba428907
a2b32b08c5b7
a2b39bcf5092
a2b40c96299a
a2b47d5d50cd
a2b4ee24c62c
a2b55eec89b7
a2b5cfb49b6f
a2b6407cfb54
a2b6b145a965
a2b7220ea5a4
a2b792d7f010
a2b803a188a9
a2b8746b6f70
a2b8e535a466
a2b956002789
a2b9c6caf8db
a2ba3796185b
a2baa861860b
a2bb192d41e9
a2bb89f94bf6
a2bbfac5a433
a2bc6b924aa0
a2bcdc5f3f3c
a2bd4d2c8209
a2bdbdfa1306
a2be2ec7f233
a2be9f961f91
a2bf10649b20
a2bf813364e1
a2bff2027cd2
a2c062d1e2f5
a2c0d3a1974a
a2c1447199d1
a2c1b541ea8a
a2c226128976
a2c296e37694
a2c307b4b1e5
a2c378863b69
a2c3e9581320
a2c45a2a390b
a2c4cafcad29
a2c53bcf6f7b
a2c5aca28002
a2c61d75debd
a2c68e498bac
a2c6ff1d86d0
a2c76ff1d029
a2c7e0c667b7
a2c8519b4d7b
a2c8c2708174
a2c9334603a3
a2c9a41bd408
a2ca14f1f2a3
a2ca85c85f74
a2caf69f1a7d
a2cb677623bc
a2cbd84d7b32
a2cc492520df
a2ccb9fd14c4
a2cd2ad556e1
a2cd9bade736
a2ce0c86c5c2
a2ce7d5ff287
a2ceee396d85
a2cf5f1336bc
a2cfcfed4e2b
a2d040c7b3d4
a2d0b1a267b5
a2d1227d69d1
a2d19358ba27
a2d2043458b6
a2d275104580
a2d2e5ec8084
a2d356c909c3
a2d3c7a5e13c
a2d4388306f1
a2d4a9607ae1
a2d51a3e3d0d
a2d58b1c4d74
a2d5fbfaac18
a2d66cd958f7
a2d6ddb85413
a2d74e979d6c
a2d7bf773501
a2d830571ad3
a2d8a1374ee3
a2d91217d12f
a2d982f8a1ba
a2d9f3d9c082
a2da64bb2d89
a2dad59ce8cd
a2db467ef251
a2dbb7614a13
a2dc2843f013
a2dc9926e453
a2dd0a0a26d3
a2dd7aedb791
a2ddebd19690
a2de5cb5c3cf
a2decd9a3f4d
a2df3e7f090c
a2dfaf64210c
a2e02049874d
a2e0912f3bce
a2e102153e91
a2e172fb8f95
a2e1e3e22edb
a2e254c91c63
a2e2c5b0582d
a2e33697e239
a2e3a77fba88
a2e41867e119
a2e4895055ee
a2e4fa391905
a2e56b222a60
a2e5dc0b89ff
a2e64cf537e1
a2e6bddf3407
a2e72ec97e71
a2e79fb41720
a2e8109efe14
a2e8818a334c
a2e8f275b6ca
a2e96361888c
a2e9d44da894
a2ea453a16e2
a2eab626d376
a2eb2713de50
a2eb98013770
a2ec08eeded7
a2ec79dcd484
a2eceacb1879
a2ed5bb9aab4
a2edcca88b37
a2ee3d97ba02
a2eeae873714
a2ef1f77026f
a2ef90671c11
a2f0015783fc
a2f072483a30
a2f0e3393ead
a2f1542a9172
a2f1c51c3281
a2f2360e21da
a2f2a7005f7c
a2f317f2eb68
a2f388e5c59f
a2f3f9d8ee1f
a2f46acc64eb
a2f4dbc02a01
a2f54cb43d62
a2f5bda89f0e
a2f62e9d4f05
a2f69f924d49
a2f7108799d8
a2f7817d34b3
a2f7f2731dda
a2f86369554e
a2f8d45fdb0f
a2f94556af1c
a2f9b64dd177
a2fa2745421f
a2fa983d0114
a2fb09350e57
a2fb7a2d69e8
a2fbeb2613c8
a2fc5c1f0bf5
a2fccd185272
a2fd3e11e73d
a2fdaf0bca57
a2fe2005fbc0
a2fe91007b79
a2ff01fb4981
a2ff72f665da
a2ffe3f1d082
a30054ed897b
a300c5e990c4
a30136e5e65e
a301a7e28a48
a30218df7c84
a30289dcbd12
a302fada4bf1
a3036bd82921
a303dcd654a4
a3044dd4ce79
a304bed396a0
a3052fd2ad1a
a305a0d211e6
a30611d1c506
a30682d1c679
a306f3d21640
a30764d2b45a
a307d5d3a0c8
a30846d4db8a
a308b7d664a0
a30928d83c0b
a30999da61cb
a30a0adcd5e0
a30a7bdf984a
a30aece2a909
a30b5de6081e
a30bcee9b588
a30c3fedb149
a30cb0f1fb60
a30d21f693cd
a30d92fb7a91
a30e0400afac
a30e7506331e
a30ee60c04e7
a30f57122508
a30fc8189381
a310391f5051
a310aa265b79
a3111b2db4fa
a3118c355cd4
a311fd3d5306
a3126e459791
a312df4e2a75
a31350570bb3
a313c1603b4b
a3143269b93c
a314a3738587
a315147da02d
a3158588092d
a315f692c087
a316679dc63d
a316d8a91a4e
a31749b4bcba
a317bac0ad81
a3182bcceca5
a3189cd97a24
a3190de655ff
a3197ef38037
a319f000f8cc
a31a610ebfbd
a31ad21cd50b
a31b432b38b6
a31bb439eabf
a31c2548eb26
a31c965839ea
a31d0767d70d
a31d7877c28e
a31de987fc6d
a31e5a9884ab
a31ecba95b48
a31f3cba8044
a31fadcbf39f
a3201eddb55a
a3208fefc575
a321010223f0
a3217214d0cb
a321e327cc06
a322543b15a2
a322c54ead9f
a323366293fd
a323a776c8bc
a324188b4bdc
a32489a01d5f
a324fab53d43
a3256bcaab89
a325dce06832
a3264df6733d
a326bf0cccab
a3273023747c
a327a13a6ab0
a3281251af47
a32883694242
a328f48123a1
a32965995364
a329d6b1d18b
a32a47ca9e16
a32ab8e3b907
a32b29fd225c
a32b9b16da16
a32c0c30e035
a32c7d4b34ba
a32cee65d7a5
a32d5f80c8f5
a32dd09c08ac
a32e41b796c9
a32eb2d3734d
a32f23ef9e37
a32f950c1789
a3300628df41
a3307745f561
a330e86359e9
a33159810cd8
a331ca9f0e30
a3323bbd5df0
a332acdbfc18
a3331dfae8a9
a3338f1a23a3
a3340039ad06
a334715984d2
a334e279ab08
a335539a1fa8
a335c4bae2b1
a33635dbf425
a336a6fd5403
a337181f024c
a3378940ff00
a337fa634a1e
a3386b85e3a8
a338dca8cb9d
a3394dcc01fe
a339beef86cb
a33a30135a04
a33aa1377ba9
a33b125bebbb
a33b8380aa3a
a33bf4a5b725
a33c65cb127d
a33cd6f0bc43
a33d4816b477
a33db93cfb18
a33e2a639027
a33e9b8a73a5
a33f0cb1a591
a33f7dd925eb
a33fef00f4b5
a340602911ed
a340d1517d95
a341427a37ac
a341b3a34033
a34224cc972a
a34295f63c91
a34307203068
a343784a72b0
a343e9750368
a3445a9fe292
a344cbcb102c
a3453cf68c39
a345ae2256b6
a3461f4e6fa6
a346907ad707
a34701a78cdb
a34772d49121
a347e401e3da
a348552f8506
a348c65d74a5
a349378bb2b7
a349a8ba3f3d
a34a19e91a37
a34a8b1843a4
a34afc47bb86
a34b6d7781dc
a34bdea796a6
a34c4fd7f9e6
a34cc108ab9a
a34d3239abc4
a34da36afa63
a34e149c9777
a34e85ce8302
a34ef700bd02
a34f68334579
a34fd9661c67
a3504a9941cb
a350bbccb5a6
a3512d0077f8
a3519e3488c1
a3520f68e802
a352809d95bb
a352f1d291ec
a3536307dc95
a353d43d75b6
a35445735d50
a354b6a99363
a35527e017ef
a3559916eaf4
a3560a4e0c73
a3567b857c6b
a356ecbd3add
a3575df547c9
a357cf2da330
a35840664d11
a358b19f456d
a35922d88c44
a35994122196
a35a054c0563
a35a768637ac
a35ae7c0b871
a35b58fb87b2
a35bca36a56f
a35c3b7211a8
a35cacadcc5e
a35d1de9d591
a35d8f262d41
a35e0062d36f
a35e719fc81a
a35ee2dd0b42
a35f541a9ce9
a35fc5587d0d
a3603696abb0
a360a7d528d2
a3611913f472
a3618a530e92
a361fb927730
a3626cd22e4e
a362de1233ec
a3634f528809
a363c0932aa7
a36431d41bc5
a364a3155b63
a3651456e982
a3658598c622
a365f6daf143
a366681d6ae5
a366d9603309
a3674aa349af
a367bbe6aed7
a3682d2a6280
a3689e6e64ad
a3690fb2b55b
a36980f7548d
a369f23c4242
a36a63817e7a
a36ad4c70935
a36b460ce274
a36bb7530a37
a36c2899807e
a36c99e04549
a36d0b275899
a36d7c6eba6e
a36dedb66ac7
a36e5efe69a6
a36ed046b70a
a36f418f52f3
a36fb2d83d63
a37024217658
a370956afdd4
a37106b4d3d6
a37177fef85f
a371e9496b6e
a3725a942d05
a372cbdf3d23
a3733d2a9bc9
a373ae7648f6
a3741fc244ab
a374910e8ee8
a375025b27ae
a37573a80efc
a375e4f544d3
a3765642c933
a376c7909c1c
a37738debd8e
a377aa2d2d8a
a3781b7bec10
a3788ccaf920
a378fe1a54bb
a3796f69fedf
a379e0b9f78f
a37a520a3ec9
a37ac35ad48f
a37b34abb8df
a37ba5fcebbc
a37c174e6d24
a37c88a03d18
a37cf9f25b98
a37d6b44c8a4
a37ddc97843e
a37e4dea8e64
a37ebf3de717
a37f30918e57
a37fa1e58425
a3801339c880
a380848e5b69
a380f5e33ce1
a38167386ce6
a381d88deb7b
a38249e3b89e
a382bb39d44f
a3832c903e90
a3839de6f761
a3840f3dfec1
a384809554b0
a384f1ecf930
a3856344ec40
a385d49d2de0
a38645f5be12
a386b74e9cd3
a38728a7ca26
a3879a01460b
a3880b5b1080
a3887cb52988
a388ee0f9121
a3895f6a474d
a389d0c54c0a
a38a42209f5b
a38ab37c413e
a38b24d831b4
a38b963470bd
a38c0790fe5a
a38c78edda8b
a38cea4b054f
a38d5ba87ea7
a38dcd064694
a38e3e645d15
a38eafc2c22a
a38f212175d5
a38f92807814
a39003dfc8e9
a390753f6854
a390e69f5654
a39157ff92ea
a391c9601e17
a3923ac0f7da
a392ac222033
a3931d839723
a3938ee55cab
a394004770c9
a39471a9d37f
a394e30c84cd
a395546f84b2
a395c5d2d330
a39637367045
a396a89a5bf4
a39719fe963b
a3978b631f1b
a397fcc7f694
a3986e2d1ca7
a398df929153
a39950f85499
a399c25e6679
a39a33c4c6f3
a39aa52b7607
a39b169273b7
a39b87f9c001
a39bf9615ae6
a39c6ac94466
a39cdc317c82
a39d4d9a033a
a39dbf02d88d
a39e306bfc7d
a39ea1d56f09
a39f133f3032
a39f84a93ff7
a39ff6139e59
a3a0677e4b59
a3a0d8e946f6
a3a14a549131
a3a1bbc02a09
a3a22d2c117f
a3a29e984794
a3a31004cc47
a3a381719f99
a3a3f2dec18a
a3a4644c321a
a3a4d5b9f149
a3a54727ff18
a3a5b8965b86
a3a62a050695
a3a69b740044
a3a70ce34893
a3a77e52df82
a3a7efc2c513
a3a86132f944
a3a8d2a37c17
a3a944144d8b
a3a9b5856da1
a3aa26f6dc59
a3aa986899b3
a3ab09daa5af
a3ab7b4d004d
a3abecbfa98f
a3ac5e32a173
a3accfa5e7fb
a3ad41197d26
a3adb28d60f4
a3ae24019366
a3ae9576147d
a3af06eae437
a3af78600296
a3afe9d56f99
a3b05b4b2b42
a3b0ccc1358f
a3b13e378e82
a3b1afae361b
a3b221252c59
a3b2929c713c
a3b3041404c7
a3b3758be6f7
a3b3e70417ce
a3b4587c974c
a3b4c9f56570
a3b53b6e823c
a3b5ace7edb0
a3b61e61a7cb
a3b68fdbb08e
a3b7015607f9
a3b772d0ae0c
a3b7e44ba2c7
a3b855c6e62c
a3b8c7427839
a3b938be58ef
a3b9aa3a884f
a3ba1bb70658
a3ba8d33d30b
a3bafeb0ee68
a3bb702e586f
a3bbe1ac1121
a3bc532a187d
a3bcc4a86e84
a3bd36271336
a3bda7a60694
a3be1925489c
a3be8aa4d951
a3befc24b8b1
a3bf6da4e6be
a3bfdf256376
a3c050a62edc
a3c0c22748ee
a3c133a8b1ad
a3c1a52a6919
a3c216ac6f32
a3c2882ec3f9
a3c2f9b1676e
a3c36b345991
a3c3dcb79a62
a3c44e3b29e2
a3c4bfbf0810
a3c5314334ed
a3c5a2c7b07a
a3c6144c7ab5
a3c685d193a0
a3c6f756fb3b
a3c768dcb186
a3c7da62b681
a3c84be90a2c
a3c8bd6fac88
a3c92ef69d94
a3c9a07ddd52
a3ca12056bc1
a3ca838d48e1
a3caf51574b3
a3cb669def36
a3cbd826b86c
a3cc49afd054
a3ccbb3936ef
a3cd2cc2ec3c
a3cd9e4cf03c
a3ce0fd742f0
a3ce8161e456
a3cef2ecd471
a3cf6478133f
a3cfd603a0c1
a3d0478f7cf7
a3d0b91ba7e1
a3d12aa82181
a3d19c34e9d5
a3d20dc200de
a3d27f4f669c
a3d2f0dd1b10
a3d3626b1e3a
a3d3d3f97019
a3d4458810af
a3d4b716fffb
a3d528a63dfd
a3d59a35cab6
a3d60bc5a626
a3d67d55d04e
a3d6eee6492d
a3d7607710c3
a3d7d2082711
a3d843998c17
a3d8b52b3fd6
a3d926bd424d
a3d9984f937c
a3da09e23365
a3da7b752206
a3daed085f61
a3db5e9beb76
a3dbd02fc644
a3dc41c3efcc
a3dcb358680e
a3dd24ed2f0b
a3dd968244c2
a3de0817a934
a3de79ad5c61
a3deeb435e4a
a3df5cd9aeed
a3dfce704e4d
a3e040073c68
a3e0b19e7940
a3e1233604d3
a3e194cddf23
a3e206660830
a3e277fe7ffa
a3e2e9974681
a3e35b305bc6
a3e3ccc9bfc7
a3e43e637287
a3e4affd7405
a3e52197c441
a3e59332633b
a3e604cd50f4
a3e676688d6c
a3e6e80418a3
a3e7599ff299
a3e7cb3c1b4f
a3e83cd892c5
a3e8ae7558fa
a3e920126def
a3e991afd1a5
a3ea034d841c
a3ea74eb8553
a3eae689d54b
a3eb58287404
a3ebc9c7617f
a3ec3b669dbc
a3ecad0628ba
a3ed1ea6027a
a3ed90462afd
a3ee01e6a242
a3ee7387684a
a3eee5287d14
a3ef56c9e0a2
a3efc86b92f3
a3f03a0d9408
a3f0abafe3e0
a3f11d52827d
a3f18ef56fdd
a3f20098ac02
a3f2723c36ec
a3f2e3e0109b
a3f35584390e
a3f3c728b047
a3f438cd7645
a3f4aa728b09
a3f51c17ee93
a3f58dbda0e2
a3f5ff63a1f9
a3f67109f1d5
a3f6e2b09079
a3f754577de3
a3f7c5feba15
a3f837a6450e
a3f8a94e1ecf
a3f91af64757
a3f98c9ebea7
a3f9fe4784c0
a3fa6ff099a1
a3fae199fd4b
a3fb5343afbe
a3fbc4edb0fa
a3fc369800ff
a3fca8429fcd
a3fd19ed8d66
a3fd8b98c9c8
a3fdfd4454f4
a3fe6ef02eeb
a3fee09c57ad
a3ff5248cf39
a3ffc3f59590
a40035a2aab2
a400a7500ea0
a40118fdc15a
a4018aabc2df
a401fc5a1331
a4026e08b24f
a402dfb7a039
a4035166dcf0
a403c3166874
a40434c642c5
a404a6766be3
a4051826e3cf
a40589d7aa89
a405fb88c011
a4066d3a2467
a406deebd78b
a407509dd97f
a407c2502a40
a4083402c9d1
a408a5b5b832
a4091768f562
a409891c8161
a409fad05c30
a40a6c8485d0
a40ade38fe40
a40b4fedc580
a40bc1a2db92
a40c33584074
a40ca50df427
a40d16c3f6ac
a40d887a4803
a40dfa30e82b
a40e6be7d725
a40edd9f14f2
a40f4f56a191
a40fc10e7d03
a41032c6a747
a410a47f205f
a4111637e84a
a41187f0ff09
a411f9aa649c
a4126b641902
a412dd1e1c3d
a4134ed86e4c
a413c0930f2f
a414324dfee8
a414a4093d76
a41515c4cad8
a4158780a711
a415f93cd21f
a4166af94c02
a416dcb614bc
a4174e732c4d
a417c03092b3
a41831ee47f1
a418a3ac4c05
a419156a9ef1
a419872940b4
a419f8e8314f
a41a6aa770c1
a41adc66ff0c
a41b4e26dc2f
a41bbfe7082a
a41c31a782fe
a41ca3684cab
a41d15296531
a41d86eacc90
a41df8ac82c9
a41e6a6e87db
a41edc30dbc8
a41f4df37e8e
a41fbfb6702f
a4203179b0ab
a420a33d4001
a42115011e33
a42186c54b3f
a421f889c727
a4226a4e91eb
a422dc13ab8b
a4234dd91406
a423bf9ecb5e
a4243164d193
a424a32b26a4
a42514f1ca92
a42586b8bd5e
a425f87fff06
a4266a478f8d
a426dc0f6ef1
a4274dd79d33
a427bfa01a53
a4283168e652
a428a332012f
a42914fb6aec
a42986c52387
a429f88f2b02
a42a6a59815c
a42adc242696
a42b4def1aaf
a42bbfba5da9
a42c3185ef84
a42ca351d03f
a42d151dffda
a42d86ea7e57
a42df8b74bb5
a42e6a8467f4
a42edc51d315
a42f4e1f8d18
a42fbfed95fd
a43031bbedc4
a430a38a946d
a431155989fa
a4318728ce69
a431f8f861bb
a4326ac843f1
a432dc98750b
a4334e68f508
a433c039c3e9
a434320ae1ae
a434a3dc4e58
a43515ae09e6
a43587801459
a435f9526db1
a4366b2515ef
a436dcf80d12
a4374ecb531b
a437c09ee809
a4383272cbde
a438a446fe99
a439161b803b
a43987f050c3
a439f9c57032
a43a6b9ade89
a43add709bc7
a43b4f46a7ec
a43bc11d02fa
a43c32f3acef
a43ca4caa5cd
a43d16a1ed93
a43d88798442
a43dfa5169da
a43e6c299e5b
a43ede0221c5
a43f4fdaf419
a43fc1b41556
a440338d857e
a440a5674490
a4411741528c
a441891baf72
a441faf65b44
a4426cd15601
a442deac9fa8
a4435088383c
a443c2641fbb
a44434405626
a444a61cdb7d
a44517f9afc0
a44589d6d2f0
a445fbb4450c
a4466d920616
a446df70160d
a447514e74f1
a447c32d22c2
a448350c1f82
a448a6eb6b30
a44918cb05cb
a4498aaaef56
a449fc8b27cf
a44a6e6baf36
a44ae04c858d
a44b522daad4
a44bc40f1f09
a44c35f0e22f
a44ca7d2f444
a44d19b5554a
a44d8b980540
a44dfd7b0427
a44e6f5e51fe
a44ee141eec7
a44f5325da80
a44fc50a152b
a45036ee9ec8
a450a8d37757
a4511ab89ed8
a4518c9e154b
a451fe83dab0
a4527069ef09
a452e2505254
a45354370493
a453c61e05c4
a454380555ea
a454a9ecf503
a4551bd4e310
a4558dbd2012
a455ffa5ac08
a456718e86f2
a456e377b0d2
a457556129a6
a457c74af170
a4583935082f
a458ab1f6de4
a4591d0a228f
a4598ef52631
a45a00e078c8
a45a72cc1a56
a45ae4b80adb
a45b56a44a57
a45bc890d8ca
a45c3a7db635
a45cac6ae297
a45d1e585df1
a45d90462843
a45e0234418e
a45e7422a9d1
a45ee611610c
a45f58006741
a45fc9efbc6f
a4603bdf6096
a460adcf53b6
a4611fbf95d1
a46191b026e5
a46203a106f4
a462759235fd
a462e783b401
a46359758100
a463cb679cf9
a4643d5a07ee
a464af4cc1df
a465213fcacb
a465933322b3
a4660526c998
a466771abf78
a466e90f0455
a4675b03982f
a467ccf87b06
a4683eedacdb
a468b0e32dac
a46922d8fd7b
a46994cf1c49
a46a06c58a14
a46a78bc46dd
a46aeab352a5
a46b5caaad6c
a46bcea25731
a46c409a4ff6
a46cb29297ba
a46d248b2e7e
a46d96841441
a46e087d4905
a46e7a76ccc8
a46eec709f8c
a46f5e6ac151
a46fd0653216
a470425ff1dd
a470b45b00a5
a47126565e6e
a47198520b39
a4720a4e0706
a4727c4a51d5
a472ee46eba7
a4736043d47a
a473d2410c51
a474443e932b
a474b63c6908
a475283a8de8
a4759a3901cc
a4760c37c4b4
a4767e36d6a0
a476f0363790
a4776235e785
a477d435e67e
a4784636347c
a478b836d180
a4792a37bd88
a4799c38f897
a47a0e3a82ab
a47a803c5bc5
a47af23e83e5
a47b6440fb0b
a47bd643c139
a47c4846d66d
a47cba4a3aa8
a47d2c4dedea
a47d9e51f034
a47e10564186
a47e825ae1df
a47ef45fd141
a47f66650fab
a47fd86a9d1d
a4804a707998
a480bc76a51d
a4812e7d1faa
a481a083e941
a482128b01e1
a4828492698b
a482f69a2040
a48368a225fe
a483daaa7ac7
a4844cb31e9b
a484bebc117a
a48530c55363
a485a2cee459
a48614d8c459
a48686e2f366
a486f8ed717e
a4876af83ea2
a487dd035ad3
a4884f0ec611
a488c11a805b
a489332689b3
a489a532e217
a48a173f898a
a48a894c8009
a48afb59c597
a48b6d675a33
a48bdf753ddd
a48c51837096
a48cc391f25d
a48d35a0c334
a48da7afe31a
a48e19bf520f
a48e8bcf1013
a48efddf1d28
a48f6fef794c
a48fe2002481
a49054111ec6
a490c622681c
a49138340083
a491aa45e7fb
a4921c581e84
a4928e6aa41f
a493007d78cc
a49372909c8a
a493e4a40f5b
a49456b7d13e
a494c8cbe234
a4953ae0423c
a495acf4f158
a4961f09ef86
a496911f3cc9
a4970334d91f
a497754ac489
a497e760ff06
a49859778899
a498cb8e6140
a4993da588fb
a499afbcffcc
a49a21d4c5b1
a49a93ecdaac
a49b06053ebd
a49b781df1e4
a49bea36f420
a49c5c504573
a49cce69e5dc
a49d4083d55c
a49db29e13f3
a49e24b8a1a1
a49e96d37e66
a49f08eeaa43
a49f7b0a2538
a49fed25ef44
a4a05f420869
a4a0d15e70a6
a4a1437b27fc
a4a1b5982e6a
a4a227b583f2
a4a299d32892
a4a30bf11c4d
a4a37e0f5f21
a4a3f02df10e
a4a4624cd216
a4a4d46c0239
a4a5468b8175
a4a5b8ab4fcd
a4a62acb6d3f
a4a69cebd9cd
a4a70f0c9576
a4a7812da03b
a4a7f34efa1b
a4a86570a318
a4a8d7929b30
a4a949b4e266
a4a9bbd778b7
a4aa2dfa5e26
a4aaa01d92b2
a4ab1241165b
a4ab8464e922
a4abf6890b06
a4ac68ad7c09
a4acdad23c29
a4ad4cf74b68
a4adbf1ca9c6
a4ae31425742
a4aea36853de
a4af158e9f98
a4af87b53a73
a4aff9dc246c
a4b06c035d86
a4b0de2ae5c0
a4b15052bd1a
a4b1c27ae395
a4b234a35930
a4b2a6cc1dec
a4b318f531ca
a4b38b1e94c9
a4b3fd4846e9
a4b46f72482c
a4b4e19c9890
a4b553c73816
a4b5c5f226c0
a4b6381d648b
a4b6aa48f17a
a4b71c74cd8c
a4b78ea0f8c1
a4b800cd7319
a4b872fa3c95
a4b8e5275536
a4b95754bcfa
a4b9c98273e3
a4ba3bb079f0
a4baaddecf23
a4bb200d737a
a4bb923c66f6
a4bc046ba998
a4bc769b3b60
a4bce8cb1c4e
a4bd5afb4c61
a4bdcd2bcb9b
a4be3f5c99fc
a4beb18db783
a4bf23bf2431
a4bf95f0e006
a4c00822eb03
a4c07a554527
a4c0ec87ee74
a4c15ebae6e8
a4c1d0ee2e84
a4c24321c549
a4c2b555ab37
a4c32789e04d
a4c399be648d
a4c40bf337f6
a4c47e285a88
a4c4f05dcc44
a4c562938d2a
a4c5d4c99d3a
a4c646fffc75
a4c6b936aada
a4c72b6da86a
a4c79da4f526
a4c80fdc910c
a4c882147c1e
a4c8f44cb65b
a4c966853fc5
a4c9d8be185a
a4ca4af7401c
a4cabd30b70a
a4cb2f6a7d25
a4cba1a4926d
a4cc13def6e3
a4cc8619aa85
a4ccf854ad55
a4cd6a8fff53
a4cddccba07f
a4ce4f0790da
a4cec143d063
a4cf33805f1a
a4cfa5bd3d00
a4d017fa6a16
a4d08a37e65b
a4d0fc75b1cf
a4d16eb3cc73
a4d1e0f23647
a4d25330ef4b
a4d2c56ff780
a4d337af4ee5
a4d3a9eef57b
a4d41c2eeb42
a4d48e6f303a
a4d500afc464
a4d572f0a7bf
a4d5e531da4c
a4d657735c0c
a4d6c9b52cfe
a4d73bf74d22
a4d7ae39bc79
a4d8207c7b03
a4d892bf88c0
a4d90502e5b1
a4d9774691d5
a4d9e98a8d2d
a4da5bced7b9
a4dace137179
a4db40585a6e
a4dbb29d9297
a4dc24e319f5
a4dc9728f089
a4dd096f1651
a4dd7bb58b50
a4ddedfc4f84
a4de604362ee
a4ded28ac58e
a4df44d27764
a4dfb71a7872
a4e02962c8b6
a4e09bab6831
a4e10df456e3
a4e1803d94cd
a4e1f28721ee
a4e264d0fe47
a4e2d71b29d9
a4e34965a4a3
a4e3bbb06ea5
a4e42dfb87e0
a4e4a046f054
a4e51292a801
a4e584deaee8
a4e5f72b0508
a4e66977aa62
a4e6dbc49ef6
a4e74e11e2c5
a4e7c05f75cd
a4e832ad5811
a4e8a4fb898f
a4e9174a0a49
a4e98998da3e
a4e9fbe7f96e
a4ea6e3767da
a4eae0872582
a4eb52d73267
a4ebc5278e87
a4ec377839e5
a4eca9c9347f
a4ed1c1a7e56
a4ed8e6c176a
a4ee00bdffbc
a4ee7310374c
a4eee562be1a
a4ef57b59425
a4efca08b96f
a4f03c5c2df8
a4f0aeaff1bf
a4f1210404c5
a4f19358670b
a4f205ad1890
a4f278021954
a4f2ea576958
a4f35cad089d
a4f3cf02f721
a4f4415934e6
a4f4b3afc1ec
a4f526069e33
a4f5985dc9bb
a4f60ab54484
a4f67d0d0e8f
a4f6ef6527db
a4f761bd9069
a4f7d416483a
a4f8466f4f4d
a4f8b8c8a5a3
a4f92b224b3b
a4f99d7c4017
a4fa0fd68436
a4fa82311798
a4faf48bfa3e
a4fb66e72c28
a4fbd942ad56
a4fc4b9e7dc8
a4fcbdfa9d7f
a4fd30570c7b
a4fda2b3cabc
a4fe1510d842
a4fe876e350d
a4fef9cbe11e
a4ff6c29dc75
a4ffde882712
a50050e6c0f5
a500c345aa1e
a50135a4e28f
a501a8046a46
a5021a644144
a5028cc4678a
a502ff24dd17
a5037185a1ec
a503e3e6b609
a5045648196f
a504c8a9cc1c
a5053b0bce12
a505ad6e1f52
a5061fd0bfda
a5069233afab
a5070496eec6
a50776fa7d2b
a507e95e5ad9
a5085bc287d2
a508ce270415
a509408bcfa3
a509b2f0ea7b
a50a2556549f
a50a97bc0e0d
a50b0a2216c8
a50b7c886ecd
a50beeef161f
a50c61560cbc
a50cd3bd52a6
a50d4624e7dd
a50db88ccc60
a50e2af50030
a50e9d5d834d
a50f0fc655b8
a50f822f7770
a50ff498e876
a5106702a8c9
a510d96cb86c
a5114bd7175c
a511be41c59b
a51230acc329
a512a3181007
a5131583ac33
a51387ef97af
a513fa5bd27b
a5146cc85c96
a514df353602
a51551a25ebe
a515c40fd6cb
a516367d9e28
a516a8ebb4d6
a5171b5a1ad6
a5178dc8d027
a5180037d4ca
a51872a728bf
a518e516cc05
a5195786be9e
a519c9f7008a
a51a3c6791c8
a51aaed87259
a51b2149a23e
a51b93bb2176
a51c062cf001
a51c789f0de0
a51ceb117b13
a51d5d84379a
a51dcff74376
a51e426a9ea7
a51eb4de492c
a51f27524306
a51f99c68c36
a5200c3b24bb
a5207eb00c96
a520f12543c7
a521639aca4e
a521d610a02c
a5224886c560
a522bafd39eb
a5232d73fdcd
a5239feb1106
a52412627396
a52484da257e
a524f75226bf
a52569ca7757
a525dc431747
a5264ebc0690
a526c1354532
a52733aed32d
a527a628b081
a52818a2dd2e
a5288b1d5935
a528fd982496
a52970133f50
a529e28ea965
a52a550a62d5
a52ac7866b9f
a52b3a02c3c4
a52bac7f6b44
a52c1efc621f
a52c9179a856
a52d03f73de9
a52d767522d8
a52de8f35723
a52e5b71daca
a52ecdf0adce
a52f406fd02e
a52fb2ef41ec
a530256f0307
a53097ef1380
a5310a6f7356
a5317cf0228a
a531ef71211c
a53261f26f0c
a532d4740c5b
a53346f5f909
a533b9783516
a5342bfac082
a5349e7d9b4d
a5351100c578
a53583843f03
a535f60807ed
a536688c2038
a536db1087e4
a5374d953ef0
a537c01a455d
a538329f9b2c
a538a525405b
a53917ab34ec
a5398a3178df
a539fcb80c34
a53a6f3eeeeb
a53ae1c62105
a53b544da281
a53bc6d57360
a53c395d93a2
a53cabe60347
a53d1e6ec250
a53d90f7d0bc
a53e03812e8d
a53e760adbc1
a53ee894d85a
a53f5b1f2457
a53fcda9bfba
a5404034aa81
a540b2bfe4ad
a541254b6e3f
a54197d74736
a5420a636f94
a5427cefe757
a542ef7cae81
a5436209c511
a543d4972b08
a5444724e065
a544b9b2e52a
a5452c413957
a5459ecfdcea
a546115ecfe6
a54683ee124a
a546f67da415
a547690d854a
a547db9db5e7
a5484e2e35ec
a548c0bf055b
a54933502433
a549a5e19275
a54a18735020
a54a8b055d36
a54afd97b9b5
a54b702a659f
a54be2bd60f3
a54c5550abb2
a54cc7e445dd
a54d3a782f72
a54dad0c6873
a54e1fa0f0df
a54e9235c8b8
a54f04caeffc
a54f776066ad
a54fe9f62cca
a5505c8c4254
a550cf22a74b
a55141b95baf
a551b4505f81
a55226e7b2c0
a552997f556d
a5530c174788
a5537eaf8911
a553f1481a08
a55463e0fa6f
a554d67a2a44
a5554913a988
a555bbad783b
a5562e47965f
a556a0e203f1
a557137cc0f4
a5578617cd67
a557f8b3294a
a5586b4ed49e
a558ddeacf63
a55950871999
a559c323b340
a55a35c09c58
a55aa85dd4e2
a55b1afb5cde
a55b8d99344d
a55c00375b2d
a55c72d5d180
a55ce5749746
a55d5813ac7f
a55dcab3112b
a55e3d52c54a
a55eaff2c8dd
a55f22931be4
a55f9533be5e
a56007d4b04d
a5607a75f1b1
a560ed178289
a5615fb962d6
a561d25b9299
a56244fe11d0
a562b7a0e07d
a5632a43fea0
a5639ce76c39
a5640f8b2948
a564822f35ce
a564f4d391ca
a56567783d3d
a565da1d3827
a5664cc28288
a566bf681c61
a567320e05b1
a567a4b43e79
a568175ac6ba
a5688a019e73
a568fca8c5a4
a5696f503c4e
a569e1f80272
a56a54a0180e
a56ac7487d24
a56b39f131b3
a56bac9a35bc
a56c1f438940
a56c91ed2c3d
a56d04971eb6
a56d774160a8
a56de9ebf216
a56e5c96d2ff
a56ecf420363
a56f41ed8343
a56fb499529f
a57027457177
a57099f1dfca
a5710c9e9d9b
a5717f4baae8
a571f1f907b2
a57264a6b3f9
a572d754afbd
a5734a02fafe
a573bcb195be
a5742f607ffb
a574a20fb9b7
a57514bf42f1
a575876f1ba9
a575fa1f43e0
a5766ccfbb97
a576df8082cc
a57752319981
a577c4e2ffb6
a5783794b56b
a578aa46ba9f
a5791cf90f54
a5798fabb38a
a57a025ea740
a57a7511ea77
a57ae7c57d2f
a57b5a795f69
a57bcd2d9124
a57c3fe21261
a57cb296e321
a57d254c0362
a57d98017326
a57e0ab7326c
a57e7d6d4136
a57ef0239f82
a57f62da4d52
a57fd5914aa6
a5804848977d
a580bb0033d8
a5812db81fb7
a581a0705b1b
a5821328e603
a58285e1c071
a582f89aea63
a5836b5463da
a583de0e2cd7
a58450c8455a
a584c382ad62
a585363d64f1
a585a8f86c06
a5861bb3c2a2
a5868e6f68c4
a587012b5e6d
a58773e7a39e
a587e6a43856
a58859611c95
a588cc1e505d
a5893edbd3ac
a589b199a684
a58a2457c8e4
a58a97163acd
a58b09d4fc3f
a58b7c940d3a
a58bef536dbe
a58c62131dcc
a58cd4d31d64
a58d47936c85
a58dba540b31
a58e2d14f968
a58e9fd63729
a58f1297c475
a58f8559a14b
a58ff81bcdae
a5906ade499b
a590dda11515
a5915064301a
a591c3279aac
a59235eb54ca
a592a8af5e74
a5931b73b7ab
a5938e386070
a59400fd58c1
a59473c2a0a0
a594e688380d
a595594e1f07
a595cc145590
a5963edadba7
a596b1a1b14c
a5972468d680
a59797304b43
a59809f80f95
a5987cc02377
a598ef8886e8
a599625139e9
a599d51a3c7a
a59a47e38e9c
a59abaad304e
a59b2d772190
a59ba0416263
a59c130bf2c8
a59c85d6d2be
a59cf8a20245
a59d6b6d815e
a59dde395009
a59e51056e46
a59ec3d1dc16
a59f369e9978
a59fa96ba66d
a5a01c3902f5
a5a08f06af11
a5a101d4aabf
a5a174a2f602
a5a1e77190d8
a5a25a407b43
a5a2cd0fb542
a5a33fdf3ed5
a5a3b2af17fe
a5a4257f40bb
a5a4984fb90d
a5a50b2080f5
a5a57df19873
a5a5f0c2ff86
a5a66394b62f
a5a6d666bc6f
a5a749391245
a5a7bc0bb7b2
a5a82edeacb6
a5a8a1b1f151
a5a914858583
a5a98759694d
a5a9fa2d9cae
a5aa6d021fa8
a5aadfd6f23a
a5ab52ac1464
a5abc5818627
a5ac38574783
a5acab2d5878
a5ad1e03b906
a5ad90da692d
a5ae03b168ef
a5ae7688b84a
a5aee9605740
a5af5c3845cf
a5afcf1083fa
a5b041e911bf
a5b0b4c1ef1f
a5b1279b1c1b
a5b19a7498b2
a5b20d4e64e4
a5b2802880b3
a5b2f302ec1e
a5b365dda724
a5b3d8b8b1c8
a5b44b940c08
a5b4be6fb5e5
a5b5314baf60
a5b5a427f877
a5b61704912d
a5b689e17980
a5b6fcbeb171
a5b76f9c3900
a5b7e27a102e
a5b8555836fb
a5b8c836ad66
a5b93b157371
a5b9adf4891b
a5ba20d3ee64
a5ba93b3a34d
a5bb0693a7d7
a5bb7973fc00
a5bbec549fca
a5bc5f359334
a5bcd216d63f
a5bd44f868ec
a5bdb7da4b39
a5be2abc7d28
a5be9d9efeb9
a5bf1081cfec
a5bf8364f0c1
a5bff6486138
a5c0692c2152
a5c0dc10310e
a5c14ef4906e
a5c1c1d93f70
a5c234be3e16
a5c2a7a38c60
a5c31a892a4e
a5c38d6f17e0
a5c400555516
a5c4733be1f0
a5c4e622be6f
a5c55909ea94
a5c5cbf1665d
a5c63ed931cc
a5c6b1c14ce0
a5c724a9b79a
a5c7979271fa
a5c80a7b7c00
a5c87d64d5ad
a5c8f04e7f01
a5c9633877fb
a5c9d622c09c
a5ca490d58e5
a5cabbf840d5
a5cb2ee3786d
a5cba1ceffad
a5cc14bad695
a5cc87a6fd26
a5ccfa93735f
a5cd6d803941
a5cde06d4ecb
a5ce535ab400
a5cec64868dd
a5cf39366d65
a5cfac24c196
a5d01f136571
a5d0920258f7
a5d104f19c27
a5d177e12f02
a5d1ead11188
a5d25dc143b9
a5d2d0b1c596
a5d343a2971e
a5d3b693b852
a5d429852932
a5d49c76e9be
a5d50f68f9f7
a5d5825b59dc
a5d5f54e096f
a5d6684108ae
a5d6db34579b
a5d74e27f636
a5d7c11be47e
a5d834102274
a5d8a704b019
a5d919f98d6c
a5d98ceeba6d
a5d9ffe4371e
a5da72da037d
a5dae5d01f8c
a5db58c68b4a
a5dbcbbd46b8
a5dc3eb451d6
a5dcb1abaca4
a5dd24a35722
a5dd979b5151
a5de0a939b31
a5de7d8c34c2
a5def0851e04
a5df637e56f8
a5dfd677df9d
a5e04971b7f4
a5e0bc6bdffd
a5e12f6657b8
a5e1a2611f26
a5e2155c3647
a5e288579d1b
a5e2fb5353a2
a5e36e4f59dc
a5e3e14bafca
a5e45448556b
a5e4c7454ac1
a5e53a428fcb
a5e5ad402489
a5e6203e08fd
a5e6933c3d25
a5e7063ac102
a5e779399494
a5e7ec38b7dc
a5e85f382ada
a5e8d237ed8e
a5e94537fff8
a5e9b8386218
a5ea2b3913ef
a5ea9e3a157d
a5eb113b66c2
a5eb843d07be
a5ebf73ef871
a5ec6a4138dd
a5ecdd43c900
a5ed5046a8db
a5edc349d86f
a5ee364d57bb
a5eea95126c1
a5ef1c55457f
a5ef8f59b3f6
a5f0025e7227
a5f075638011
a5f0e868ddb6
a5f15b6e8b14
a5f1ce74882d
a5f2417ad500
a5f2b481718e
a5f327885dd6
a5f39a8f99da
a5f40d97259a
a5f4809f0115
a5f4f3a72c4c
a5f566afa73e
a5f5d9b871ed
a5f64cc18c59
a5f6bfcaf681
a5f732d4b066
a5f7a5deba08
a5f818e91368
a5f88bf3bc85
a5f8fefeb55f
a5f97209fdf8
a5f9e515964f
a5fa58217e64
a5facb2db638
a5fb3e3a3dcb
a5fbb147151d
a5fc24543c2e
a5fc9761b2fe
a5fd0a6f798f
a5fd7d7d8fdf
a5fdf08bf5ef
a5fe639aabc0
a5fed6a9b151
a5ff49b906a3
a5ffbcc8abb6
a6002fd8a08a
a600a2e8e51f
a60115f97976
a601890a5d8f
a601fc1b916b
a6026f2d1508
a602e23ee868
a60355510b8a
a603c8637e70
a6043b764119
a604ae895385
a605219cb5b4
a60594b067a8
a60607c4695f
a6067ad8badb
a606eded5c1b
a60761024d20
a607d4178de9
a608472d1e78
a608ba42fecc
a6092d592ee6
a609a06faec5
a60a13867e6a
a60a869d9dd6
a60af9b50d08
a60b6ccccc00
a60bdfe4dabf
a60c52fd3946
a60cc615e793
a60d392ee5a8
a60dac483385
a60e1f61d12a
a60e927bbe96
a60f0595fbcb
a60f78b088c9
a60febcb658f
a6105ee6921f
a610d2020e77
a611451dda99
a611b839f685
a6122b56623a
a6129e731dba
a61311902903
a61384ad8418
a613f7cb2ef7
a6146ae929a0
a614de077415
a61551260e56
a615c444f862
a6163764323a
a616aa83bbdd
a6171da3954d
a61790c3be8a
a61803e43793
a61877050069
a618ea26190c
a6195d47817c
a619d06939ba
a61a438b41c6
a61ab6ad999f
a61b29d04147
a61b9cf338bd
a61c10168001
a61c833a1715
a61cf65dfdf8
a61d698234a9
a61ddca6bb2a
a61e4fcb917b
a61ec2f0b79c
a61f36162d8d
a61fa93bf34e
a6201c6208e0
a6208f886e43
a62102af2376
a62175d6287b
a621e8fd7d51
a6225c2521f9
a622cf4d1672
a62342755abe
a623b59deedc
a62428c6d2cc
a6249bf0068f
a6250f198a25
a62582435d8e
a625f56d80cb
a6266897f3db
a626dbc2b6bf
a6274eedc977
a627c2192c03
a6283544de63
a628a870e099
a6291b9d32a3
a6298ec9d482
a62a01f6c636
a62a752407c0
a62ae8519920
a62b5b7f7a55
a62bceadab61
a62c41dc2c43
a62cb50afcfc
a62d283a1d8b
a62d9b698df2
a62e0e994e30
a62e81c95e45
a62ef4f9be32
a62f682a6df7
a62fdb5b6d94
a6304e8cbd09
a630c1be5c57
a63134f04b7d
a631a8228a7d
a6321b551956
a6328e87f808
a63301bb2694
a63374eea4f9
a633e8227339
a6345b569153
a634ce8aff47
a63541bfbd16
a635b4f4cac0
a636282a2845
a6369b5fd5a6
a6370e95d2e2
a63781cc1ffa
a637f502bcee
a6386839a9be
a638db70e66a
a6394ea872f3
a639c1e04f5a
a63a35187b9d
a63aa850f7bd
a63b1b89c3bb
a63b8ec2df97
a63c01fc4b50
a63c753606e8
a63ce870125e
a63d5baa6db3
a63dcee518e6
a63e422013f9
a63eb55b5eeb
a63f2896f9bc
a63f9bd2e46d
a6400f0f1efe
a640824ba96f
a640f58883c0
a64168c5adf2
a641dc032804
a6424f40f1f8
a642c27f0bcd
a64335bd7583
a643a8fc2f1a
a6441c3b3894
a6448f7a91f0
a64502ba3b2e
a64575fa344e
a645e93a7d51
a6465c7b1637
a646cfbbff00
a64742fd37ad
a647b63ec03d
a648298098b1
a6489cc2c109
a64910053945
a64983480165
a649f68b196b
a64a69ce8155
a64add123924
a64b505640d8
a64bc39a9872
a64c36df3ff2
a64caa243758
a64d1d697ea3
a64d90af15d5
a64e03f4fcee
a64e773b33ee
a64eea81bad4
a64f5dc891a2
a64fd10fb858
a65044572ef5
a650b79ef57a
a6512ae70be7
a6519e2f723c
a6521178287a
a65284c12ea0
a652f80a84b0
a6536b542aa9
a653de9e208b
a65451e86657
a654c532fc0d
a655387de1ad
a655abc91737
a6561f149cab
a6569260720a
a65705ac9754
a65778f90c8a
a657ec45d1aa
a6585f92e6b7
a658d2e04baf
a659462e0093
a659b97c0563
a65a2cca5a20
a65aa018fec9
a65b1367f35f
a65b86b737e3
a65bfa06cc53
a65c6d56b0b1
a65ce0a6e4fd
a65d53f76937
a65dc7483d5f
a65e3a996176
a65eadead57b
a65f213c996e
a65f948ead51
a66007e11123
a6607b33c4e5
a660ee86c896
a66161da1c37
a661d52dbfc9
a6624881b34a
a662bbd5f6bc
a6632f2a8a1f
a663a27f6d73
a66415d4a0b8
a664892a23ef
a664fc7ff717
a6656fd61a31
a665e32c8d3d
a6665683503c
a666c9da632c
a6673d31c610
a667b08978e7
a66823e17bb0
a6689739ce6d
a6690a92711e
a6697deb63c2
a669f144a65b
a66a649e38e8
a66ad7f81b69
a66b4b524dde
a66bbeacd049
a66c3207a2a9
a66ca562c4fe
a66d18be3749
a66d8c19f989
a66dff760bbf
a66e72d26dec
a66ee62f200f
a66f598c2228
a66fcce97438
a67040471640
a670b3a5083e
a67127034a35
a6719a61dc22
a6720dc0be08
a672811fefe6
a672f47f71bc
a67367df438b
a673db3f6553
a6744e9fd713
a674c20098cd
a6753561aa80
a675a8c30c2d
a6761c24bdd4
a6768f86bf74
a67702e9110f
a677764bb2a5
a677e9aea435
a6785d11e5c0
a678d0757747
a67943d958c9
a679b73d8a46
a67a2aa20bbf
a67a9e06dd34
a67b116bfea6
a67b84d17014
a67bf837317e
a67c6b9d42e6
a67cdf03a44a
a67d526a55ac
a67dc5d1570c
a67e3938a869
a67eaca049c4
a67f20083b1e
a67f93707c75
a68006d90dcc
a6807a41ef21
a680edab2075
a6816114a1c9
a681d47e731c
a68247e8946f
a682bb5305c2
a6832ebdc714
a683a228d868
a684159439bb
a68488ffeb10
a684fc6bec66
a6856fd83dbc
a685e344df15
a68656b1d06f
a686ca1f11ca
a6873d8ca328
a687b0fa8488
a6882468b5eb
a68897d73751
a6890b4608b9
a6897eb52a25
a689f2249b94
a68a65945d06
a68ad9046e7d
a68b4c74cff7
a68bbfe58176
a68c335682f9
a68ca6c7d481
a68d1a39760e
a68d8dab67a0
a68e011da937
a68e74903ad4
a68ee8031c76
a68f5b764e1f
a68fcee9cfce
a690425da183
a690b5d1c33f
a69129463501
a6919cbaf6cb
a6921030089c
a69283a56a75
a692f71b1c55
a6936a911e3d
a693de07702e
a694517e1227
a694c4f50428
a695386c4632
a695abe3d845
a6961f5bba62
a69692d3ec88
a697064c6eb7
a69779c540f1
a697ed3e6334
a69860b7d582
a698d43197db
a69947abaa3e
a699bb260cac
a69a2ea0bf25
a69aa21bc1aa
a69b1597143b
a69b8912b6d7
a69bfc8ea97f
a69c700aec34
a69ce3877ef5
a69d570461c2
a69dca81949d
a69e3dff1785
a69eb17cea7a
a69f24fb0d7d
a69f9879808e
a6a00bf843ac
a6a07f7756d9
a6a0f2f6ba14
a6a166766d5e
a6a1d9f670b7
a6a24d76c41f
a6a2c0f76796
a6a334785b1d
a6a3a7f99eb3
a6a41b7b325a
a6a48efd1610
a6a5027f49d7
a6a57601cdaf
a6a5e984a197
a6a65d07c591
a6a6d08b399b
a6a7440efdb8
a6a7b79311e6
a6a82b177625
a6a89e9c2a77
a6a912212edc
a6a985a68353
a6a9f92c27dc
a6aa6cb21c79
a6aae0386129
a6ab53bef5ec
a6abc745dac3
a6ac3acd0fae
a6acae5494ad
a6ad21dc69c0
a6ad95648ee7
a6ae08ed0424
a6ae7c75c975
a6aeeffededc
a6af63884457
a6afd711f9e9
a6b04a9bff90
a6b0be26554e
a6b131b0fb21
a6b1a53bf10b
a6b218c7370c
a6b28c52cd24
a6b2ffdeb352
a6b3736ae998
a6b3e6f76ff6
a6b45a84466b
a6b4ce116cf9
a6b5419ee39e
a6b5b52caa5c
a6b628bac133
a6b69c492822
a6b70fd7df2b
a6b78366e64d
a6b7f6f63d88
a6b86a85e4dd
a6b8de15dc4c
a6b951a623d5
a6b9c536bb79
a6ba38c7a337
a6baac58db10
a6bb1fea6304
a6bb937c3b13
a6bc070e633d
a6bc7aa0db84
a6bcee33a3e6
a6bd61c6bc64
a6bdd55a24ff
a6be48edddb6
a6bebc81e68a
a6bf30163f7a
a6bfa3aae888
a6c0173fe1b4
a6c08ad52afd
a6c0fe6ac464
a6c17200ade9
a6c1e596e78c
a6c2592d714e
a6c2ccc44b2e
a6c3405b752d
a6c3b3f2ef4c
a6c4278ab98a
a6c49b22d3e7
a6c50ebb3e64
a6c58253f902
a6c5f5ed03bf
a6c669865e9d
a6c6dd20099b
a6c750ba04bb
a6c7c4544ffb
a6c837eeeb5d
a6c8ab89d6e0
a6c91f251286
a6c992c09e4d
a6ca065c7a36
a6ca79f8a641
a6caed952270
a6cb6131eec1
a6cbd4cf0b35
a6cc486c77cc
a6ccbc0a3487
a6cd2fa84166
a6cda3469e68
a6ce16e54b8f
a6ce8a8448da
a6cefe239649
a6cf71c333dd
a6cfe5632197
a6d059035f75
a6d0cca3ed79
a6d14044cba3
a6d1b3e5f9f2
a6d227877868
a6d29b294703
a6d30ecb65c6
a6d3826dd4af
a6d3f61093bf
a6d469b3a2f6
a6d4dd570255
a6d550fab1db
a6d5c49eb189
a6d63843015f
a6d6abe7a15d
a6d71f8c9184
a6d79331d1d3
a6d806d7624c
a6d87a7d42ed
a6d8ee2373b8
a6d961c9f4ac
a6d9d570c5cb
a6da4917e713
a6dabcbf5885
a6db30671a22
a6dba40f2be9
a6dc17b78ddb
a6dc8b603ff9
a6dcff094241
a6dd72b294b6
a6dde65c3755
a6de5a062a21
a6decdb06d19
a6df415b003e
a6dfb505e38f
a6e028b1170c
a6e09c5c9ab7
a6e110086e8f
a6e183b49295
a6e1f76106c8
a6e26b0dcb29
a6e2debadfb8
a6e352684476
a6e3c615f962
a6e439c3fe7d
a6e4ad7253c6
a6e52120f93f
a6e594cfeee8
a6e6087f34c0
a6e67c2ecac8
a6e6efdeb100
a6e7638ee768
a6e7d73f6e01
a6e84af044ca
a6e8bea16bc5
a6e93252e2f1
a6e9a604aa4e
a6ea19b6c1dc
a6ea8d69299c
a6eb011be18f
a6eb74cee9b3
a6ebe882420b
a6ec5c35ea94
a6eccfe9e351
a6ed439e2c41
a6edb752c564
a6ee2b07aeba
a6ee9ebce845
a6ef12727203
a6ef86284bf6
a6eff9de761d
a6f06d94f078
a6f0e14bbb09
a6f15502d5ce
a6f1c8ba40c9
a6f23c71fbf9
a6f2b02a075f
a6f323e262fb
a6f3979b0ecd
a6f40b540ad6
a6f47f0d5715
a6f4f2c6f38b
a6f56680e037
a6f5da3b1d1b
a6f64df5aa37
a6f6c1b0878a
a6f7356bb515
a6f7a92732d8
a6f81ce300d4
a6f8909f1f08
a6f9045b8d75
a6f978184c1b
a6f9ebd55afa
a6fa5f92ba12
a6fad3506964
a6fb470e68f0
a6fbbaccb8b6
a6fc2e8b58b6
a6fca24a48f0
a6fd16098966
a6fd89c91a16
a6fdfd88fb02
a6fe71492c28
a6fee509ad8b
a6ff58ca7f29
a6ffcc8ba103
a700404d131a
a700b40ed56c
a70127d0e7fc
a7019b934ac8
a7020f55fdd2
a70283190119
a702f6dc549d
a7036a9ff85f
a703de63ec5f
a7045228309e
a704c5ecc51a
a70539b1a9d6
a705ad76ded0
a706213c6409
a70695023981
a70708c85f39
a7077c8ed531
a707f0559b69
a708641cb1e0
a708d7e41898
a7094babcf91
a709bf73d6ca
a70a333c2e45
a70aa704d601
a70b1acdcdfe
a70b8e97163d
a70c0260aebd
a70c762a9780
a70ce9f4d085
a70d5dbf59cd
a70dd18a3357
a70e45555d24
a70eb920d735
a70f2ceca189
a70fa0b8bc20
a710148526fc
a7108851e21b
a710fc1eed7f
a7116fec4927
a711e3b9f514
a7125787f146
a712cb563dbd
a7133f24da79
a713b2f3c77b
a71426c304c3
a7149a929250
a7150e627024
a71582329e3f
a715f6031ca0
a71669d3eb48
a716dda50a37
a7175176796d
a717c54838eb
a718391a48b0
a718aceca8be
a71920bf5914
a719949259b2
a71a0865aa99
a71a7c394bc8
a71af00d3d41
a71b63e17f03
a71bd7b6110e
a71c4b8af363
a71cbf602602
a71d3335a8eb
a71da70b7c1f
a71e1ae19f9d
a71e8eb81366
a71f028ed77a
a71f7665ebd9
a71fea3d5083
a7205e15057a
a720d1ed0abc
a72145c5604a
a721b99e0624
a7222d76fc4b
a722a15042bf
a7231529d980
a7238903c08e
a723fcddf7e9
a72470b87f92
a724e4935789
a725586e7fce
a725cc49f861
a7264025c143
a726b401da73
a72727de43f2
a7279bbafdc0
a7280f9807de
a7288375624b
a728f7530d09
a7296b310816
a729df0f5373
a72a52edef21
a72ac6ccdb1f
a72b3aac176e
a72bae8ba40f
a72c226b8101
a72c964bae44
a72d0a2c2bd9
a72d7e0cf9c0
a72df1ee17f9
a72e65cf8685
a72ed9b14563
a72f4d935494
a72fc175b418
a730355863ef
a730a93b641a
a7311d1eb499
a7319102556b
a73204e64692
a73278ca880d
a732ecaf19dc
a7336093fc00
a733d4792e7a
a734485eb148
a734bc44846c
a735302aa7e6
a735a4111bb6
a73617f7dfdb
a7368bdef457
a736ffc6592a
a73773ae0e53
a737e79613d3
a7385b7e69ab
a738cf670fd9
a73943500660
a739b7394d3e
a73a2b22e475
a73a9f0ccc03
a73b12f703ea
a73b86e18c2a
a73bfacc64c3
a73c6eb78db5
a73ce2a30700
a73d568ed0a5
a73dca7aeaa3
a73e3e6754fc
a73eb2540faf
a73f26411abc
a73f9a2e7624
a7400e1c21e7
a740820a1e05
a740f5f86a7e
a74169e70753
a741ddd5f484
a74251c53210
a742c5b4bff9
a74339a49e3e
a743ad94cce0
a74421854bdf
a74495761b3a
a74509673af3
a7457d58ab0a
a745f14a6b7e
a746653c7c50
a746d92edd81
a7474d218f0f
a747c11490fc
a7483507e348
a748a8fb85f3
a7491cef78fe
a74990e3bc67
a74a04d85031
a74a78cd345a
a74aecc268e4
a74b60b7edcd
a74bd4adc318
a74c48a3e8c3
a74cbc9a5ecf
a74d3091253c
a74da4883c0a
a74e187fa33b
a74e8c775acd
a74f006f62c1
a74f7467bb17
a74fe86063d0
a7505c595cec
a750d052a66b
a751444c404c
a751b8462a91
a7522c40653a
a752a03af047
a7531435cbb7
a7538830f78c
a753fc2c73c5
a75470284063
a754e4245d66
a7555820cace
a755cc1d889b
a756401a96ce
a756b417f567
a7572815a465
a7579c13a3ca
a7581011f395
a758841093c7
a758f80f8460
a7596c0ec55f
a759e00e56c7
a75a540e3895
a75ac80e6acb
a75b3c0eed6a
a75bb00fc070
a75c2410e3df
a75c981257b6
a75d0c141bf6
a75d8016309f
a75df41895b2
a75e681b4b2e
a75edc1e5113
a75f5021a763
a75fc4254e1d
a76038294541
a760ac2d8ccf
a761203224c8
a76194370d2d
a762083c45fc
a7627c41cf37
a762f047a8de
a763644dd2f0
a763d8544d6f
a7644c5b185a
a764c06233b1
a76534699f75
a765a8715ba6
a7661c796844
a7669081c550
a767048a72c9
a767789370b0
a767ec9cbf05
a76860a65dc8
a768d4b04cfa
a76948ba8c9a
a769bcc51caa
a76a30cffd28
a76aa4db2e16
a76b18e6af74
a76b8cf28141
a76c00fea37e
a76c750b162b
a76ce917d949
a76d5d24ecd8
a76dd13250d7
a76e45400548
a76eb94e0a29
a76f2d5c5f7d
a76fa16b0542
a7701579fb79
a77089894222
a770fd98d93e
a77171a8c0cc
a771e5b8f8cd
a77259c98141
a772cdda5a28
a77341eb8383
a773b5fcfd52
a7742a0ec794
a7749e20e24b
a77512334d76
a77586460915
a775fa591529
a7766e6c71b3
a776e2801eb1
a77756941c25
a777caa86a0f
a7783ebd086f
a778b2d1f744
a77926e73690
a7799afcc653
a77a0f12a68c
a77a8328d73c
a77af73f5864
a77b6b562a02
a77bdf6d4c19
a77c5384bea7
a77cc79c81ad
a77d3bb4952c
a77dafccf923
a77e23e5ad93
a77e97feb27c
a77f0c1807de
a77f8031adb9
a77ff44ba40e
a7806865eadc
a780dc808225
a781509b69e8
a781c4b6a225
a78238d22ade
a782acee0410
a783210a2dbf
a7839526a7e8
a7840943728d
a7847d608dae
a784f17df94a
a785659bb563
a785d9b9c1f8
a7864dd81f0a
a786c1f6cc99
a7873615caa5
a787aa35192e
a7881e54b835
a7889274a7b9
a7890694e7bc
a7897ab5783c
a789eed6593b
a78a62f78ab8
a78ad7190cb5
a78b4b3adf30
a78bbf5d022b
a78c337f75a5
a78ca7a2399e
a78d1bc54e18
a78d8fe8b312
a78e040c688c
a78e78306e87
a78eec54c502
a78f60796bfe
a78fd49e637c
a79048c3ab7b
a790bce943fc
a791310f2cfe
a791a5356683
a792195bf08a
a7928d82cb14
a79301a9f620
a79375d171af
a793e9f93dc1
a7945e215a57
a794d249c771
a7954672850e
a795ba9b932f
a7962ec4f1d4
a796a2eea0fe
a7971718a0ad
a7978b42f0e1
a797ff6d919a
a798739882d8
a798e7c3c49b
a7995bef56e5
a799d01b39b4
a79a44476d0a
a79ab873f0e6
a79b2ca0c549
a79ba0cdea33
a79c14fb5fa3
a79c8929259c
a79cfd573c1b
a79d7185a323
a79de5b45ab2
a79e59e362ca
a79ece12bb6a
a79f42426492
a79fb6725e44
a7a02aa2a87e
a7a09ed34342
a7a113042e8f
a7a187356a66
a7a1fb66f6c7
a7a26f98d3b2
a7a2e3cb0128
a7a357fd7f28
a7a3cc304db3
a7a440636cc8
a7a4b496dc6a
a7a528ca9c96
a7a59cfead4e
a7a611330e93
a7a68567c063
a7a6f99cc2bf
a7a76dd215a9
a7a7e207b91e
a7a8563dad21
a7a8ca73f1b1
a7a93eaa86cf
a7a9b2e16c7a
a7aa2718a2b3
a7aa9b50297a
a7ab0f8800d0
a7ab83c028b4
a7abf7f8a126
a7ac6c316a28
a7ace06a83b9
a7ad54a3edd9
a7adc8dda889
a7ae3d17b3c8
a7aeb1520f98
a7af258cbbf8
a7af99c7b8e8
a7b00e030669
a7b0823ea47b
a7b0f67a931e
a7b16ab6d253
a7b1def36219
a7b253304270
a7b2c76d735a
a7b33baaf4d6
a7b3afe8c6e5
a7b42426e986
a7b498655cba
a7b50ca42081
a7b580e334db
a7b5f52299c9
a7b669624f4b
a7b6dda25561
a7b751e2ac0b
a7b7c6235349
a7b83a644b1c
a7b8aea59383
a7b922e72c80
a7b997291612
a7ba0b6b503a
a7ba7faddaf7
a7baf3f0b64a
a7bb6833e234
a7bbdc775eb3
a7bc50bb2bca
a7bcc4ff4977
a7bd3943b7bb
a7bdad887696
a7be21cd8609
a7be9612e613
a7bf0a5896b6
a7bf7e9e97f0
a7bff2e4e9c3
a7c0672b8c2f
a7c0db727f33
a7c14fb9c2d0
a7c1c4015706
a7c238493bd6
a7c2ac91713f
a7c320d9f743
a7c39522cde0
a7c4096bf518
a7c47db56cea
a7c4f1ff3557
a7c566494e5e
a7c5da93b801
a7c64ede7240
a7c6c3297d1a
a7c73774d890
a7c7abc084a1
a7c8200c8150
a7c89458ce9a
a7c908a56c81
a7c97cf25b06
a7c9f13f9a27
a7ca658d29e6
a7cad9db0a42
a7cb4e293b3c
a7cbc277bcd4
a7cc36c68f0a
a7ccab15b1df
a7cd1f652552
a7cd93b4e965
a7ce0804fe16
a7ce7c556367
a7cef0a61957
a7cf64f71fe7
a7cfd9487717
a7d04d9a1ee7
a7d0c1ec1757
a7d1363e6069
a7d1aa90fa1b
a7d21ee3e46e
a7d293371f62
a7d3078aaaf8
a7d37bde872f
a7d3f032b409
a7d464873184
a7d4d8dbffa3
a7d54d311e63
a7d5c1868dc7
a7d635dc4dcd
a7d6aa325e77
a7d71e88bfc4
a7d792df71b5
a7d807367449
a7d87b8dc782
a7d8efe56b5f
a7d9643d5fe1
a7d9d895a508
a7da4cee3ad3
a7dac1472144
a7db35a0585a
a7dba9f9e016
a7dc1e53b877
a7dc92ade17f
a7dd07085b2d
a7dd7b632582
a7ddefbe407d
a7de6419ac1f
a7ded8756869
a7df4cd1755a
a7dfc12dd2f2
a7e0358a8132
a7e0a9e7801b
a7e11e44cfab
a7e192a26fe4
a7e2070060c6
a7e27b5ea251
a7e2efbd3485
a7e3641c1762
a7e3d87b4ae9
a7e44cdacf19
a7e4c13aa3f4
a7e5359ac979
a7e5a9fb3fa8
a7e61e5c0682
a7e692bd1e07
a7e7071e8637
a7e77b803f12
a7e7efe24899
a7e86444a2cb
a7e8d8a74daa
a7e94d0a4935
a7e9c16d956c
a7ea35d13250
a7eaaa351fe0
a7eb1e995e1e
a7eb92fded09
a7ec0762cca2
a7ec7bc7fce8
a7ecf02d7ddc
a7ed64934f7e
a7edd8f971cf
a7ee4d5fe4ce
a7eec1c6a87d
a7ef362dbcda
a7efaa9521e6
a7f01efcd7a2
a7f09364de0e
a7f107cd3529
a7f17c35dcf5
a7f1f09ed571
a7f265081e9e
a7f2d971b87b
a7f34ddba30a
a7f3c245de49
a7f436b06a3a
a7f4ab1b46dd
a7f51f867432
a7f593f1f238
a7f6085dc0f1
a7f67cc9e05d
a7f6f136507b
a7f765a3114c
a7f7da1022d1
a7f84e7d8509
a7f8c2eb37f4
a7f937593b94
a7f9abc78fe7
a7fa203634ef
a7fa94a52aab
a7fb0914711c
a7fb7d840842
a7fbf1f3f01d
a7fc666428ad
a7fcdad4b1f3
a7fd4f458bef
a7fdc3b6b6a1
a7fe38283209
a7feac99fe27
a7ff210c1afc
a7ff957e8889
a80009f146cc
a8007e6455c6
a800f2d7b579
a801674b65e3
a801dbbf6704
a8025033b8df
a802c4a85b71
a803391d4ebc
a803ad9292c0
a8042208277e
a804967e0cf4
a8050af44324
a8057f6aca0e
a805f3e1a1b2
a8066858ca10
a806dcd04328
a80751480cfb
a807c5c02789
a8083a3892d2
a808aeb14ed6
a809232a5b95
a80997a3b911
a80a0c1d6748
a80a8097663b
a80af511b5eb
a80b698c5657
a80bde074781
a80c52828967
a80cc6fe1c0a
a80d3b79ff6b
a80daff6338a
a80e2472b866
a80e98ef8e01
a80f0d6cb45a
a80f81ea2b71
a80ff667f347
a8106ae60bdd
a810df647531
a81153e32f45
a811c8623a19
a8123ce195ac
a812b1614200
a81325e13f13
a8139a618ce8
a8140ee22b7d
a81483631ad3
a814f7e45aea
a8156c65ebc3
a815e0e7cd5d
a8165569ffb9
a816c9ec82d7
a8173e6f56b7
a817b2f27b5a
a8182775f0c0
a8189bf9b6e8
a819107dcdd4
a81985023583
a819f986edf6
a81a6e0bf72c
a81ae2915126
a81b5716fbe5
a81bcb9cf768
a81c402343b0
a81cb4a9e0bd
a81d2930ce8f
a81d9db80d26
a81e123f9c82
a81e86c77ca5
a81efb4fad8d
a81f6fd82f3c
a81fe46101b1
a82058ea24ed
a820cd7398f0
a82141fd5db9
a821b687734a
a8222b11d9a3
a8229f9c90c3
a823142798ab
a82388b2f15c
a823fd3e9ad4
a82471ca9516
a824e656e020
a8255ae37bf3
a825cf706890
a82643fda5f6
a826b88b3426
a8272d19131f
a827a1a742e3
a8281635c371
a8288ac494ca
a828ff53b6ee
a82973e329dc
a829e872ed96
a82a5d03021c
a82ad193676c
a82b46241d89
a82bbab52472
a82c2f467c28
a82ca3d824aa
a82d186a1df8
a82d8cfc6814
a82e018f02fd
a82e7621eeb3
a82eeab52b37
a82f5f48b889
a82fd3dc96a8
a8304870c597
a830bd054553
a831319a15df
a831a62f3739
a8321ac4a963
a8328f5a6c5c
a83303f08024
a8337886e4bd
a833ed1d9a25
a83461b4a05e
a834d64bf767
a8354ae39f41
a835bf7b97ec
a8363413e168
a836a8ac7bb5
a8371d4566d4
a83791dea2c5
a83806782f87
a8387b120d1d
a838efac3b84
a8396446babe
a839d8e18acb
a83a4d7cabab
a83ac2181d5f
a83b36b3dfe6
a83bab4ff341
a83c1fec5770
a83c94890c73
a83d0926124a
a83d7dc368f6
a83df2611077
a83e66ff08cd
a83edb9d51f9
a83f503bebf9
a83fc4dad6d0
a840397a127d
a840ae199eff
a84122b97c59
a8419759aa88
a8420bfa298f
a842809af96d
a842f53c1a22
a84369dd8bae
a843de7f4e12
a8445321614e
a844c7c3c562
a8453c667a4f
a845b1098014
a84625acd6b2
a8469a507e29
a8470ef4767a
a8478398bfa3
a847f83d59a7
a8486ce24484
a848e187803c
a849562d0ccd
a849cad2ea3a
a84a3f791881
a84ab41f97a3
a84b28c667a0
a84b9d6d8879
a84c1214fa2d
a84c86bcbcbe
a84cfb64d02a
a84d700d3473
a84de4b5e998
a84e595eef9a
a84ece084679
a84f42b1ee35
a84fb75be6ce
a8502c063046
a850a0b0ca9b
a851155bb5ce
a8518a06f1df
a851feb27ecf
a852735e5c9d
a852e80a8b4b
a8535cb70ad7
a853d163db43
a8544610fc8f
a854babe6eba
a8552f6c31c6
a855a41a45b1
a85618c8aa7e
a8568d77602a
a857022666b8
a85776d5be27
a857eb856677
a85860355fa9
a858d4e5a9bd
a859499644b2
a859be47308a
a85a32f86d44
a85aa7a9fae1
a85b1c5bd961
a85b910e08c4
a85c05c0890a
a85c7a735a34
a85cef267c41
a85d63d9ef33
a85dd88db308
a85e4d41c7c3
a85ec1f62d61
a85f36aae3e5
a85fab5feb4d
a8602015439b
a86094caeccf
a8610980e6e8
a8617e3731e7
a861f2edcdcc
a86267a4ba98
a862dc5bf84a
a863511386e3
a863c5cb6663
a8643a8396cb
a864af3c1819
a86523f4ea50
a86598ae0d6e
a8660d678175
a86682214664
a866f6db5c3b
a8676b95c2fc
a867e0507aa5
a868550b8338
a868c9c6dcb3
a8693e828719
a869b33e8269
a86a27facea2
a86a9cb76bc6
a86b117459d5
a86b863198ce
a86bfaef28b2
a86c6fad0982
a86ce46b3b3d
a86d5929bde3
a86dcde89176
a86e42a7b5f4
a86eb7672b5f
a86f2c26f1b6
a86fa0e708fa
a87015a7712b
a8708a682a4a
a870ff293455
a87173ea8f4e
a871e8ac3b35
a8725d6e380a
a872d23085ce
a87346f3247f
a873bbb61420
a874307954af
a874a53ce62e
a8751a00c89c
a8758ec4fbf9
a87603898047
a876784e5584
a876ed137bb2
a87761d8f2d0
a877d69ebadf
a8784b64d3de
a878c02b3dcf
a87934f1f8b1
a879a9b90485
a87a1e80614a
a87a93480f02
a87b08100dab
a87b7cd85d48
a87bf1a0fdd6
a87c6669ef58
a87cdb3331cd
a87d4ffcc535
a87dc4c6a990
a87e3990dedf
a87eae5b6523
a87f23263c5a
a87f97f16486
a8800cbcdda7
a8808188a7bc
a880f654c2c6
a8816b212ec6
a881dfedebbb
a88254baf9a6
a882c9885887
a8833e56085e
a883b324092b
a88427f25aef
a8849cc0fdaa
a885118ff15c
a885865f3605
a885fb2ecba6
a8866ffeb23e
a886e4cee9ce
a887599f7256
a887ce704bd7
a88843417650
a888b812f1c2
a8892ce4be2d
a889a1b6db92
a88a168949ef
a88a8b5c0947
a88b002f1998
a88b75027ae3
a88be9d62d29
a88c5eaa3069
a88cd37e84a4
a88d485329da
a88dbd28200c
a88e31fd6738
a88ea6d2ff61
a88f1ba8e885
a88f907f22a5
a8900555adc1
a8907a2c89da
a890ef03b6f0
a89163db3503
a891d8b30413
a8924d8b2420
a892c263952b
a893373c5734
a893ac156a3a
a89420eece40
a89495c88343
a8950aa28945
a8957f7ce047
a895f4578847
a89669328147
a896de0dcb46
a89752e96645
a897c7c55244
a8983ca18f44
a898b17e1d43
a899265afc44
a8999b382c45
a89a1015ad48
a89a84f37f4c
a89af9d1a251
a89b6eb01659
a89be38edb62
a89c586df16d
a89ccd4d587b
a89d422d108c
a89db70d199f
a89e2bed73b6
a89ea0ce1ed0
a89f15af1aed
a89f8a90680e
a89fff720634
a8a07453f55d
a8a0e936358b
a8a15e18c6bd
a8a1d2fba8f4
a8a247dedc31
a8a2bcc26072
a8a331a635b9
a8a3a68a5c06
a8a41b6ed359
a8a490539bb2
a8a50538b511
a8a57a1e1f77
a8a5ef03dae4
a8a663e9e758
a8a6d8d044d3
a8a74db6f355
a8a7c29df2e0
a8a837854372
a8a8ac6ce50c
a8a92154d7af
a8a9963d1b5a
a8aa0b25b00e
a8aa800e95cc
a8aaf4f7cc92
a8ab69e15462
a8abdecb2d3b
a8ac53b5571f
a8acc89fd20c
a8ad3d8a9e04
a8adb275bb06
a8ae27612914
a8ae9c4ce82c
a8af1138f84f
a8af8625597e
a8affb120bb8
a8b06fff0eff
a8b0e4ec6351
a8b159da08b0
a8b1cec7ff1b
a8b243b64693
a8b2b8a4df18
a8b32d93c8ab
a8b3a283034a
a8b417728ef8
a8b48c626bb3
a8b50152997c
a8b576431853
a8b5eb33e839
a8b66025092e
a8b6d5167b32
a8b74a083e44
a8b7befa5267
a8b833ecb798
a8b8a8df6dda
a8b91dd2752c
a8b992c5cd8e
a8ba07b97700
a8ba7cad7183
a8baf1a1bd17
a8bb669659bc
a8bbdb8b4773
a8bc5080863b
a8bcc5761615
a8bd3a6bf701
a8bdaf6228ff
a8be2458ac10
a8be994f8033
a8bf0e46a569
a8bf833e1bb2
a8bff835e30f
a8c06d2dfb7f
a8c0e2266503
a8c1571f1f9b
a8c1cc182b47
a8c241118808
a8c2b60b35dd
a8c32b0534c7
a8c39fff84c7
a8c414fa25db
a8c489f51805
a8c4fef05b45
a8c573ebef9b
a8c5e8e7d507
a8c65de40b89
a8c6d2e09322
a8c747dd6bd2
a8c7bcda9599
a8c831d81077
a8c8a6d5dc6d
a8c91bd3f97b
a8c990d267a0
a8ca05d126de
a8ca7ad03734
a8caefcf98a2
a8cb64cf4b2a
a8cbd9cf4eca
a8cc4ecfa384
a8ccc3d04957
a8cd38d14044
a8cdadd2884b
a8ce22d4216c
a8ce97d60ba7
a8cf0cd846fd
a8cf81dad36e
a8cff6ddb0f9
a8d06be0dfa0
a8d0e0e45f63
a8d155e83041
a8d1caec523b
a8d23ff0c551
a8d2b4f58984
a8d329fa9ed3
a8d39f00053e
a8d41405bcc7
a8d4890bc56d
a8d4fe121f31
a8d57318ca12
a8d5e81fc611
a8d65d27132e
a8d6d22eb169
a8d74736a0c3
a8d7bc3ee13c
a8d8314772d3
a8d8a650558a
a8d91b598961
a8d990630e56
a8da056ce46c
a8da7a770ba2
a8daef8183f8
a8db648c4d6f
a8dbd9976806
a8dc4ea2d3be
a8dcc3ae9098
a8dd38ba9e93
a8ddadc6fdaf
a8de22d3adee
a8de97e0af4e
a8df0cee01d1
a8df81fba576
a8dff7099a3d
a8e06c17e028
a8e0e1267736
a8e156355f67
a8e1cb4498bc
a8e240542335
a8e2b563fed2
a8e32a742b92
a8e39f84a978
a8e414957882
a8e489a698b1
a8e4feb80a05
a8e573c9cc7f
a8e5e8dbe01e
a8e65dee44e2
a8e6d300facd
a8e7481401de
a8e7bd275a16
a8e8323b0374
a8e8a74efdf9
a8e91c6349a5
a8e99177e678
a8ea068cd473
a8ea7ba21396
a8eaf0b7a3e1
a8eb65cd8554
a8ebdae3b7ef
a8ec4ffa3bb3
a8ecc51110a0
a8ed3a2836b6
a8edaf3fadf5
a8ee2457765e
a8ee996f8ff0
a8ef0e87faad
a8ef83a0b693
a8eff8b9c3a4
a8f06dd321e0
a8f0e2ecd147
a8f15806d1d8
a8f1cd212395
a8f2423bc67d
a8f2b756ba91
a8f32c71ffd1
a8f3a18d963d
a8f416a97dd6
a8f48bc5b69b
a8f500e2408d
a8f575ff1bac
a8f5eb1c47f8
a8f66039c572
a8f6d5579419
a8f74a75b3ee
a8f7bf9424f2
a8f834b2e724
a8f8a9d1fa84
a8f91ef15f13
a8f9941114d1
a8fa09311bbf
a8fa7e5173dc
a8faf3721d28
a8fb689317a4
a8fbddb46351
a8fc52d6002e
a8fcc7f7ee3b
a8fd3d1a2d79
a8fdb23cbde9
a8fe275f9f89
a8fe9c82d25b
a8ff11a6565e
a8ff86ca2b94
a8fffbee51fb
a9007112c995
a900e6379261
a9015b5cac60
a901d0821792
a90245a7d3f7
a902bacde190
a9032ff4405c
a903a51af05c
a9041a41f191
a9048f6943f9
a9050490e796
a90579b8dc68
a905eee1226e
a9066409b9aa
a906d932a21b
a9074e5bdbc2
a907c385669f
a90838af42b1
a908add96ffa
a9092303ee7a
a909982ebe30
a90a0d59df1d
a90a82855141
a90af7b1149d
a90b6cdd2930
a90be2098efb
a90c573645fe
a90ccc634e39
a90d4190a7ad
a90db6be525a
a90e2bec4e3f
a90ea11a9b5d
a90f164939b5
a90f8b782947
a91000a76a12
a91075d6fc17
a910eb06df56
a911603713d0
a911d5679985
a9124a987074
a912bfc9989f
a91334fb1205
a913aa2cdca6
a9141f5ef883
a9149491659c
a91509c423f2
a9157ef73383
a915f42a9452
a916695e465d
a916de9249a5
a91753c69e2b
a917c8fb43ee
a9183e303aef
a918b365832e
a919289b1cab
a9199dd10767
a91a13074361
a91a883dd09a
a91afd74af12
a91b72abdec9
a91be7e35fc0
a91c5d1b31f7
a91cd253556d
a91d478bca24
a91dbcc4901b
a91e31fda753
a91ea7370fcb
a91f1c70c985
a91f91aad480
a92006e530bc
a9207c1fde3a
a920f15adcfa
a92166962cfc
a921dbd1ce41
a922510dc0c8
a922c64a0492
a9233b86999e
a923b0c37fef
a9242600b782
a9249b3e4059
a925107c1a75
a92585ba45d4
a925faf8c278
a92670379060
a926e576af8d
a9275ab61fff
a927cff5e1b6
a9284535f4b3
a928ba7658f5
a9292fb70e7d
a929a4f8154c
a92a1a396d61
a92a8f7b16bc
a92b04bd115e
a92b79ff5d47
a92bef41fa77
a92c6484e8ef
a92cd9c828ae
a92d4f0bb9b5
a92dc44f9c04
a92e3993cf9c
a92eaed8547c
a92f241d2aa5
a92f99625216
a9300ea7cad1
a93083ed94d6
a930f933b024
a9316e7a1cbc
a931e3c0da9e
a9325907e9ca
a932ce4f4a41
a9334396fc02
a933b8deff0e
a9342e275366
a934a36ff909
a93518b8eff7
a9358e023832
a936034bd1b8
a9367895bc8b
a936eddff8aa
a937632a8616
a937d87564cf
a9384dc094d5
a938c30c1628
a9393857e8c9
a939ada40cb8
a93a22f081f5
a93a983d4880
a93b0d8a6059
a93b82d7c982
a93bf82583f9
a93c6d738fbf
a93ce2c1ecd5
a93d58109b3a
a93dcd5f9aef
a93e42aeebf4
a93eb7fe8e49
a93f2d4e81ef
a93fa29ec6e5
a94017ef5d2c
a9408d4044c5
a94102917dae
a94177e307ea
a941ed34e377
a94262871056
a942d7d98e87
a9434d2c5e0a
a943c27f7ee1
a94437d2f10a
a944ad26b486
a945227ac956
a94597cf2f79
a9460d23e6f0
a9468278efbb
a946f7ce49da
a9476d23f54d
a947e279f215
a94857d04032
a948cd26dfa4
a949427dd06c
a949b7d51288
a94a2d2ca5fb
a94aa2848ac4
a94b17dcc0e2
a94b8d354857
a94c028e2123
a94c77e74b46
a94ced40c6bf
a94d629a9390
a94dd7f4b1b9
a94e4d4f2139
a94ec2a9e211
a94f3804f441
a94fad6057ca
a95022bc0cab
a950981812e5
a9510d746a78
a95182d11364
a951f82e0daa
a9526d8b594a
a952e2e8f643
a9535846e497
a953cda52445
a9544303b54d
a954b86297b1
a9552dc1cb6f
a955a3215089
a956188126fe
a9568de14ece
a9570341c7fb
a95778a29284
a957ee03ae69
a95863651bab
a958d8c6da49
a9594e28ea45
a959c38b4b9d
a95a38edfe53
a95aae510267
a95b23b457d9
a95b9917fea9
a95c0e7bf6d7
a95c83e04064
a95cf944db4f
a95d6ea9c79a
a95de40f0543
a95e5974944c
a95eceda74b5
a95f4440a67e
a95fb9a729a6
a9602f0dfe2f
a960a4752419
a96119dc9b63
a9618f44640e
a96204ac7e1b
a9627a14e989
a962ef7da658
a96364e6b48a
a963da50141d
a9644fb9c513
a964c523c76b
a9653a8e1b26
a965aff8c044
a9662563b6c5
a9669acefea9
a967103a97f2
a96785a6829d
a967fb12bead
a968707f4c22
a968e5ec2afa
a9695b595b38
a969d0c6dcda
a96a4634afe2
a96abba2d44f
a96b31114a22
a96ba680115a
a96c1bef29f8
a96c915e93fd
a96d06ce4f68
a96d7c3e5c3a
a96df1aeba73
a96e671f6a13
a96edc906b1a
a96f5201bd89
a96fc7736160
a9703ce5569e
a970b2579d45
a97127ca3555
a9719d3d1ecd
a97212b059ae
a9728823e5f8
a972fd97c3ab
a973730bf2c8
a973e880734f
a9745df54540
a974d36a689b
a97548dfdd61
a975be55a391
a97633cbbb2c
a976a9422432
a9771eb8dea4
a977942fea81
a97809a747ca
a9787f1ef67e
a978f496f69f
a9796a0f482d
a979df87eb27
a97a5500df8e
a97aca7a2562
a97b3ff3bca4
a97bb56da553
a97c2ae7df6f
a97ca0626afa
a97d15dd47f3
a97d8b58765a
a97e00d3f630
a97e764fc775
a97eebcbea29
a97f61485e4c
a97fd6c523de
a9804c423ae1
a980c1bfa353
a981373d5d36
a981acbb6889
a9822239c54c
a98297b87381
a9830d377326
a98382b6c43d
a983f83666c5
a9846db65abf
a984e336a02b
a98558b73709
a985ce381f5a
a98643b9591d
a986b93ae453
a9872ebcc0fc
a987a43eef18
a98819c16ea8
a9888f443fab
a98904c76223
a9897a4ad60e
a989efce9b6e
a98a6552b243
a98adad71a8c
a98b505bd44a
a98bc5e0df7e
a98c3b663c27
a98cb0ebea46
a98d2671e9da
a98d9bf83ae5
a98e117edd66
a98e8705d15e
a98efc8d16cc
a98f7214adb2
a98fe79c960f
a9905d24cfe3
a990d2ad5b2f
a991483637f3
a991bdbf662f
a9923348e5e3
a992a8d2b710
a9931e5cd9b5
a99393e74dd4
a9940972136c
a9947efd2a7d
a994f4889308
a9956a144d0d
a995dfa0588c
a996552cb585
a996cab963f9
a997404663e8
a997b5d3b551
a9982b615836
a998a0ef4c96
a999167d9272
a9998c0c29ca
a99a019b129e
a99a772a4cee
a99aecb9d8bb
a99b6249b604
a99bd7d9e4ca
a99c4d6a650e
a99cc2fb36cf
a99d388c5a0e
a99dae1dceca
a99e23af9505
a99e9941acbe
a99f0ed415f5
a99f8466d0ab
a99ff9f9dce0
a9a06f8d3a95
a9a0e520e9c8
a9a15ab4ea7c
a9a1d0493caf
a9a245dde062
a9a2bb72d595
a9a331081c49
a9a3a69db47e
a9a41c339e34
a9a491c9d96b
a9a507606623
a9a57cf7445d
a9a5f28e7418
a9a66825f556
a9a6ddbdc816
a9a75355ec58
a9a7c8ee621e
a9a83e872966
a9a8b4204231
a9a929b9ac80
a9a99f536852
a9aa14ed75a8
a9aa8a87d482
a9ab002284e0
a9ab75bd86c3
a9abeb58da2b
a9ac60f47f17
a9acd6907589
a9ad4c2cbd80
a9adc1c956fc
a9ae376641fe
a9aead037e87
a9af22a10c95
a9af983eec2a
a9b00ddd1d46
a9b0837b9fe9
a9b0f91a7412
a9b16eb999c4
a9b1e45910fc
a9b259f8d9bd
a9b2cf98f405
a9b345395fd6
a9b3bada1d2f
a9b4307b2c11
a9b4a61c8c7b
a9b51bbe3e6f
a9b5916041ec
a9b6070296f3
a9b67ca53d84
a9b6f248359e
a9b767eb7f43
a9b7dd8f1a72
a9b85333072c
a9b8c8d74570
a9b93e7bd540
a9b9b420b69b
a9ba29c5e982
a9ba9f6b6df4
a9bb151143f3
a9bb8ab76b7d
a9bc005de494
a9bc7604af38
a9bcebabcb68
a9bd61533926
a9bdd6faf871
a9be4ca30949
a9bec24b6baf
a9bf37f41fa4
a9bfad9d2526
a9c023467c37
a9c098f024d6
a9c10e9a1f04
a9c184446ac2
a9c1f9ef080e
a9c26f99f6ea
a9c2e5453756
a9c35af0c952
a9c3d09cacde
a9c44648e1fa
a9c4bbf568a7
a9c531a240e5
a9c5a74f6ab4
a9c61cfce614
a9c692aab306
a9c70858d189
a9c77e07419f
a9c7f3b60346
a9c869651680
a9c8df147b4d
a9c954c431ac
a9c9ca74399f
a9ca40249324
a9cab5d53e3d
a9cb2b863aea
a9cba137892b
a9cc16e92900
a9cc8c9b1a69
a9cd024d5d67
a9cd77fff1fa
a9cdedb2d822
a9ce63660fdf
a9ced9199931
a9cf4ecd741a
a9cfc481a098
a9d03a361eac
a9d0afeaee57
a9d125a00f98
a9d19b558270
a9d2110b46df
a9d286c15ce5
a9d2fc77c483
a9d3722e7db9
a9d3e7e58886
a9d45d9ce4ec
a9d4d35492e9
a9d5490c9280
a9d5bec4e3af
a9d6347d8677
a9d6aa367ad9
a9d71fefc0d4
a9d795a95868
a9d80b634197
a9d8811d7c5f
a9d8f6d808c2
a9d96c92e6c0
a9d9e24e1658
a9da5809978c
a9dacdc56a5a
a9db43818ec4
a9dbb93e04ca
a9dc2efacc6b
a9dca4b7e5a9
a9dd1a755083
a9dd90330cf9
a9de05f11b0d
a9de7baf7abd
a9def16e2c0a
a9df672d2ef5
a9dfdcec837e
a9e052ac29a4
a9e0c86c2169
a9e13e2c6acc
a9e1b3ed05cd
a9e229adf26d
a9e29f6f30ac
a9e31530c08b
a9e38af2a208
a9e400b4d526
a9e4767759e3
a9e4ec3a3040
a9e561fd583e
a9e5d7c0d1dc
a9e64d849d1b
a9e6c348b9fb
a9e7390d287c
a9e7aed1e89f
a9e82496fa63
a9e89a5c5dc9
a9e9102212d1
a9e985e8197b
a9e9fbae71c8
a9ea71751bb8
a9eae73c174a
a9eb5d036480
a9ebd2cb0359
a9ec4892f3d6
a9ecbe5b35f6
a9ed3423c9bb
a9eda9ecaf24
a9ee1fb5e631
a9ee957f6ee4
a9ef0b49493b
a9ef81137537
a9eff6ddf2d9
a9f06ca8c220
a9f0e273e30d
a9f1583f55a0
a9f1ce0b19da
a9f243d72fba
a9f2b9a39740
a9f32f70506e
a9f3a53d5b43
a9f41b0ab7bf
a9f490d865e3
a9f506a665ae
a9f57c74b722
a9f5f2435a3e
a9f668124f02
a9f6dde1956f
a9f753b12d85
a9f7c9811744
a9f83f5152ad
a9f8b521dfbf
a9f92af2be7b
a9f9a0c3eee1
a9fa169570f1
a9fa8c6744ac
a9fb02396a11
a9fb780be121
a9fbeddea9dd
a9fc63b1c443
a9fcd9853056
a9fd4f58ee14
a9fdc52cfd7e
a9fe3b015e95
a9feb0d61157
a9ff26ab15c7
a9ff9c806be4
aa00125613ad
aa00882c0d24
aa00fe025849
aa0173d8f51b
aa01e9afe39b
aa025f8723ca
aa02d55eb5a7
aa034b369933
aa03c10ece6d
aa0436e75557
aa04acc02df0
aa0522995839
aa059872d431
aa060e4ca1d9
aa068426c132
aa06fa01323b
aa076fdbf4f5
aa07e5b70960
aa085b926f7b
aa08d16e2748
aa09474a30c7
aa09bd268bf7
aa0a330338da
aa0aa8e0376e
aa0b1ebd87b5
aa0b949b29af
aa0c0a791d5c
aa0c805762bb
aa0cf635f9ce
aa0d6c14e295
aa0de1f41d0f
aa0e57d3a93e
aa0ecdb38720
aa0f4393b6b7
aa0fb9743803
aa102f550b03
aa10a5362fb9
aa111b17a624
aa1190f96e44
aa1206db881a
aa127cbdf3a6
aa12f2a0b0e8
aa136883bfe1
aa13de672091
aa14544ad2f7
aa14ca2ed714
aa1540132ce9
aa15b5f7d475
aa162bdccdb9
aa16a1c218b5
aa1717a7b569
aa178d8da3d5
aa180373e3fa
aa18795a75d8
aa18ef41596f
aa1965288ec0
aa19db1015c9
aa1a50f7ee8d
aa1ac6e0190a
aa1b3cc89542
aa1bb2b16334
aa1c289a82e1
aa1c9e83f449
aa1d146db76b
aa1d8a57cc49
aa1e004232e3
aa1e762ceb38
aa1eec17f549
aa1f62035116
aa1fd7eefea0
aa204ddafde6
aa20c3c74ee9
aa2139b3f1a9
aa21afa0e627
aa22258e2c62
aa229b7bc45b
aa231169ae11
aa238757e986
aa23fd4676b9
aa24733555ab
aa24e924865c
aa255f1408cb
aa25d503dcfa
aa264af402e9
aa26c0e47a97
aa2736d54405
aa27acc65f33
aa2822b7cc22
aa2898a98ad1
aa290e9b9b41
aa29848dfd72
aa29fa80b164
aa2a7073b718
aa2ae6670e8e
aa2b5c5ab7c5
aa2bd24eb2bf
aa2c4842ff7b
aa2cbe379df9
aa2d342c8e3a
aa2daa21d03f
aa2e20176406
aa2e960d4992
aa2f0c0380e0
aa2f81fa09f3
aa2ff7f0e4ca
aa306de81165
aa30e3df8fc5
aa3159d75fea
aa31cfcf81d3
aa3245c7f582
aa32bbc0baf7
aa3331b9d231
aa33a7b33b31
aa341dacf5f7
aa3493a70283
aa3509a160d6
aa357f9c10f0
aa35f59712d1
aa366b926679
aa36e18e0be9
aa37578a0320
aa37cd864c1f
aa384382e6e6
aa38b97fd376
aa392f7d11ce
aa39a57aa1ef
aa3a1b7883d9
aa3a9176b78c
aa3b07753d09
aa3b7d74144f
aa3bf3733d60
aa3c6972b83a
aa3cdf7284df
aa3d5572a34e
aa3dcb731388
aa3e4173d58d
aa3eb774e95d
aa3f2d764ef9
aa3fa3780660
aa40197a0f94
aa408f7c6a93
aa41057f175f
aa417b8215f7
aa41f185665c
aa426789088e
aa42dd8cfc8e
aa435391425a
aa43c995d9f5
aa443f9ac35d
aa44b59ffe93
aa452ba58b98
aa45a1ab6a6b
aa4617b19b0d
aa468db81d7e
aa4703bef1be
aa4779c617ce
aa47efcd8fad
aa4865d5595d
aa48dbdd74dc
aa4951e5e22c
aa49c7eea14c
aa4a3df7b23d
aa4ab40114ff
aa4b2a0ac992
aa4ba014cff6
aa4c161f282c
aa4c8c29d234
aa4d0234ce0f
aa4d78401bbb
aa4dee4bbb3a
aa4e6457ac8c
aa4eda63efb1
aa4f507084a8
aa4fc67d6b74
aa503c8aa413
aa50b2982e86
aa5128a60acd
aa519eb438e8
aa5214c2b8d8
aa528ad18a9c
aa5300e0ae36
aa5376f023a4
aa53ecffeae9
aa5463100402
aa54d9206ef2
aa554f312bb8
aa55c5423a54
aa563b539ac6
aa56b1654d0f
aa5727775130
aa579d89a727
aa58139c4ef6
aa5889af489c
aa58ffc2941b
aa5975d63171
aa59ebea20a0
aa5a61fe61a7
aa5ad812f487
aa5b4e27d940
aa5bc43d0fd2
aa5c3a52983e
aa5cb0687283
aa5d267e9ea2
aa5d9c951c9b
aa5e12abec6e
aa5e88c30e1c
aa5efeda81a5
aa5f74f24708
aa5feb0a5e47
aa606122c761
aa60d73b8257
aa614d548f28
aa61c36dedd6
aa6239879e60
aa62afa1a0c6
aa6325bbf509
aa639bd69b2a
aa6411f19327
aa64880cdd02
aa64fe2878ba
aa6574446650
aa65ea60a5c4
aa66607d3717
aa66d69a1a48
aa674cb74f57
aa67c2d4d646
aa6838f2af14
aa68af10d9c1
aa69252f564e
aa699b4e24ba
aa6a116d4507
aa6a878cb734
aa6afdac7b42
aa6b73cc9130
aa6be9ecf8ff
aa6c600db2af
aa6cd62ebe41
aa6d4c501bb4
aa6dc271cb09
aa6e3893cc41
aa6eaeb61f5a
aa6f24d8c456
aa6f9afbbb35
aa70111f03f6
aa7087429e9b
aa70fd668b23
aa71738ac98f
aa71e9af59de
aa725fd43c12
aa72d5f9702a
aa734c1ef626
aa73c244ce07
aa74386af7cd
aa74ae917378
aa7524b84109
aa759adf607f
aa761106d1db
aa76872e951d
aa76fd56aa45
aa77737f1154
aa77e9a7ca49
aa785fd0d526
aa78d5fa31e9
aa794c23e094
aa79c24de126
aa7a387833a1
aa7aaea2d803
aa7b24cdce4e
aa7b9af91681
aa7c1124b09c
aa7c87509ca1
aa7cfd7cda8f
aa7d73a96a66
aa7de9d64c27
aa7e60037fd2
aa7ed6310566
aa7f4c5edce5
aa7fc28d064e
aa8038bb81a2
aa80aeea4ee1
aa8125196e0c
aa819b48df21
aa821178a222
aa8287a8b70f
aa82fdd91de8
aa837409d6ad
aa83ea3ae15f
aa84606c3dfd
aa84d69dec88
aa854ccfed01
aa85c3023f66
aa863934e3ba
aa86af67d9fb
aa87259b222a
aa879bcebc47
aa881202a853
aa888836e64e
aa88fe6b7637
aa8974a05810
aa89ead58bd8
aa8a610b118f
aa8ad740e937
aa8b4d7712ce
aa8bc3ad8e56
aa8c39e45bce
aa8cb01b7b36
aa8d2652ec90
aa8d9c8aafdb
aa8e12c2c517
aa8e88fb2c45
aa8eff33e564
aa8f756cf076
aa8feba64d79
aa9061dffc70
aa90d819fd59
aa914e545034
aa91c48ef503
aa923ac9ebc6
aa92b105347b
aa932740cf25
aa939d7cbbc3
aa9413b8fa55
aa9489f58adb
aa9500326d56
aa95766fa1c6
aa95ecad282b
aa9662eb0086
aa96d9292ad6
aa974f67a71b
aa97c5a67557
aa983be59589
aa98b22507b2
aa992864cbd1
aa999ea4e1e7
aa9a14e549f4
aa9a8b2603f9
aa9b01670ff5
aa9b77a86de9
aa9bedea1dd5
aa9c642c1fb9
aa9cda6e7395
aa9d50b1196b
aa9dc6f41139
aa9e3d375b00
aa9eb37af6c1
aa9f29bee47b
aa9fa003242f
aaa01647b5dd
aaa08c8c9985
aaa102d1cf28
aaa1791756c5
aaa1ef5d305d
aaa265a35bf1
aaa2dbe9d97f
aaa35230a90a
aaa3c877ca90
aaa43ebf3e12
aaa4b5070390
aaa52b4f1b0b
aaa5a1978482
aaa617e03ff6
aaa68e294d68
aaa70472acd6
aaa77abc5e43
aaa7f10661ad
aaa86750b715
aaa8dd9b5e7b
aaa953e657e0
aaa9ca31a343
aaaa407d40a6
aaaab6c93007
aaab2d157168
aaaba36204c8
aaac19aeea28
aaac8ffc2188
aaad0649aae9
aaad7c978649
aaadf2e5b3ab
aaae6934330d
aaaedf830471
aaaf55d227d5
aaafcc219d3c
aab0427164a4
aab0b8c17e0e
aab12f11e97a
aab1a562a6e9
aab21bb3b65a
aab2920517cf
aab30856cb46
aab37ea8d0c1
aab3f4fb283f
aab46b4dd1c1
aab4e1a0cd47
aab557f41ad2
aab5ce47ba60
aab6449babf4
aab6baefef8c
aab731448529
aab7a7996ccc
aab81deea674
aab894443223
aab90a9a0fd7
aab980f03f91
aab9f746c152
aaba6d9d9519
aabae3f4bae7
aabb5a4c32bd
aabbd0a3fc99
aabc46fc187e
aabcbd54866a
aabd33ad465e
aabdaa06585a
aabe205fbc5f
aabe96b9726c
aabf0d137a82
aabf836dd4a1
aabff9c880ca
aac070237efc
aac0e67ecf38
aac15cda717e
aac1d33665cf
aac24992ac29
aac2bfef448e
aac3364c2eff
aac3aca96b7a
aac42306fa01
aac49964da93
aac50fc30d31
aac5862191db
aac5fc806891
aac672df9153
aac6e93f0c23
aac75f9ed8ff
aac7d5fef7e8
aac84c5f68de
aac8c2c02be3
aac9392140f4
aac9af82a814
aaca25e46142
aaca9c466c7f
aacb12a8c9ca
aacb890b7924
aacbff6e7a8d
aacc75d1ce06
aaccec35738e
aacd62996b26
aacdd8fdb4ce
aace4f625086
aacec5c73e4e
aacf3c2c7e27
aacfb2921011
aad028f7f40c
aad09f5e2a19
aad115c4b237
aad18c2b8c66
aad20292b8a8
aad278fa36fc
aad2ef620763
aad365ca29dc
aad3dc329e68
aad4529b6507
aad4c9047db9
aad53f6de87f
aad5b5d7a559
aad62c41b446
aad6a2ac1548
aad71916c85f
aad78f81cd8a
aad805ed24c9
aad87c58ce1e
aad8f2c4c989
aad969311709
aad9df9db69e
aada560aa84a
aadacc77ec0c
aadb42e581e4
aadbb95369d3
aadc2fc1a3d9
aadca6302ff6
aadd1c9f0e2a
aadd930e3e76
aade097dc0d9
aade7fed9555
aadef65dbbe9
aadf6cce3495
aadfe33eff5a
aae059b01c37
aae0d0218b2e
aae146934c3f
aae1bd055f68
aae23377c4ac
aae2a9ea7c09
aae3205d8581
aae396d0e113
aae40d448ec0
aae483b88e88
aae4fa2ce06a
aae570a18469
aae5e7167a82
aae65d8bc2b8
aae6d4015d09
aae74a774977
aae7c0ed8801
aae8376418a8
aae8addafb6b
aae92452304c
aae99ac9b74a
aaea11419066
aaea87b9bb9f
aaeafe3238f7
aaeb74ab086c
aaebeb242a01
aaec619d9db3
aaecd8176385
aaed4e917b76
aaedc50be586
aaee3b86a1b5
aaeeb201b005
aaef287d1074
aaef9ef8c304
aaf01574c7b4
aaf08bf11e84
aaf1026dc776
aaf178eac289
aaf1ef680fbd
aaf265e5af12
aaf2dc63a08a
aaf352e1e423
aaf3c96079df
aaf43fdf61bd
aaf4b65e9bbd
aaf52cde27e1
aaf5a35e0628
aaf619de3692
aaf6905eb91f
aaf706df8dd1
aaf77d60b4a6
aaf7f3e22da0
aaf86a63f8be
aaf8e0e61600
aaf957688568
aaf9cdeb46f5
aafa446e5aa7
aafabaf1c07e
aafb3175787c
aafba7f9829f
aafc1e7ddee9
aafc95028d59
aafd0b878def
aafd820ce0ad
aafdf8928592
aafe6f187c9e
aafee59ec5d1
aaff5c25612d
aaffd2ac4eb0
ab0049338e5c
ab00bfbb2030
ab013643042d
ab01accb3a52
ab022353c2a1
ab0299dc9d19
ab031065c9bb
ab0386ef4886
ab03fd79197b
ab0474033c9b
ab04ea8db1e5
ab056118795a
ab05d7a392fa
ab064e2efec5
ab06c4babcbb
ab073b46ccdc
ab07b1d32f2a
ab08285fe3a3
ab089eecea49
ab09157a431b
ab098c07ee1a
ab0a0295eb46
ab0a79243a9f
ab0aefb2dc25
ab0b6641cfd9
ab0bdcd115ba
ab0c5360adca
ab0cc9f09808
ab0d4080d474
ab0db711630f
ab0e2da243d9
ab0ea43376d2
ab0f1ac4fbfa
ab0f9156d352
ab1007e8fcda
ab107e7b7891
ab10f50e4679
ab116ba16692
ab11e234d8db
ab1258c89d55
ab12cf5cb400
ab1345f11cdc
ab13bc85d7ea
ab14331ae52a
ab14a9b0449c
ab152045f640
ab1596dbfa17
ab160d725020
ab168408f85c
ab16fa9ff2cb
ab1771373f6e
ab17e7cede44
ab185e66cf4e
ab18d4ff128c
ab194b97a7fe
ab19c2308fa5
ab1a38c9c980
ab1aaf635590
ab1b25fd33d6
ab1b9c976451
ab1c1331e701
ab1c89ccbbe7
ab1d0067e303
ab1d77035c56
ab1ded9f27df
ab1e643b459e
ab1edad7b595
ab1f517477c2
ab1fc8118c27
ab203eaef2c4
ab20b54cab98
ab212beab6a5
ab21a28913e9
ab221927c366
ab228fc6c51c
ab230666190b
ab237d05bf33
ab23f3a5b794
ab246a46022f
ab24e0e69f03
ab2557878e12
ab25ce28cf5b
ab2644ca62de
ab26bb6c489c
ab27320e8095
ab27a8b10ac9
ab281f53e739
ab2895f715e4
ab290c9a96cb
ab29833e69ee
ab29f9e28f4d
ab2a708706e9
ab2ae72bd0c1
ab2b5dd0ecd6
ab2bd4765b29
ab2c4b1c1bb9
ab2cc1c22e86
ab2d38689391
ab2daf0f4ada
ab2e25b65462
ab2e9c5db028
ab2f13055e2d
ab2f89ad5e70
ab300055b0f3
ab3076fe55b5
ab30eda74cb7
ab31645095f9
ab31dafa317a
ab3251a41f3c
ab32c84e5f3e
ab333ef8f181
ab33b5a3d605
ab342c4f0ccb
ab34a2fa95d1
ab3519a67119
ab3590529ea3
ab3606ff1e6f
ab367dabf07e
ab36f45914ce
ab376b068b62
ab37e1b45438
ab3858626f52
ab38cf10dcaf
ab3945bf9c4f
ab39bc6eae34
ab3a331e125c
ab3aa9cdc8c9
ab3b207dd17a
ab3b972e2c70
ab3c0dded9ab
ab3c848fd92b
ab3cfb412af0
ab3d71f2cefb
ab3de8a4c54c
ab3e5f570de3
ab3ed609a8c0
ab3f4cbc95e4
ab3fc36fd54e
ab403a236700
ab40b0d74af8
ab41278b8138
ab419e4009c0
ab4214f4e48f
ab428baa11a7
ab43025f9106
ab43791562af
ab43efcb86a0
ab446681fcd9
ab44dd38c55d
ab4553efe029
ab45caa74d3f
ab46415f0c9f
ab46b8171e49
ab472ecf823d
ab47a588387c
ab481c414106
ab4892fa9bda
ab4909b448fa
ab49806e4865
ab49f7289a1c
ab4a6de33e1e
ab4ae49e346d
ab4b5b597d08
ab4bd21517ef
ab4c48d10523
ab4cbf8d44a5
ab4d3649d673
ab4dad06ba8f
ab4e23c3f0f8
ab4e9a8179af
ab4f113f54b4
ab4f87fd8208
ab4ffebc01aa
ab50757ad39b
ab50ec39f7db
ab5162f96e6a
ab51d9b93748
ab5250795276
ab52c739bff4
ab533dfa7fc2
ab53b4bb91e1
ab542b7cf650
ab54a23ead0f
ab551900b620
ab558fc31181
ab560685bf35
ab567d48bf39
ab56f40c1190
ab576acfb639
ab57e193ad34
ab585857f682
ab58cf1c9222
ab5945e18015
ab59bca6c05c
ab5a336c52f6
ab5aaa3237e4
ab5b20f86f25
ab5b97bef8bb
ab5c0e85d4a5
ab5c854d02e3
ab5cfc148376
ab5d72dc565e
ab5de9a47b9c
ab5e606cf32f
ab5ed735bd17
ab5f4dfed956
ab5fc4c847ea
ab603b9208d5
ab60b25c1c16
ab61292681ae
ab619ff1399e
ab6216bc43e4
ab628d87a082
ab6304534f77
ab637b1f50c4
ab63f1eba46a
ab6468b84a68
ab64df8542be
ab6556528d6d
ab65cd202a75
ab6643ee19d6
ab66babc5b91
ab67318aefa5
ab67a859d614
ab681f290edc
ab6895f899ff
ab690cc8777c
ab698398a754
ab69fa692987
ab6a7139fe16
ab6ae80b2500
ab6b5edc9e45
ab6bd5ae69e6
ab6c4c8087e4
ab6cc352f83e
ab6d3a25baf4
ab6db0f8d007
ab6e27cc3777
ab6e9e9ff145
ab6f1573fd70
ab6f8c485bf8
ab70031d0cdf
ab7079f21023
ab70f0c765c6
ab71679d0dc8
ab71de730828
ab72554954e7
ab72cc1ff406
ab7342f6e584
ab73b9ce2962
ab7430a5bf9f
ab74a77da83d
ab751e55e33b
ab75952e709a
ab760c07505a
ab7682e0827a
ab76f9ba06fc
ab777093dddf
ab77e76e0724
ab785e4882cb
ab78d52350d4
ab794bfe7140
ab79c2d9e40e
ab7a39b5a93e
ab7ab091c0d2
ab7b276e2ac9
ab7b9e4ae724
ab7c1527f5e2
ab7c8c055704
ab7d02e30a8b
ab7d79c11075
ab7df09f68c5
ab7e677e1379
ab7ede5d1092
ab7f553c6010
ab7fcc1c01f4
ab8042fbf63e
ab80b9dc3cee
ab8130bcd603
ab81a79dc180
ab821e7eff62
ab8295608fac
ab830c42725c
ab838324a774
ab83fa072ef4
ab8470ea08db
ab84e7cd352a
ab855eb0b3e1
ab85d5948501
ab864c78a889
ab86c35d1e7a
ab873a41e6d4
ab87b1270197
ab88280c6ec4
ab889ef22e5b
ab8915d8405b
ab898cbea4c6
ab8a03a55b9b
ab8a7a8c64db
ab8af173c086
ab8b685b6e9b
ab8bdf436f1c
ab8c562bc209
ab8ccd146761
ab8d43fd5f25
ab8dbae6a955
ab8e31d045f2
ab8ea8ba34fc
ab8f1fa47672
ab8f968f0a55
ab900d79f0a6
ab9084652964
ab90fb50b490
ab91723c922a
ab91e928c232
ab92601544a8
ab92d702198d
ab934def40e1
ab93c4dcbaa4
ab943bca86d7
ab94b2b8a578
ab9529a7168a
ab95a095da0c
ab961784effd
ab968e745860
ab9705641333
ab977c542076
ab97f344802b
ab986a353251
ab98e12636e9
ab9958178df2
ab99cf09376e
ab9a45fb335b
ab9abced81bc
ab9b33e0228e
ab9baad315d4
ab9c21c65b8d
ab9c98b9f3b9
ab9d0fadde58
ab9d86a21b6c
ab9dfd96aaf3
ab9e748b8cef
ab9eeb80c15f
ab9f62764843
ab9fd96c219d
aba050624d6b
aba0c758cbaf
aba13e4f9c69
aba1b546bf98
aba22c3e353e
aba2a335fd59
aba31a2e17eb
aba3912684f4
aba4081f4474
aba47f18566a
aba4f611bad8
aba56d0b71be
aba5e4057b1c
aba65affd6f1
aba6d1fa853f
aba748f58605
aba7bff0d944
aba836ec7efb
aba8ade8772c
aba924e4c1d6
aba99be15efa
abaa12de4e98
abaa89db90af
abab00d92541
abab77d70c4e
ababeed545d5
abac65d3d1d7
abacdcd2b054
abad53d1e14c
abadcad164c0
abae41d13ab0
abaeb8d1631c
abaf2fd1de04
abafa6d2ab69
abb01dd3cb4a
abb094d53da8
abb10bd70284
abb182d919dc
abb1f9db83b3
abb270de4007
abb2e7e14ed9
abb35ee4b02a
abb3d5e863f9
abb44cec6a46
abb4c3f0c313
abb53af56e5f
abb5b1fa6c2a
abb628ffbc75
abb6a0055f3f
abb7170b548a
abb78e119c55
abb8051836a0
abb87c1f236d
abb8f32662ba
abb96a2df488
abb9e135d8d8
abba583e0fa9
abbacf4698fc
abbb464f74d1
abbbbd58a329
abbc34622403
abbcab6bf760
abbd22761d3f
abbd998095a2
abbe108b6088
abbe87967df2
abbefea1ede0
abbf75adb052
abbfecb9c548
abc063c62cc3
abc0dad2e6c2
abc151dff347
abc1c8ed5250
abc23ffb03df
abc2b70907f4
abc32e175e8e
abc3a52607af
abc41c350356
abc493445183
abc50a53f237
abc58163e572
abc5f8742b35
abc66f84c37f
abc6e695ae50
abc75da6eba9
abc7d4b87b8b
abc84bca5df4
abc8c2dc92e7
abc939ef1a62
abc9b101f466
abca281520f3
abca9f28a00a
abcb163c71aa
abcb8d5095d4
abcc04650c89
abcc7b79d5c7
abccf28ef190
abcd69a45fe4
abcde0ba20c3
abce57d0342e
abcecee69a23
abcf45fd52a5
abcfbd145db2
abd0342bbb4b
abd0ab436b71
abd1225b6e23
abd19973c362
abd2108c6b2e
abd287a56588
abd2febeb26e
abd375d851e3
abd3ecf243e5
abd4640c8876
abd4db271f95
abd552420942
abd5c95d457e
abd64078d44a
abd6b794b5a4
abd72eb0e98e
abd7a5cd7008
abd81cea4911
abd8940774ab
abd90b24f2d5
abd98242c390
abd9f960e6db
abda707f5cb8
abdae79e2526
abdb5ebd4025
abdbd5dcadb6
abdc4cfc6dd9
abdcc41c808e
abdd3b3ce5d6
abddb25d9db0
abde297ea81d
abdea0a0051c
abdf17c1b4b0
abdf8ee3b6d6
abe006060b91
abe07d28b2df
abe0f44bacc2
abe16b6ef939
abe1e2929844
abe259b689e5
abe2d0dace1a
abe347ff64e5
abe3bf244e45
abe436498a3b
abe4ad6f18c7
abe52494f9e9
abe59bbb2da2
abe612e1b3f1
abe68a088cd7
abe7012fb854
abe778573668
abe7ef7f0714
abe866a72a58
abe8ddcfa033
abe954f868a7
abe9cc2183b3
abea434af158
abeaba74b196
abeb319ec46d
abeba8c929dd
abec1ff3e1e7
abec971eec8a
abed0e4a49c7
abed8575f99f
abedfca1fc11
abee73ce511e
abeeeafaf8c5
abef6227f308
abefd9553fe6
abf05082df5f
abf0c7b0d175
abf13edf1626
abf1b60dad73
abf22d3c975d
abf2a46bd3e4
abf31b9b6308
abf392cb44c8
abf409fb7926
abf4812c0022
abf4f85cd9bb
abf56f8e05f2
abf5e6bf84c8
abf65df1563c
abf6d5237a4e
abf74c55f100
abf7c388ba51
abf83abbd641
abf8b1ef44d0
abf929230600
abf9a05719cf
abfa178b803f
abfa8ec0394f
abfb05f54500
abfb7d2aa352
abfbf4605445
abfc6b9657d9
abfce2ccae0f
abfd5a0356e6
abfdd13a5260
abfe4871a07c
abfebfa9413b
abff36e1349c
abffae197aa0
ac0025521347
ac009c8afe92
ac0113c43c80
ac018afdcd12
ac020237b048
ac027971e622
ac02f0ac6ea1
ac0367e749c5
ac03df22778d
ac04565df7fb
ac04cd99cb0e
ac0544d5f0c7
ac05bc126925
ac06334f342a
ac06aa8c51d5
ac0721c9c226
ac079907851e
ac0810459abd
ac0887840304
ac08fec2bdf1
ac097601cb86
ac09ed412bc4
ac0a6480dea9
ac0adbc0e436
ac0b53013c6c
ac0bca41e74b
ac0c4182e4d3
ac0cb8c43504
ac0d3005d7de
ac0da747cd62
ac0e1e8a1590
ac0e95ccb068
ac0f0d0f9deb
ac0f8452de17
ac0ffb9670ef
ac1072da5672
ac10ea1e8e9f
ac1161631979
ac11d8a7f6fd
ac124fed272e
ac12c732aa0b
ac133e787f94
ac13b5bea7ca
ac142d0522ad
ac14a44bf03c
ac151b931079
ac1592da8363
ac160a2248fb
ac16816a6141
ac16f8b2cc35
ac176ffb89d7
ac17e7449a28
ac185e8dfd27
ac18d5d7b2d6
ac194d21bb34
ac19c46c1641
ac1a3bb6c3fe
ac1ab301c46b
ac1b2a4d1788
ac1ba198bd55
ac1c18e4b5d3
ac1c90310102
ac1d077d9ee2
ac1d7eca8f73
ac1df617d2b6
ac1e6d6568aa
ac1ee4b35150
ac1f5c018ca8
ac1fd3501ab3
ac204a9efb70
ac20c1ee2ee0
ac21393db504
ac21b08d8dda
ac2227ddb964
ac229f2e37a2
ac23167f0893
ac238dd02c39
ac240521a293
ac247c736ba2
ac24f3c58766
ac256b17f5de
ac25e26ab70c
ac2659bdcaf0
ac26d1113189
ac274864ead8
ac27bfb8f6dd
ac28370d5599
ac28ae62070b
ac2925b70b34
ac299d0c6215
ac2a14620bac
ac2a8bb807fb
ac2b030e5702
ac2b7a64f8c1
ac2bf1bbed38
ac2c69133468
ac2ce06ace50
ac2d57c2baf1
ac2dcf1afa4b
ac2e46738c5e
ac2ebdcc712b
ac2f3525a8b2
ac2fac7f32f2
ac3023d90fed
ac309b333fa3
ac31128dc212
ac3189e8973d
ac320143bf23
ac32789f39c5
ac32effb0721
ac336757273a
ac33deb39a0f
ac3456105fa0
ac34cd6d77ed
ac3544cae2f7
ac35bc28a0be
ac363386b142
ac36aae51483
ac372243ca82
ac3799a2d33f
ac3811022eba
ac388861dcf3
ac38ffc1ddea
ac39772231a0
ac39ee82d815
ac3a65e3d149
ac3add451d3d
ac3b54a6bbf0
ac3bcc08ad63
ac3c436af196
ac3cbacd8889
ac3d3230723d
ac3da993aeb2
ac3e20f73de7
ac3e985b1fde
ac3f0fbf5496
ac3f8723dc0f
ac3ffe88b64b
ac4075ede348
ac40ed536308
ac4164b9358a
ac41dc1f5acf
ac425385d2d7
ac42caec9da2
ac434253bb30
ac43b9bb2b82
ac443122ee98
ac44a88b0472
ac451ff36d10
ac45975c2873
ac460ec5369b
ac46862e9787
ac46fd984b39
ac47750251b0
ac47ec6caaed
ac4863d756f0
ac48db4255b8
ac4952ada747
ac49ca194b9d
ac4a418542b9
ac4ab8f18c9c
ac4b305e2947
ac4ba7cb18b9
ac4c1f385af3
ac4c96a5eff4
ac4d0e13d7be
ac4d8582124f
ac4dfcf09faa
ac4e745f7fcd
ac4eebceb2b9
ac4f633e386f
ac4fdaae10ee
ac50521e3c36
ac50c98eba49
ac5140ff8b25
ac51b870aecc
ac522fe2253e
ac52a753ee7a
ac531ec60a82
ac5396387954
ac540dab3af2
ac54851e4f5c
ac54fc91b692
ac5574057093
ac55eb797d62
ac5662eddcfc
ac56da628f64
ac5751d79498
ac57c94cec9a
ac5840c2976a
ac58b8389507
ac592faee572
ac59a72588ab
ac5a1e9c7eb2
ac5a9613c788
ac5b0d8b632d
ac5b850351a1
ac5bfc7b92e5
ac5c73f426f7
ac5ceb6d0dda
ac5d62e6478c
ac5dda5fd40f
ac5e51d9b362
ac5ec953e586
ac5f40ce6a7a
ac5fb8494240
ac602fc46cd7
ac60a73fea3f
ac611ebbba79
ac619637dd85
ac620db45363
ac6285311c14
ac62fcae3798
ac63742ba5ee
ac63eba96717
ac6463277b14
ac64daa5e1e4
ac6552249b88
ac65c9a3a800
ac664123074c
ac66b8a2b96c
ac673022be62
ac67a7a3162c
ac681f23c0cb
ac6896a4be3f
ac690e260e8a
ac6985a7b1a9
ac69fd29a79f
ac6a74abf06b
ac6aec2e8c0e
ac6b63b17a87
ac6bdb34bbd7
ac6c52b84fff
ac6cca3c36fd
ac6d41c070d3
ac6db944fd81
ac6e30c9dd08
ac6ea84f0f66
ac6f1fd4949d
ac6f975a6cac
ac700ee09794
ac7086671556
ac70fdede5f1
ac7175750965
ac71ecfc7fb4
ac72648448dc
ac72dc0c64de
ac735394d3bc
ac73cb1d9573
ac7442a6aa06
ac74ba301174
ac7531b9cbbd
ac75a943d8e2
ac7620ce38e3
ac769858ebc0
ac770fe3f179
ac77876f4a0f
ac77fefaf581
ac787686f3d0
ac78ee1344fd
ac79659fe907
ac79dd2cdfee
ac7a54ba29b4
ac7acc47c657
ac7b43d5b5d9
ac7bbb63f839
ac7c32f28d78
ac7caa817596
ac7d2210b094
ac7d99a03e70
ac7e11301f2d
ac7e88c052c9
ac7f0050d945
ac7f77e1b2a2
ac7fef72dedf
ac8067045dfd
ac80de962ffc
ac81562854dc
ac81cdbacc9e
ac82454d9741
ac82bce0b4c6
ac833474252d
ac83ac07e877
ac84239bfea3
ac849b3067b2
ac8512c523a4
ac858a5a327a
ac8601ef9432
ac86798548cf
ac86f11b504f
ac8768b1aab4
ac87e04857fd
ac8857df582a
ac88cf76ab3c
ac89470e5134
ac89bea64a10
ac8a363e95d2
ac8aadd7347a
ac8b25702608
ac8b9d096a7c
ac8c14a301d6
ac8c8c3cec17
ac8d03d7293e
ac8d7b71b94d
ac8df30c9c43
ac8e6aa7d221
ac8ee2435ae6
ac8f59df3693
ac8fd17b6529
ac904917e6a6
ac90c0b4bb0d
ac913851e25c
ac91afef5c95
ac92278d29b6
ac929f2b49c1
ac9316c9bcb6
ac938e688295
ac9406079b5e
ac947da70712
ac94f546c5b0
ac956ce6d739
ac95e4873bad
ac965c27f30d
ac96d3c8fd58
ac974b6a5a8f
ac97c30c0ab2
ac983aae0dc1
ac98b25063bc
ac9929f30ca4
ac99a1960879
ac9a1939573c
ac9a90dcf8eb
ac9b0880ed88
ac9b80253513
ac9bf7c9cf8c
ac9c6f6ebcf3
ac9ce713fd49
ac9d5eb9908d
ac9dd65f76c0
ac9e4e05afe3
ac9ec5ac3bf4
ac9f3d531af6
ac9fb4fa4ce7
aca02ca1d1c8
aca0a449a999
aca11bf1d45b
aca1939a520e
aca20b4322b1
aca282ec4646
aca2fa95bccc
aca3723f8644
aca3e9e9a2ae
aca461941209
aca4d93ed457
aca550e9e997
aca5c89551cb
aca640410cf1
aca6b7ed1b0a
aca72f997c17
aca7a7463017
aca81ef3370b
aca896a090f3
aca90e4e3dd0
aca985fc3da1
aca9fdaa9067
acaa75593622
acaaed082ed2
acab64b77a77
acabdc671912
acac54170aa3
acaccbc74f2b
acad4377e6a8
acadbb28d11c
acae32da0e87
acaeaa8b9ee9
acaf223d8242
acaf99efb892
acb011a241da
acb089551e1a
acb101084d52
acb178bbcf83
acb1f06fa4ac
acb26823ccce
acb2dfd847e9
acb3578d15fd
acb3cf42370a
acb446f7ab12
acb4bead7213
acb536638c0e
acb5ae19f904
acb625d0b8f4
acb69d87cbdf
acb7153f31c6
acb78cf6eaa7
acb804aef684
acb87c67555d
acb8f4200731
acb96bd90c02
acb9e39263cf
acba5b4c0e99
acbad3060c60
acbb4ac05d23
acbbc27b00e5
acbc3a35f7a3
acbcb1f1415f
acbd29acde1a
acbda168cdd2
acbe19251089
acbe90e1a63e
acbf089e8ef3
acbf805bcaa6
acbff8195959
acc06fd73b0b
acc0e7956fbd
acc15f53f76f
acc1d712d221
acc24ed1ffd4
acc2c6918088
acc33e51543c
acc3b6117af1
acc42dd1f4a8
acc4a592c160
acc51d53e11a
acc5951553d6
acc60cd71995
acc684993255
acc6fc5b9e19
acc7741e5cdf
acc7ebe16ea9
acc863a4d375
acc8db688b46
acc9532c961a
acc9caf0f3f2
acca42b5a4cf
accaba7aa8b0
accb323fff96
accbaa05a980
accc21cba670
accc9991f665
accd11589960
accd891f8f61
acce00e6d867
acce78ae7474
accef0766388
accf683ea5a2
accfe0073ac3
acd057d022ec
acd0cf995e1b
acd14762ec53
acd1bf2ccd92
acd236f701d9
acd2aec18929
acd3268c6381
acd39e5790e2
acd41623114c
acd48deee4bf
acd505bb0b3c
acd57d8784c2
acd5f5545152
acd66d2170ec
acd6e4eee391
acd75cbca940
acd7d48ac1f9
acd84c592dbe
acd8c427ec8e
acd93bf6fe6a
acd9b3c66351
acda2b961b44
acdaa3662643
acdb1b36844f
acdb93073567
acdc0ad8398c
acdc82a990be
acdcfa7b3afd
acdd724d384a
acddea1f88a4
acde61f22c0d
acded9c52283
acdf51986c08
acdfc96c089c
ace0413ff83e
ace0b9143aef
ace130e8d0b0
ace1a8bdb980
ace22092f560
ace298688450
ace3103e6650
ace388149b60
ace3ffeb2381
ace477c1feb3
ace4ef992cf6
ace56770ae4a
ace5df4882b0
ace65720aa27
ace6cef924b1
ace746d1f24c
ace7beab12fa
ace8368486bb
ace8ae5e4d8f
ace926386776
ace99e12d470
acea15ed947d
acea8dc8a79f
aceb05a40dd4
aceb7d7fc71e
acebf55bd37c
acec6d3832ee
acece514e576
aced5cf1eb13
acedd4cf43c5
acee4cacef8c
aceec48aee6a
acef3c69405d
acefb447e567
acf02c26dd87
acf0a40628be
acf11be5c70c
acf193c5b871
acf20ba5fced
acf283869481
acf2fb677f2d
acf37348bcf1
acf3eb2a4dcd
acf4630c31c2
acf4daee68cf
acf552d0f2f5
acf5cab3d035
acf64297008e
acf6ba7a8400
acf7325e5a8c
acf7aa428433
acf8222700f3
acf89a0bd0cf
acf911f0f3c5
acf989d669d6
acfa01bc3302
acfa79a24f49
acfaf188beac
acfb696f812c
acfbe15696c7
acfc593dff7e
acfcd125bb52
acfd490dca43
acfdc0f62c51
acfe38dee17c
acfeb0c7e9c4
acff28b1452b
acffa09af3af
ad001884f551
ad00906f4a11
ad010859f1f1
ad018044ecee
ad01f8303b0b
ad02701bdc48
ad02e807d0a3
ad035ff4181f
ad03d7e0b2ba
ad044fcda075
ad04c7bae151
ad053fa8754e
ad05b7965c6b
ad062f8496a9
ad06a7732409
ad071f62048a
ad079751382c
ad080f40bef1
ad08873098d8
ad08ff20c5e1
ad097711460d
ad09ef02195c
ad0a66f33fce
ad0adee4b963
ad0b56d6861c
ad0bcec8a5f8
ad0c46bb18f9
ad0cbeaddf1d
ad0d36a0f866
ad0dae9464d4
ad0e26882467
ad0e9e7c371e
ad0f16709cfb
ad0f8e6555fe
ad10065a6226
ad107e4fc174
ad10f64573e9
ad116e3b7984
ad11e631d246
ad125e287e2e
ad12d61f7d3e
ad134e16cf75
ad13c60e74d4
ad143e066d5a
ad14b5feb909
ad152df757df
ad15a5f049df
ad161de98f07
ad1695e32757
ad170ddd12d1
ad1785d75175
ad17fdd1e342
ad1875ccc839
ad18edc8005a
ad1965c38ba5
ad19ddbf6a1a
ad1a55bb9bbb
ad1acdb82086
ad1b45b4f87d
ad1bbdb2239f
ad1c35afa1ec
ad1cadad7365
ad1d25ab980b
ad1d9daa0fdd
ad1e15a8dadb
ad1e8da7f906
ad1f05a76a5e
ad1f7da72ee4
ad1ff5a74696
ad206da7b177
ad20e5a86f85
ad215da980c1
ad21d5aae52c
ad224dac9cc5
ad22c5aea78d
ad233db10584
ad23b5b3b6ab
ad242db6bb00
ad24a5ba1286
ad251dbdbd3b
ad2595c1bb21
ad260dc60c37
ad2685cab07d
ad26fdcfa7f4
ad2775d4f29d
ad27edda9076
ad2865e08181
ad28dde6c5be
ad2955ed5d2c
ad29cdf447cd
ad2a45fb85a1
ad2abe0316a6
ad2b360afadf
ad2bae13324b
ad2c261bbcea
ad2c9e249abc
ad2d162dcbc3
ad2d8e374ffd
ad2e0641276b
ad2e7e4b520e
ad2ef655cfe6
ad2f6e60a0f2
ad2fe66bc534
ad305e773caa
ad30d6830757
ad314e8f2539
ad31c69b9651
ad323ea85a9f
ad32b6b57224
ad332ec2dcdf
ad33a6d09ad2
ad341edeabfb
ad3496ed105c
ad350efbc7f4
ad35870ad2c4
ad35ff1a30cc
ad367729e20d
ad36ef39e686
ad37674a3e37
ad37df5ae922
ad38576be745
ad38cf7d38a2
ad39478edd39
ad39bfa0d509
ad3a37b32014
ad3aafc5be59
ad3b27d8afd8
ad3b9febf492
ad3c17ff8c87
ad3c901377b7
ad3d0827b622
ad3d803c47c9
ad3df8512cac
ad3e706664cb
ad3ee87bf027
ad3f6091cebf
ad3fd8a80093
ad4050be85a5
ad40c8d55df4
ad4140ec8980
ad41b904084a
ad42311bda52
ad42a933ff98
ad43214c781c
ad43996543df
ad44117e62e0
ad448997d521
ad4501b19aa0
ad4579cbb360
ad45f1e61f5f
ad466a00de9e
ad46e21bf11c
ad475a3756dc
ad47d2530fdc
ad484a6f1c1c
ad48c28b7b9e
ad493aa82e61
ad49b2c53466
ad4a2ae28dac
ad4aa3003a34
ad4b1b1e39fe
ad4b933c8d0b
ad4c0b5b335b
ad4c837a2ced
ad4cfb9979c2
ad4d73b919da
ad4debd90d36
ad4e63f953d6
ad4edc19edba
ad4f543adae2
ad4fcc5c1b4e
ad50447daeff
ad50bc9f95f5
ad5134c1d030
ad51ace45db0
ad5225073e76
ad529d2a7282
ad53154df9d3
ad538d71d46b
ad5405960249
ad547dba836e
ad54f5df57da
ad556e047f8d
ad55e629fa87
ad565e4fc8c9
ad56d675ea53
ad574e9c5f24
ad57c6c3273e
ad583eea42a1
ad58b711b14c
ad592f397340
ad59a761887d
ad5a1f89f104
ad5a97b2acd4
ad5b0fdbbbee
ad5b88051e52
ad5c002ed400
ad5c7858dcf9
ad5cf083393d
ad5d68ade8cb
ad5de0d8eba5
ad5e590441ca
ad5ed12feb3b
ad5f495be7f7
ad5fc1883800
ad6039b4db55
ad60b1e1d1f7
ad612a0f1be5
ad61a23cb920
ad621a6aa9a9
ad629298ed7e
ad630ac784a2
ad6382f66f14
ad63fb25acd3
ad6473553de1
ad64eb85223e
ad6563b559e9
ad65dbe5e4e3
ad665416c32d
ad66cc47f4c6
ad67447979ae
ad67bcab51e7
ad6834dd7d70
ad68ad0ffc49
ad692542ce73
ad699d75f3ed
ad6a15a96cb9
ad6a8ddd38d6
ad6b06115844
ad6b7e45cb04
ad6bf67a9116
ad6c6eafaa7a
ad6ce6e51731
ad6d5f1ad73a
ad6dd750ea96
ad6e4f875145
ad6ec7be0b48
ad6f3ff5189e
ad6fb82c7948
ad7030642d45
ad70a89c3497
ad7120d48f3e
ad71990d3d39
ad7211463e89
ad72897f932e
ad7301b93b28
ad7379f33678
ad73f22d851d
ad746a682719
ad74e2a31c6b
ad755ade6513
ad75d31a0112
ad764b55f068
ad76c3923316
ad773bcec91a
ad77b40bb276
ad782c48ef2a
ad78a4867f36
ad791cc4629a
ad7995029957
ad7a0d41236c
ad7a858000db
ad7afdbf31a2
ad7b75feb5c3
ad7bee3e8d3e
ad7c667eb812
ad7cdebf3640
ad7d570007c9
ad7dcf412cac
ad7e4782a4ea
ad7ebfc47083
ad7f38068f78
ad7fb04901c7
ad80288bc772
ad80a0cee07a
ad8119124cdd
ad8191560c9c
ad82099a1fb9
ad8281de8632
ad82fa234007
ad8372684d3b
ad83eaadadcb
ad8462f361b9
ad84db396906
ad85537fc3b0
ad85cbc671b9
ad86440d7320
ad86bc54c7e6
ad87349c700b
ad87ace46b90
ad88252cba73
ad889d755cb7
ad8915be525b
ad898e079b5e
ad8a065137c2
ad8a7e9b2787
ad8af6e56aad
ad8b6f300133
ad8be77aeb1b
ad8c5fc62865
ad8cd811b910
ad8d505d9d1d
ad8dc8a9d48c
ad8e40f65f5e
ad8eb9433d92
ad8f31906f2a
ad8fa9ddf424
ad90222bcc82
ad909a79f843
ad9112c87768
ad918b1749f1
ad9203666fdf
ad927bb5e930
ad92f405b5e7
ad936c55d602
ad93e4a64983
ad945cf71068
ad94d5482ab4
ad954d999865
ad95c5eb597c
ad963e3d6dfa
ad96b68fd5de
ad972ee29129
ad97a7359fda
ad981f8901f3
ad9897dcb773
ad991030c05b
ad9988851cab
ad9a00d9cc63
ad9a792ecf83
ad9af184260b
ad9b69d9cffc
ad9be22fcd57
ad9c5a861e1a
ad9cd2dcc247
ad9d4b33b9de
ad9dc38b04de
ad9e3be2a349
ad9eb43a951d
ad9f2c92da5d
ad9fa4eb7307
ada01d445f1c
ada0959d9e9d
ada10df73189
ada1865117e0
ada1feab51a4
ada27705ded3
ada2ef60bf6f
ada367bbf378
ada3e0177aed
ada4587355cf
ada4d0cf841f
ada5492c05dc
ada5c188db07
ada639e603a0
ada6b2437fa7
ada72aa14f1c
ada7a2ff7200
ada81b5de853
ada893bcb215
ada90c1bcf46
ada9847b3fe7
ada9fcdb03f7
adaa753b1b78
adaaed9b8668
adab65fc44c9
adabde5d569b
adac56bebbde
adaccf207492
adad478280b7
adadbfe4e04d
adae38479355
adaeb0aa99d0
adaf290df3bc
adafa171a11c
adb019d5a1ed
adb09239f632
adb10a9e9dea
adb183039915
adb1fb68e7b4
adb273ce89c6
adb2ec347f4d
adb3649ac848
adb3dd0164b7
adb45568549b
adb4cdcf97f4
adb546372ec2
adb5be9f1906
adb6370756bf
adb6af6fe7ee
adb727d8cc93
adb7a04204af
adb818ab9041
adb891156f4a
adb9097fa1c9
adb981ea27c0
adb9fa55012f
adba72c02e15
adbaeb2bae72
adbb63978248
adbbdc03a997
adbc5470245e
adbcccdcf29d
adbd454a1456
adbdbdb78988
adbe36255233
adbeae936e58
adbf2701ddf7
adbf9f70a111
adc017dfb7a4
adc0904f21b2
adc108bedf3b
adc1812ef03f
adc1f99f54be
adc272100cb9
adc2ea811830
adc362f27722
adc3db642991
adc453d62f7c
adc4cc4888e3
adc544bb35c8
adc5bd2e3629
adc635a18a08
adc6ae153164
adc726892c3f
adc79efd7a97
adc817721c6d
adc88fe711c2
adc9085c5a95
adc980d1f6e8
adc9f947e6b9
adca71be2a0a
adcaea34c0da
adcb62abab2b
adcbdb22e8fb
adcc539a7a4b
adcccc125f1c
adcd448a976e
adcdbd032340
adce357c0294
adceadf53569
adcf266ebbc0
adcf9ee89598
add01762c2f3
add08fdd43d0
add10858182f
add180d34011
add1f94ebb76
add271ca8a5e
add2ea46acca
add362c322b9
add3db3fec2c
add453bd0923
add4cc3a799f
add544b83d9f
add5bd365524
add635b4c02e
add6ae337ebd
add726b290d1
add79f31f66c
add817b1af8c
add89031bc32
add908b21c5e
add98132d012
add9f9b3d74b
adda7235320c
addaeab6e055
addb6338e224
addbdbbb377c
addc543de05b
addcccc0dcc3
addd45442cb3
adddbdc7d02b
adde364bc72c
addeaed011b7
addf2754afcb
addf9fd9a168
ade0185ee68f
ade090e47f40
ade1096a6b7b
ade181f0ab40
ade1fa773e91
ade272fe256c
ade2eb855fd2
ade3640cedc3
ade3dc94cf40
ade4551d0449
ade4cda58cde
ade5462e68ff
ade5beb798ad
ade637411be7
ade6afcaf2ae
ade728551d02
ade7a0df9ae4
ade8196a6c53
ade891f59150
ade90a8109db
ade9830cd5f5
ade9fb98f59d
adea742568d3
adeaecb22f99
adeb653f49ed
adebddccb7d2
adec565a7945
adeccee88e49
aded4776f6dd
adedc005b300
adee3894c2b5
adeeb12425fa
adef29b3dcd0
adefa243e738
adf01ad44531
adf09364f6bb
adf10bf5fbd8
adf184875486
adf1fd1900c7
adf275ab009b
adf2ee3d5401
adf366cffafa
adf3df62f587
adf457f643a7
adf4d089e55a
adf5491ddaa2
adf5c1b2237e
adf63a46bfee
adf6b2dbaff2
adf72b70f38c
adf7a4068abb
adf81c9c757e
adf89532b3d8
adf90dc945c7
adf986602b4c
adf9fef76467
adfa778ef119
adfaf026d162
adfb68bf0541
adfbe1578cb7
adfc59f067c5
adfcd289966a
adfd4b2318a7
adfdc3bcee7c
adfe3c5717e9
adfeb4f194ef
adff2d8c658d
adffa62789c4
ae001ec30194
ae00975eccfe
ae010ffaec01
ae0188975e9e
ae02013424d6
ae0279d13ea7
ae02f26eac13
ae036b0c6d19
ae03e3aa81bb
ae045c48e9f8
ae04d4e7a5d0
ae054d86b543
ae05c6261853
ae063ec5ceff
ae06b765d947
ae073006372b
ae07a8a6e8ac
ae082147edca
ae0899e94686
ae09128af2df
ae098b2cf2d5
ae0a03cf466a
ae0a7c71ed9c
ae0af514e86d
ae0b6db836dc
ae0be65bd8ea
ae0c5effce98
ae0cd7a417e4
ae0d5048b4d0
ae0dc8eda55b
ae0e4192e987
ae0eba388153
ae0f32de6cbf
ae0fab84abcb
ae10242b3e79
ae109cd224c7
ae1115795eb7
ae118e20ec48
ae1206c8cd7b
ae127f710250
ae12f8198ac8
ae1370c266e1
ae13e96b969d
ae14621519fd
ae14dabef0ff
ae1553691ba4
ae15cc1399ed
ae1644be6bda
ae16bd69916b
ae1736150aa0
ae17aec0d77a
ae18276cf7f8
ae18a0196c1b
ae1918c633e3
ae1991734f51
ae1a0a20be64
ae1a82ce811d
ae1afb7c977c
ae1b742b0181
ae1becd9bf2d
ae1c6588d07f
ae1cde383579
ae1d56e7ee19
ae1dcf97fa61
ae1e48485a51
ae1ec0f90de8
ae1f39aa1528
ae1fb25b7010
ae202b0d1ea0
ae20a3bf20d9
ae211c7176bb
ae2195242047
ae220dd71d7b
ae22868a6e5a
ae22ff3e12e2
ae2377f20b14
ae23f0a656f1
ae24695af678
ae24e20fe9aa
ae255ac53088
ae25d37acb10
ae264c30b944
ae26c4e6fb23
ae273d9d90af
ae27b65479e6
ae282f0bb6ca
ae28a7c3475b
ae29207b2b98
ae2999336383
ae2a11ebef1b
ae2a8aa4ce60
ae2b035e0153
ae2b7c1787f4
ae2bf4d16243
ae2c6d8b9041
ae2ce64611ed
ae2d5f00e748
ae2dd7bc1052
ae2e50778d0c
ae2ec9335d75
ae2f41ef818e
ae2fbaabf957
ae303368c4d0
ae30ac25e3f9
ae3124e356d3
ae319da11d5f
ae32165f379b
ae328f1da588
ae3307dc6728
ae33809b7c79
ae33f95ae57c
ae34721aa231
ae34eadab299
ae35639b16b4
ae35dc5bce81
ae36551cda02
ae36cdde3936
ae37469fec1e
ae37bf61f2b9
ae3838244d09
ae38b0e6fb0d
ae3929a9fcc6
ae39a26d5233
ae3a1b30fb55
ae3a93f4f82d
ae3b0cb948ba
ae3b857decfc
ae3bfe42e4f5
ae3c770830a3
ae3cefcdd008
ae3d6893c324
ae3de15a09f6
ae3e5a20a480
ae3ed2e792c0
ae3f4baed4b8
ae3fc4766a68
ae403d3e53d0
ae40b60690f0
ae412ecf21c8
ae41a7980659
ae4220613ea3
ae42992acaa6
ae4311f4aa62
ae438abeddd8
ae4403896507
ae447c543ff1
ae44f51f6e94
ae456deaf0f2
ae45e6b6c70b
ae465f82f0df
ae46d84f6e6d
ae47511c3fb7
ae47c9e964bd
ae4842b6dd7e
ae48bb84a9fc
ae493452ca35
ae49ad213e2b
ae4a25f005de
ae4a9ebf214e
ae4b178e907b
ae4b905e5365
ae4c092e6a0d
ae4c81fed473
ae4cfacf9296
ae4d73a0a478
ae4dec720a19
ae4e6543c378
ae4ede15d096
ae4f56e83174
ae4fcfbae611
ae50488dee6d
ae50c1614a8a
ae513a34fa66
ae51b308fe03
ae522bdd5560
ae52a4b2007e
ae531d86ff5d
ae53965c51fe
ae540f31f860
ae548807f283
ae5500de4069
ae5579b4e210
ae55f28bd77a
ae566b6320a7
ae56e43abd96
ae575d12ae48
ae57d5eaf2be
ae584ec38af7
ae58c79c76f4
ae594075b6b5
ae59b94f4a3a
ae5a32293183
ae5aab036c91
ae5b23ddfb64
ae5b9cb8ddfc
ae5c1594145a
ae5c8e6f9e7c
ae5d074b7c65
ae5d8027ae14
ae5df9043389
ae5e71e10cc4
ae5eeabe39c6
ae5f639bba8f
ae5fdc798f1f
ae605557b776
ae60ce363395
ae614715037c
ae61bff4272a
ae6238d39ea2
ae62b1b369e1
ae632a9388e9
ae63a373fbbb
ae641c54c255
ae649535dcb9
ae650e174ae6
ae6586f90cdd
ae65ffdb229f
ae6678bd8c2a
ae66f1a04980
ae676a835aa1
ae67e366bf8d
ae685c4a7844
ae68d52e84c7
ae694e12e515
ae69c6f7992f
ae6a3fdca115
ae6ab8c1fcc8
ae6b31a7ac47
ae6baa8daf93
ae6c237406ac
ae6c9c5ab192
ae6d1541b046
ae6d8e2902c8
ae6e0710a917
ae6e7ff8a334
ae6ef8e0f120
ae6f71c992db
ae6feab28864
ae70639bd1bd
ae70dc856ee4
ae71556f5fdc
ae71ce59a4a3
ae7247443d3a
ae72c02f29a1
ae73391a69d9
ae73b205fde1
ae742af1e5ba
ae74a3de2164
ae751ccab0e0
ae7595b7942d
ae760ea4cb4c
ae768792563d
ae7700803500
ae77796e6796
ae77f25cedfe
ae786b4bc83a
ae78e43af648
ae795d2a782a
ae79d61a4de0
ae7a4f0a7769
ae7ac7faf4c6
ae7b40ebc5f8
ae7bb9dceafe
ae7c32ce63d9
ae7cabc03089
ae7d24b2510e
ae7d9da4c569
ae7e16978d99
ae7e8f8aa99f
ae7f087e197b
ae7f8171dd2e
ae7ffa65f4b7
ae80735a6017
ae80ec4f1f4e
ae816544325c
ae81de399941
ae82572f53fe
ae82d0256294
ae83491bc501
ae83c2127b47
ae843b098565
ae84b400e35c
ae852cf8952c
ae85a5f09ad6
ae861ee8f459
ae8697e1a1b6
ae8710daa2ec
ae8789d3f7fd
ae8802cda0e8
ae887bc79dae
ae88f4c1ee4f
ae896dbc92cb
ae89e6b78b22
ae8a5fb2d755
ae8ad8ae7764
ae8b51aa6b4e
ae8bcaa6b315
ae8c43a34eb9
ae8cbca03e39
ae8d359d8195
ae8dae9b18d0
ae8e279903e7
ae8ea09742dc
ae8f1995d5af
ae8f9294bc60
ae900b93f6ef
ae908493855d
ae90fd9367a9
ae9176939dd4
ae91ef9427df
ae92689505c9
ae92e1963792
ae935a97bd3c
ae93d39996c6
ae944c9bc42f
ae94c59e457a
ae953ea11aa5
ae95b7a443b1
ae9630a7c09f
ae96a9ab916e
ae9722afb61e
ae979bb42eb1
ae9814b8fb25
ae988dbe1b7d
ae9906c38fb6
ae997fc957d3
ae99f8cf73d2
ae9a71d5e3b5
ae9aeadca77b
ae9b63e3bf25
ae9bdceb2ab3
ae9c55f2ea25
ae9ccefafd7c
ae9d480364b7
ae9dc10c1fd7
ae9e3a152edc
ae9eb31e91c7
ae9f2c284897
ae9fa532534c
aea01e3cb1e8
aea09747646a
aea110526ad3
aea1895dc522
aea202697358
aea27b757575
aea2f481cb7a
aea36d8e7566
aea3e69b733a
aea45fa8c4f6
aea4d8b66a9a
aea551c46427
aea5cad2b19c
aea643e152fb
aea6bcf04842
aea735ff9174
aea7af0f2e8e
aea8281f1f93
aea8a12f6481
aea91a3ffd5a
aea99350ea1e
aeaa0c622acc
aeaa8573bf65
aeaafe85a7ea
aeab7797e45a
aeabf0aa74b6
aeac69bd58fd
aeace2d09131
aead5be41d51
aeadd4f7fd5e
aeae4e0c3157
aeaec720b93e
aeaf40359511
aeafb94ac4d3
aeb032604882
aeb0ab76201f
aeb1248c4baa
aeb19da2cb23
aeb216b99e8b
aeb28fd0c5e2
aeb308e84129
aeb38200105e
aeb3fb183383
aeb47430aa98
aeb4ed49759d
aeb566629492
aeb5df7c0777
aeb65895ce4d
aeb6d1afe914
aeb74aca57cc
aeb7c3e51a76
aeb83d003111
aeb8b61b9b9e
aeb92f375a1d
aeb9a8536c8e
aeba216fd2f2
aeba9a8c8d48
aebb13a99b92
aebb8cc6fdce
aebc05e4b3fe
aebc7f02be22
aebcf8211c39
aebd713fce45
aebdea5ed445
aebe637e2e39
aebedc9ddc23
aebf55bdde01
aebfcede33d4
aec047fedd9d
aec0c11fdb5c
aec13a412d10
aec1b362d2bb
aec22c84cc5c
aec2a5a719f4
aec31ec9bb82
aec397ecb108
aec4110ffa84
aec48a3397f9
aec503578964
aec57c7bcec8
aec5f5a06824
aec66ec55579
aec6e7ea96c6
aec761102c0c
aec7da36154b
aec8535c5284
aec8cc82e3b6
aec945a9c8e1
aec9bed10207
aeca37f88f27
aecab1207041
aecb2a48a557
aecba3712e67
aecc1c9a0b72
aecc95c33c78
aecd0eecc17a
aecd88169a78
aece0140c772
aece7a6b4868
aecef3961d5b
aecf6cc1464b
aecfe5ecc337
aed05f189421
aed0d844b908
aed1517131ec
aed1ca9dfecf
aed243cb1fb0
aed2bcf8948f
aed336265d6c
aed3af547a48
aed42882eb24
aed4a1b1affe
aed51ae0c8d8
aed5941035b2
aed60d3ff68b
aed686700b65
aed6ffa0743f
aed778d1311a
aed7f20241f5
aed86b33a6d2
aed8e4655fb0
aed95d976c8f
aed9d6c9cd70
aeda4ffc8253
aedac92f8b38
aedb4262e820
aedbbb96990a
aedc34ca9df7
aedcadfef6e8
aedd2733a3db
aedda068a4d2
aede199df9cd
aede92d3a2cc
aedf0c099fcf
aedf853ff0d7
aedffe7695e3
aee077ad8ef4
aee0f0e4dc0b
aee16a1c7d27
aee1e3547248
aee25c8cbb6f
aee2d5c5589c
aee34efe49d0
aee3c8378f0a
aee44171284a
aee4baab1592
aee533e556e1
aee5ad1fec37
aee6265ad595
aee69f9612fb
aee718d1a469
aee7920d89df
aee80b49c35e
aee8848650e6
aee8fdc33277
aee977006810
aee9f03df1b4
aeea697bcf61
aeeae2ba0118
aeeb5bf886d9
aeebd53760a4
aeec4e768e7a
aeecc7b6105b
aeed40f5e647
aeedba36103f
aeee33768e41
aeeeacb76050
aeef25f8866b
aeef9f3a0091
aef0187bcec4
aef091bdf104
aef10b006751
aef1844331ab
aef1fd865012
aef276c9c286
aef2f00d8909
aef36951a399
aef3e2961238
aef45bdad4e5
aef4d51feba1
aef54e65566c
aef5c7ab1546
aef640f1282f
aef6ba378f28
aef7337e4a31
aef7acc5594a
aef8260cbc73
aef89f5473ad
aef9189c7ef8
aef991e4de53
aefa0b2d91c0
aefa8476993e
aefafdbff4ce
aefb7709a46f
aefbf053a823
aefc699dffe9
aefce2e8abc2
aefd5c33abad
aefdd57effac
aefe4ecaa7bd
aefec816a3e3
aeff4162f41c
aeffbaaf9868
af0033fc90ca
af00ad49dd3f
af0126977dc9
af019fe57268
af021933bb1c
af02928257e5
af030bd148c4
af0385208db9
af03fe7026c3
af0477c013e4
af04f110551b
af056a60ea69
af05e3b1d3ce
af065d03114a
af06d654a2dd
af074fa68888
af07c8f8c24a
af08424b5025
af08bb9e3218
af0934f16823
af09ae44f248
af0a2798d085
af0aa0ed02db
af0b1a41894b
af0b939663d4
af0c0ceb9277
af0c86411534
af0cff96ec0c
af0d78ed16fe
af0df243960b
af0e6b9a6933
af0ee4f19076
af0f5e490bd4
af0fd7a0db4f
af1050f8fee5
af10ca517697
af1143aa4266
af11bd036251
af12365cd659
af12afb69e7e
af132910bac0
af13a26b2b20
af141bc5ef9e
af1495210839
af150e7c74f3
af1587d835cb
af1601344ac2
af167a90b3d7
af16f3ed710c
af176d4a8260
af17e6a7e7d4
af186005a167
af18d963af1b
af1952c210ee
af19cc20c6e2
af1a457fd0f7
af1abedf2f2d
af1b383ee184
af1bb19ee7fc
af1c2aff4296
af1ca45ff151
af1d1dc0f42f
af1d97224b2f
af1e1083f651
af1e89e5f597
af1f034848ff
af1f7caaf08a
af1ff60dec39
af206f713c0b
af20e8d4e002
af216238d81c
af21db9d245b
af225501c4be
af22ce66b946
af2347cc01f4
af23c1319ec6
af243a978fbe
af24b3fdd4db
af252d646e1f
af25a6cb5b89
af2620329d19
af26999a32cf
af2713021cad
af278c6a5ab1
af2805d2ecdd
af287f3bd331
af28f8a50dac
af29720e9c4f
af29eb787f1a
af2a64e2b60e
af2ade4d412a
af2b57b82070
af2bd12353de
af2c4a8edb76
af2cc3fab737
af2d3d66e722
af2db6d36b38
af2e30404377
af2ea9ad6fe1
af2f231af076
af2f9c88c535
af3015f6ee20
af308f656b36
af3108d43c78
af31824361e6
af31fbb2db7f
af327522a945
af32ee92cb38
af3368034157
af33e1740ba3
af345ae52a1d
af34d4569cc4
af354dc86399
af35c73a7e9b
af3640acedcc
af36ba1fb12b
af373392c8b9
af37ad063475
af382679f461
af389fee087c
af39196270c6
af3992d72d40
af3a0c4c3dea
af3a85c1a2c4
af3aff375bcf
af3b78ad690a
af3bf223ca76
af3c6b9a8013
af3ce51189e2
af3d5e88e7e2
af3dd8009a13
af3e5178a077
af3ecaf0fb0d
af3f4469a9d6
af3fbde2acd1
af40375c03ff
af40b0d5af61
af412a4faef5
af41a3ca02be
af421d44aaba
af4296bfa6ea
af43103af74e
af4389b69be7
af44033294b5
af447caee1b8
af44f62b82f0
af456fa8785d
af45e925c200
af4662a35fd9
af46dc2151e8
af47559f982d
af47cf1e32a9
af48489d215c
af48c21c6445
af493b9bfb66
af49b51be6bf
af4a2e9c264f
af4aa81cba17
af4b219da217
af4b9b1ede50
af4c14a06ec1
af4c8e22536b
af4d07a48c4e
af4d8127196b
af4dfaa9fac1
af4e742d3051
af4eedb0ba1a
af4f6734981e
af4fe0b8ca5d
af505a3d50d6
af50d3c22b8a
af514d475a79
af51c6ccdda3
af524052b50a
af52b9d8e0ab
af53335f6089
af53ace634a4
af54266d5cfa
af549ff4d98e
af55197caa5e
af559304cf6c
af560c8d48b7
af568616163f
af56ff9f3806
af577928ae0a
af57f2b2784d
af586c3c96ce
af58e5c7098f
af595f51d08e
af59d8dcebcc
af5a52685b4a
af5acbf41f08
af5b45803705
af5bbf0ca343
af5c389963c1
af5cb2267880
af5d2bb3e17f
af5da5419ec0
af5e1ecfb041
af5e985e1605
af5f11ecd00a
af5f8b7bde51
af60050b40da
af607e9af7a6
af60f82b02b4
af6171bb6205
af61eb4c159a
af6264dd1d71
af62de6e798d
af63580029ec
af63d1922e8f
af644b248776
af64c4b734a2
af653e4a3612
af65b7dd8bc8
af66317135c2
af66ab053402
af6724998688
af679e2e2d54
af6817c32865
af68915877bd
af690aee1b5b
af6984841340
af69fe1a5f6d
af6a77b0ffe0
af6af147f49b
af6b6adf3d9d
af6be476dae8
af6c5e0ecc7a
af6cd7a71255
af6d513fac79
af6dcad89ae5
af6e4471dd9a
af6ebe0b7499
af6f37a55fe1
af6fb13f9f73
af702ada334f
af70a4751b75
af711e1057e5
af7197abe8a0
af721147cda6
af728ae406f7
af7304809493
af737e1d767b
af73f7baacaf
af747158372f
af74eaf615fb
af7564944913
af75de32d078
af7657d1ac2a
af76d170dc29
af774b106076
af77c4b03910
af783e5065f8
af78b7f0e72e
af793191bcb2
af79ab32e685
af7a24d464a7
af7a9e763718
af7b18185dd7
af7b91bad8e7
af7c0b5da846
af7c8500cbf4
af7cfea443f3
af7d78481043
af7df1ec30e3
af7e6b90a5d3
af7ee5356f15
af7f5eda8ca8
af7fd87ffe8c
af805225c4c3
af80cbcbdf4b
af8145724e25
af81bf191152
af8238c028d1
af82b26794a3
af832c0f54c9
af83a5b76941
af841f5fd20d
af8499088f2d
af8512b1a0a1
af858c5b0669
af860604c086
af867faecef7
af86f95931bd
af877303e8d9
af87ecaef44a
af88665a5410
af88e006082c
af8959b2109e
af89d35e6d67
af8a4d0b1e86
af8ac6b823fc
af8b40657dc8
af8bba132bec
af8c33c12e68
af8cad6f853b
af8d271e3065
af8da0cd2fe8
af8e1a7c83c4
af8e942c2bf8
af8f0ddc2884
af8f878c796a
af90013d1ea9
af907aee1842
af90f49f6634
af916e510880
af91e802ff26
af9261b54a27
af92db67e982
af93551add38
af93cece254a
af944881c1b6
af94c235b27e
af953be9f7a2
af95b59e9122
af962f537efe
af96a908c137
af9722be57cc
af979c7442be
af98162a820d
af988fe115ba
af990997fdc4
af99834f3a2c
af99fd06caf2
af9a76beb017
af9af076e99a
af9b6a2f777b
af9be3e859bc
af9c5da1905c
af9cd75b1b5b
af9d5114faba
af9dcacf2e78
af9e4489b697
af9ebe449316
af9f37ffc3f6
af9fb1bb4937
afa02b7722d8
afa0a53350db
afa11eefd33f
afa198acaa05
afa21269d52d
afa28c2754b7
afa305e528a4
afa37fa350f3
afa3f961cda5
afa473209eba
afa4ecdfc432
afa5669f3e0e
afa5e05f0c4d
afa65a1f2ef1
afa6d3dfa5f9
afa74da07165
afa7c7619136
afa84123056c
afa8bae4ce07
afa934a6eb07
afa9ae695c6d
afaa282c2239
afaaa1ef3c6b
afab1bb2ab03
afab95766e01
afac0f3a8567
afac88fef133
afad02c3b167
afad7c88c601
afadf64e2f04
afae7013ec6e
afaee9d9fe41
afaf63a0647c
afafdd671f1f
afb0572e2e2b
afb0d0f591a1
afb14abd497f
afb1c48555c7
afb23e4db679
afb2b8166b94
afb331df751a
afb3aba8d30a
afb425728565
afb49f3c8c2a
afb51906e75b
afb592d196f7
afb60c9c9aff
afb68667f372
afb70033a051
afb779ffa19c
afb7f3cbf754
afb86d98a179
afb8e765a00b
afb96132f309
afb9db009a75
afba54ce964f
afbace9ce696
afbb486b8b4c
afbbc23a846f
afbc3c09d202
afbcb5d97402
afbd2fa96a72
afbda979b552
afbe234a54a0
afbe9d1b485e
afbf16ec908c
afbf90be2d2a
afc00a901e39
afc0846263b8
afc0fe34fda8
afc17807ec09
afc1f1db2edb
afc26baec61e
afc2e582b1d4
afc35f56f1fb
afc3d92b8694
afc453006fa0
afc4ccd5ad1e
afc546ab3f10
afc5c0812574
afc63a57604c
afc6b42def97
afc72e04d356
afc7a7dc0b89
afc821b39830
afc89b8b794b
afc91563aedc
afc98f3c38e1
afca0915175b
afca82ee4a4b
afcafcc7d1b0
afcb76a1ad8b
afcbf07bdddc
afcc6a5662a4
afcce4313be2
afcd5e0c6996
afcdd7e7ebc2
afce51c3c265
afcecb9fed7f
afcf457c6d11
afcfbf59411b
afd03936699c
afd0b313e697
afd12cf1b809
afd1a6cfddf5
afd220ae585a
afd29a8d2737
afd3146c4a8f
afd38e4bc260
afd4082b8eab
afd4820baf70
afd4fbec24af
afd575ccee6a
afd5efae0c9f
afd6698f7f4f
afd6e371467a
afd75d536221
afd7d735d244
afd8511896e2
afd8cafbaffd
afd944df1d95
afd9bec2dfa9
afda38a6f63a
afdab28b6148
afdb2c7020d3
afdba65534dc
afdc203a9d63
afdc9a205a68
afdd14066bec
afdd8decd1ed
afde07d38c6e
afde81ba9b6d
afdefba1feec
afdf7589b6ea
afdfef71c368
afe0695a2465
afe0e342d9e3
afe15d2be3e1
afe1d7154260
afe250fef55f
afe2cae8fce0
afe344d358e2
afe3bebe0965
afe438a90e6a
afe4b29467f1
afe52c8015fa
afe5a66c1885
afe620586f93
afe69a451b24
afe714321b39
afe78e1f6fd0
afe8080d18eb
afe881fb168a
afe8fbe968ac
afe975d80f53
afe9efc70a7f
afea69b65a2f
afeae3a5fe64
afeb5d95f71e
afebd786445d
afec5176e622
afeccb67dc6d
afed4559273e
afedbf4ac696
afee393cba74
afeeb32f02d8
afef2d219fc4
afefa7149137
aff02107d731
aff09afb71b3
aff114ef60bd
aff18ee3a44e
aff208d83c69
aff282cd290c
aff2fcc26a37
aff376b7ffec
aff3f0adea2a
aff46aa428f1
aff4e49abc42
aff55e91a41e
aff5d888e083
aff652807173
aff6cc7856ed
aff7467090f2
aff7c0691f83
aff83a62029e
aff8b45b3a46
aff92e54c679
aff9a84ea738
affa2248dc83
affa9c43665b
affb163e44bf
affb903977b0
affc0a34ff2f
affc8430db3b
affcfe2d0bd4
affd782990fc
affdf2266ab1
affe6c2398f5
affee6211bc7
afff601ef328
afffda1d1f18
b000541b9f98
b000ce1a74a6
b00148199e45
b001c2191c73
b0023c18ef32
b002b6191680
b00330199260
b003aa1a62d0
b004241b87d1
b0049e1d0164
b005181ecf88
b0059220f23e
b0060c236986
b0068626355f
b007002955cc
b0077a2ccacb
b007f430945d
b0086e34b282
b008e839253a
b009623dec86
b009dc430866
b00a564878da
b00ad04e3de2
b00b4a54577e
b00bc45ac5b0
b00c3e618876
b00cb8689fd1
b00d32700bc2
b00dac77cc48
b00e267fe165
b00ea0884b17
b00f1a910960
b00f949a1c3f
b0100ea383b5
b01088ad3fc2
b01102b75066
b0117cc1b5a2
b011f6cc6f75
b01270d77de0
b012eae2e0e4
b01364ee9880
b013defaa4b4
b01459070581
b014d313bae8
b0154d20c4e7
b015c72e2381
b016413bd6b4
b016bb49de80
b01735583ae8
b017af66ebe9
b0182975f185
b018a3854bbc
b0191d94fa8f
b01997a4fdfc
b01a11b55606
b01a8bc602ab
b01b05d703ec
b01b7fe859c9
b01bf9fa0443
b01c740c0359
b01cee1e570d
b01d6830ff5e
b01de243fc4c
b01e5c574dd8
b01ed66af401
b01f507eeec9
b01fca933e2f
b02044a7e234
b020bebcdad7
b02138d2281a
b021b2e7c9fc
b0222cfdc07d
b022a7140b9e
b023212aab5f
b0239b419fc0
b0241558e8c1
b0248f708663
b025098878a6
b02583a0bf8a
b025fdb95b10
b02677d24b37
b026f1eb8fff
b0276c05296a
b027e61f1777
b02860395a26
b028da53f178
b029546edd6d
b029ce8a1e05
b02a48a5b341
b02ac2c19d20
b02b3cdddba3
b02bb6fa6eca
b02c31175695
b02cab349305
b02d25522419
b02d9f7009d3
b02e198e4432
b02e93acd336
b02f0dcbb6e0
b02f87eaef30
b030020a7c25
b0307c2a5dc2
b030f64a9404
b031706b1eee
b031ea8bfe7f
b03264ad32b7
b032decebb96
b03358f0991d
b033d312cb4d
b0344d355224
b034c7582da4
b035417b5dcc
b035bb9ee29d
b03635c2bc18
b036afe6ea3c
b0372a0b6d09
b037a4304480
b0381e5570a1
b038987af16c
b03912a0c6e2
b0398cc6f103
b03a06ed6fce
b03a81144345
b03afb3b6b67
b03b7562e835
b03bef8ab9ae
b03c69b2dfd4
b03ce3db5aa6
b03d5e042a25
b03dd82d4e50
b03e5256c728
b03ecc8094ae
b03f46aab6e1
b03fc0d52dc1
b0403afff950
b040b52b198d
b0412f568e78
b041a9825812
b04223ae765a
b0429ddae952
b0431807b0f9
b0439234cd4f
b0440c623e56
b0448690040c
b04500be1e72
b0457aec8d89
b045f51b5151
b0466f4a69c9
b046e979d6f3
b04763a998ce
b047ddd9af5a
b048580a1a99
b048d23ada89
b0494c6bef2c
b049c69d5881
b04a40cf1689
b04abb012944
b04b353390b2
b04baf664cd3
b04c29995da8
b04ca3ccc331
b04d1e007d6f
b04d98348c60
b04e1268f006
b04e8c9da861
b04f06d2b571
b04f81081736
b04ffb3dcdb1
b0507573d8e1
b050efaa38c7
b05169e0ed64
b051e417f6b7
b0525e4f54c0
b052d8870781
b05352bf0ef8
b053ccf76b27
b05447301c0e
b054c16921ac
b0553ba27c02
b055b5dc2b10
b05630162ed7
b056aa508757
b057248b348f
b0579ec63681
b05819018d2c
b058933d3891
b0590d7938af
b05987b58d88
b05a01f2371b
b05a7c2f3568
b05af66c8870
b05b70aa3034
b05beae82cb2
b05c65267dec
b05cdf6523e1
b05d59a41e93
b05dd3e36e01
b05e4e23122b
b05ec8630b11
b05f42a358b5
b05fbce3fb15
b0603724f233
b060b1663e0e
b0612ba7dea7
b061a5e9d3fe
b062202c1e13
b0629a6ebce7
b06314b1b079
b0638ef4f8ca
b064093895db
b064837c87aa
b064fdc0ce3a
b06578056989
b065f24a5998
b0666c8f9e67
b066e6d537f7
b067611b2648
b067db616959
b06855a8012c
b068cfeeedc0
b0694a362f16
b069c47dc52e
b06a3ec5b008
b06ab90defa4
b06b33568403
b06bad9f6d24
b06c27e8ab09
b06ca2323db1
b06d1c7c251c
b06d96c6614b
b06e1110f23e
b06e8b5bd7f5
b06f05a71271
b06f7ff2a1b1
b06ffa3e85b6
b070748abe80
b070eed74c0f
b07169242e64
b071e371657f
b0725dbef160
b072d80cd207
b073525b0774
b073cca991a8
b07446f870a3
b074c147a466
b0753b972cef
b075b5e70a41
b07630373c5a
b076aa87c33b
b07724d89ee4
b0779f29cf56
b078197b5491
b07893cd2e95
b0790e1f5d62
b0798871e0f8
b07a02c4b959
b07a7d17e683
b07af76b6877
b07b71bf3f35
b07bec136abe
b07c6667eb12
b07ce0bcc032
b07d5b11ea1c
b07dd56768d2
b07e4fbd3c53
b07eca1364a1
b07f4469e1bb
b07fbec0b3a1
b0803917da54
b080b36f55d4
b0812dc72620
b081a81f4b3b
b0822277c523
b0829cd093d8
b0831729b75c
b08391832fae
b0840bdcfcce
b08486371ebe
b0850091957c
b0857aec6109
b085f5478166
b0866fa2f692
b086e9fec08f
b087645adf5b
b087deb752f8
b08859141b65
b088d37138a3
b0894dceaab3
b089c82c7193
b08a428a8d45
b08abce8fdc9
b08b3747c31e
b08bb1a6dd46
b08c2c064c40
b08ca666100d
b08d20c628ad
b08d9b26961f
b08e15875866
b08e8fe86f7f
b08f0a49db6d
b08f84ab9c2e
b08fff0db1c4
b09079701c2e
b090f3d2db6d
b0916e35ef81
b091e899586a
b09262fd1628
b092dd6128bc
b09357c59026
b093d22a4c66
b0944c8f5d7c
b094c6f4c369
b095415a7e2c
b095bbc08dc7
b0963626f239
b096b08dab82
b0972af4b9a3
b097a55c1c9c
b0981fc3d46d
b0989a2be116
b09914944298
b0998efcf8f3
b09a09660427
b09a83cf6434
b09afe39191b
b09b78a322db
b09bf30d8176
b09c6d7834eb
b09ce7e33d3a
b09d624e9a64
b09ddcba4c68
b09e57265348
b09ed192af03
b09f4bff5f9a
b09fc66c650d
b0a040d9bf5c
b0a0bb476e87
b0a135b5728e
b0a1b023cb72
b0a22a927934
b0a2a5017bd2
b0a31f70d34e
b0a399e07fa7
b0a4145080df
b0a48ec0d6f4
b0a5093181e8
b0a583a281bb
b0a5fe13d66c
b0a678857ffc
b0a6f2f77e6c
b0a76d69d1bb
b0a7e7dc79ea
b0a8624f76f9
b0a8dcc2c8e8
b0a957366fb7
b0a9d1aa6b67
b0aa4c1ebbf8
b0aac693616a
b0ab41085bbe
b0abbb7daaf3
b0ac35f34f09
b0acb0694802
b0ad2adf95dd
b0ada556389b
b0ae1fcd303b
b0ae9a447cbe
b0af14bc1e25
b0af8f34146e
b0b009ac5f9c
b0b08424ffad
b0b0fe9df4a3
b0b179173e7c
b0b1f390dd3b
b0b26e0ad0de
b0b2e8851966
b0b362ffb6d3
b0b3dd7aa926
b0b457f5f05f
b0b4d2718c7d
b0b54ced7d82
b0b5c769c36d
b0b641e65e3f
b0b6bc634df7
b0b736e09297
b0b7b15e2c1e
b0b82bdc1a8c
b0b8a65a5de2
b0b920d8f621
b0b99b57e347
b0ba15d72556
b0ba9056bc4e
b0bb0ad6a82e
b0bb8556e8f8
b0bbffd77eab
b0bc7a586948
b0bcf4d9a8cf
b0bd6f5b3d3f
b0bde9dd269a
b0be645f64e0
b0bedee1f810
b0bf5964e02b
b0bfd3e81d32
b0c04e6baf24
b0c0c8ef9601
b0c14373d1cb
b0c1bdf86281
b0c2387d4823
b0c2b30282b1
b0c32d88122d
b0c3a80df695
b0c422942feb
b0c49d1abe2f
b0c517a1a160
b0c59228d97f
b0c60cb0668c
b0c687384888
b0c701c07f73
b0c77c490b4c
b0c7f6d1ec14
b0c8715b21cc
b0c8ebe4ac74
b0c9666e8c0b
b0c9e0f8c092
b0ca5b834a0a
b0cad60e2872
b0cb50995bcb
b0cbcb24e415
b0cc45b0c150
b0ccc03cf37d
b0cd3ac97a9b
b0cdb55656ab
b0ce2fe387ad
b0ceaa710da1
b0cf24fee889
b0cf9f8d1863
b0d01a1b9d2f
b0d094aa76f0
b0d10f39a5a4
b0d189c9294b
b0d2045901e6
b0d27ee92f76
b0d2f979b1fa
b0d3740a8973
b0d3ee9bb5e1
b0d4692d3743
b0d4e3bf0d9b
b0d55e5138e9
b0d5d8e3b92c
b0d653768e66
b0d6ce09b896
b0d7489d37bc
b0d7c3310bd9
b0d83dc534ed
b0d8b859b2f8
b0d932ee85fa
b0d9ad83adf5
b0da28192ae7
b0daa2aefcd1
b0db1d4523b3
b0db97db9f8e
b0dc12727062
b0dc8d09962f
b0dd07a110f5
b0dd8238e0b5
b0ddfcd1056e
b0de77697f21
b0def2024dcf
b0df6c9b7177
b0dfe734ea19
b0e061ceb7b7
b0e0dc68da4f
b0e1570351e3
b0e1d19e1e72
b0e24c393ffd
b0e2c6d4b684
b0e341708208
b0e3bc0ca288
b0e436a91804
b0e4b145e27e
b0e52be301f4
b0e5a6807668
b0e6211e3fda
b0e69bbc5e4a
b0e7165ad1b7
b0e790f99a23
b0e80b98b78e
b0e8863829f7
b0e900d7f15f
b0e97b780dc7
b0e9f6187f2e
b0ea70b94595
b0eaeb5a60fb
b0eb65fbd162
b0ebe09d96c9
b0ec5b3fb131
b0ecd5e2209a
b0ed5084e503
b0edcb27fe6e
b0ee45cb6cdb
b0eec06f3049
b0ef3b1348ba
b0efb5b7b62c
b0f0305c78a1
b0f0ab019019
b0f125a6fc93
b0f1a04cbe11
b0f21af2d492
b0f295994017
b0f3104000a0
b0f38ae7162d
b0f4058e80be
b0f480364053
b0f4fade54ed
b0f57586be8d
b0f5f02f7d31
b0f66ad890db
b0f6e581f98b
b0f7602bb740
b0f7dad5c9fc
b0f8558031be
b0f8d02aee87
b0f94ad60056
b0f9c581672d
b0fa402d230b
b0fabad933f0
b0fb358599dd
b0fbb03254d2
b0fc2adf64d0
b0fca58cc9d6
b0fd203a83e4
b0fd9ae892fb
b0fe1596f71c
b0fe9045b046
b0ff0af4be79
b0ff85a421b7
b1000053d9fe
b1007b03e750
b100f5b449ac
b10170650113
b101eb160d84
b10265c76f02
b102e079258a
b1035b2b311e
b103d5dd91be
b1045090476b
b104cb435223
b10545f6b1e8
b105c0aa66ba
b1063b5e709a
b106b612cf86
b10730c78380
b107ab7c8c87
b1082631ea9d
b108a0e79dc1
b1091b9da5f3
b10996540334
b10a110ab583
b10a8bc1bce2
b10b06791951
b10b8130cace
b10bfbe8d15c
b10c76a12cfa
b10cf159dda8
b10d6c12e366
b10de6cc3e35
b10e6185ee15
b10edc3ff307
b10f56fa4d0a
b10fd1b4fc1e
b1104c700044
b110c72b597d
b11141e707c8
b111bca30b25
b112375f6395
b112b21c1118
b1132cd913af
b113a7966b59
b11422541817
b1149d1219e8
b11517d070ce
b115928f1cc8
b1160d4e1dd7
b116880d73fb
b11702cd1f34
b1177d8d1f82
b117f84d74e6
b118730e1f60
b118edcf1ef0
b11968907396
b119e3521d52
b11a5e141c25
b11ad8d6700f
b11b53991911
b11bce5c1729
b11c491f6a5a
b11cc3e312a2
b11d3ea71002
b11db96b627b
b11e34300a0c
b11eaef506b6
b11f29ba5879
b11fa47fff56
b1201f45fb4c
b1209a0c4c5b
b12114d2f285
b1218f99edc8
b1220a613e27
b1228528e39f
b122fff0de33
b1237ab92de2
b123f581d2ac
b124704acc91
b124eb141b93
b12565ddbfb0
b125e0a7b8ea
b1265b720740
b126d63caab3
b1275107a343
b127cbd2f0f0
b128469e93ba
b128c16a8ba2
b1293c36d8a8
b129b7037acc
b12a31d0720f
b12aac9dbe6f
b12b276b5fef
b12ba239568e
b12c1d07a24c
b12c97d64329
b12d12a53926
b12d8d748444
b12e08442481
b12e831419df
b12efde4645d
b12f78b503fc
b12ff385f8bc
b1306e57429e
b130e928e1a1
b13163fad5c6
b131decd1f0d
b132599fbd76
b132d472b102
b1334f45f9b0
b133ca199782
b13444ed8a76
b134bfc1d28e
b1353a966fca
b135b56b6229
b1363040a9ad
b136ab164654
b13725ec3821
b137a0c27f12
b1381b991b28
b13896700c63
b139114752c4
b1398c1eee4b
b13a06f6def7
b13a81cf24ca
b13afca7bfc3
b13b7780afe3
b13bf259f529
b13c6d338f97
b13ce80d7f2c
b13d62e7c3e9
b13dddc25dcd
b13e589d4cd9
b13ed378910e
b13f4e542a6b
b13fc93018f1
b140440c5c9f
b140bee8f577
b14139c5e378
b141b4a326a3
b1422f80bef8
b142aa5eac77
b143253cef20
b143a01b86f3
b1441afa73f2
b14495d9b61b
b14510b94d70
b1458b9939f0
b14606797b9c
b146815a1274
b146fc3afe78
b147771c3fa8
b147f1fdd605
b1486cdfc18f
b148e7c20246
b14962a4982a
b149dd87833c
b14a586ac37b
b14ad34e58e9
b14b4e324385
b14bc916834f
b14c43fb1848
b14cbee00270
b14d39c541c7
b14db4aad64d
b14e2f90c003
b14eaa76fee9
b14f255d92ff
b14fa0447c45
b1501b2bbabc
b15096134e64
b15110fb373c
b1518be37546
b15206cc0881
b15281b4f0ee
b152fc9e2e8d
b1537787c15e
b153f271a962
b1546d5be698
b154e8467901
b1556331609d
b155de1c9d6c
b15659082f6f
b156d3f416a6
b1574ee05311
b157c9cce4af
b15844b9cb83
b158bfa7078b
b1593a9498c8
b159b5827f3a
b15a3070bae2
b15aab5f4bbf
b15b264e31d2
b15ba13d6d1b
b15c1c2cfd9a
b15c971ce350
b15d120d1e3d
b15d8cfdae60
b15e07ee93bb
b15e82dfce4e
b15efdd15e18
b15f78c3431a
b15ff3b57d54
b1606ea80cc7
b160e99af172
b161648e2b56
b161df81ba73
b1625a759ec9
b162d569d859
b163505e6723
b163cb534b27
b16446488465
b164c13e12dd
b1653c33f690
b165b72a2f7f
b1663220bda8
b166ad17a10c
b167280ed9ad
b167a3066789
b1681dfe4aa1
b16898f682f5
b16913ef1086
b1698ee7f354
b16a09e12b5f
b16a84dab8a7
b16affd49b2c
b16b7aced2ef
b16bf5c95ff1
b16c70c44230
b16cebbf79ad
b16d66bb066a
b16de1b6e865
b16e5cb31f9f
b16ed7afac18
b16f52ac8dd2
b16fcda9c4ca
b17048a75103
b170c3a5327c
b1713ea36936
b171b9a1f530
b17234a0d66b
b172afa00ce7
b1732a9f98a5
b173a59f79a4
b174209fafe5
b1749ba03b69
b17516a11c2e
b17591a25236
b1760ca3dd81
b17687a5be0f
b17702a7f3e0
b1777daa7ef5
b177f8ad5f4d
b17873b094e9
b178eeb41fca
b17969b7ffee
b179e4bc3558
b17a5fc0c006
b17adac59ff9
b17b55cad532
b17bd0d05fb0
b17c4bd63f74
b17cc6dc747e
b17d41e2fece
b17dbce9de65
b17e37f11342
b17eb2f89d66
b17f2e007cd2
b17fa908b184
b18024113b7f
b1809f1a1ac1
b1811a234f4b
b181952cd91e
b1821036b839
b1828b40ec9d
b183064b764a
b18381565541
b183fc618980
b184776d130a
b184f278f1dd
b1856d8525fb
b185e891af62
b186639e8e15
b186deabc212
b18759b94b5b
b187d4c729ef
b1884fd55dce
b188cae3e6f9
b18945f2c570
b189c101f934
b18a3c118243
b18ab72160a0
b18b32319449
b18bad421d40
b18c2852fb84
b18ca3642f16
b18d1e75b7f5
b18d99879623
b18e1499c99f
b18e8fac5269
b18f0abf3082
b18f85d263eb
b19000e5eca2
b1907bf9caa9
b190f70dfe00
b191722286a6
b191ed37649d
b192684c97e4
b192e362207c
b1935e77fe65
b193d98e319f
b19454a4ba2a
b194cfbb9806
b1954ad2cb35
b195c5ea53b5
b19641023188
b196bc1a64ad
b1973732ed25
b197b24bcaf0
b1982d64fe0e
b198a87e867f
b19923986444
b1999eb2975d
b19a19cd1fca
b19a94e7fd8b
b19b100330a1
b19b8b1eb90c
b19c063a96cb
b19c8156c9e0
b19cfc73524a
b19d7790300b
b19df2ad6321
b19e6dcaeb8d
b19ee8e8c94f
b19f6406fc69
b19fdf2584d9
b1a05a4462a0
b1a0d56395bf
b1a150831e35
b1a1cba2fc03
b1a246c32f28
b1a2c1e3b7a7
b1a33d04957d
b1a3b825c8ad
b1a433475135
b1a4ae692f16
b1a5298b6251
b1a5a4adeae6
b1a61fd0c8d4
b1a69af3fc1d
b1a7161784c0
b1a7913b62bd
b1a80c5f9615
b1a887841ec8
b1a902a8fcd7
b1a97dce3041
b1a9f8f3b907
b1aa74199728
b1aaef3fcaa6
b1ab6a665380
b1abe58d31b7
b1ac60b4654b
b1acdbdbee3c
b1ad5703cc8a
b1add22c0036
b1ae4d54893f
b1aec87d67a7
b1af43a69b6d
b1afbed02491
b1b039fa0314
b1b0b52436f6
b1b1304ec038
b1b1ab799ed8
b1b226a4d2d8
b1b2a1d05c39
b1b31cfc3af9
b1b398286f1a
b1b41354f89b
b1b48e81d77d
b1b509af0bc0
b1b584dc9564
b1b6000a746a
b1b67b38a8d1
b1b6f667329b
b1b7719611c7
b1b7ecc54655
b1b867f4d045
b1b8e324af99
b1b95e54e450
b1b9d9856e6a
b1ba54b64de8
b1bacfe782c9
b1bb4b190d0f
b1bbc64aecb9
b1bc417d21c7
b1bcbcafac3a
b1bd37e28c12
b1bdb315c14f
b1be2e494bf2
b1bea97d2bfa
b1bf24b16168
b1bf9fe5ec3d
b1c01b1acc77
b1c096500219
b1c111858d21
b1c18cbb6d90
b1c207f1a366
b1c283282ea4
b1c2fe5f0f4a
b1c379964557
b1c3f4cdd0cd
b1c47005b1ab
b1c4eb3de7f2
b1c5667673a2
b1c5e1af54bb
b1c65ce88b3d
b1c6d8221729
b1c7535bf87f
b1c7ce962f3f
b1c849d0bb69
b1c8c50b9cfe
b1c94046d3fd
b1c9bb826067
b1ca36be423d
b1cab1fa797e
b1cb2d37062a
b1cba873e843
b1cc23b11fc7
b1cc9eeeacb9
b1cd1a2c8f16
b1cd956ac6e1
b1ce10a95418
b1ce8be836bd
b1cf07276ecf
b1cf8266fc4f
b1cffda6df3d
b1d078e7179a
b1d0f427a565
b1d16f68889e
b1d1eaa9c146
b1d265eb4f5e
b1d2e12d32e5
b1d35c6f6bdb
b1d3d7b1fa41
b1d452f4de18
b1d4ce38175e
b1d5497ba616
b1d5c4bf8a3d
b1d64003c3d6
b1d6bb4852e1
b1d7368d375c
b1d7b1d2714a
b1d82d1800a9
b1d8a85de57a
b1d923a41fbe
b1d99eeaaf74
b1da1a31949d
b1da9578cf3a
b1db10c05f49
b1db8c0844cc
b1dc07507fc3
b1dc8299102e
b1dcfde1f60d
b1dd792b3161
b1ddf474c229
b1de6fbea866
b1deeb08e419
b1df66537541
b1dfe19e5bde
b1e05ce997f1
b1e0d835297b
b1e15381107a
b1e1cecd4cf0
b1e24a19dedd
b1e2c566c641
b1e340b4031c
b1e3bc01956f
b1e4374f7d39
b1e4b29dba7c
b1e52dec4d36
b1e5a93b3569
b1e6248a7315
b1e69fda0639
b1e71b29eed6
b1e7967a2ced
b1e811cac07e
b1e88d1ba988
b1e9086ce80c
b1e983be7c0a
b1e9ff106583
b1ea7a62a477
b1eaf5b538e5
b1eb710822cf
b1ebec5b6234
b1ec67aef715
b1ece302e171
b1ed5e57214a
b1edd9abb69f
b1ee5500a170
b1eed055e1bf
b1ef4bab778a
b1efc70162d3
b1f04257a399
b1f0bdae39dd
b1f13905259f
b1f1b45c66df
b1f22fb3fd9d
b1f2ab0be9da
b1f326642b96
b1f3a1bcc2d1
b1f41d15af8c
b1f4986ef1c6
b1f513c8897f
b1f58f2276b9
b1f60a7cb973
b1f685d751ae
b1f701323f69
b1f77c8d82a5
b1f7f7e91b63
b1f8734509a2
b1f8eea14d62
b1f969fde6a5
b1f9e55ad569
b1fa60b819b0
b1fadc15b37a
b1fb5773a2c6
b1fbd2d1e795
b1fc4e3081e8
b1fcc98f71be
b1fd44eeb718
b1fdc04e51f6
b1fe3bae4258
b1feb70e883e
b1ff326f23a9
b1ffadd01499
b20029315b0e
b200a492f709
b2011ff4e889
b2019b572f8f
b20216b9cc1b
b202921cbe2d
b2030d8005c6
b20388e3a2e6
b2040447958c
b2047fabddba
b204fb107b6f
b20576756eac
b205f1dab771
b2066d4055be
b206e8a64993
b207640c92f1
b207df7331d7
b2085ada2647
b208d6417040
b20951a90fc3
b209cd1104cf
b20a48794f66
b20ac3e1ef86
b20b3f4ae531
b20bbab43067
b20c361dd127
b20cb187c773
b20d2cf2134a
b20da85cb4ad
b20e23c7ab9c
b20e9f32f817
b20f1a9e9a1e
b20f960a91b1
b2101176ded1
b2108ce3817f
b211085079b9
b21183bdc781
b211ff2b6ad7
b2127a9963bb
b212f607b22c
b2137176562d
b213ece54fbb
b21468549ed9
b214e3c44386
b2155f343dc2
b215daa48d8e
b216561532e9
b216d1862dd5
b2174cf77e50
b217c869245c
b21843db1ff9
b218bf4d7127
b2193ac017e6
b219b6331436
b21a31a66618
b21aad1a0d8c
b21b288e0a92
b21ba4025d2b
b21c1f770556
b21c9aec0313
b21d16615664
b21d91d6ff48
b21e0d4cfdbf
b21e88c351cb
b21f0439fb6a
b21f7fb0fa9d
b21ffb284f65
b220769ff9c1
b220f217f9b2
b2216d904f39
b221e908fa55
b2226481fb06
b222dffb514d
b2235b74fd2a
b223d6eefe9d
b224526955a7
b224cde40248
b225495f0480
b225c4da5c4e
b226405609b5
b226bbd20cb3
b227374e6548
b227b2cb1376
b2282e48173d
b228a9c5709b
b22925431f93
b229a0c12424
b22a1c3f7e4e
b22a97be2e11
b22b133d336f
b22b8ebc8e66
b22c0a3c3ef7
b22c85bc4523
b22d013ca0ea
b22d7cbd524b
b22df83e5948
b22e73bfb5e0
b22eef416814
b22f6ac36fe3
b22fe645cd4e
b23061c88056
b230dd4b88fb
b23158cee73c
b231d4529b1a
b2324fd6a495
b232cb5b03ae
b23346dfb864
b233c264c2b9
b2343dea22ab
b234b96fd83c
b23534f5e36b
b235b07c443a
b2362c02faa7
b236a78a06b4
b23723116860
b2379e991fac
b2381a212c98
b23895a98f25
b23911324751
b2398cbb551f
b23a0844b88d
b23a83ce719d
b23aff58804e
b23b7ae2e4a0
b23bf66d9e95
b23c71f8ae2b
b23ced841364
b23d690fce40
b23de49bdebe
b23e602844df
b23edbb500a4
b23f5742120c
b23fd2cf7917
b2404e5d35c7
b240c9eb481b
b2414579b013
b241c1086db0
b2423c9780f1
b242b826e9d8
b24333b6a864
b243af46bc96
b2442ad7266e
b244a667e5eb
b24521f8fb0f
b2459d8a65da
b246191c264b
b24694ae3c63
b2471040a822
b2478bd36989
b24807668097
b24882f9ed4d
b248fe8dafab
b2497a21c7b2
b249f5b63561
b24a714af8b9
b24aece011bb
b24b68758065
b24be40b44b9
b24c5fa15eb7
b24cdb37ce5e
b24d56ce93b0
b24dd265aeac
b24e4dfd1f53
b24ec994e5a5
b24f452d01a2
b24fc0c5734b
b2503c5e3a9f
b250b7f7579e
b2513390ca4a
b251af2a92a2
b2522ac4b0a7
b252a65f2459
b25321f9edb7
b2539d950cc3
b2541930817c
b25494cc4be3
b25510686bf7
b2558c04e1ba
b25607a1ad2c
b256833ece4c
b256fedc451a
b2577a7a1198
b257f61833c5
b25871b6aba2
b258ed55792e
b25968f49c6b
b259e4941558
b25a6033e3f5
b25adbd40843
b25b57748241
b25bd31551f1
b25c4eb67753
b25cca57f266
b25d45f9c32b
b25dc19be9a2
b25e3d3e65cb
b25eb8e137a7
b25f34845f35
b25fb027dc77
b2602bcbaf6c
b260a76fd815
b26123145671
b2619eb92a81
b2621a5e5445
b2629603d3be
b26311a9a8eb
b2638d4fd3cd
b26408f65465
b264849d2ab1
b265004456b4
b2657bebd86c
b265f793afda
b266733bdcfe
b266eee45fd9
b2676a8d386b
b267e63666b3
b26861dfeab3
b268dd89c46a
b2695933f3d9
b269d4de7900
b26a508953df
b26acc348476
b26b47e00ac6
b26bc38be6cf
b26c3f381891
b26cbae4a00c
b26d36917d40
b26db23eb02f
b26e2dec38d7
b26ea99a173a
b26f25484b57
b26fa0f6d52e
b2701ca5b4c1
b2709854ea0f
b27114047518
b2718fb455dd
b2720b648c5d
b2728715189a
b27302c5fa93
b2737e773248
b273fa28bfbb
b27475daa2ea
b274f18cdbd6
b2756d3f6a80
b275e8f24ee8
b27664a5890e
b276e05918f2
b2775c0cfe94
b277d7c139f5
b2785375cb14
b278cf2ab1f3
b2794adfee91
b279c69580ef
b27a424b690c
b27abe01a6ea
b27b39b83a87
b27bb56f23e6
b27c31266305
b27cacddf7e4
b27d2895e285
b27da44e22e8
b27e2006b90c
b27e9bbfa4f2
b27f1778e69a
b27f93327e05
b2800eec6b32
b2808aa6ae22
b281066146d4
b281821c354b
b281fdd77984
b28279931382
b282f54f0343
b283710b48c9
b283ecc7e413
b2846884d521
b284e4421bf5
b2855fffb88e
b285dbbdaaec
b286577bf30f
b286d33a90f9
b2874ef984a8
b287cab8ce1e
b28846786d5b
b288c238625e
b2893df8ad28
b289b9b94db9
b28a357a4412
b28ab13b9033
b28b2cfd321b
b28ba8bf29cc
b28c24817744
b28ca0441a86
b28d1c071390
b28d97ca6264
b28e138e0701
b28e8f520167
b28f0b165197
b28f86daf791
b290029ff356
b2907e6544e4
b290fa2aec3e
b29175f0e962
b291f1b73c52
b2926d7de50d
b292e944e394
b293650c37e6
b293e0d3e205
b2945c9be1f0
b294d86437a8
b295542ce32c
b295cff5e47d
b2964bbf3b9c
b296c788e888
b2974352eb42
b297bf1d43ca
b2983ae7f220
b298b6b2f644
b299327e5037
b299ae49fff9
b29a2a16058a
b29aa5e260eb
b29b21af121b
b29b9d7c191a
b29c194975ea
b29c9517288a
b29d10e530fb
b29d8cb38f3c
b29e0882434f
b29e84514d32
b29f0020ace8
b29f7bf0626e
b29ff7c06dc7
b2a07390cef2
b2a0ef6185ef
b2a16b3292bf
b2a1e703f561
b2a262d5add7
b2a2dea7bc20
b2a35a7a203c
b2a3d64cda2d
b2a4521fe9f1
b2a4cdf34f89
b2a549c70af6
b2a5c59b1c38
b2a6416f834e
b2a6bd44403a
b2a7391952fb
b2a7b4eebb92
b2a830c479ff
b2a8ac9a8e41
b2a92870f85a
b2a9a447b84a
b2aa201ece10
b2aa9bf639ae
b2ab17cdfb22
b2ab93a6126f
b2ac0f7e7f92
b2ac8b57428e
b2ad07305b62
b2ad8309ca0f
b2adfee38e94
b2ae7abda8f1
b2aef6981929
b2af7272df39
b2afee4dfb23
b2b06a296ce7
b2b0e6053484
b2b161e151fd
b2b1ddbdc54f
b2b2599a8e7c
b2b2d577ad85
b2b351552268
b2b3cd32ed27
b2b449110dc2
b2b4c4ef8438
b2b540ce508b
b2b5bcad72ba
b2b6388ceac6
b2b6b46cb8ae
b2b7304cdc73
b2b7ac2d5616
b2b8280e2597
b2b8a3ef4af5
b2b91fd0c631
b2b99bb2974b
b2ba1794be44
b2ba93773b1b
b2bb0f5a0dd2
b2bb8b3d3667
b2bc0720b4dc
b2bc83048931
b2bcfee8b365
b2bd7acd337a
b2bdf6b2096e
b2be72973544
b2beee7cb6fa
b2bf6a628e91
b2bfe648bc0a
b2c0622f3f63
b2c0de16189f
b2c159fd47bd
b2c1d5e4ccbc
b2c251cca79f
b2c2cdb4d863
b2c3499d5f0b
b2c3c5863b96
b2c4416f6e04
b2c4bd58f656
b2c53942d48b
b2c5b52d08a5
b2c6311792a2
b2c6ad027285
b2c728eda84c
b2c7a4d933f8
b2c820c51589
b2c89cb14d00
b2c9189dda5c
b2c9948abd9e
b2ca1077f6c7
b2ca8c6585d5
b2cb08536acb
b2cb8441a5a7
b2cc0030366a
b2cc7c1f1d15
b2ccf80e59a7
b2cd73fdec20
b2cdefedd482
b2ce6bde12cc
b2cee7cea6ff
b2cf63bf911a
b2cfdfb0d11e
b2d05ba2670b
b2d0d79452e2
b2d1538694a2
b2d1cf792c4c
b2d24b6c19e1
b2d2c75f5d5f
b2d34352f6c8
b2d3bf46e61c
b2d43b3b2b5b
b2d4b72fc685
b2d53324b79b
b2d5af19fe9c
b2d62b0f9b89
b2d6a7058e63
b2d722fbd729
b2d79ef275db
b2d81ae96a7a
b2d896e0b507
b2d912d85581
b2d98ed04be8
b2da0ac8983e
b2da86c13a81
b2db02ba32b2
b2db7eb380d2
b2dbfaad24e1
b2dc76a71edf
b2dcf2a16ecc
b2dd6e9c14a8
b2ddea971074
b2de66926230
b2dee28e09dd
b2df5e8a0779
b2dfda865b06
b2e056830484
b2e0d28003f3
b2e14e7d5953
b2e1ca7b04a5
b2e2467905e9
b2e2c2775d1e
b2e33e760a46
b2e3ba750d61
b2e43674666e
b2e4b274156d
b2e52e741a61
b2e5aa747547
b2e626752621
b2e6a2762cef
b2e71e7789b1
b2e79a793c67
b2e8167b4512
b2e8927da3b2
b2e90e805847
b2e98a8362d1
b2ea0686c350
b2ea828a79c5
b2eafe8e8631
b2eb7a92e892
b2ebf697a0ea
b2ec729caf38
b2eceea2137d
b2ed6aa7cdba
b2ede6adddee
b2ee62b44419
b2eedebb003c
b2ef5ac21257
b2efd6c97a6b
b2f052d13877
b2f0ced94c7c
b2f14ae1b679
b2f1c6ea7670
b2f242f38c61
b2f2befcf84b
b2f33b06ba2f
b2f3b710d20d
b2f4331b3fe5
b2f4af2603b9
b2f52b311d87
b2f5a73c8d50
b2f623485314
b2f69f546ed4
b2f71b60e08f
b2f7976da847
b2f8137ac5fb
b2f88f8839ab
b2f90b960358
b2f987a42303
b2fa03b298aa
b2fa7fc1644e
b2fafbd085f1
b2fb77dffd91
b2fbf3efcb2f
b2fc6fffeecb
b2fcec106866
b2fd68213800
b2fde4325d99
b2fe6043d931
b2fedc55aac9
b2ff5867d261
b2ffd47a4ff8
b300508d2390
b300cca04d28
b30148b3ccc0
b301c4c7a25a
b30240dbcdf5
b302bcf04f91
b3033905272e
b303b51a54ce
b304312fd86f
b304ad45b213
b305295be1ba
b305a5726763
b3062189430f
b3069da074be
b30719b7fc71
b30795cfda27
b30811e80de2
b3088e0097a0
b3090a197763
b3098632ad2b
b30a024c38f7
b30a7e661ac9
b30afa8052a0
b30b769ae07c
b30bf2b5c45e
b30c6ed0fe47
b30ceaec8e35
b30d6708742a
b30de324b026
b30e5f414228
b30edb5e2a32
b30f577b6843
b30fd398fc5c
b3104fb6e67d
b310cbd526a6
b31147f3bcd7
b311c412a911
b3124031eb53
b312bc51839f
b313387171f4
b313b491b652
b31430b250ba
b314acd3412d
b31528f487a9
b315a5162430
b316213816c1
b3169d5a5f5e
b317197cfe05
b317959ff2b8
b31811c33d77
b3188de6de41
b3190a0ad518
b319862f21fa
b31a0253c4ea
b31a7e78bde6
b31afa9e0cef
b31b76c3b205
b31bf2e9ad29
b31c6f0ffe5b
b31ceb36a59a
b31d675da2e8
b31de384f644
b31e5fac9faf
b31edbd49f28
b31f57fcf4b1
b31fd425a049
b320504ea1f0
b320cc77f9a8
b32148a1a76f
b321c4cbab47
b32240f6052f
b322bd20b528
b323394bbb32
b323b577174d
b32431a2c979
b324adced1b8
b32529fb3008
b325a627e46a
b3262254eedf
b3269e824f66
b3271ab00600
b32796de12ad
b328130c756d
b3288f3b2e41
b3290b6a3d29
b3298799a225
b32a03c95d35
b32a7ff96e59
b32afc29d592
b32b785a92e0
b32bf48ba643
b32c70bd0fbc
b32ceceecf4a
b32d6920e4ee
b32de55350a8
b32e61861279
b32eddb92a60
b32f59ec985e
b32fd6205c73
b3305254769f
b330ce88e6e2
b3314abdad3e
b331c6f2c9b1
b33243283c3d
b332bf5e04e1
b3333b94239d
b333b7ca9873
b33434016361
b334b0388469
b3352c6ffb8b
b335a8a7c8c6
b33624dfec1c
b336a118658c
b3371d513516
b337998a5abb
b33815c3d67b
b33891fda856
b3390e37d04d
b3398a724e60
b33a06ad228e
b33a82e84cd8
b33aff23cd3f
b33b7b5fa3c3
b33bf79bd063
b33c73d85321
b33cf0152bfc
b33d6c525af4
b33de88fe00a
b33e64cdbb3e
b33ee10bec91
b33f5d4a7402
b33fd9895191
b34055c88540
b340d2080f0e
b3414e47eefb
b341ca882508
b34246c8b134
b342c3099381
b3433f4acbee
b343bb8c5a7c
b34437ce3f2b
b344b41079fb
b34530530aec
b345ac95f1fe
b34628d92f32
b346a51cc289
b3472160ac01
b3479da4eb9c
b34819e98159
b348962e6d3a
b3491273af3e
b3498eb94765
b34a0aff35af
b34a87457a1e
b34b038c14b1
b34b7fd30567
b34bfc1a4c43
b34c7861e943
b34cf4a9dc69
b34d70f225b3
b34ded3ac523
b34e6983bab9
b34ee5cd0675
b34f6216a856
b34fde60a05f
b3505aaaee8e
b350d6f592e4
b35153408d60
b351cf8bde05
b3524bd784d1
b352c82381c4
b353446fd4e0
b353c0bc7e24
b3543d097d91
b354b956d326
b35535a47ee4
b355b1f280cc
b3562e40d8dd
b356aa8f8718
b35726de8b7c
b357a32de60b
b3581f7d96c4
b3589bcd9da8
b359181dfab6
b359946eadf0
b35a10bfb755
b35a8d1116e6
b35b0962cca2
b35b85b4d88a
b35c02073a9f
b35c7e59f2e0
b35cfaad014e
b35d770065e8
b35df35420b0
b35e6fa831a6
b35eebfc98c9
b35f6851561a
b35fe4a66999
b36060fbd346
b360dd519322
b36159a7a92d
b361d5fe1566
b3625254d7d0
b362ceabf068
b3634b035f31
b363c75b2429
b36443b33f51
b364c00bb0aa
b3653c647834
b365b8bd95ef
b366351709db
b366b170d3f8
b3672dcaf446
b367aa256ac7
b3682680377a
b368a2db5a5f
b3691f36d376
b3699b92a2c1
b36a17eec83e
b36a944b43ef
b36b10a815d3
b36b8d053deb
b36c0962bc36
b36c85c090b6
b36d021ebb6b
b36d7e7d3c54
b36dfadc1372
b36e773b40c5
b36ef39ac44d
b36f6ffa9e0b
b36fec5acdff
b37068bb5429
b370e51c3089
b371617d6320
b371dddeebed
b3725a40caf2
b372d6a3002d
b37353058ba0
b373cf686d4b
b3744bcba52e
b374c82f3349
b3754493179c
b375c0f75228
b3763d5be2ec
b376b9c0c9ea
b37736260721
b377b28b9a92
b3782ef1843c
b378ab57c421
b37927be5a3f
b379a4254699
b37a208c892d
b37a9cf421fc
b37b195c1106
b37b95c4564b
b37c122cf1cc
b37c8e95e389
b37d0aff2b83
b37d8768c9b8
b37e03d2be2a
b37e803d08d9
b37efca7a9c5
b37f7912a0ee
b37ff57dee55
b38071e991fa
b380ee558bdc
b3816ac1dbfd
b381e72e825c
b382639b7efa
b382e008d1d7
b3835c767af3
b383d8e47a4f
b3845552cfea
b384d1c17bc4
b3854e307ddf
b385ca9fd63b
b386470f84d7
b386c37f89b3
b3873fefe4d1
b387bc609630
b38838d19dd0
b388b542fbb3
b38931b4afd7
b389ae26ba3d
b38a2a991ae6
b38aa70bd1d1
b38b237edeff
b38b9ff24271
b38c1c65fc26
b38c98da0c1e
b38d154e725a
b38d91c32edb
b38e0e38419f
b38e8aadaaa8
b38f072369f6
b38f83997f89
b390000feb61
b3907c86ad7f
b390f8fdc5e2
b3917575348b
b391f1ecf97b
b3926e6514b0
b392eadd862d
b39367564df0
b393e3cf6bfa
b3946048e04c
b394dcc2aae5
b395593ccbc6
b395d5b742ef
b39652321061
b396cead341b
b3974b28ae1d
b397c7a47e69
b3984420a4fe
b398c09d21dc
b3993d19f504
b399b9971e75
b39a36149e31
b39ab2927438
b39b2f10a088
b39bab8f2324
b39c280dfc0b
b39ca48d2b3d
b39d210cb0bb
b39d9d8c8c84
b39e1a0cbe9a
b39e968d46fb
b39f130e25a9
b39f8f8f5aa4
b3a00c10e5ec
b3a08892c781
b3a10514ff63
b3a181978d93
b3a1fe1a7211
b3a27a9dacdd
b3a2f7213df7
b3a373a52560
b3a3f0296318
b3a46cadf71f
b3a4e932e175
b3a565b8221a
b3a5e23db910
b3a65ec3a655
b3a6db49e9ea
b3a757d083d0
b3a7d4577407
b3a850deba8e
b3a8cd665767
b3a949ee4a91
b3a9c676940d
b3aa42ff33da
b3aabf8829fa
b3ab3c11766c
b3abb89b1930
b3ac35251247
b3acb1af61b2
b3ad2e3a076f
b3adaac50380
b3ae275055e5
b3aea3dbfe9d
b3af2067fdaa
b3af9cf4530c
b3b01980fec1
b3b0960e00cc
b3b1129b592c
b3b18f2907e1
b3b20bb70cec
b3b28845684d
b3b304d41a04
b3b381632211
b3b3fdf28074
b3b47a82352f
b3b4f7124040
b3b573a2a1a8
b3b5f0335968
b3b66cc46780
b3b6e955cbf0
b3b765e786b7
b3b7e27997d8
b3b85f0bff50
b3b8db9ebd22
b3b95831d14d
b3b9d4c53bd1
b3ba5158fcae
b3bacded13e6
b3bb4a818177
b3bbc7164563
b3bc43ab5fa9
b3bcc040d04a
b3bd3cd69746
b3bdb96cb49d
b3be36032850
b3beb299f25e
b3bf2f3112c8
b3bfabc8898e
b3c0286056b1
b3c0a4f87a30
b3c12190f40c
b3c19e29c445
b3c21ac2eadb
b3c2975c67cf
b3c313f63b21
b3c3909064d1
b3c40d2ae4df
b3c489c5bb4b
b3c50660e816
b3c582fc6b40
b3c5ff9844ca
b3c67c3474b2
b3c6f8d0fafb
b3c7756dd7a3
b3c7f20b0aab
b3c86ea89414
b3c8eb4673dd
b3c967e4aa07
b3c9e4833692
b3ca6122197e
b3caddc152cc
b3cb5a60e27c
b3cbd700c88d
b3cc53a10501
b3ccd04197d7
b3cd4ce28110
b3cdc983c0ac
b3ce462556ab
b3cec2c7430e
b3cf3f6985d4
b3cfbc0c1efd
b3d038af0e8b
b3d0b552547e
b3d131f5f0d4
b3d1ae99e390
b3d22b3e2cb1
b3d2a7e2cc36
b3d32487c222
b3d3a12d0e73
b3d41dd2b12a
b3d49a78aa47
b3d5171ef9cb
b3d593c59fb5
b3d6106c9c06
b3d68d13eebf
b3d709bb97de
b3d786639766
b3d8030bed55
b3d87fb499ac
b3d8fc5d9c6b
b3d97906f593
b3d9f5b0a524
b3da725aab1e
b3daef050781
b3db6bafba4d
b3dbe85ac384
b3dc65062324
b3dce1b1d92e
b3dd5e5de5a3
b3dddb0a4882
b3de57b701cc
b3ded4641181
b3df511177a2
b3dfcdbf342e
b3e04a6d4726
b3e0c71bb08a
b3e143ca705b
b3e1c0798697
b3e23d28f341
b3e2b9d8b657
b3e33688cfdb
b3e3b3393fcc
b3e42fea062b
b3e4ac9b22f8
b3e5294c9633
b3e5a5fe5fdc
b3e622b07ff4
b3e69f62f67b
b3e71c15c371
b3e798c8e6d6
b3e8157c60ab
b3e8923030ef
b3e90ee457a4
b3e98b98d4c9
b3ea084da85e
b3ea8502d264
b3eb01b852db
b3eb7e6e29c3
b3ebfb24571c
b3ec77dadae8
b3ecf491b525
b3ed7148e5d4
b3edee006cf5
b3ee6ab84a8a
b3eee7707e91
b3ef6429090b
b3efe0e1e9f8
b3f05d9b2159
b3f0da54af2e
b3f1570e9376
b3f1d3c8ce33
b3f250835f64
b3f2cd3e470a
b3f349f98525
b3f3c6b519b6
b3f4437104bb
b3f4c02d4636
b3f53ce9de27
b3f5b9a6cc8f
b3f63664116c
b3f6b321acc0
b3f72fdf9e8b
b3f7ac9de6cd
b3f8295c8586
b3f8a61b7ab7
b3f922dac65f
b3f99f9a6880
b3fa1c5a6118
b3fa991ab029
b3fb15db55b3
b3fb929c51b6
b3fc0f5da432
b3fc8c1f4d27
b3fd08e14c96
b3fd85a3a27e
b3fe02664ee1
b3fe7f2951be
b3fefbecab16
b3ff78b05ae8
b3fff5746135
b4007238bdfe
b400eefd7142
b4016bc27b02
b401e887db3e
b402654d91f6
b402e2139f2b
b4035eda02dc
b403dba0bd0a
b4045867cdb5
b404d52f34dd
b40551f6f284
b405cebf06a7
b4064b877149
b406c850326a
b40745194a09
b407c1e2b826
b4083eac7cc3
b408bb7697df
b4093841097a
b409b50bd195
b40a31d6f030
b40aaea2654b
b40b2b6e30e7
b40ba83a5303
b40c2506cba0
b40ca1d39abe
b40d1ea0c05e
b40d9b6e3c7f
b40e183c0f22
b40e950a3846
b40f11d8b7ee
b40f8ea78e17
b4100b76bac4
b41088463df3
b411051617a6
b41181e647dc
b411feb6ce96
b4127b87abd4
b412f858df96
b413752a69dc
b413f1fc4aa7
b4146ece81f7
b414eba10fcc
b4156873f426
b415e5472f06
b416621ac06b
b416deeea857
b4175bc2e6c9
b417d8977bc1
b418556c6740
b418d241a946
b4194f1741d3
b419cbed30e8
b41a48c37684
b41ac59a12a9
b41b42710555
b41bbf484e8a
b41c3c1fee47
b41cb8f7e48d
b41d35d0315c
b41db2a8d4b5
b41e2f81ce97
b41eac5b1f03
b41f2934c5f9
b41fa60ec379
b42022e91784
b4209fc3c219
b4211c9ec33a
b421997a1ae5
b4221655c91c
b4229331cdde
b423100e292d
b4238ceadb08
b42409c7e36e
b42486a54262
b4250382f7e2
b425806103f0
b425fd3f668a
b4267a1e1fb3
b426f6fd2f69
b42773dc95ad
b427f0bc527f
b4286d9c65df
b428ea7ccfcf
b429675d904d
b429e43ea75b
b42a612014f7
b42ade01d924
b42b5ae3f3e0
b42bd7c6652d
b42c54a92d0a
b42cd18c4b77
b42d4e6fc075
b42dcb538c04
b42e4837ae25
b42ec51c26d7
b42f4200f61b
b42fbee61bf1
b4303bcb9859
b430b8b16b53
b431359794e0
b431b27e1500
b4322f64ebb3
b432ac4c18fa
b43329339cd4
b433a61b7742
b4342303a844
b4349fec2fdb
b4351cd50e06
b43599be42c5
b43616a7ce1a
b4369391b004
b437107be884
b4378d667799
b4380a515d45
b438873c9986
b43904282c5e
b439811415cd
b439fe0055d2
b43a7aecec6f
b43af7d9d9a3
b43b74c71d6e
b43bf1b4b7d2
b43c6ea2a8cd
b43ceb90f061
b43d687f8e8d
b43de56e8353
b43e625dceb1
b43edf4d70a8
b43f5c3d6939
b43fd92db864
b440561e5e28
b440d30f5a87
b4415000ad80
b441ccf25714
b44249e45743
b442c6d6ae0d
b44343c95b72
b443c0bc5f73
b4443dafba0f
b444baa36b48
b4453797731d
b445b48bd18e
b4463180869d
b446ae759248
b4472b6af490
b447a860ad76
b4482556bcfa
b448a24d231c
b4491f43dfdb
b4499c3af33a
b44a19325d36
b44a962a1dd2
b44b1322350d
b44b901aa2e7
b44c0d136761
b44c8a0c827a
b44d0705f434
b44d83ffbc8e
b44e00f9db88
b44e7df45123
b44efaef1d60
b44f77ea403d
b44ff4e5b9bc
b45071e189dc
b450eeddb09f
b4516bda2e03
b451e8d7020a
b45265d42cb4
b452e2d1ae00
b4535fcf85f0
b453dccdb483
b45459cc39b9
b454d6cb1594
b45553ca4812
b455d0c9d134
b4564dc9b0fc
b456cac9e767
b45747ca7478
b457c4cb582e
b45841cc928a
b458bece238b
b4593bd00b32
b459b8d2497f
b45a35d4de73
b45ab2d7ca0d
b45b2fdb0c4e
b45bacdea536
b45c29e294c5
b45ca6e6dafc
b45d23eb77db
b45da0f06b62
b45e1df5b591
b45e9afb5669
b45f18014de9
b45f95079c12
b460120e40e5
b4608f153c61
b4610c1c8e86
b46189243756
b462062c36cf
b46283348cf3
b463003d39c2
b4637d463d3b
b463fa4f9760
b4647759482f
b464f4634fab
b465716dadd2
b465ee7862a5
b4666b836e24
b466e88ed050
b467659a8929
b467e2a698ae
b4685fb2fee1
b468dcbfbbc1
b46959cccf4f
b469d6da398b
b46a53e7fa75
b46ad0f6120d
b46b4e048054
b46bcb134549
b46c482260ee
b46cc531d342
b46d42419c45
b46dbf51bbf9
b46e3c62325c
b46eb972ff6f
b46f36842333
b46fb3959da8
b47030a76ece
b470adb996a4
b4712acc152d
b471a7deea67
b47224f21652
b472a20598f0
b4731f197240
b4739c2da243
b474194228f9
b47496570661
b475136c3a7d
b4759081c54d
b4760d97a6d0
b4768aaddf07
b47707c46df3
b47784db5393
b47801f28fe7
b4787f0a22f1
b478fc220cb0
b479793a4d24
b479f652e44e
b47a736bd22d
b47af08516c3
b47b6d9eb20f
b47beab8a412
b47c67d2eccb
b47ce4ed8c3c
b47d62088264
b47ddf23cf43
b47e5c3f72da
b47ed95b6d29
b47f5677be30
b47fd39465f0
b48050b16469
b480cdceb99a
b4814aec6584
b481c80a6828
b4824528c186
b482c247719d
b4833f66786f
b483bc85d5fa
b48439a58a41
b484b6c59542
b48533e5f6fe
b485b106af76
b4862e27bea9
b486ab492498
b487286ae142
b487a58cf4a9
b48822af5ecd
b4889fd21fad
b4891cf5374a
b4899a18a5a4
b48a173c6abb
b48a94608691
b48b1184f924
b48b8ea9c275
b48c0bcee284
b48c88f45952
b48d061a26df
b48d83404b2b
b48e0066c636
b48e7d8d9800
b48efab4c08b
b48f77dc3fd5
b48ff50415df
b490722c42aa
b490ef54c636
b4916c7da082
b491e9a6d190
b49266d0595f
b492e3fa37f0
b49361246d42
b493de4ef957
b4945b79dc2e
b494d8a515c7
b49555d0a623
b495d2fc8d42
b4965028cb25
b496cd555fcb
b4974a824b35
b497c7af8d62
b49844dd2654
b498c20b160b
b4993f395c86
b499bc67f9c6
b49a3996edcb
b49ab6c63895
b49b33f5da25
b49bb125d27b
b49c2e562197
b49cab86c779
b49d28b7c422
b49da5e91791
b49e231ac1c8
b49ea04cc2c6
b49f1d7f1a8b
b49f9ab1c918
b4a017e4ce6d
b4a095182a8b
b4a1124bdd70
b4a18f7fe71f
b4a20cb44796
b4a289e8fed6
b4a3071e0ce0
b4a3845371b3
b4a401892d50
b4a47ebf3fb7
b4a4fbf5a8e9
b4a5792c68e5
b4a5f6637fac
b4a6739aed3e
b4a6f0d2b19b
b4a76e0accc3
b4a7eb433eb8
b4a8687c0778
b4a8e5b52704
b4a962ee9d5d
b4a9e0286a83
b4aa5d628e75
b4aada9d0935
b4ab57d7dac1
b4abd513031c
b4ac524e8244
b4accf8a583b
b4ad4cc684ff
b4adca030893
b4ae473fe2f5
b4aec47d1426
b4af41ba9c26
b4afbef87af6
b4b03c36b095
b4b0b9753d04
b4b136b42044
b4b1b3f35a54
b4b23132eb35
b4b2ae72d2e6
b4b32bb31169
b4b3a8f3a6bd
b4b4263492e2
b4b4a375d5da
b4b520b76fa3
b4b59df9603f
b4b61b3ba7ad
b4b6987e45ee
b4b715c13b03
b4b7930486ea
b4b8104829a5
b4b88d8c2333
b4b90ad07396
b4b988151acc
b4ba055a18d7
b4ba829f6db7
b4baffe5196c
b4bb7d2b1bf5
b4bbfa717554
b4bc77b82589
b4bcf4ff2c94
b4bd72468a74
b4bdef8e3f2b
b4be6cd64ab8
b4beea1ead1c
b4bf67676658
b4bfe4b0766a
b4c061f9dd54
b4c0df439b15
b4c15c8dafaf
b4c1d9d81b20
b4c25722dd6b
b4c2d46df68d
b4c351b96689
b4c3cf052d5e
b4c44c514b0c
b4c4c99dbf93
b4c546ea8af5
b4c5c437ad30
b4c641852646
b4c6bed2f636
b4c73c211d02
b4c7b96f9aa8
b4c836be6f29
b4c8b40d9a86
b4c9315d1cbe
b4c9aeacf5d3
b4ca2bfd25c3
b4caa94dac90
b4cb269e8a3a
b4cba3efbec1
b4cc21414a24
b4cc9e932c65
b4cd1be56584
b4cd9937f580
b4ce168adc5b
b4ce93de1a14
b4cf1131aeab
b4cf8e859a21
b4d00bd9dc76
b4d0892e75aa
b4d1068365be
b4d183d8acb2
b4d2012e4a85
b4d27e843f39
b4d2fbda8acd
b4d379312d41
b4d3f6882697
b4d473df76cd
b4d4f1371de5
b4d56e8f1bdf
b4d5ebe770ba
b4d669401c78
b4d6e6991f17
b4d763f27899
b4d7e14c28fe
b4d85ea63046
b4d8dc008e72
b4d9595b4380
b4d9d6b64f73
b4da5411b249
b4dad16d6c04
b4db4ec97ca2
b4dbcc25e426
b4dc4982a28e
b4dcc6dfb7dc
b4dd443d240f
b4ddc19ae727
b4de3ef90126
b4debc57720a
b4df39b639d4
b4dfb7155886
b4e03474ce1d
b4e0b1d49a9c
b4e12f34be03
b4e1ac953850
b4e229f60985
b4e2a75731a3
b4e324b8b0a8
b4e3a21a8696
b4e41f7cb36c
b4e49cdf372c
b4e51a4211d4
b4e597a54366
b4e61508cbe1
b4e6926cab46
b4e70fd0e196
b4e78d356ecf
b4e80a9a52f3
b4e887ff8e02
b4e905651ffc
b4e982cb08e1
b4ea003148b1
b4ea7d97df6e
b4eafafecd16
b4eb786611aa
b4ebf5cdad2b
b4ec73359f98
b4ecf09de8f2
b4ed6e06893a
b4edeb6f806e
b4ee68d8ce91
b4eee64273a1
b4ef63ac6f9f
b4efe116c28b
b4f05e816c66
b4f0dbec6d30
b4f15957c4e9
b4f1d6c37391
b4f2542f7928
b4f2d19bd5af
b4f34f088927
b4f3cc75938e
b4f449e2f4e5
b4f4c750ad2e
b4f544bebc67
b4f5c22d2291
b4f63f9bdfad
b4f6bd0af3ba
b4f73a7a5eb9
b4f7b7ea20aa
b4f8355a398e
b4f8b2caa964
b4f9303b702c
b4f9adac8de8
b4fa2b1e0297
b4faa88fce39
b4fb2601f0cf
b4fba3746a59
b4fc20e73ad8
b4fc9e5a624a
b4fd1bcde0b2
b4fd9941b60e
b4fe16b5e25f
b4fe942a65a6
b4ff119f3fe2
b4ff8f147114
b5000c89f93c
b50089ffd85a
b50107760e6f
b50184ec9b7b
b50202637f7e
b5027fdaba78
b502fd524c69
b5037aca3552
b503f8427533
b50475bb0c0c
b504f333f9de
b50570ad3ea8
b505ee26da6b
b5066ba0cd28
b506e91b16dd
b5076695b78d
b507e410af36
b508618bfdd9
b508df07a376
b5095c83a00e
b509d9fff3a1
b50a577c9e2e
b50ad4f99fb7
b50b5276f83c
b50bcff4a7bc
b50c4d72ae38
b50ccaf10bb0
b50d486fc025
b50dc5eecb96
b50e436e2e05
b50ec0ede770
b50f3e6df7d9
b50fbbee5f3f
b510396f1da3
b510b6f03305
b51134719f66
b511b1f362c5
b5122f757d23
b512acf7ee80
b5132a7ab6dc
b513a7fdd637
b51425814c93
b514a30519ee
b51520893e49
b5159e0db9a5
b5161b928c01
b5169917b55f
b517169d35bd
b51794230d1d
b51811a93b7f
b5188f2fc0e2
b5190cb69d47
b5198a3dd0af
b51a07c55b19
b51a854d3c86
b51b02d574f6
b51b805e0469
b51bfde6eae0
b51c7b70285b
b51cf8f9bcd9
b51d7683a85c
b51df40deae3
b51e7198846e
b51eef2374ff
b51f6caebc95
b51fea3a5b30
b52067c650d1
b520e5529d77
b52162df4124
b521e06c3bd7
b5225df98d90
b522db873650
b52359153618
b523d6a38ce6
b52454323abc
b524d1c13f9a
b5254f509b80
b525cce04e6e
b5264a705864
b526c800b963
b5274591716b
b527c322807c
b52840b3e696
b528be45a3ba
b5293bd7b7e8
b529b96a2320
b52a36fce562
b52ab48ffeaf
b52b32236f07
b52bafb73669
b52c2d4b54d7
b52caadfca51
b52d287496d6
b52da609ba67
b52e239f3504
b52ea13506ae
b52f1ecb2f64
b52f9c61af28
b53019f885f8
b530978fb3d6
b531152738c1
b53192bf14bb
b532105747c2
b5328defd1d8
b5330b88b2fc
b5338921eb2f
b53406bb7a71
b534845560c3
b53501ef9e24
b5357f8a3294
b535fd251e15
b5367ac060a6
b536f85bfa47
b53775f7eaf9
b537f39432bc
b5387130d190
b538eecdc775
b5396c6b146c
b539ea08b875
b53a67a6b390
b53ae54505bd
b53b62e3aefd
b53be082af50
b53c5e2206b6
b53cdbc1b52f
b53d5961babb
b53dd702175b
b53e54a2cb10
b53ed243d5d8
b53f4fe537b5
b53fcd86f0a6
b5404b2900ad
b540c8cb67c9
b541466e25fa
b541c4113b40
b54241b4a79d
b542bf586b10
b5433cfc8599
b543baa0f738
b5443845bfef
b544b5eadfbc
b545339056a1
b545b136249d
b5462edc49b1
b546ac82c5dd
b5472a299921
b547a7d0c37e
b548257844f3
b548a3201d82
b54920c84d29
b5499e70d3ea
b54a1c19b1c5
b54a99c2e6b9
b54b176c72c8
b54b951655f0
b54c12c09034
b54c906b2192
b54d0e160a0c
b54d8bc149a0
b54e096ce050
b54e8718ce1c
b54f04c51304
b54f8271af08
b550001ea229
b5507dcbec66
b550fb798dc1
b55179278638
b551f6d5d5cd
b55274847c7f
b552f2337a50
b5536fe2cf3e
b553ed927b4b
b5546b427e77
b554e8f2d8c1
b55566a38a2a
b555e45492b3
b5566205f25b
b556dfb7a923
b5575d69b70b
b557db1c1c14
b55858ced83c
b558d681eb86
b559543555f0
b559d1e9177c
b55a4f9d3029
b55acd519ff7
b55b4b0666e8
b55bc8bb84fb
b55c4670fa30
b55cc426c687
b55d41dcea02
b55dbf9364a0
b55e3d4a3660
b55ebb015f45
b55f38b8df4d
b55fb670b679
b5603428e4ca
b560b1e16a3f
b5612f9a46d9
b561ad537a97
b5622b0d057b
b562a8c6e785
b563268120b4
b563a43bb109
b56421f69884
b5649fb1d725
b5651d6d6ced
b5659b2959dc
b56618e59df2
b56696a2392f
b567145f2b94
b567921c7521
b5680fda15d6
b5688d980db3
b5690b565cb8
b569891502e6
b56a06d4003d
b56a849354be
b56b02530068
b56b8013033b
b56bfdd35d39
b56c7b940e60
b56cf95516b2
b56d7716762f
b56df4d82cd6
b56e729a3aa9
b56ef05c9fa7
b56f6e1f5bd0
b56febe26f26
b57069a5d9a7
b570e7699b55
b571652db42f
b571e2f22436
b57260b6eb6a
b572de7c09cb
b5735c417f59
b573da074c16
b57457cd7000
b574d593eb18
b575535abd5f
b575d121e6d4
b5764ee96779
b576ccb13f4c
b5774a796e4f
b577c841f481
b578460ad1e3
b578c3d40676
b579419d9238
b579bf67752b
b57a3d31af4f
b57abafc40a4
b57b38c7292a
b57bb69268e1
b57c345dffcb
b57cb229ede6
b57d2ff63333
b57dadc2cfb3
b57e2b8fc365
b57ea95d0e4b
b57f272ab063
b57fa4f8a9af
b58022c6fa2e
b580a095a1e1
b5811e64a0c9
b5819c33f6e4
b5821a03a435
b58297d3a8b9
b58315a40473
b5839374b763
b5841145c187
b5848f1722e2
b5850ce8db72
b5858abaeb39
b586088d5236
b58686601069
b587043325d4
b58782069275
b587ffda564f
b5887dae715f
b588fb82e3a8
b5897957ad28
b589f72ccde1
b58a750245d3
b58af2d814fd
b58b70ae3b60
b58bee84b8fd
b58c6c5b8dd3
b58cea32b9e3
b58d680a3d2d
b58de5e217b1
b58e63ba496f
b58ee192d268
b58f5f6bb29c
b58fdd44ea0c
b5905b1e78b6
b590d8f85e9c
b59156d29bbf
b591d4ad301d
b59252881bb7
b592d0635e8e
b5934e3ef8a2
b593cc1ae9f3
b59449f73281
b594c7d3d24d
b59545b0c957
b595c38e179e
b596416bbd24
b596bf49b9e8
b5973d280deb
b597bb06b92d
b59838e5bbae
b598b6c5156e
b59934a4c66e
b599b284ceae
b59a30652e2e
b59aae45e4ee
b59b2c26f2ef
b59baa085831
b59c27ea14b4
b59ca5cc2878
b59d23ae937e
b59da19155c5
b59e1f746f4f
b59e9d57e01a
b59f1b3ba829
b59f991fc77a
b5a017043e0d
b5a094e90be4
b5a112ce30ff
b5a190b3ad5d
b5a20e9980ff
b5a28c7fabe5
b5a30a662e10
b5a3884d077f
b5a406343833
b5a4841bc02c
b5a502039f6a
b5a57febd5ee
b5a5fdd463b8
b5a67bbd48c7
b5a6f9a6851d
b5a7779018ba
b5a7f57a039d
b5a8736445c7
b5a8f14edf38
b5a96f39cff1
b5a9ed2517f1
b5aa6b10b73a
b5aae8fcadca
b5ab66e8fba3
b5abe4d5a0c5
b5ac62c29d2f
b5ace0aff0e3
b5ad5e9d9bdf
b5addc8b9e26
b5ae5a79f7b6
b5aed868a890
b5af5657b0b5
b5afd4471024
b5b05236c6de
b5b0d026d4e2
b5b14e173a32
b5b1cc07f6ce
b5b249f90ab5
b5b2c7ea75e8
b5b345dc3867
b5b3c3ce5233
b5b441c0c34b
b5b4bfb38bb0
b5b53da6ab62
b5b5bb9a2262
b5b6398df0af
b5b6b782164a
b5b735769333
b5b7b36b676a
b5b8316092f0
b5b8af5615c5
b5b92d4befe9
b5b9ab42215b
b5ba2938aa1e
b5baa72f8a30
b5bb2526c192
b5bba31e5044
b5bc21163647
b5bc9f0e739a
b5bd1d07083e
b5bd9afff434
b5be18f9377a
b5be96f2d213
b5bf14ecc3fd
b5bf92e70d39
b5c010e1adc7
b5c08edca5a8
b5c10cd7f4dc
b5c18ad39b63
b5c208cf993d
b5c286cbee6b
b5c304c89aec
b5c382c59ec2
b5c400c2f9eb
b5c47ec0ac69
b5c4fcbeb63c
b5c57abd1763
b5c5f8bbcfe0
b5c676badfb2
b5c6f4ba46da
b5c772ba0557
b5c7f0ba1b2b
b5c86eba8855
b5c8ecbb4cd6
b5c96abc68ad
b5c9e8bddbdc
b5ca66bfa661
b5cae4c1c83e
b5cb62c44173
b5cbe0c71200
b5cc5eca39e6
b5ccdccdb923
b5cd5ad18fba
b5cdd8d5bda9
b5ce56da42f1
b5ced4df1f93
b5cf52e4538f
b5cfd0e9dee4
b5d04eefc194
b5d0ccf5fb9d
b5d14afc8d02
b5d1c90375c1
b5d2470ab5dc
b5d2c5124d51
b5d3431a3c22
b5d3c122824f
b5d43f2b1fd8
b5d4bd3414bd
b5d53b3d60ff
b5d5b947049d
b5d63750ff99
b5d6b55b51f1
b5d73365fba7
b5d7b170fcbb
b5d82f7c552d
b5d8ad8804fc
b5d92b940c2a
b5d9a9a06ab7
b5da27ad20a2
b5daa5ba2ded
b5db23c79297
b5dba1d54ea0
b5dc1fe3620a
b5dc9df1ccd3
b5dd1c008efd
b5dd9a0fa887
b5de181f1971
b5de962ee1bd
b5df143f016a
b5df924f7879
b5e0106046e9
b5e08e716cbb
b5e10c82e9ef
b5e18a94be86
b5e208a6ea7f
b5e286b96ddb
b5e304cc489a
b5e382df7abd
b5e400f30443
b5e47f06e52d
b5e4fd1b1d7b
b5e57b2fad2d
b5e5f9449444
b5e67759d2c0
b5e6f56f68a0
b5e7738555e6
b5e7f19b9a91
b5e86fb236a2
b5e8edc92a19
b5e96be074f6
b5e9e9f8173a
b5ea681010e4
b5eae62861f5
b5eb64410a6d
b5ebe25a0a4d
b5ec60736194
b5ecde8d1043
b5ed5ca7165a
b5eddac173da
b5ee58dc28c2
b5eed6f73512
b5ef551298cc
b5efd32e53ef
b5f0514a667c
b5f0cf66d072
b5f14d8391d2
b5f1cba0aa9d
b5f249be1ad2
b5f2c7dbe271
b5f345fa017c
b5f3c41877f1
b5f4423745d2
b5f4c0566b1f
b5f53e75e7d7
b5f5bc95bbfc
b5f63ab5e78d
b5f6b8d66a8a
b5f736f744f5
b5f7b51876cc
b5f8333a0011
b5f8b15be0c3
b5f92f7e18e3
b5f9ada0a871
b5fa2bc38f6d
b5faa9e6cdd8
b5fb280a63b1
b5fba62e50f9
b5fc245295b1
b5fca27731d7
b5fd209c256e
b5fd9ec17074
b5fe1ce712eb
b5fe9b0d0cd2
b5ff19335e29
b5ff975a06f1
b6001581072b
b60093a85ed5
b60111d00df2
b6018ff81480
b6020e207280
b6028c4927f2
b6030a7234d7
b603889b992e
b60406c554f9
b60484ef6836
b6050319d2e7
b6058144950c
b605ff6faea5
b6067d9b1fb2
b606fbc6e833
b60779f30829
b607f81f7f93
b608764c4e73
b608f47974c8
b60972a6f293
b609f0d4c7d4
b60a6f02f48a
b60aed3178b7
b60b6b60545a
b60be98f8774
b60c67bf1205
b60ce5eef40e
b60d641f2d8d
b60de24fbe85
b60e6080a6f4
b60edeb1e6dc
b60f5ce37e3c
b60fdb156d15
b6105947b366
b610d77a5131
b61155ad4675
b611d3e09332
b6125214376a
b612d048331b
b6134e7c8647
b613ccb130ed
b6144ae6330f
b614c91b8cab
b61547513dc2
b615c5874655
b61643bda664
b616c1f45dee
b617402b6cf5
b617be62d378
b6183c9a9178
b618bad2a6f5
b619390b13ef
b619b743d866
b61a357cf45b
b61ab3b667ce
b61b31f032bf
b61bb02a552e
b61c2e64cf1c
b61cac9fa089
b61d2adac974
b61da91649df
b61e275221ca
b61ea58e5134
b61f23cad81e
b61fa207b689
b6202044ec73
b6209e8279df
b6211cc05ecc
b6219afe9b39
b622193d2f28
b622977c1a99
b62315bb5d8c
b62393faf801
b624123ae9f8
b624907b3372
b6250ebbd46e
b6258cfcccee
b6260b3e1cf1
b626897fc477
b62707c1c382
b62786041a10
b6280446c822
b6288289cdba
b62900cd2ad5
b6297f10df76
b629fd54eb9c
b62a7b994f47
b62af9de0a79
b62b78231d30
b62bf668876d
b62c74ae4930
b62cf2f4627a
b62d713ad34b
b62def819ba3
b62e6dc8bb83
b62eec1032ea
b62f6a5801d9
b62fe8a02850
b63066e8a64f
b630e5317bd7
b631637aa8e7
b631e1c42d81
b632600e09a3
b632de583d4f
b6335ca2c885
b633daedab45
b6345938e58f
b634d7847763
b63555d060c2
b635d41ca1ac
b63652693a21
b636d0b62a22
b6374f0371ae
b637cd5110c6
b6384b9f076a
b638c9ed559a
b639483bfb57
b639c68af8a1
b63a44da4d77
b63ac329f9db
b63b4179fdcd
b63bbfca594c
b63c3e1b0c59
b63cbc6c16f4
b63d3abd791e
b63db90f32d6
b63e3761441e
b63eb5b3acf4
b63f34066d5a
b63fb2598550
b64030acf4d5
b640af00bbeb
b6412d54da91
b641aba950c7
b64229fe1e8e
b642a85343e7
b64326a8c0d0
b643a4fe954c
b6442354c159
b644a1ab44f7
b64520022029
b6459e5952ec
b6461cb0dd43
b6469b08bf2c
b6471960f8a8
b64797b989b8
b6481612725c
b648946bb294
b64912c54a5f
b649911f39bf
b64a0f7980b4
b64a8dd41f3d
b64b0c2f155c
b64b8a8a6310
b64c08e60859
b64c87420538
b64d059e59ae
b64d83fb05b9
b64e0258095b
b64e80b56494
b64eff131764
b64f7d7121cb
b64ffbcf83ca
b6507a2e3d60
b650f88d4e8e
b65176ecb754
b651f54c77b3
b65273ac8faa
b652f20cff3a
b653706dc664
b653eecee526
b6546d305b83
b654eb922979
b65569f44f09
b655e856cc33
b65666b9a0f8
b656e51ccd58
b65763805153
b657e1e42ce9
b6586048601a
b658deaceae8
b6595d11cd51
b659db770756
b65a59dc98f8
b65ad8428237
b65b56a8c312
b65bd50f5b8b
b65c53764ba1
b65cd1dd9355
b65d504532a6
b65dcead2996
b65e4d157824
b65ecb7e1e50
b65f49e71c1c
b65fc8507186
b66046ba1e90
b660c5242339
b661438e7f82
b661c1f9336b
b66240643ef4
b662becfa21d
b6633d3b5ce8
b663bba76f53
b6643a13d960
b664b8809b0d
b66536edb45d
b665b55b254e
b66633c8ede2
b666b2370e18
b66730a585f1
b667af14556c
b6682d837c8b
b668abf2fb4c
b6692a62d1b2
b669a8d2ffbb
b66a27438568
b66aa5b462ba
b66b242597b0
b66ba297244a
b66c2109088a
b66c9f7b446f
b66d1dedd7f9
b66d9c60c329
b66e1ad405ff
b66e9947a07b
b66f17bb929e
b66f962fdc67
b67014a47dd7
b670931976ee
b671118ec7ad
b67190047013
b6720e7a7021
b6728cf0c7d7
b6730b677735
b67389de7e3c
b6740855dcec
b67486cd9345
b6750545a147
b67583be06f2
b6760236c447
b67680afd946
b676ff2945f0
b6777da30a43
b677fc1d2642
b6787a9799eb
b678f9126540
b679778d883f
b679f60902eb
b67a7484d542
b67af300ff46
b67b717d80f6
b67beffa5a52
b67c6e778b5b
b67cecf51411
b67d6b72f475
b67de9f12c86
b67e686fbc45
b67ee6eea3b2
b67f656de2cd
b67fe3ed7996
b680626d680f
b680e0edae36
b6815f6e4c0c
b681ddef4192
b6825c708ec7
b682daf233ad
b68359743042
b683d7f68488
b6845679307f
b684d4fc3426
b685537f8f7e
b685d2034288
b68650874d43
b686cf0bafb1
b6874d9069d0
b687cc157ba1
b6884a9ae525
b688c920a65c
b68947a6bf45
b689c62d2fe2
b68a44b3f833
b68ac33b1837
b68b41c28fef
b68bc04a5f5b
b68c3ed2867b
b68cbd5b0551
b68d3be3dbdb
b68dba6d0a1a
b68e38f6900e
b68eb7806db9
b68f360aa319
b68fb495302f
b690332014fb
b690b1ab517e
b6913036e5b8
b691aec2d1a9
b6922d4f1551
b692abdbb0b0
b6932a68a3c7
b693a8f5ee97
b6942783911e
b694a6118b5e
b695249fdd56
b695a32e8708
b69621bd8873
b696a04ce197
b6971edc9274
b6979d6c9b0c
b6981bfcfb5e
b6989a8db36a
b699191ec330
b69997b02ab2
b69a1641e9ee
b69a94d400e6
b69b13666f99
b69b91f93608
b69c108c5433
b69c8f1fca1b
b69d0db397bf
b69d8c47bd1f
b69e0adc3a3d
b69e89710f17
b69f08063bb0
b69f869bc005
b6a005319c19
b6a083c7cfeb
b6a1025e5b7b
b6a180f53eca
b6a1ff8c79d8
b6a27e240ca5
b6a2fcbbf731
b6a37b54397d
b6a3f9ecd388
b6a47885c554
b6a4f71f0ee0
b6a575b8b02c
b6a5f452a93a
b6a672ecfa08
b6a6f187a297
b6a77022a2e8
b6a7eebdfafb
b6a86d59aacf
b6a8ebf5b266
b6a96a9211bf
b6a9e92ec8db
b6aa67cbd7ba
b6aae6693e5c
b6ab6506fcc1
b6abe3a512ea
b6ac624380d7
b6ace0e24688
b6ad5f8163fd
b6adde20d937
b6ae5cc0a635
b6aedb60caf9
b6af5a014782
b6afd8a21bd0
b6b0574347e4
b6b0d5e4cbbe
b6b15486a75e
b6b1d328dac5
b6b251cb65f3
b6b2d06e48e7
b6b34f1183a3
b6b3cdb51626
b6b44c590071
b6b4cafd4283
b6b549a1dc5e
b6b5c846ce01
b6b646ec176d
b6b6c591b8a1
b6b74437b19f
b6b7c2de0266
b6b84184aaf6
b6b8c02bab50
b6b93ed30375
b6b9bd7ab363
b6ba3c22bb1c
b6babacb1aa0
b6bb3973d1ef
b6bbb81ce109
b6bc36c647ef
b6bcb57006a0
b6bd341a1d1d
b6bdb2c48b66
b6be316f517c
b6beb01a6f5e
b6bf2ec5e50d
b6bfad71b28a
b6c02c1dd7d3
b6c0aaca54eb
b6c1297729d0
b6c1a8245683
b6c226d1db05
b6c2a57fb755
b6c3242deb73
b6c3a2dc7761
b6c4218b5b1e
b6c4a03a96ab
b6c51eea2a07
b6c59d9a1534
b6c61c4a5830
b6c69afaf2fd
b6c719abe59b
b6c7985d300a
b6c8170ed249
b6c895c0cc5b
b6c914731e3d
b6c99325c7f2
b6ca11d8c979
b6ca908c22d2
b6cb0f3fd3fe
b6cb8df3dcfc
b6cc0ca83dce
b6cc8b5cf673
b6cd0a1206eb
b6cd88c76f38
b6ce077d2f58
b6ce8633474c
b6cf04e9b715
b6cf83a07eb3
b6d002579e26
b6d0810f156e
b6d0ffc6e48b
b6d17e7f0b7e
b6d1fd378a47
b6d27bf060e6
b6d2faa98f5c
b6d3796315a8
b6d3f81cf3cb
b6d476d729c5
b6d4f591b797
b6d5744c9d40
b6d5f307dac1
b6d671c3701a
b6d6f07f5d4b
b6d76f3ba255
b6d7edf83f37
b6d86cb533f3
b6d8eb728087
b6d96a3024f6
b6d9e8ee213e
b6da67ac7560
b6dae66b215c
b6db652a2533
b6dbe3e980e4
b6dc62a93470
b6dce1693fd7
b6dd6029a31a
b6dddeea5e39
b6de5dab7133
b6dedc6cdc09
b6df5b2e9ebc
b6dfd9f0b94b
b6e058b32bb7
b6e0d775f600
b6e156391827
b6e1d4fc922b
b6e253c0640c
b6e2d2848dcc
b6e351490f6a
b6e3d00de8e7
b6e44ed31a42
b6e4cd98a37c
b6e54c5e8495
b6e5cb24bd8e
b6e649eb4e66
b6e6c8b2371f
b6e7477977b7
b6e7c6411030
b6e84509008a
b6e8c3d148c4
b6e94299e8df
b6e9c162e0dc
b6ea402c30bb
b6eabef5d87b
b6eb3dbfd81d
b6ebbc8a2fa2
b6ec3b54df09
b6ecba1fe652
b6ed38eb457f
b6edb7b6fc8f
b6ee36830b83
b6eeb54f725a
b6ef341c3115
b6efb2e947b5
b6f031b6b639
b6f0b0847ca1
b6f12f529aef
b6f1ae211121
b6f22cefdf39
b6f2abbf0537
b6f32a8e831a
b6f3a95e58e4
b6f4282e8693
b6f4a6ff0c2a
b6f525cfe9a7
b6f5a4a11f0b
b6f62372ac57
b6f6a244918a
b6f72116cea5
b6f79fe963a8
b6f81ebc5093
b6f89d8f9567
b6f91c633223
b6f99b3726c8
b6fa1a0b7357
b6fa98e017ce
b6fb17b51430
b6fb968a687b
b6fc156014b1
b6fc943618d1
b6fd130c74dc
b6fd91e328d1
b6fe10ba34b2
b6fe8f91987d
b6ff0e695435
b6ff8d4167d8
b7000c19d367
b7008af296e3
b70109cbb24b
b70188a525a0
b702077ef0e2
b70286591411
b70305338f2d
b703840e6238
b70402e98d30
b70481c51016
b70500a0eaeb
b7057f7d1daf
b705fe59a861
b7067d368b03
b706fc13c594
b7077af15814
b707f9cf4285
b70878ad84e5
b708f78c1f36
b709766b1178
b709f54a5baa
b70a7429fdcd
b70af309f7e2
b70b71ea49e8
b70bf0caf3e0
b70c6fabf5ca
b70cee8d4fa6
b70d6d6f0174
b70dec510b36
b70e6b336cea
b70eea162691
b70f68f9382c
b70fe7dca1bb
b71066c0633d
b710e5a47cb4
b7116488ee1f
b711e36db77e
b7126252d8d3
b712e138521c
b713601e235b
b713df044c8f
b7145deacdba
b714dcd1a6da
b7155bb8d7f1
b715daa060fe
b71659884201
b716d8707afc
b71757590bee
b717d641f4d8
b718552b35b9
b718d414ce93
b71952febf64
b719d1e9082e
b71a50d3a8f0
b71acfbea1ac
b71b4ea9f260
b71bcd959b0e
b71c4c819bb6
b71ccb6df457
b71d4a5aa4f3
b71dc947ad89
b71e48350e19
b71ec722c6a5
b71f4610d72b
b71fc4ff3fad
b72043ee002a
b720c2dd18a3
b72141cc8918
b721c0bc5189
b7223fac71f6
b722be9cea61
b7233d8dbac8
b723bc7ee32c
b7243b70638e
b724ba623bee
b72539546c4b
b725b846f4a7
b7263739d501
b726b62d0d5a
b72735209db1
b727b4148608
b7283308c65e
b728b1fd5eb3
b72930f24f09
b729afe7975e
b72a2edd37b4
b72aadd3300a
b72b2cc98061
b72babc028b9
b72c2ab72912
b72ca9ae816d
b72d28a631ca
b72da79e3a28
b72e26969a89
b72ea58f52ec
b72f24886351
b72fa381cbba
b730227b8c26
b730a175a495
b73120701508
b7319f6add7e
b7321e65fdf9
b7329d617678
b7331c5d46fc
b7339b596f84
b7341a55f012
b7349952c8a5
b735184ff93d
b735974d81db
b736164b6280
b73695499b2a
b73714482bdb
b73793471493
b73812465551
b7389145ee17
b7391045dee4
b7398f4627b9
b73a0e46c896
b73a8d47c17b
b73b0c491268
b73b8b4abb5e
b73c0a4cbc5d
b73c894f1565
b73d0851c677
b73d8754cf92
b73e065830b6
b73e855be9e5
b73f045ffb1e
b73f83646462
b740026925b1
b740816e3f0a
b7410073b06f
b7417f7979df
b741fe7f9b5b
b7427d8614e3
b742fc8ce677
b7437b941017
b743fa9b91c5
b74479a36b7f
b744f8ab9d46
b74577b4271b
b745f6bd08fd
b74675c642ee
b746f4cfd4ec
b74773d9bef9
b747f2e40114
b74871ee9b3e
b748f0f98d77
b7497004d7c0
b749ef107a18
b74a6e1c7480
b74aed28c6f8
b74b6c357180
b74beb427419
b74c6a4fcec2
b74ce95d817c
b74d686b8c48
b74de779ef25
b74e6688aa14
b74ee597bd14
b74f64a72827
b74fe3b6eb4c
b75062c70684
b750e1d779cf
b75160e8452d
b751dff9689e
b7525f0ae423
b752de1cb7bc
b7535d2ee368
b753dc416729
b7545b5442ff
b754da6776e9
b755597b02e9
b755d88ee6fe
b75657a32328
b756d6b7b768
b75755cca3be
b757d4e1e82a
b75853f784ad
b758d30d7946
b7595223c5f6
b759d13a6abe
b75a5051679c
b75acf68bc93
b75b4e8069a1
b75bcd986ec8
b75c4cb0cc07
b75ccbc9815e
b75d4ae28ecf
b75dc9fbf458
b75e4915b1fb
b75ec82fc7b7
b75f474a358e
b75fc664fb7e
b76045801988
b760c49b8fad
b76143b75ded
b761c2d38448
b76241f002be
b762c10cd94f
b763402a07fc
b763bf478ec5
b7643e656dab
b764bd83a4ac
b7653ca233cb
b765bbc11b06
b7663ae05a5e
b766b9fff1d4
b767391fe167
b767b8402919
b7683760c8e8
b768b681c0d6
b76935a310e2
b769b4c4b90d
b76a33e6b957
b76ab30911c1
b76b322bc24a
b76bb14ecaf2
b76c30722bbb
b76caf95e4a4
b76d2eb9f5ad
b76dadde5ed8
b76e2d032023
b76eac28398f
b76f2b4dab1d
b76faa7374cc
b7702999969e
b770a8c01091
b77127e6e2a7
b771a70e0cdf
b77226358f3b
b772a55d69b9
b77324859c5b
b773a3ae2720
b77422d70a0a
b774a2004517
b7752129d849
b775a053c39f
b7761f7e071a
b7769ea8a2ba
b7771dd3967f
b7779cfee269
b7781c2a867a
b7789b5682b0
b7791a82d70d
b77999af8390
b77a18dc8839
b77a9809e50a
b77b17379a02
b77b9665a721
b77c15940c68
b77c94c2c9d7
b77d13f1df6d
b77d93214d2d
b77e12511314
b77e91813125
b77f10b1a75f
b77f8fe275c2
b7800f139c4e
b7808e451b05
b7810d76f1e5
b7818ca920f0
b7820bdba825
b7828b0e8785
b7830a41bf10
b78389754ec6
b78408a936a7
b78487dd76b5
b78507120eee
b7858646ff53
b786057c47e5
b78684b1e8a3
b78703e7e18f
b787831e32a7
b7880254dbed
b788818bdd60
b78900c33702
b7897ffae8d1
b789ff32f2cf
b78a7e6b54fb
b78afda40f56
b78b7cdd21e0
b78bfc168c9a
b78c7b504f82
b78cfa8a6a9b
b78d79c4dde4
b78df8ffa95d
b78e783acd06
b78ef77648e0
b78f76b21ceb
b78ff5ee4927
b790752acd95
b790f467aa34
b79173a4df06
b791f2e26c09
b7927220513f
b792f15e8ea7
b793709d2442
b793efdc1211
b7946f1b5812
b794ee5af648
b7956d9aecb1
b795ecdb3b4e
b7966c1be21f
b796eb5ce125
b7976a9e3860
b797e9dfe7d0
b7986921ef75
b798e8644f4f
b79967a7075f
b799e6ea17a6
b79a662d8022
b79ae57140d5
b79b64b559be
b79be3f9cadf
b79c633e9436
b79ce283b5c5
b79d61c92f8c
b79de10f018b
b79e60552bc1
b79edf9bae30
b79f5ee288d8
b79fde29bbb8
b7a05d7146d2
b7a0dcb92a24
b7a15c0165b1
b7a1db49f977
b7a25a92e577
b7a2d9dc29b1
b7a35925c626
b7a3d86fbad6
b7a457ba07c1
b7a4d704ace7
b7a5564faa48
b7a5d59affe5
b7a654e6adbe
b7a6d432b3d3
b7a7537f1225
b7a7d2cbc8b3
b7a85218d77e
b7a8d1663e86
b7a950b3fdcc
b7a9d002154f
b7aa4f508510
b7aace9f4d0f
b7ab4dee6d4d
b7abcd3de5c9
b7ac4c8db684
b7accbdddf7e
b7ad4b2e60b7
b7adca7f3a30
b7ae49d06be8
b7aec921f5e1
b7af4873d819
b7afc7c61293
b7b04718a54c
b7b0c66b9047
b7b145bed383
b7b1c5126f01
b7b2446662c0
b7b2c3baaec1
b7b3430f5304
b7b3c2644f8a
b7b441b9a452
b7b4c10f515d
b7b5406556ac
b7b5bfbbb43d
b7b63f126a12
b7b6be69782b
b7b73dc0de88
b7b7bd189d2a
b7b83c70b410
b7b8bbc9233a
b7b93b21eaaa
b7b9ba7b0a5f
b7ba39d48259
b7bab92e529a
b7bb38887b20
b7bbb7e2fbec
b7bc373dd4ff
b7bcb6990658
b7bd35f48ff9
b7bdb55071e1
b7be34acac10
b7beb4093e86
b7bf33662945
b7bfb2c36c4b
b7c03221079a
b7c0b17efb32
b7c130dd4713
b7c1b03beb3c
b7c22f9ae7af
b7c2aefa3c6c
b7c32e59e972
b7c3adb9eec2
b7c42d1a4c5d
b7c4ac7b0242
b7c52bdc1072
b7c5ab3d76ec
b7c62a9f35b2
b7c6aa014cc4
b7c72963bc21
b7c7a8c683ca
b7c82829a3c0
b7c8a78d1c02
b7c926f0ec90
b7c9a655156c
b7ca25b99694
b7caa51e700a
b7cb2483a1ce
b7cba3e92bdf
b7cc234f0e3f
b7cca2b548ec
b7cd221bdbe9
b7cda182c734
b7ce20ea0ace
b7cea051a6b8
b7cf1fb99af1
b7cf9f21e77a
b7d01e8a8c53
b7d09df3897c
b7d11d5cdef6
b7d19cc68cc0
b7d21c3092dc
b7d29b9af148
b7d31b05a806
b7d39a70b716
b7d419dc1e78
b7d49947de2c
b7d518b3f632
b7d59820668b
b7d6178d2f37
b7d696fa5035
b7d71667c988
b7d795d59b2e
b7d81543c527
b7d894b24775
b7d914212217
b7d99390550e
b7da12ffe059
b7da926fc3fa
b7db11dffff0
b7db9150943b
b7dc10c180dc
b7dc9032c5d3
b7dd0fa46320
b7dd8f1658c4
b7de0e88a6bf
b7de8dfb4d10
b7df0d6e4bb9
b7df8ce1a2b9
b7e00c555210
b7e08bc959c0
b7e10b3db9c8
b7e18ab27228
b7e20a2782e1
b7e2899cebf2
b7e30912ad5d
b7e38888c721
b7e407ff393f
b7e4877603b6
b7e506ed2688
b7e58664a1b3
b7e605dc753a
b7e68554a11b
b7e704cd2557
b7e7844601ef
b7e803bf36e2
b7e88338c430
b7e902b2a9db
b7e9822ce7e2
b7ea01a77e45
b7ea81226d05
b7eb009db422
b7eb8019539c
b7ebff954b73
b7ec7f119ba9
b7ecfe8e443c
b7ed7e0b452d
b7edfd889e7c
b7ee7d06502a
b7eefc845a37
b7ef7c02bca4
b7effb81776f
b7f07b008a9a
b7f0fa7ff625
b7f179ffba0f
b7f1f97fd65b
b7f279004b06
b7f2f8811812
b7f378023d80
b7f3f783bb4e
b7f47705917e
b7f4f687c010
b7f5760a4704
b7f5f58d265a
b7f675105e12
b7f6f493ee2d
b7f77417d6ab
b7f7f39c178c
b7f87320b0d1
b7f8f2a5a279
b7f9722aec85
b7f9f1b08ef5
b7fa713689ca
b7faf0bcdd03
b7fb704388a1
b7fbefca8ca4
b7fc6f51e90c
b7fceed99dda
b7fd6e61ab0d
b7fdedea10a7
b7fe6d72cea7
b7feecfbe50d
b7ff6c8553da
b7ffec0f1b0e
b8006b993aaa
b800eb23b2ac
b8016aae8317
b801ea39abe9
b80269c52d24
b802e95106c7
b80368dd38d3
b803e869c347
b80467f6a625
b804e783e16c
b8056711751d
b805e69f6137
b806662da5bc
b806e5bc42ab
b807654b3805
b807e4da85c9
b808646a2bf8
b808e3fa2a93
b809638a8199
b809e31b310b
b80a62ac38e9
b80ae23d9934
b80b61cf51ea
b80be161630e
b80c60f3cc9e
b80ce0868e9c
b80d6019a907
b80ddfad1be0
b80e5f40e727
b80eded50adc
b80f5e6986ff
b80fddfe5b91
b8105d938892
b810dd290e01
b8115cbeebe1
b811dc552230
b8125bebb0ee
b812db82981d
b8135b19d7bc
b813dab16fcc
b8145a49604c
b814d9e1a93e
b815597a4aa1
b815d9134475
b81658ac96bb
b816d8464173
b81757e0449e
b817d77aa03a
b8185715544a
b818d6b060cc
b819564bc5c2
b819d5e7832b
b81a55839908
b81ad5200758
b81b54bcce1d
b81bd459ed56
b81c53f76504
b81cd3953527
b81d53335dbf
b81dd2d1decc
b81e5270b84f
b81ed20fea47
b81f51af74b6
b81fd14f579b
b82050ef92f6
b820d09026c8
b82150311312
b821cfd257d2
b8224f73f50a
b822cf15eaba
b8234eb838e2
b823ce5adf82
b8244dfdde9a
b824cda1362c
b8254d44e636
b825cce8eeb9
b8264c8d4fb6
b826cc32092c
b8274bd71b1c
b827cb7c8587
b8284b22486b
b828cac863cb
b8294a6ed7a5
b829ca15a3fa
b82a49bcc8cb
b82ac9644617
b82b490c1be0
b82bc8b44a24
b82c485cd0e4
b82cc805b021
b82d47aee7db
b82dc7587812
b82e470260c6
b82ec6aca1f7
b82f46573ba6
b82fc6022dd4
b83045ad787f
b830c5591ba9
b83145051751
b831c4b16b79
b832445e1820
b832c40b1d46
b83343b87aeb
b833c3663111
b83443143fb7
b834c2c2a6dd
b83542716684
b835c2207eab
b83641cfef54
b836c17fb87e
b837412fda29
b837c0e05457
b83840912706
b838c0425238
b8393ff3d5ec
b839bfa5b223
b83a3f57e6dd
b83abf0a741a
b83b3ebd59db
b83bbe70981f
b83c3e242ee8
b83cbdd81e34
b83d3d8c6605
b83dbd41065b
b83e3cf5ff36
b83ebcab5095
b83f3c60fa7b
b83fbc16fce5
b8403bcd57d6
b840bb840b4d
b8413b3b174a
b841baf27bce
b8423aaa38d9
b842ba624e6a
b8433a1abc83
b843b9d38324
b844398ca24c
b844b94619fd
b84538ffea35
b845b8ba12f7
b84638749441
b846b82f6e14
b84737eaa070
b847b7a62b56
b84837620ec5
b848b71e4abe
b84936dadf42
b849b697cc50
b84a365511e9
b84ab612b00c
b84b35d0a6bb
b84bb58ef5f5
b84c354d9dbb
b84cb50c9e0c
b84d34cbf6ea
b84db48ba854
b84e344bb24b
b84eb40c14ce
b84f33cccfdf
b84fb38de37d
b850334f4fa8
b850b3111462
b85132d331a9
b851b295a77e
b852325875e3
b852b21b9cd5
b85331df1c57
b853b1a2f468
b85431672509
b854b12bae39
b85530f08ff9
b855b0b5ca49
b856307b5d2a
b856b041489c
b85730078c9e
b857afce2931
b8582f951e56
b858af5c6c0d
b8592f241255
b859aeec1130
b85a2eb4689d
b85aae7d189c
b85b2e46212e
b85bae0f8254
b85c2dd93c0c
b85cada34e58
b85d2d6db938
b85dad387cac
b85e2d0398b5
b85eaccf0d51
b85f2c9ada83
b85fac670049
b8602c337ea5
b860ac005596
b8612bcd851d
b861ab9b0d3a
b8622b68eded
b862ab372737
b8632b05b917
b863aad4a38e
b8642aa3e69c
b864aa738241
b8652a43767e
b865aa13c354
b86629e468c1
b866a9b566c6
b8672986bd64
b867a9586c9b
b868292a746b
b868a8fcd4d4
b86928cf8dd7
b869a8a29f74
b86a287609aa
b86aa849cc7b
b86b281de7e6
b86ba7f25bed
b86c27c7288e
b86ca79c4dca
b86d2771cba2
b86da747a215
b86e271dd125
b86ea6f458d0
b86f26cb3918
b86fa6a271fd
b870267a037f
b870a651ed9d
b871262a3059
b871a602cbb3
b87225dbbfab
b872a5b50c40
b873258eb174
b873a568af47
b874254305b8
b874a51db4c9
b87524f8bc79
b875a4d41cc8
b87624afd5b7
b876a48be746
b87724685176
b877a4451446
b87824222fb6
b878a3ffa3c8
b87923dd707b
b879a3bb95cf
b87a239a13c5
b87aa378ea5d
b87b23581997
b87ba337a174
b87c231781f3
b87ca2f7bb15
b87d22d84cda
b87da2b93743
b87e229a7a4f
b87ea27c15ff
b87f225e0a54
b87fa240574c
b8802222fce9
b880a205fb2b
b88121e95212
b881a1cd019f
b88221b109d0
b882a1956aa8
b883217a2426
b883a15f364a
b8842144a114
b884a12a6485
b8852110809d
b885a0f6f55d
b88620ddc2c4
b886a0c4e8d2
b88720ac6789
b887a0943ee7
b888207c6eee
b888a064f79e
b889204dd8f7
b889a03712f8
b88a2020a5a4
b88aa00a90f8
b88b1ff4d4f7
b88b9fdf71a0
b88c1fca66f3
b88c9fb5b4f1
b88d1fa15b99
b88d9f8d5aed
b88e1f79b2eb
b88e9f666396
b88f1f536cec
b88f9f40ceee
b8901f2e899d
b8909f1c9cf8
b8911f0b08ff
b8919ef9cdb4
b8921ee8eb16
b8929ed86125
b8931ec82fe2
b8939eb8574d
b8941ea8d767
b8949e99b02e
b8951e8ae1a5
b8959e7c6bca
b8961e6e4e9e
b8969e608a22
b8971e531e55
b8979e460b38
b8981e3950cc
b8989e2cef0f
b8991e20e604
b8999e1535a9
b89a1e09ddff
b89a9dfedf06
b89b1df438bf
b89b9de9eb2a
b89c1ddff647
b89c9dd65a16
b89d1dcd1697
b89d9dc42bcc
b89e1dbb99b3
b89e9db3604e
b89f1dab7f9c
b89f9da3f79d
b8a01d9cc853
b8a09d95f1bd
b8a11d8f73db
b8a19d894eae
b8a21d838236
b8a29d7e0e73
b8a31d78f365
b8a39d74310d
b8a41d6fc76b
b8a49d6bb67f
b8a51d67fe49
b8a59d649eca
b8a61d619802
b8a69d5ee9f1
b8a71d5c9497
b8a79d5a97f5
b8a81d58f40a
b8a89d57a8d7
b8a91d56b65d
b8a99d561c9b
b8aa1d55db93
b8aa9d55f343
b8ab1d5663ac
b8ab9d572cce
b8ac1d584eab
b8ac9d59c941
b8ad1d5b9c92
b8ad9d5dc89d
b8ae1d604d63
b8ae9d632ae3
b8af1d66611f
b8af9d69f016
b8b01d6dd7c9
b8b09d721837
b8b11d76b162
b8b19d7ba349
b8b21d80eded
b8b29d86914d
b8b31d8c8d6b
b8b39d92e246
b8b41d998fde
b8b49da09635
b8b51da7f549
b8b59dafad1c
b8b61db7bdad
b8b69dc026fd
b8b71dc8e90b
b8b79dd203da
b8b81ddb7767
b8b89de543b4
b8b91def68c2
b8b99df9e68f
b8ba1e04bd1d
b8ba9e0fec6c
b8bb1e1b747b
b8bb9e27554c
b8bc1e338ede
b8bc9e402131
b8bd1e4d0c47
b8bd9e5a501f
b8be1e67ecb9
b8be9e75e215
b8bf1e843035
b8bf9e92d718
b8c01ea1d6bd
b8c09eb12f27
b8c11ec0e054
b8c19ed0ea45
b8c21ee14cfb
b8c29ef20875
b8c31f031cb4
b8c39f1489b8
b8c41f264f81
b8c49f386e10
b8c51f4ae564
b8c59f5db57e
b8c61f70de5f
b8c69f846006
b8c71f983a74
b8c79fac6da8
b8c81fc0f9a4
b8c89fd5de67
b8c91feb1bf2
b8c9a000b245
b8ca2016a15f
b8caa02ce943
b8cb204389ee
b8cba05a8363
b8cc2071d5a1
b8cca08980a8
b8cd20a18479
b8cda0b9e113
b8ce20d29678
b8cea0eba4a6
b8cf21050ba0
b8cfa11ecb64
b8d02138e3f3
b8d0a153554e
b8d1216e1f73
b8d1a1894265
b8d221a4be23
b8d2a1c092ac
b8d321dcc003
b8d3a1f94626
b8d422162516
b8d4a2335cd3
b8d52250ed5d
b8d5a26ed6b5
b8d6228d18dc
b8d6a2abb3d0
b8d722caa792
b8d7a2e9f424
b8d823099984
b8d8a32997b3
b8d92349eeb1
b8d9a36a9e80
b8da238ba71d
b8daa3ad088b
b8db23cec2ca
b8dba3f0d5d9
b8dc241341b8
b8dca4360669
b8dd245923eb
b8dda47c9a3e
b8de24a06963
b8dea4c4915b
b8df24e91224
b8dfa50debc0
b8e025331e2f
b8e0a558a970
b8e1257e8d85
b8e1a5a4ca6d
b8e225cb6029
b8e2a5f24eb8
b8e32619961c
b8e3a6413655
b8e426692f62
b8e4a6918143
b8e526ba2bfa
b8e5a6e32f86
b8e6270c8be8
b8e6a7364120
b8e727604f2e
b8e7a78ab612
b8e827b575cd
b8e8a7e08e5e
b8e9280bffc6
b8e9a837ca06
b8ea2863ed1d
b8eaa890690d
b8eb28bd3dd4
b8eba8ea6b73
b8ec2917f1eb
b8eca945d13b
b8ed29740965
b8eda9a29a67
b8ee29d18443
b8eeaa00c6f9
b8ef2a306289
b8efaa6056f3
b8f02a90a437
b8f0aac14a56
b8f12af24950
b8f1ab23a125
b8f22b5551d5
b8f2ab875b61
b8f32bb9bdc9
b8f3abec790d
b8f42c1f8d2d
b8f4ac52fa2a
b8f52c86c003
b8f5acbadeba
b8f62cef564e
b8f6ad2426bf
b8f72d59500e
b8f7ad8ed23c
b8f82dc4ad47
b8f8adfae131
b8f92e316dfa
b8f9ae6853a2
b8fa2e9f9229
b8faaed7298f
b8fb2f0f19d5
b8fbaf4762fb
b8fc2f800501
b8fcafb8ffe8
b8fd2ff253af
b8fdb02c0058
b8fe306605e1
b8feb0a0644c
b8ff30db1b98
b8ffb1162bc6
b900315194d7
b900b18d56c9
b90131c9719f
b901b205e557
b9023242b1f2
b902b27fd770
b90332bd55d2
b903b2fb2d18
b90433395d42
b904b377e650
b90533b6c843
b905b3f6031a
b906343596d7
b906b4758378
b90734b5c8ff
b907b4f6676c
b90835375ebf
b908b578aef8
b90935ba5817
b909b5fc5a1d
b90a363eb50a
b90ab68168df
b90b36c4759a
b90bb707db3d
b90c374b99c8
b90cb78fb13c
b90d37d42197
b90db818eadc
b90e385e0d09
b90eb8a3881f
b90f38e95c1e
b90fb92f8907
b91039760eda
b910b9bced97
b9113a04253e
b911ba4bb5d0
b9123a939f4c
b912badbe1b4
b9133b247d07
b913bb6d7145
b9143bb6be6f
b914bc006485
b9153c4a6387
b915bc94bb75
b9163cdf6c51
b916bd2a7619
b9173d75d8cf
b917bdc19471
b9183e0da902
b918be5a1680
b9193ea6dced
b919bef3fc48
b91a3f417491
b91abf8f45ca
b91b3fdd6ff1
b91bc02bf308
b91c407acf0f
b91cc0ca0405
b91d411991eb
b91dc16978c2
b91e41b9b889
b91ec20a5141
b91f425b42eb
b91fc2ac8d85
b92042fe3111
b920c3502d8e
b92143a282fe
b921c3f53160
b922444838b4
b922c49b98fb
b92344ef5235
b923c5436462
b9244597cf83
b924c5ec9397
b9254641b0a0
b925c697269c
b92646ecf58d
b926c7431d72
b92747999e4d
b927c7f0781c
b9284847aae1
b928c89f369b
b92948f71b4c
b929c94f58f2
b92a49a7ef8f
b92aca00df22
b92b4a5a27ac
b92bcab3c92d
b92c4b0dc3a6
b92ccb681716
b92d4bc2c37d
b92dcc1dc8dd
b92e4c792735
b92eccd4de86
b92f4d30eecf
b92fcd8d5811
b9304dea1a4d
b930ce473582
b9314ea4a9b0
b931cf0276d9
b9324f609cfc
b932cfbf1c19
b933501df431
b933d07d2544
b93450dcaf51
b934d13c925b
b935519cce60
b935d1fd6361
b936525e515d
b936d2bf9857
b9375321384d
b937d383313f
b93853e5832f
b938d4482e1c
b93954ab3207
b939d50e8eef
b93a557244d6
b93ad5d653bb
b93b563abb9e
b93bd69f7c80
b93c57049661
b93cd76a0941
b93d57cfd521
b93dd835fa01
b93e589c77e0
b93ed9034ec0
b93f596a7ea0
b93fd9d20781
b9405a39e963
b940daa22446
b9415b0ab82a
b941db73a510
b9425bdceaf8
b942dc4689e2
b9435cb081cf
b943dd1ad2be
b9445d857cb0
b944ddf07fa5
b9455e5bdb9d
b945dec79099
b9465f339e99
b946dfa0059c
b947600cc5a5
b947e079deb1
b94860e750c3
b948e1551bd9
b94961c33ff5
b949e231bd16
b94a62a0933d
b94ae30fc26a
b94b637f4a9e
b94be3ef2bd7
b94c645f6618
b94ce4cff95f
b94d6540e5ae
b94de5b22b04
b94e6623c962
b94ee695c0c7
b94f67081135
b94fe77abaab
b95067edbd2a
b950e86118b2
b95168d4cd43
b951e948dadd
b95269bd4181
b952ea32012f
b9536aa719e7
b953eb1c8ba9
b9546b925675
b954ec087a4d
b9556c7ef72f
b955ecf5cd1d
b9566d6cfc17
b956ede4841c
b9576e5c652d
b957eed49f4b
b9586f4d3275
b958efc61eab
b959703f63ef
b959f0b90240
b95a7132f99e
b95af1ad4a0a
b95b7227f385
b95bf2a2f60d
b95c731e51a3
b95cf39a0649
b95d741613fd
b95df4927ac0
b95e750f3a93
b95ef58c5376
b95f7609c568
b95ff687906a
b9607705b47d
b960f78431a1
b961780307d5
b961f882371a
b9627901bf71
b962f981a0d9
b9637a01db53
b963fa826edf
b9647b035b7e
b964fb84a12f
b9657c063ff2
b965fc8837c9
b9667d0a88b3
b966fd8d32b0
b9677e1035c1
b967fe9391e7
b9687f174720
b968ff9b556e
b969801fbcd0
b96a00a47d48
b96a812996d4
b96b01af0977
b96b8234d52e
b96c02baf9fc
b96c834177e0
b96d03c84eda
b96d844f7eeb
b96e04d70813
b96e855eea51
b96f05e725a8
b96f866fba15
b97006f8a79b
b9708781ee39
b971080b8def
b971889586bd
b972091fd8a4
b97289aa83a5
b9730a3587bf
b9738ac0e4f2
b9740b4c9b3f
b9748bd8aaa6
b9750c651327
b9758cf1d4c3
b9760d7eef79
b9768e0c634b
b9770e9a3037
b9778f28563f
b9780fb6d563
b9789045ada3
b97910d4deff
b97991646977
b97a11f44d0c
b97a928489be
b97b13151f8d
b97b93a60e7a
b97c14375684
b97c94c8f7ac
b97d155af1f2
b97d95ed4556
b97e167ff1d9
b97e9712f77b
b97f17a6563c
b97f983a0e1c
b98018ce1f1c
b9809962893c
b98119f74c7b
b9819a8c68db
b9821b21de5b
b9829bb7acfd
b9831c4dd4bf
b9839ce455a2
b9841d7b2fa7
b9849e1262ce
b9851ea9ef17
b9859f41d481
b9861fda130f
b986a072aabf
b987210b9b92
b987a1a4e588
b988223e88a1
b988a2d884de
b9892372da40
b989a40d88c5
b98a24a8906e
b98aa543f13d
b98b25dfab30
b98ba67bbe48
b98c27182a86
b98ca7b4efe9
b98d28520e72
b98da8ef8621
b98e298d56f6
b98eaa2b80f2
b98f2aca0415
b98fab68e05f
b9902c0815d0
b990aca7a468
b9912d478c29
b991ade7cd11
b9922e886722
b992af295a5b
b9932fcaa6bd
b993b06c4c47
b994310e4afb
b994b1b0a2d9
b995325353e0
b995b2f65e11
b9963399c16c
b996b43d7df2
b99734e193a2
b997b586027e
b998362aca84
b998b6cfebb6
b99937756613
b999b81b399c
b99a38c16652
b99ab967ec34
b99b3a0ecb42
b99bbab6037d
b99c3b5d94e5
b99cbc057f7b
b99d3cadc33e
b99dbd56602f
b99e3dff564e
b99ebea8a59b
b99f3f524e17
b99fbffc4fc1
b9a040a6aa9b
b9a0c1515ea4
b9a141fc6bdc
b9a1c2a7d244
b9a2435391dc
b9a2c3ffaaa4
b9a344ac1c9d
b9a3c558e7c6
b9a446060c20
b9a4c6b389ac
b9a547616069
b9a5c80f9057
b9a648be1978
b9a6c96cfbca
b9a74a1c374f
b9a7cacbcc07
b9a84b7bb9f1
b9a8cc2c010f
b9a94cdca160
b9a9cd8d9ae4
b9aa4e3eed9d
b9aacef09989
b9ab4fa29eaa
b9abd054fcff
b9ac5107b48a
b9acd1bac549
b9ad526e2f3d
b9add321f267
b9ae53d60ec7
b9aed48a845d
b9af553f5329
b9afd5f47b2b
b9b056a9fc65
b9b0d75fd6d5
b9b158160a7c
b9b1d8cc975b
b9b259837d72
b9b2da3abcc1
b9b35af25547
b9b3dbaa4706
b9b45c6291fe
b9b4dd1b362f
b9b55dd43399
b9b5de8d8a3c
b9b65f473a19
b9b6e0014330
b9b760bba581
b9b7e176610c
b9b8623175d2
b9b8e2ece3d3
b9b963a8ab0f
b9b9e464cb86
b9ba65214539
b9bae5de1827
b9bb669b4452
b9bbe758c9b9
b9bc6816a85c
b9bce8d4e03c
b9bd69937159
b9bdea525bb4
b9be6b119f4c
b9beebd13c21
b9bf6c913235
b9bfed518187
b9c06e122a17
b9c0eed32be6
b9c16f9486f4
b9c1f0563b42
b9c2711848ce
b9c2f1daaf9b
b9c3729d6fa7
b9c3f36088f3
b9c47423fb80
b9c4f4e7c74e
b9c575abec5c
b9c5f6706aab
b9c67735423c
b9c6f7fa730f
b9c778bffd23
b9c7f985e079
b9c87a4c1d12
b9c8fb12b2ed
b9c97bd9a20b
b9c9fca0ea6c
b9ca7d688c11
b9cafe3086f9
b9cb7ef8db25
b9cbffc18894
b9cc808a8f48
b9cd0153ef41
b9cd821da87e
b9ce02e7bb01
b9ce83b226c8
b9cf047cebd5
b9cf85480a28
b9d0061381c1
b9d086df52a0
b9d107ab7cc5
b9d188780031
b9d20944dce4
b9d28a1212de
b9d30adfa220
b9d38bad8aa9
b9d40c7bcc7a
b9d48d4a6793
b9d50e195bf5
b9d58ee8a99f
b9d60fb85092
b9d6908850ce
b9d71158aa53
b9d792295d23
b9d812fa693b
b9d893cbce9e
b9d9149d8d4c
b9d9956fa544
b9da16421686
b9da9714e114
b9db17e804ed
b9db98bb8211
b9dc198f5882
b9dc9a63883e
b9dd1b381146
b9dd9c0cf39b
b9de1ce22f3d
b9de9db7c42c
b9df1e8db267
b9df9f63f9f1
b9e0203a9ac8
b9e0a11194ed
b9e121e8e860
b9e1a2c09521
b9e223989b32
b9e2a470fa91
b9e32549b33f
b9e3a622c53d
b9e426fc308a
b9e4a7d5f527
b9e528b01314
b9e5a98a8a52
b9e62a655ae0
b9e6ab4084bf
b9e72c1c07ef
b9e7acf7e471
b9e82dd41a44
b9e8aeb0a969
b9e92f8d91df
b9e9b06ad3a9
b9ea31486ec4
b9eab2266333
b9eb3304b0f4
b9ebb3e35809
b9ec34c25871
b9ecb5a1b22d
b9ed3681653d
b9edb76171a1
b9ee3841d75a
b9eeb9229667
b9ef3a03aeca
b9efbae52081
b9f03bc6eb8e
b9f0bca90ff1
b9f13d8b8da9
b9f1be6e64b8
b9f23f51951d
b9f2c0351ed9
b9f3411901eb
b9f3c1fd3e55
b9f442e1d416
b9f4c3c6c32f
b9f544ac0ba0
b9f5c591ad68
b9f64677a889
b9f6c75dfd03
b9f74844aad5
b9f7c92bb201
b9f84a131286
b9f8cafacc64
b9f94be2df9c
b9f9cccb4c2e
b9fa4db4121b
b9face9d3161
b9fb4f86aa03
b9fbd0707c00
b9fc515aa758
b9fcd2452c0b
b9fd53300a1a
b9fdd41b4185
b9fe5506d24d
b9fed5f2bc70
b9ff56defff1
b9ffd7cb9cce
ba0058b89309
ba00d9a5e2a1
ba015a938b96
ba01db818dea
ba025c6fe99b
ba02dd5e9eac
ba035e4dad1a
ba03df3d14e8
ba04602cd614
ba04e11cf0a0
ba05620d648c
ba05e2fe31d7
ba0663ef5883
ba06e4e0d88f
ba0765d2b1fb
ba07e6c4e4c8
ba0867b770f7
ba08e8aa5686
ba09699d9577
ba09ea912dca
ba0a6b851f7f
ba0aec796a96
ba0b6d6e0f10
ba0bee630cec
ba0c6f58642c
ba0cf04e14ce
ba0d71441ed4
ba0df23a823e
ba0e73313f0c
ba0ef428553d
ba0f751fc4d4
ba0ff6178dcf
ba10770fb02f
ba10f8082bf4
ba117901011e
ba11f9fa2fae
ba127af3b7a4
ba12fbed9901
ba137ce7d3c3
ba13fde267ec
ba147edd557c
ba14ffd89c73
ba1580d43cd2
ba1601d03698
ba1682cc89c6
ba1703c9365c
ba1784c63c5a
ba1805c39bc1
ba1886c15490
ba1907bf66c9
ba1988bdd26b
ba1a09bc9776
ba1a8abbb5eb
ba1b0bbb2dca
ba1b8cbaff14
ba1c0dbb29c7
ba1c8ebbade6
ba1d0fbc8b70
ba1d90bdc264
ba1e11bf52c5
ba1e92c13c91
ba1f13c37fc9
ba1f94c61c6d
ba2015c9127d
ba2096cc61fa
ba2117d00ae4
ba2198d40d3c
ba2219d86900
ba229add1e32
ba231be22cd2
ba239ce794e1
ba241ded565d
ba249ef37149
ba251ff9e5a3
ba25a100b36c
ba262207daa4
ba26a30f5b4c
ba2724173564
ba27a51f68ec
ba282627f5e4
ba28a730dc4d
ba29283a1c26
ba29a943b571
ba2a2a4da82d
ba2aab57f45a
ba2b2c6299f9
ba2bad6d990a
ba2c2e78f18e
ba2caf84a383
ba2d3090aeec
ba2db19d13c7
ba2e32a9d216
ba2eb3b6e9d8
ba2f34c45b0e
ba2fb5d225b8
ba3036e049d6
ba30b7eec768
ba3138fd9e6f
ba31ba0cceeb
ba323b1c58dc
ba32bc2c3c42
ba333d3c791e
ba33be4d0f70
ba343f5dff38
ba34c06f4877
ba354180eb2c
ba35c292e757
ba3643a53cfa
ba36c4b7ec15
ba3745caf4a6
ba37c6de56b0
ba3847f21232
ba38c906272b
ba394a1a959e
ba39cb2f5d89
ba3a4c447eed
ba3acd59f9cb
ba3b4e6fce22
ba3bcf85fbf3
ba3c509c833d
ba3cd1b36402
ba3d52ca9e42
ba3dd3e231fc
ba3e54fa1f31
ba3ed61265e1
ba3f572b060d
ba3fd843ffb5
ba40595d52d8
ba40da76ff77
ba415b910593
ba41dcab652c
ba425dc61e41
ba42dee130d4
ba435ffc9ce4
ba43e1186272
ba446234817d
ba44e350fa07
ba45646dcc0f
ba45e58af795
ba4666a87c9b
ba46e7c65b1f
ba4768e49323
ba47ea0324a6
ba486b220fa9
ba48ec41542c
ba496d60f230
ba49ee80e9b4
ba4a6fa13ab8
ba4af0c1e53e
ba4b71e2e945
ba4bf30446ce
ba4c7425fdd8
ba4cf5480e64
ba4d766a7873
ba4df78d3c04
ba4e78b05917
ba4ef9d3cfae
ba4f7af79fc8
ba4ffc1bc965
ba507d404c86
ba50fe65292b
ba517f8a5f54
ba5200afef01
ba5281d5d833
ba5302fc1aea
ba538422b726
ba540549ace7
ba548670fc2f
ba550798a4fb
ba5588c0a74f
ba5609e90328
ba568b11b888
ba570c3ac76f
ba578d642fdd
ba580e8df1d2
ba588fb80d4e
ba5910e28253
ba59920d50e0
ba5a133878f4
ba5a9463fa92
ba5b158fd5b8
ba5b96bc0a67
ba5c17e898a0
ba5c99158062
ba5d1a42c1ad
ba5d9b705c83
ba5e1c9e50e3
ba5e9dcc9ecd
ba5f1efb4642
ba5fa02a4742
ba602159a1cd
ba60a28955e4
ba6123b96386
ba61a4e9cab5
ba62261a8b6f
ba62a74ba5b6
ba63287d1989
ba63a9aee6ea
ba642ae10dd7
ba64ac138e52
ba652d46685a
ba65ae799bf1
ba662fad2915
ba66b0e10fc8
ba6732155009
ba67b349e9da
ba68347edd39
ba68b5b42a27
ba6936e9d0a6
ba69b81fd0b4
ba6a39562a52
ba6aba8cdd80
ba6b3bc3ea3f
ba6bbcfb508e
ba6c3e33106f
ba6cbf6b29e1
ba6d40a39ce4
ba6dc1dc6979
ba6e43158fa0
ba6ec44f0f5a
ba6f4588e8a5
ba6fc6c31b84
ba7047fda7f5
ba70c9388dfa
ba714a73cd92
ba71cbaf66be
ba724ceb597e
ba72ce27a5d1
ba734f644bba
ba73d0a14b37
ba7451dea448
ba74d31c56ef
ba75545a632c
ba75d598c8fe
ba7656d78865
ba76d816a163
ba77595613f8
ba77da95e023
ba785bd605e4
ba78dd16853d
ba795e575e2d
ba79df9890b5
ba7a60da1cd4
ba7ae21c028c
ba7b635e41dc
ba7be4a0dac4
ba7c65e3cd45
ba7ce727195f
ba7d686abf13
ba7de9aebe5f
ba7e6af31746
ba7eec37c9c7
ba7f6d7cd5e2
ba7feec23b97
ba807007fae7
ba80f14e13d2
ba8172948658
ba81f3db527a
ba8275227837
ba82f669f790
ba8377b1d086
ba83f8fa0318
ba847a428f46
ba84fb8b7512
ba857cd4b47a
ba85fe1e4d80
ba867f684024
ba8700b28c65
ba8781fd3245
ba88034831c3
ba8884938adf
ba8905df3d9a
ba89872b49f5
ba8a0877afef
ba8a89c46f88
ba8b0b1188c1
ba8b8c5efb9a
ba8c0dacc814
ba8c8efaee2e
ba8d10496de9
ba8d91984744
ba8e12e77a42
ba8e943706e0
ba8f1586ed21
ba8f96d72d03
ba901827c688
ba909978b9af
ba911aca0678
ba919c1bace5
ba921d6dacf5
ba929ec006a9
ba932012ba00
ba93a165c6fb
ba9422b92d9a
ba94a40cedde
ba95256107c6
ba95a6b57b53
ba96280a4886
ba96a95f6f5e
ba972ab4efdb
ba97ac0ac9fe
ba982d60fdc8
ba98aeb78b38
ba99300e724e
ba99b165b30b
ba9a32bd4d70
ba9ab415417b
ba9b356d8f2e
ba9bb6c6368a
ba9c381f378d
ba9cb9789238
ba9d3ad2468c
ba9dbc2c5489
ba9e3d86bc2f
ba9ebee17d7e
ba9f403c9876
ba9fc1980d19
baa042f3db65
baa0c450035c
baa145ac84fd
baa1c7096049
baa248669540
baa2c9c423e2
baa34b220c2f
baa3cc804e29
baa44ddee9ce
baa4cf3ddf1f
baa5509d2e1d
baa5d1fcd6c7
baa6535cd91f
baa6d4bd3523
baa7561dead5
baa7d77efa35
baa858e06343
baa8da4225fe
baa95ba44268
baa9dd06b881
baaa5e698848
baaadfccb1bf
baab613034e5
baabe29411ba
baac63f84840
baace55cd875
baad66c1c25b
baade82705f1
baae698ca339
baaeeaf29a31
baaf6c58eada
baafedbf9535
bab06f269942
bab0f08df701
bab171f5ae72
bab1f35dbf96
bab274c62a6c
bab2f62eeef5
bab377980d32
bab3f9018522
bab47a6b56c5
bab4fbd5821d
bab57d400729
bab5feaae5e9
bab680161e5e
bab70181b088
bab782ed9c68
bab80459e1fc
bab885c68146
bab907337a47
bab988a0ccfd
baba0a0e796a
baba8b7c7f8d
babb0ceadf67
babb8e5998f8
babc0fc8ac41
babc91381941
babd12a7dff9
babd9418006a
babe15887a92
babe96f94e73
babf186a7c0d
babf99dc0360
bac01b4de46d
bac09cc01f33
bac11e32b3b2
bac19fa5a1ec
bac22118e9e0
bac2a28c8b8e
bac3240086f8
bac3a574dc1c
bac426e98afb
bac4a85e9396
bac529d3f5ed
bac5ab49b200
bac62cbfc7cf
bac6ae36375a
bac72fad00a2
bac7b12423a7
bac8329ba06a
bac8b41376e9
bac9358ba727
bac9b7043122
baca387d14dc
bacab9f65253
bacb3b6fe98a
bacbbce9da7f
bacc3e642534
baccbfdec9a8
bacd4159c7db
bacdc2d51fcf
bace4450d182
bacec5ccdcf6
bacf4749422b
bacfc8c60120
bad04a4319d6
bad0cbc08c4e
bad14d3e5887
bad1cebc7e83
bad2503afe40
bad2d1b9d7bf
bad353390b01
bad3d4b89806
bad456387ece
bad4d7b8bf59
bad5593959a7
bad5daba4dba
bad65c3b9b90
bad6ddbd432b
bad75f3f448a
bad7e0c19fad
bad862445496
bad8e3c76344
bad9654acbb8
bad9e6ce8df1
bada6852a9f0
badae9d71fb5
badb6b5bef41
badbece11893
badc6e669bac
badcefec788d
badd7172af35
baddf2f93fa4
bade748029db
badef6076ddb
badf778f0ba3
badff9170333
bae07a9f548c
bae0fc27ffaf
bae17db1049b
bae1ff3a6350
bae280c41bcf
bae3024e2e19
bae383d89a2c
bae40563600a
bae486ee7fb3
bae50879f927
bae58a05cc67
bae60b91f971
bae68d1e8048
bae70eab60eb
bae790389b59
bae811c62f95
bae893541d9d
bae914e26572
bae996710715
baea18000284
baea998f57c2
baeb1b1f06cd
baeb9caf0fa7
baec1e3f724f
baec9fd02ec6
baed2161450c
baeda2f2b521
baee24847f06
baeea616a2ba
baef27a9203e
baefa93bf792
baf02acf28b6
baf0ac62b3ac
baf12df69872
baf1af8ad709
baf2311f6f71
baf2b2b461ac
baf33449adb8
baf3b5df5396
baf437755346
baf4b90bacc9
baf53aa2601f
baf5bc396d48
baf63dd0d445
baf6bf689514
baf74100afb8
baf7c2992430
baf84431f27c
baf8c5cb1a9c
baf947649c91
baf9c8fe785c
bafa4a98adfb
bafacc333d70
bafb4dce26bb
bafbcf6969dc
bafc510506d3
bafcd2a0fda1
bafd543d4e45
bafdd5d9f8c0
bafe5776fd12
bafed9145b3c
baff5ab2133e
baffdc502517
bb005dee90c9
bb00df8d5653
bb01612c75b6
bb01e2cbeef1
bb02646bc206
bb02e60beef4
bb0367ac75bc
bb03e94d565e
bb046aee90da
bb04ec902530
bb056e321361
bb05efd45b6d
bb067176fd53
bb06f319f916
bb0774bd4eb3
bb07f660fe2d
bb0878050782
bb08f9a96ab4
bb097b4e27c3
bb09fcf33eae
bb0a7e98af77
bb0b003e7a1c
bb0b81e49e9f
bb0c038b1d00
bb0c8531f53f
bb0d06d9275c
bb0d8880b358
bb0e0a289933
bb0e8bd0d8ec
bb0f0d797285
bb0f8f2265fd
bb1010cbb355
bb1092755a8d
bb11141f5ba5
bb1195c9b69d
bb1217746b77
bb12991f7a31
bb131acae2cc
bb139c76a549
bb141e22c1a7
bb149fcf37e8
bb15217c080a
bb15a329320f
bb1624d6b5f7
bb16a68493c1
bb172832cb6f
bb17a9e15d00
bb182b904874
bb18ad3f8dcd
bb192eef2d09
bb19b09f262a
bb1a324f792f
bb1ab400261a
bb1b35b12ce9
bb1bb7628d9e
bb1c39144838
bb1cbac65cb8
bb1d3c78cb1e
bb1dbe2b936b
bb1e3fdeb59e
bb1ec19231b7
bb1f434607b8
bb1fc4fa37a0
bb2046aec16f
bb20c863a527
bb214a18e2c6
bb21cbce7a4e
bb224d846bbe
bb22cf3ab716
bb2350f15c58
bb23d2a85b83
bb24545fb497
bb24d6176795
bb2557cf747d
bb25d987db4f
bb265b409c0c
bb26dcf9b6b3
bb275eb32b46
bb27e06cf9c3
bb286227222c
bb28e3e1a480
bb29659c80c1
bb29e757b6ed
bb2a69134706
bb2aeacf310b
bb2b6c8b74fe
bb2bee4812dd
bb2c70050aaa
bb2cf1c25c64
bb2d7380080d
bb2df53e0da3
bb2e76fc6d27
bb2ef8bb269b
bb2f7a7a39fd
bb2ffc39a74e
bb307df96e8e
bb30ffb98fbe
bb31817a0ade
bb32033adfee
bb3284fc0eee
bb3306bd97de
bb33887f7abf
bb340a41b792
bb348c044e55
bb350dc73f0a
bb358f8a89b1
bb36114e2e4a
bb3693122cd5
bb3714d68552
bb37969b37c3
bb3818604426
bb389a25aa7c
bb391beb6ac6
bb399db18503
bb3a1f77f935
bb3aa13ec75a
bb3b2305ef74
bb3ba4cd7183
bb3c26954d86
bb3ca85d837f
bb3d2a26136d
bb3dabeefd51
bb3e2db8412a
bb3eaf81defa
bb3f314bd6c0
bb3fb316287d
bb4034e0d430
bb40b6abd9db
bb413877397d
bb41ba42f317
bb423c0f06a8
bb42bddb7431
bb433fa83bb3
bb43c1755d2d
bb444342d8a0
bb44c510ae0d
bb4546dedd72
bb45c8ad66d1
bb464a7c4a2a
bb46cc4b877d
bb474e1b1eca
bb47cfeb1011
bb4851bb5b53
bb48d38c0091
bb49555cffc9
bb49d72e58fd
bb4a59000c2d
bb4adad21959
bb4b5ca48080
bb4bde7741a5
bb4c604a5cc6
bb4ce21dd1e4
bb4d63f1a0ff
bb4de5c5ca18
bb4e679a4d2e
bb4ee96f2a42
bb4f6b446154
bb4fed19f265
bb506eefdd74
bb50f0c62283
bb51729cc190
bb51f473ba9d
bb52764b0da9
bb52f822bab6
bb5379fac1c2
bb53fbd322cf
bb547dabdddc
bb54ff84f2ea
bb55815e61fa
bb5603382b0a
bb5685124e1c
bb5706eccb30
bb5788c7a246
bb580aa2d35f
bb588c7e5e7a
bb590e5a4397
bb59903682b8
bb5a12131bdc
bb5a93f00f04
bb5b15cd5c2f
bb5b97ab035e
bb5c19890492
bb5c9b675fca
bb5d1d461507
bb5d9f252448
bb5e21048d8f
bb5ea2e450dc
bb5f24c46e2e
bb5fa6a4e586
bb602885b6e4
bb60aa66e249
bb612c4867b5
bb61ae2a4727
bb62300c80a1
bb62b1ef1422
bb6333d201aa
bb63b5b5493b
bb643798ead4
bb64b97ce675
bb653b613c1f
bb65bd45ebd1
bb663f2af58d
bb66c1105952
bb6742f61721
bb67c4dc2efa
bb6846c2a0dc
bb68c8a96cc9
bb694a9092c1
bb69cc7812c4
bb6a4e5fecd1
bb6ad04820ea
bb6b5230af0f
bb6bd419973f
bb6c5602d97b
bb6cd7ec75c4
bb6d59d66c19
bb6ddbc0bc7b
bb6e5dab66ea
bb6edf966b66
bb6f6181c9f0
bb6fe36d8287
bb706559952d
bb70e74601e1
bb716932c8a3
bb71eb1fe974
bb726d0d6454
bb72eefb3943
bb7370e96842
bb73f2d7f150
bb7474c6d46f
bb74f6b6119d
bb7578a5a8dc
bb75fa959a2c
bb767c85e58c
bb76fe768afe
bb7780678a81
bb780258e416
bb78844a97bd
bb79063ca576
bb79882f0d41
bb7a0a21cf1f
bb7a8c14eb10
bb7b0e086114
bb7b8ffc312b
bb7c11f05b56
bb7c93e4df95
bb7d15d9bde8
bb7d97cef64f
bb7e19c488cb
bb7e9bba755c
bb7f1db0bc01
bb7f9fa75cbc
bb80219e578d
bb80a395ac73
bb81258d5b70
bb81a7856483
bb82297dc7ac
bb82ab7684ec
bb832d6f9c43
bb83af690db1
bb843162d937
bb84b35cfed5
bb8535577e8b
bb85b7525859
bb86394d8c3f
bb86bb491a3e
bb873d450256
bb87bf414488
bb88413de0d2
bb88c33ad737
bb89453827b5
bb89c735d24e
bb8a4933d701
bb8acb3235cf
bb8b4d30eeb8
bb8bcf3001bc
bb8c512f6edb
bb8cd32f3616
bb8d552f576d
bb8dd72fd2e0
bb8e5930a86f
bb8edb31d81b
bb8f5d3361e4
bb8fdf3545ca
bb90613783ce
bb90e33a1bef
bb91653d0e2e
bb91e7405a8b
bb9269440106
bb92eb4801a0
bb936d4c5c59
bb93ef511131
bb9471562028
bb94f35b893f
bb9575614c75
bb95f76769cc
bb96796de143
bb96fb74b2da
bb977d7bde93
bb97ff83646c
bb98818b4466
bb9903937e83
bb99859c12c0
bb9a07a50120
bb9a89ae49a2
bb9b0bb7ec47
bb9b8dc1e90e
bb9c0fcc3ff9
bb9c91d6f106
bb9d13e1fc37
bb9d95ed618c
bb9e17f92105
bb9e9a053aa1
bb9f1c11ae63
bb9f9e1e7c49
bba0202ba454
bba0a2392684
bba1244702d9
bba1a6553955
bba22863c9f6
bba2aa72b4bd
bba32c81f9ab
bba3ae9198bf
bba430a191fa
bba4b2b1e55d
bba534c292e7
bba5b6d39a98
bba638e4fc71
bba6baf6b873
bba73d08ce9c
bba7bf1b3eef
bba8412e096a
bba8c3412e0e
bba94554acdb
bba9c76885d3
bbaa497cb8f3
bbaacb91463e
bbab4da62db4
bbabcfbb6f54
bbac51d10b1e
bbacd3e70114
bbad55fd5135
bbadd813fb81
bbae5a2afffa
bbaedc425e9e
bbaf5e5a176f
bbafe0722a6c
bbb0628a9795
bbb0e4a35eec
bbb166bc8070
bbb1e8d5fc22
bbb26aefd201
bbb2ed0a020e
bbb36f248c49
bbb3f13f70b3
bbb4735aaf4c
bbb4f5764813
bbb577923b0a
bbb5f9ae8830
bbb67bcb2f86
bbb6fde8310c
bbb780058cc2
bbb8022342a8
bbb8844152bf
bbb9065fbd07
bbb9887e8180
bbba0a9da02a
bbba8cbd1906
bbbb0edcec14
bbbb90fd1954
bbbc131da0c6
bbbc953e826b
bbbd175fbe43
bbbd9981544e
bbbe1ba3448c
bbbe9dc58efe
bbbf1fe833a4
bbbfa20b327e
bbc0242e8b8c
bbc0a6523ece
bbc128764c46
bbc1aa9ab3f2
bbc22cbf75d4
bbc2aee491eb
bbc3310a0838
bbc3b32fd8bc
bbc435560375
bbc4b77c8865
bbc539a3678b
bbc5bbcaa0e9
bbc63df2347e
bbc6c01a224b
bbc742426a4f
bbc7c46b0c8b
bbc8469408ff
bbc8c8bd5fac
bbc94ae71092
bbc9cd111bb0
bbca4f3b8108
bbcad1664099
bbcb53915a64
bbcbd5bcce69
bbcc57e89ca8
bbccda14c521
bbcd5c4147d5
bbcdde6e24c4
bbce609b5bee
bbcee2c8ed54
bbcf64f6d8f5
bbcfe7251ed2
bbd06953beeb
bbd0eb82b941
bbd16db20dd3
bbd1efe1bca2
bbd27211c5ae
bbd2f44228f8
bbd37672e67f
bbd3f8a3fe44
bbd47ad57047
bbd4fd073c88
bbd57f396308
bbd6016be3c7
bbd6839ebec5
bbd705d1f402
bbd78805837f
bbd80a396d3b
bbd88c6db138
bbd90ea24f75
bbd990d747f2
bbda130c9ab0
bbda954247af
bbdb17784ef0
bbdb99aeb072
bbdc1be56c35
bbdc9e1c823b
bbdd2053f283
bbdda28bbd0e
bbde24c3e1db
bbdea6fc60eb
bbdf29353a3e
bbdfab6e6dd5
bbe02da7fbb0
bbe0afe1e3ce
bbe1321c2631
bbe1b456c2d8
bbe23691b9c4
bbe2b8cd0af5
bbe33b08b66b
bbe3bd44bc26
bbe43f811c27
bbe4c1bdd66e
bbe543faeafb
bbe5c63859cf
bbe6487622e9
bbe6cab4464a
bbe74cf2c3f2
bbe7cf319be1
bbe85170ce18
bbe8d3b05a98
bbe955f0415f
bbe9d830826e
bbea5a711dc6
bbeadcb21367
bbeb5ef36351
bbebe1350d84
bbec63771201
bbece5b970c8
bbed67fc29d9
bbedea3f3d34
bbee6c82aada
bbeeeec672ca
bbef710a9506
bbeff34f118c
bbf07593e85f
bbf0f7d9197d
bbf17a1ea4e7
bbf1fc648a9d
bbf27eaacaa0
bbf300f164f0
bbf38338598c
bbf4057fa876
bbf487c751ae
bbf50a0f5533
bbf58c57b306
bbf60ea06b27
bbf690e97d97
bbf71332ea55
bbf7957cb163
bbf817c6d2bf
bbf89a114e6b
bbf91c5c2467
bbf99ea754b3
bbfa20f2df4f
bbfaa33ec43b
bbfb258b0378
bbfba7d79d06
bbfc2a2490e5
bbfcac71df15
bbfd2ebf8797
bbfdb10d8a6b
bbfe335be791
bbfeb5aa9f0a
bbff37f9b0d5
bbffba491cf3
bc003c98e364
bc00bee90428
bc0141397f40
bc01c38a54ac
bc0245db846c
bc02c82d0e81
bc034a7ef2e9
bc03ccd131a7
bc044f23caba
bc04d176be22
bc0553ca0be0
bc05d61db3f3
bc065871b65d
bc06dac6131c
bc075d1aca33
bc07df6fdba0
bc0861c54764
bc08e41b0d7f
bc0966712df2
bc09e8c7a8bd
bc0a6b1e7de0
bc0aed75ad5a
bc0b6fcd372e
bc0bf2251b5a
bc0c747d59df
bc0cf6d5f2be
bc0d792ee5f5
bc0dfb883387
bc0e7de1db72
bc0f003bddb8
bc0f82963a58
bc1004f0f153
bc10874c02a9
bc1109a76e5a
bc118c033466
bc120e5f54ce
bc1290bbcf92
bc131318a4b2
bc139575d42f
bc1417d35e08
bc149a31423e
bc151c8f80d2
bc159eee19c2
bc16214d0d11
bc16a3ac5abd
bc17260c02c7
bc17a86c0530
bc182acc61f7
bc18ad2d191d
bc192f8e2aa2
bc19b1ef9687
bc1a34515ccb
bc1ab6b37d6f
bc1b3915f873
bc1bbb78cdd7
bc1c3ddbfd9c
bc1cc03f87c2
bc1d42a36c49
bc1dc507ab31
bc1e476c447a
bc1ec9d13826
bc1f4c368633
bc1fce9c2ea3
bc2051023175
bc20d3688eaa
bc2155cf4642
bc21d836583e
bc225a9dc49c
bc22dd058b5f
bc235f6dac85
bc23e1d62810
bc24643efe00
bc24e6a82e54
bc256911b90d
bc25eb7b9e2b
bc266de5ddae
bc26f0507798
bc2772bb6be7
bc27f526ba9d
bc28779263b8
bc28f9fe673b
bc297c6ac525
bc29fed77d75
bc2a8144902e
bc2b03b1fd4d
bc2b861fc4d5
bc2c088de6c5
bc2c8afc631d
bc2d0d6b39de
bc2d8fda6b08
bc2e1249f69b
bc2e94b9dc97
bc2f172a1cfd
bc2f999ab7cd
bc301c0bad07
bc309e7cfcab
bc3120eea6ba
bc31a360ab34
bc3225d30a19
bc32a845c369
bc332ab8d724
bc33ad2c454c
bc342fa00de0
bc34b21430e0
bc353488ae4c
bc35b6fd8625
bc363972b86c
bc36bbe8451f
bc373e5e2c41
bc37c0d46dd0
bc38434b09cd
bc38c5c20038
bc3948395112
bc39cab0fc5a
bc3a4d290212
bc3acfa16239
bc3b521a1ccf
bc3bd49331d5
bc3c570ca14b
bc3cd9866b31
bc3d5c008f88
bc3dde7b0e50
bc3e60f5e788
bc3ee3711b32
bc3f65eca94d
bc3fe86891da
bc406ae4d4d9
bc40ed61724a
bc416fde6a2d
bc41f25bbc83
bc4274d9694c
bc42f7577088
bc4379d5d238
bc43fc548e5b
bc447ed3a4f2
bc45015315fe
bc4583d2e17d
bc4606530772
bc4688d387db
bc470b5462b9
bc478dd5980d
bc48105727d7
bc4892d91216
bc49155b56cb
bc4997ddf5f7
bc4a1a60ef99
bc4a9ce443b2
bc4b1f67f243
bc4ba1ebfb4a
bc4c24705ec9
bc4ca6f51cc0
bc4d297a3530
bc4dabffa817
bc4e2e857577
bc4eb10b9d50
bc4f33921fa1
bc4fb618fc6c
bc5038a033b1
bc50bb27c570
bc513dafb1a8
bc51c037f85b
bc5242c09988
bc52c5499530
bc5347d2eb53
bc53ca5c9bf1
bc544ce6a70b
bc54cf710ca1
bc5551fbccb2
bc55d486e740
bc5657125c4a
bc56d99e2bd1
bc575c2a55d5
bc57deb6da56
bc586143b955
bc58e3d0f2d1
bc59665e86cb
bc59e8ec7544
bc5a6b7abe3a
bc5aee0961b0
bc5b70985fa5
bc5bf327b818
bc5c75b76b0b
bc5cf847787e
bc5d7ad7e071
bc5dfd68a2e4
bc5e7ff9bfd7
bc5f028b374b
bc5f851d093f
bc6007af35b5
bc608a41bcad
bc610cd49e25
bc618f67da20
bc6211fb709d
bc62948f619c
bc631723ad1e
bc6399b85323
bc641c4d53ab
bc649ee2aeb6
bc6521786445
bc65a40e7457
bc6626a4deee
bc66a93ba409
bc672bd2c3a8
bc67ae6a3dcd
bc6831021276
bc68b39a41a5
bc693632cb59
bc69b8cbaf93
bc6a3b64ee53
bc6abdfe8799
bc6b40987b66
bc6bc332c9ba
bc6c45cd7295
bc6cc86875f7
bc6d4b03d3e0
bc6dcd9f8c51
bc6e503b9f4a
bc6ed2d80ccc
bc6f5574d4d6
bc6fd811f768
bc705aaf7484
bc70dd4d4c29
bc715feb7e57
bc71e28a0b0f
bc726528f251
bc72e7c8341e
bc736a67d074
bc73ed07c756
bc746fa818c2
bc74f248c4b9
bc7574e9cb3c
bc75f78b2c4b
bc767a2ce7e5
bc76fccefe0c
bc777f716ebf
bc78021439ff
bc7884b75fcb
bc79075ae025
bc7989febb0c
bc7a0ca2f081
bc7a8f478084
bc7b11ec6b15
bc7b9491b034
bc7c17374fe2
bc7c99dd4a1e
bc7d1c839eea
bc7d9f2a4e45
bc7e21d15830
bc7ea478bcaa
bc7f27207bb5
bc7fa9c89550
bc802c71097c
bc80af19d838
bc8131c30185
bc81b46c8564
bc82371663d5
bc82b9c09cd7
bc833c6b306b
bc83bf161e91
bc8441c1674a
bc84c46d0a96
bc8547190875
bc85c9c560e7
bc864c7213ed
bc86cf1f2186
bc8751cc89b4
bc87d47a4c75
bc88572869cc
bc88d9d6e1b6
bc895c85b436
bc89df34e14c
bc8a61e468f6
bc8ae4944b37
bc8b6744880d
bc8be9f51f79
bc8c6ca6117c
bc8cef575e16
bc8d72090547
bc8df4bb070f
bc8e776d636e
bc8efa201a65
bc8f7cd32bf4
bc8fff86981b
bc90823a5edb
bc9104ee8033
bc9187a2fc24
bc920a57d2af
bc928d0d03d2
bc930fc28f90
bc93927875e7
bc94152eb6d8
bc9497e55264
bc951a9c488b
bc959d53994c
bc96200b44a9
bc96a2c34aa0
bc97257bab34
bc97a8346663
bc982aed7c2f
bc98ada6ec96
bc993060b79b
bc99b31add3c
bc9a35d55d7a
bc9ab8903856
bc9b3b4b6dcf
bc9bbe06fde6
bc9c40c2e89b
bc9cc37f2def
bc9d463bcde1
bc9dc8f8c871
bc9e4bb61da1
bc9ece73cd70
bc9f5131d7df
bc9fd3f03ced
bca056aefc9c
bca0d96e16eb
bca15c2d8bda
bca1deed5b6a
bca261ad859b
bca2e46e0a6e
bca3672ee9e1
bca3e9f023f7
bca46cb1b8af
bca4ef73a808
bca57235f205
bca5f4f896a4
bca677bb95e6
bca6fa7eefcb
bca77d42a454
bca80006b380
bca882cb1d51
bca9058fe1c5
bca9885500de
bcaa0b1a7a9c
bcaa8de04eff
bcab10a67e06
bcab936d07b4
bcac1633ec07
bcac98fb2b00
bcad1bc2c49f
bcad9e8ab8e4
bcae215307d0
bcaea41bb163
bcaf26e4b59e
bcafa9ae147f
bcb02c77ce08
bcb0af41e239
bcb1320c5113
bcb1b4d71a94
bcb237a23ebe
bcb2ba6dbd92
bcb33d39970e
bcb3c005cb33
bcb442d25a03
bcb4c59f437c
bcb5486c879f
bcb5cb3a266c
bcb64e081fe4
bcb6d0d67407
bcb753a522d5
bcb7d6742c4e
bcb859439073
bcb8dc134f44
bcb95ee368c1
bcb9e1b3dcea
bcba6484abbf
bcbae755d542
bcbb6a275971
bcbbecf9384e
bcbc6fcb71d8
bcbcf29e0610
bcbd7570f4f6
bcbdf8443e8a
bcbe7b17e2cd
bcbefdebe1bf
bcbf80c03b5f
bcc00394efaf
bcc08669feae
bcc1093f685e
bcc18c152cbd
bcc20eeb4bcc
bcc291c1c58c
bcc3149899fc
bcc3976fc91e
bcc41a4752f0
bcc49d1f3774
bcc51ff776aa
bcc5a2d01092
bcc625a9052c
bcc6a8825478
bcc72b5bfe78
bcc7ae36032a
bcc83110628f
bcc8b3eb1ca8
bcc936c63174
bcc9b9a1a0f4
bcca3c7d6b29
bccabf599011
bccb42360faf
bccbc512ea01
bccc47f01f09
bccccacdaec6
bccd4dab9938
bccdd089de61
bcce53687e3f
bcced64778d4
bccf5926ce20
bccfdc067e22
bcd05ee688dc
bcd0e1c6ee4c
bcd164a7ae75
bcd1e788c955
bcd26a6a3eee
bcd2ed4c0f3e
bcd3702e3a48
bcd3f310c00a
bcd475f3a085
bcd4f8d6dbba
bcd57bba71a8
bcd5fe9e6250
bcd68182adb2
bcd7046753ce
bcd7874c54a5
bcd80a31b037
bcd88d176683
bcd90ffd778b
bcd992e3e34f
bcda15caa9ce
bcda98b1cb09
bcdb1b994701
bcdb9e811db5
bcdc21694f26
bcdca451db54
bcdd273ac23f
bcddaa2403e7
bcde2d0da04e
bcdeaff79772
bcdf32e1e954
bcdfb5cc95f5
bce038b79d55
bce0bba2ff74
bce13e8ebc52
bce1c17ad3ef
bce24467464c
bce2c7541369
bce34a413b47
bce3cd2ebde4
bce4501c9b43
bce4d30ad362
bce555f96643
bce5d8e853e5
bce65bd79c48
bce6dec73f6e
bce761b73d55
bce7e4a795ff
bce86798496c
bce8ea89579c
bce96d7ac08f
bce9f06c8445
bcea735ea2bf
bceaf6511bfd
bceb7943effe
bcebfc371ec5
bcec7f2aa84f
bced021e8c9f
bced8512cbb4
bcee0807658e
bcee8afc5a2e
bcef0df1a994
bcef90e753c0
bcf013dd58b2
bcf096d3b86a
bcf119ca72ea
bcf19cc18830
bcf21fb8f83e
bcf2a2b0c314
bcf325a8e8b1
bcf3a8a16917
bcf42b9a4444
bcf4ae937a3b
bcf5318d0afa
bcf5b486f682
bcf637813cd3
bcf6ba7bddee
bcf73d76d9d3
bcf7c0723081
bcf8436de1fa
bcf8c669ee3e
bcf94966554c
bcf9cc631726
bcfa4f6033ca
bcfad25dab3a
bcfb555b7d76
bcfbd859aa7e
bcfc5b583252
bcfcde5714f3
bcfd61565260
bcfde455ea9a
bcfe6755dda2
bcfeea562b77
bcff6d56d419
bcfff057d78a
bd00735935c9
bd00f65aeed6
bd01795d02b2
bd01fc5f715d
bd027f623ad7
bd0302655f21
bd038568de3a
bd04086cb823
bd048b70ecdd
bd050e757c67
bd05917a66c1
bd06147fabec
bd0697854be9
bd071a8b46b7
bd079d919c57
bd0820984cc8
bd08a39f580c
bd0926a6be22
bd09a9ae7f0a
bd0a2cb69ac6
bd0aafbf1155
bd0b32c7e2b7
bd0bb5d10eec
bd0c38da95f6
bd0cbbe477d4
bd0d3eeeb486
bd0dc1f94c0c
bd0e45043e68
bd0ec80f8b98
bd0f4b1b339e
bd0fce27367a
bd105133942b
bd10d4404cb2
bd11574d6010
bd11da5ace44
bd125d68974f
bd12e076bb32
bd13638539eb
bd13e694137c
bd1469a347e5
bd14ecb2d726
bd156fc2c13f
bd15f2d30631
bd1675e3a5fb
bd16f8f4a09f
bd177c05f61b
bd17ff17a672
bd188229b1a2
bd19053c17ac
bd19884ed890
bd1a0b61f44f
bd1a8e756ae9
bd1b11893c5d
bd1b949d68ad
bd1c17b1efd9
bd1c9ac6d1e0
bd1d1ddc0ec3
bd1da0f1a682
bd1e2407991e
bd1ea71de696
bd1f2a348eec
bd1fad4b921e
bd203062f02e
bd20b37aa91c
bd213692bce8
bd21b9ab2b92
bd223cc3f51a
bd22bfdd1981
bd2342f698c7
bd23c61072ed
bd24492aa7f1
bd24cc4537d6
bd254f60229a
bd25d27b683e
bd26559708c3
bd26d8b30429
bd275bcf5a6f
bd27deec0b96
bd286209179f
bd28e5267e8a
bd2968444056
bd29eb625d05
bd2a6e80d496
bd2af19fa709
bd2b74bed460
bd2bf7de5c99
bd2c7afe3fb6
bd2cfe1e7db7
bd2d813f169b
bd2e04600a64
bd2e87815911
bd2f0aa302a2
bd2f8dc50718
bd3010e76674
bd30940a20b4
bd31172d35db
bd319a50a5e7
bd321d7470d9
bd32a09896b1
bd3323bd1770
bd33a6e1f316
bd342a0729a3
bd34ad2cbb17
bd353052a773
bd35b378eeb7
bd36369f90e2
bd36b9c68df6
bd373cede5f2
bd37c01598d8
bd38433da6a6
bd38c6660f5d
bd39498ed2fe
bd39ccb7f189
bd3a4fe16afe
bd3ad30b3f5d
bd3b56356ea6
bd3bd95ff8db
bd3c5c8addfa
bd3cdfb61e04
bd3d62e1b8fa
bd3de60daedc
bd3e6939ffaa
bd3eec66ab64
bd3f6f93b20a
bd3ff2c1139d
bd4075eed01d
bd40f91ce78a
bd417c4b59e5
bd41ff7a272e
bd4282a94f64
bd4305d8d289
bd438908b09c
bd440c38e99d
bd448f697d8e
bd45129a6c6e
bd4595cbb63d
bd4618fd5afc
bd469c2f5aab
bd471f61b54a
bd47a2946ad9
bd4825c77b59
bd48a8fae6ca
bd492c2ead2c
bd49af62ce80
bd4a32974ac5
bd4ab5cc21fc
bd4b39015425
bd4bbc36e141
bd4c3f6cc94f
bd4cc2a30c50
bd4d45d9aa44
bd4dc910a32b
bd4e4c47f707
bd4ecf7fa5d6
bd4f52b7af99
bd4fd5f01450
bd505928d3fc
bd50dc61ee9d
bd515f9b6433
bd51e2d534be
bd52660f603f
bd52e949e6b6
bd536c84c823
bd53efc00486
bd5472fb9bdf
bd54f6378e30
bd557973db77
bd55fcb083b6
bd567fed86ed
bd57032ae51b
bd5786689e41
bd5809a6b260
bd588ce52177
bd591023eb87
bd599363108f
bd5a16a29092
bd5a99e26b8d
bd5b1d22a183
bd5ba0633272
bd5c23a41e5c
bd5ca6e56540
bd5d2a27071f
bd5dad6903f9
bd5e30ab5bce
bd5eb3ee0e9f
bd5f37311c6b
bd5fba748534
bd603db848f9
bd60c0fc67ba
bd614440e178
bd61c785b632
bd624acae5ea
bd62ce1070a0
bd6351565653
bd63d49c9704
bd6457e332b4
bd64db2a2962
bd655e717b0e
bd65e1b927ba
bd6665012f64
bd66e849920e
bd676b924fb8
bd67eedb6862
bd687224dc0c
bd68f56eaab6
bd6978b8d461
bd69fc03590d
bd6a7f4e38ba
bd6b02997368
bd6b85e50919
bd6c0930f9cb
bd6c8c7d457f
bd6d0fc9ec35
bd6d9316edee
bd6e16644aab
bd6e99b2026a
bd6f1d00152c
bd6fa04e82f2
bd70239d4bbd
bd70a6ec6f8b
bd712a3bee5d
bd71ad8bc834
bd7230dbfd10
bd72b42c8cf1
bd73377d77d8
bd73bacebdc4
bd743e205eb6
bd74c1725aae
bd7544c4b1ac
bd75c81763b1
bd764b6a70bd
bd76cebdd8d0
bd7752119bea
bd77d565ba0b
bd7858ba3335
bd78dc0f0766
bd795f6436a0
bd79e2b9c0e3
bd7a660fa62e
bd7ae965e682
bd7b6cbc81e0
bd7bf0137847
bd7c736ac9b8
bd7cf6c27632
bd7d7a1a7db8
bd7dfd72e047
bd7e80cb9de2
bd7f0424b687
bd7f877e2a38
bd800ad7f8f4
bd808e3222bc
bd81118ca790
bd8194e78771
bd821842c25d
bd829b9e5857
bd831efa495d
bd83a2569571
bd8425b33c92
bd84a9103ec1
bd852c6d9bfe
bd85afcb5449
bd86332967a3
bd86b687d60b
bd8739e69f83
bd87bd45c409
bd8840a5439f
bd88c4051e45
bd89476553fa
bd89cac5e4c0
bd8a4e26d096
bd8ad188177d
bd8b54e9b975
bd8bd84bb67e
bd8c5bae0e99
bd8cdf10c1c5
bd8d6273d003
bd8de5d73953
bd8e693afdb6
bd8eec9f1d2b
bd8f700397b3
bd8ff3686d4f
bd9076cd9dfe
bd90fa3329c0
bd917d991096
bd9200ff5281
bd928465ef80
bd9307cce793
bd938b343abb
bd940e9be8f9
bd949203f24c
bd95156c56b4
bd9598d51633
bd961c3e30c7
bd969fa7a672
bd9723117733
bd97a67ba30c
bd9829e629fb
bd98ad510c02
bd9930bc4920
bd99b427e156
bd9a3793d4a4
bd9abb00230b
bd9b3e6ccc8a
bd9bc1d9d122
bd9c454730d3
bd9cc8b4eb9d
bd9d4c230181
bd9dcf91727f
bd9e53003e97
bd9ed66f65c9
bd9f59dee816
bd9fdd4ec57d
bda060befe00
bda0e42f919d
bda167a08057
bda1eb11ca2c
bda26e836f1d
bda2f1f56f2a
bda37567ca54
bda3f8da809b
bda47c4d91ff
bda4ffc0fe80
bda58334c61e
bda606a8e8db
bda68a1d66b5
bda70d923fae
bda7910773c5
bda8147d02fa
bda897f2ed4f
bda91b6932c3
bda99edfd357
bdaa2256cf0a
bdaaa5ce25dd
bdab2945d7d1
bdabacbde4e5
bdac30364d19
bdacb3af106f
bdad37282ee6
bdadbaa1a87e
bdae3e1b7d38
bdaec195ad14
bdaf45103812
bdafc88b1e33
bdb04c065f76
bdb0cf81fbdc
bdb152fdf366
bdb1d67a4613
bdb259f6f3e3
bdb2dd73fcd8
bdb360f160f0
bdb3e46f202d
bdb467ed3a8f
bdb4eb6bb016
bdb56eea80c2
bdb5f269ac93
bdb675e9338a
bdb6f96915a6
bdb77ce952e9
bdb80069eb53
bdb883eadee3
bdb9076c2d9a
bdb98aedd778
bdba0e6fdc7d
bdba91f23caa
bdbb1574f7ff
bdbb98f80e7c
bdbc1c7b8021
bdbc9fff4cef
bdbd238374e6
bdbda707f806
bdbe2a8cd64f
bdbeae120fc2
bdbf3197a45f
bdbfb51d9426
bdc038a3df17
bdc0bc2a8533
bdc13fb1867a
bdc1c338e2eb
bdc246c09a88
bdc2ca48ad51
bdc34dd11b46
bdc3d159e466
bdc454e308b3
bdc4d86c882c
bdc55bf662d3
bdc5df8098a6
bdc6630b29a7
bdc6e69615d5
bdc76a215d31
bdc7edacffbb
bdc87138fd73
bdc8f4c5565a
bdc978520a70
bdc9fbdf19b4
bdca7f6c8428
bdcb02fa49cc
bdcb86886a9f
bdcc0a16e6a2
bdcc8da5bdd6
bdcd1134f03a
bdcd94c47dcf
bdce18546695
bdce9be4aa8c
bdcf1f7549b4
bdcfa306440f
bdd02697999b
bdd0aa294a5a
bdd12dbb564b
bdd1b14dbd6f
bdd234e07fc6
bdd2b8739d50
bdd33c07160d
bdd3bf9ae9fe
bdd4432f1924
bdd4c6c3a37d
bdd54a58890b
bdd5cdedc9ce
bdd6518365c5
bdd6d5195cf2
bdd758afaf55
bdd7dc465cec
bdd85fdd65ba
bdd8e374c9bf
bdd9670c88f9
bdd9eaa4a36a
bdda6e3d1913
bddaf1d5e9f2
bddb756f1609
bddbf9089d57
bddc7ca27fde
bddd003cbd9c
bddd83d75693
bdde07724ac3
bdde8b0d9a2b
bddf0ea944cd
bddf92454aa8
bde015e1abbd
bde0997e680c
bde11d1b7f95
bde1a0b8f258
bde22456c056
bde2a7f4e98f
bde32b936e03
bde3af324db2
bde432d1889d
bde4b6711ec4
bde53a111027
bde5bdb15cc6
bde6415204a2
bde6c4f307bb
bde748946610
bde7cc361fa4
bde84fd83475
bde8d37aa483
bde9571d6fd0
bde9dac0965b
bdea5e641825
bdeae207f52e
bdeb65ac2d75
bdebe950c0fc
bdec6cf5afc3
bdecf09af9c9
bded74409f10
bdedf7e69f97
bdee7b8cfb5e
bdeeff33b266
bdef82dac4b0
bdf00682323a
bdf08a29fb07
bdf10dd21f15
bdf1917a9e65
bdf2152378f7
bdf298ccaecc
bdf31c763fe3
bdf3a0202c3e
bdf423ca73dc
bdf4a77516be
bdf52b2014e3
bdf5aecb6e4c
bdf6327722fa
bdf6b62332ec
bdf739cf9e23
bdf7bd7c649f
bdf841298660
bdf8c4d70367
bdf94884dbb4
bdf9cc330f46
bdfa4fe19e1f
bdfad390883e
bdfb573fcda4
bdfbdaef6e51
bdfc5e9f6a45
bdfce24fc181
bdfd66007404
bdfde9b181d0
bdfe6d62eae4
bdfef114af40
bdff74c6cee5
bdfff87949d3
be007c2c200a
be00ffdf518a
be018392de54
be020746c669
be028afb09c7
be030eafa870
be039264a264
be041619f7a2
be0499cfa82c
be051d85b401
be05a13c1b22
be0624f2dd8f
be06a8a9fb48
be072c61744d
be07b019489f
be0833d1783e
be08b78a032b
be093b42e964
be09befc2aec
be0a42b5c7c1
be0ac66fbfe4
be0b4a2a1356
be0bcde4c217
be0c519fcc26
be0cd55b3184
be0d5916f232
be0ddcd30e30
be0e608f857d
be0ee44c581b
be0f68098609
be0febc70f48
be106f84f3d7
be10f34333b8
be117701ceea
be11fac0c56e
be127e801743
be13023fc46b
be1385ffcce5
be1409c030b1
be148d80efd1
be1511420a44
be159503800a
be1618c55123
be169c877d91
be17204a0552
be17a40ce868
be1827d026d2
be18ab93c092
be192f57b5a6
be19b31c0610
be1a36e0b1cf
be1abaa5b8e4
be1b3e6b1b4f
be1bc230d911
be1c45f6f229
be1cc9bd6698
be1d4d84365e
be1dd14b617b
be1e5512e7f0
be1ed8dac9bd
be1f5ca306e2
be1fe06b9f5f
be2064349334
be20e7fde263
be216bc78cea
be21ef9192cb
be22735bf405
be22f726b099
be237af1c887
be23febd3bcf
be2482890a72
be2506553470
be258a21b9c9
be260dee9a7d
be2691bbd68c
be2715896df7
be27995760be
be281d25aee2
be28a0f45862
be2924c35d3f
be29a892bd79
be2a2c627910
be2ab0329004
be2b34030256
be2bb7d3d007
be2c3ba4f915
be2cbf767d82
be2d43485d4e
be2dc71a9878
be2e4aed2f02
be2ecec020ec
be2f52936e35
be2fd66716de
be305a3b1ae7
be30de0f7a51
be3161e4351c
be31e5b94b47
be32698ebcd4
be32ed6489c2
be33713ab212
be33f51135c3
be3478e814d7
be34fcbf4f4e
be358096e527
be36046ed663
be3688472302
be370c1fcb05
be378ff8ce6b
be3813d22d35
be3897abe764
be391b85fcf7
be399f606dee
be3a233b3a4b
be3aa716620c
be3b2af1e533
be3baecdc3c0
be3c32a9fdb3
be3cb686930c
be3d3a6383cb
be3dbe40cff1
be3e421e777d
be3ec5fc7a71
be3f49dad8cc
be3fcdb9928f
be405198a7ba
be40d578184d
be415957e448
be41dd380bac
be4261188e79
be42e4f96caf
be4368daa64f
be43ecbc3b57
be44709e2bca
be44f48077a7
be4578631eef
be45fc4621a0
be4680297fbd
be47040d3945
be4787f14e38
be480bd5be97
be488fba8a62
be49139fb199
be499785343c
be4a1b6b124c
be4a9f514bc8
be4b2337e0b2
be4ba71ed109
be4c2b061ccd
be4caeedc400
be4d32d5c6a0
be4db6be24af
be4e3aa6de2c
be4ebe8ff319
be4f42796374
be4fc6632f3e
be504a4d5679
be50ce37d923
be515222b73d
be51d60df0c7
be5259f985c2
be52dde5762d
be5361d1c20a
be53e5be6958
be5469ab6c18
be54ed98ca49
be55718683ec
be55f5749902
be567963098a
be56fd51d585
be578140fcf3
be5805307fd5
be5889205e29
be590d1097f2
be5991012d2f
be5a14f21de0
be5a98e36a05
be5b1cd5119f
be5ba0c714ae
be5c24b97333
be5ca8ac2d2d
be5d2c9f429c
be5db092b382
be5e34867fde
be5eb87aa7b0
be5f3c6f2af9
be5fc06409ba
be60445943f1
be60c84ed9a0
be614c44cac6
be61d03b1765
be625431bf7c
be62d828c30b
be635c202213
be63e017dc94
be64640ff28e
be64e8086402
be656c0130f0
be65effa5957
be6673f3dd38
be66f7edbc95
be677be7f76b
be67ffe28dbd
be6883dd7f8a
be6907d8ccd2
be698bd47596
be6a0fd079d6
be6a93ccd992
be6b17c994cb
be6b9bc6ab80
be6c1fc41db3
be6ca3c1eb62
be6d27c0148f
be6dabbe9939
be6e2fbd7962
be6eb3bcb509
be6f37bc4c2e
be6fbbbc3ed1
be703fbc8cf4
be70c3bd3696
be7147be3bb7
be71cbbf9c58
be724fc15879
be72d3c3701a
be7357c5e33b
be73dbc8b1dd
be745fcbdc00
be74e3cf61a4
be7567d342c9
be75ebd77f70
be766fdc1799
be76f3e10b44
be7777e65a72
be77fbec0522
be787ff20b55
be7903f86d0b
be7987ff2a45
be7a0c064302
be7a900db743
be7b14158708
be7b981db252
be7c1c263920
be7ca02f1b73
be7d2438594b
be7da841f2a8
be7e2c4be78b
be7eb05637f4
be7f3460e3e3
be7fb86beb59
be803c774e55
be80c0830cd7
be81448f26e1
be81c89b9c73
be824ca86d8b
be82d0b59a2c
be8354c32255
be83d8d10606
be845cdf4540
be84e0ede002
be8564fcd64e
be85e90c2823
be866d1bd581
be86f12bde69
be87753c42dc
be87f94d02d8
be887d5e1e60
be89016f9572
be898581680f
be8a09939637
be8a8da61feb
be8b11b9052b
be8b95cc45f7
be8c19dfe24f
be8c9df3da34
be8d22082da5
be8da61cdca4
be8e2a31e72f
be8eae474d49
be8f325d0ef0
be8fb6732c25
be903a89a4e9
be90bea0793b
be9142b7a91b
be91c6cf348b
be924ae71b8a
be92ceff5e19
be935317fc37
be93d730f5e5
be945b4a4b24
be94df63fbf3
be95637e0853
be95e7987044
be966bb333c6
be96efce52da
be9773e9cd7f
be97f805a3b7
be987c21d580
be99003e62dc
be99845b4bcb
be9a0878904d
be9a8c963062
be9b10b42c0b
be9b94d28347
be9c18f13618
be9c9d10447c
be9d212fae75
be9da54f7403
be9e296f9526
be9ead9011de
be9f31b0ea2b
be9fb5d21e0f
bea039f3ad88
bea0be159897
bea14237df3d
bea1c65a8179
bea24a7d7f4d
bea2cea0d8b8
bea352c48dba
bea3d6e89e54
bea45b0d0a86
bea4df31d250
bea56356f5b2
bea5e77c74ad
bea66ba24f41
bea6efc8856f
bea773ef1735
bea7f8160496
bea87c3d4d90
bea90064f225
bea9848cf254
beaa08b54e1d
beaa8cde0582
beab11071882
beab9530871d
beac195a5154
beac9d847726
bead21aef895
beada5d9d5a1
beae2a050e49
beaeae30a28e
beaf325c9270
beafb688ddef
beb03ab5850d
beb0bee287c8
beb1430fe621
beb1c73da018
beb24b6bb5af
beb2cf9a26e4
beb353c8f3b8
beb3d7f81c2c
beb45c27a03f
beb4e0577ff2
beb56487bb46
beb5e8b8523a
beb66ce944ce
beb6f11a9303
beb7754c3cda
beb7f97e4251
beb87db0a36b
beb901e36026
beb986167884
beba0a49ec83
beba8e7dbc26
bebb12b1e76b
bebb96e66e53
bebc1b1b50df
bebc9f508f0e
bebd238628e2
bebda7bc1e59
bebe2bf26f75
bebeb0291c35
bebf3460249a
bebfb89788a4
bec03ccf4854
bec0c10763a9
bec1453fdaa4
bec1c978ad45
bec24db1db8c
bec2d1eb657a
bec356254b0f
bec3da5f8c4b
bec45e9a292f
bec4e2d521b9
bec5671075ec
bec5eb4c25c7
bec66f88314a
bec6f3c49876
bec778015b4a
bec7fc3e79c8
bec8807bf3ef
bec904b9c9bf
bec988f7fb39
beca0d36885e
beca9175712c
becb15b4b5a5
becb99f455c9
becc1e345198
becca274a913
becd26b55c39
becdaaf66b0a
bece2f37d588
beceb3799bb2
becf37bbbd89
becfbbfe3b0c
bed04041143d
bed0c484491a
bed148c7d9a6
bed1cd0bc5df
bed251500dc6
bed2d594b15b
bed359d9b09f
bed3de1f0b92
bed46264c233
bed4e6aad484
bed56af14285
bed5ef380c35
bed6737f3195
bed6f7c6b2a6
bed77c0e8f67
bed80056c7d9
bed8849f5bfc
bed908e84bd0
bed98d319755
beda117b3e8d
beda95c54176
bedb1a0fa012
bedb9e5a5a60
bedc22a57061
bedca6f0e215
bedd2b3caf7c
beddaf88d897
bede33d55d65
bedeb8223de7
bedf3c6f7a1e
bedfc0bd1209
bee0450b05a9
bee0c95954fe
bee14da80008
bee1d1f706c7
bee25646693d
bee2da962768
bee35ee64149
bee3e336b6e1
bee467878830
bee4ebd8b536
bee5702a3df3
bee5f47c2267
bee678ce6293
bee6fd20fe77
bee78173f613
bee805c74968
bee88a1af875
bee90e6f033c
bee992c369bb
beea17182bf4
beea9b6d49e7
beeb1fc2c394
beeba41898fb
beec286eca1c
beecacc556f8
beed311c3f8f
beedb57383e1
beee39cb23ef
beeebe231fb8
beef427b773d
beefc6d42a7f
bef04b2d397d
bef0cf86a437
bef153e06aaf
bef1d83a8ce3
bef25c950ad5
bef2e0efe485
bef3654b19f3
bef3e9a6ab1f
bef46e029809
bef4f25ee0b2
bef576bb851a
bef5fb188541
bef67f75e127
bef703d398ce
bef78831ac34
bef80c901b5a
bef890eee640
bef9154e0ce8
bef999ad8f50
befa1e0d6d79
befaa26da764
befb26ce3d10
befbab2f2e7f
befc2f907baf
befcb3f224a2
befd38542958
befdbcb689d0
befe4119460c
befec57c5e0b
beff49dfd1cd
beffce43a154
bf0052a7cc9e
bf00d70c53ad
bf015b713681
bf01dfd67519
bf02643c0f77
bf02e8a2059a
bf036d085783
bf03f16f0531
bf0475d60ea6
bf04fa3d73e1
bf057ea534e2
bf06030d51ab
bf068775ca3a
bf070bde9e91
bf079047ceb0
bf0814b15a97
bf08991b4245
bf091d8585bc
bf09a1f024fc
bf0a265b2004
bf0aaac676d6
bf0b2f322971
bf0bb39e37d5
bf0c380aa203
bf0cbc7767fc
bf0d40e489bf
bf0dc552074c
bf0e49bfe0a4
bf0ece2e15c8
bf0f529ca6b6
bf0fd70b9370
bf105b7adbf7
bf10dfea8049
bf11645a8067
bf11e8cadc52
bf126d3b940a
bf12f1aca78f
bf13761e16e2
bf13fa8fe202
bf147f0208f0
bf1503748bab
bf1587e76a36
bf160c5aa48e
bf1690ce3ab6
bf1715422cad
bf1799b67a73
bf181e2b2408
bf18a2a0296d
bf1927158aa3
bf19ab8b47a9
bf1a3001607f
bf1ab477d526
bf1b38eea59e
bf1bbd65d1e8
bf1c41dd5a03
bf1cc6553df0
bf1d4acd7daf
bf1dcf461940
bf1e53bf10a4
bf1ed83863da
bf1f5cb212e4
bf1fe12c1dc1
bf2065a68471
bf20ea2146f5
bf216e9c654e
bf21f317df7a
bf227793b57c
bf22fc0fe751
bf23808c74fc
bf2405095e7d
bf248986a3d3
bf250e0444fe
bf2592824200
bf2617009ad8
bf269b7f4f86
bf271ffe600b
bf27a47dcc67
bf2828fd949b
bf28ad7db8a6
bf2931fe3889
bf29b67f1444
bf2a3b004bd7
bf2abf81df42
bf2b4403ce87
bf2bc88619a4
bf2c4d08c09b
bf2cd18bc36b
bf2d560f2215
bf2dda92dc99
bf2e5f16f2f7
bf2ee39b6530
bf2f68203344
bf2feca55d32
bf30712ae2fc
bf30f5b0c4a1
bf317a370222
bf31febd9b7f
bf32834490b8
bf3307cbe1ce
bf338c538ec1
bf3410db9790
bf349563fc3d
bf3519ecbcc7
bf359e75d92f
bf3622ff5175
bf36a789259a
bf372c13559c
bf37b09de17e
bf383528c93e
bf38b9b40cde
bf393e3fac5d
bf39c2cba7bc
bf3a4757fefb
bf3acbe4b21a
bf3b5071c11a
bf3bd4ff2bfa
bf3c598cf2bb
bf3cde1b155e
bf3d62a993e2
bf3de7386e48
bf3e6bc7a48f
bf3ef05736b9
bf3f74e724c6
bf3ff9776eb5
bf407e081487
bf410299163c
bf41872a73d5
bf420bbc2d51
bf42904e42b2
bf4314e0b3f6
bf439973811f
bf441e06aa2d
bf44a29a2f20
bf45272e0ff8
bf45abc24cb5
bf463056e559
bf46b4ebd9e2
bf4739812a51
bf47be16d6a7
bf4842acdee3
bf48c7434307
bf494bda0311
bf49d0711f03
bf4a550896dd
bf4ad9a06a9f
bf4b5e389a48
bf4be2d125db
bf4c676a0d56
bf4cec0350ba
bf4d709cf007
bf4df536eb3d
bf4e79d1425e
bf4efe6bf568
bf4f8307045c
bf5007a26f3b
bf508c3e3604
bf5110da58b9
bf519576d758
bf521a13b1e3
bf529eb0e85a
bf53234e7abd
bf53a7ec690c
bf542c8ab347
bf54b129596f
bf5535c85b83
bf55ba67b985
bf563f077375
bf56c3a78952
bf574847fb1d
bf57cce8c8d6
bf585189f27e
bf58d62b7814
bf595acd5999
bf59df6f970d
bf5a64123071
bf5ae8b525c4
bf5b6d587708
bf5bf1fc243b
bf5c76a02d5f
bf5cfb449273
bf5d7fe95379
bf5e048e706f
bf5e8933e957
bf5f0dd9be31
bf5f927feefc
bf6017267bba
bf609bcd646a
bf612074a90d
bf61a51c49a2
bf6229c4462b
bf62ae6c9ea7
bf6333155317
bf63b7be637b
bf643c67cfd3
bf64c111981f
bf6545bbbc60
bf65ca663c95
bf664f1118c0
bf66d3bc50e0
bf675867e4f6
bf67dd13d502
bf6861c02104
bf68e66cc8fc
bf696b19cceb
bf69efc72cd1
bf6a7474e8ae
bf6af9230082
bf6b7dd1744e
bf6c02804412
bf6c872f6fce
bf6d0bdef782
bf6d908edb2f
bf6e153f1ad5
bf6e99efb673
bf6f1ea0ae0c
bf6fa352019e
bf702803b129
bf70acb5bcaf
bf7131682430
bf71b61ae7aa
bf723ace0720
bf72bf818291
bf73443559fd
bf73c8e98d65
bf744d9e1cc9
bf74d2530828
bf7557084f84
bf75dbbdf2dd
bf766073f233
bf76e52a4d85
bf7769e104d5
bf77ee981823
bf78734f876f
bf78f80752b8
bf797cbf7a00
bf7a0177fd47
bf7a8630dc8c
bf7b0aea17d1
bf7b8fa3af14
bf7c145da258
bf7c9917f19b
bf7d1dd29cdf
bf7da28da422
bf7e27490767
bf7eac04c6ac
bf7f30c0e1f2
bf7fb57d593a
bf803a3a2c83
bf80bef75bce
bf8143b4e71b
bf81c872ce6a
bf824d3111bc
bf82d1efb111
bf8356aeac69
bf83db6e03c4
bf84602db723
bf84e4edc686
bf8569ae31ed
bf85ee6ef958
bf8673301cc7
bf86f7f19c3c
bf877cb377b6
bf880175af34
bf88863842b9
bf890afb3243
bf898fbe7dd4
bf8a1482256a
bf8a99462908
bf8b1e0a88ac
bf8ba2cf4457
bf8c27945c09
bf8cac59cfc3
bf8d311f9f85
bf8db5e5cb4f
bf8e3aac5321
bf8ebf7336fc
bf8f443a76e0
bf8fc90212cd
bf904dca0ac3
bf90d2925ec2
bf91575b0ecb
bf91dc241adf
bf9260ed82fd
bf92e5b74725
bf936a816758
bf93ef4be396
bf947416bbe0
bf94f8e1f035
bf957dad8096
bf9602796d02
bf968745b57c
bf970c125a01
bf9790df5a94
bf9815acb734
bf989a7a6fe0
bf991f48849b
bf99a416f563
bf9a28e5c239
bf9aadb4eb1e
bf9b32847011
bf9bb7545113
bf9c3c248e24
bf9cc0f52744
bf9d45c61c74
bf9dca976db4
bf9e4f691b03
bf9ed43b2463
bf9f590d89d4
bf9fdde04b55
bfa062b368e7
bfa0e786e28b
bfa16c5ab840
bfa1f12eea07
bfa2760377e0
bfa2fad861cb
bfa37fada7c9
bfa4048349da
bfa4895947fd
bfa50e2fa234
bfa59306587e
bfa617dd6add
bfa69cb4d94f
bfa7218ca3d5
bfa7a664ca70
bfa82b3d4d20
bfa8b0162be5
bfa934ef66bf
bfa9b9c8fdaf
bfaa3ea2f0b4
bfaac37d3fd0
bfab4857eb01
bfabcd32f24a
bfac520e55a9
bfacd6ea151f
bfad5bc630ac
bfade0a2a851
bfae657f7c0d
bfaeea5cabe2
bfaf6f3a37cf
bfaff4181fd4
bfb078f663f2
bfb0fdd5042a
bfb182b4007a
bfb2079358e4
bfb28c730d68
bfb311531e06
bfb396338abe
bfb41b145390
bfb49ff5787d
bfb524d6f986
bfb5a9b8d6a9
bfb62e9b0fe8
bfb6b37da543
bfb7386096ba
bfb7bd43e44d
bfb842278dfd
bfb8c70b93c9
bfb94beff5b3
bfb9d0d4b3b9
bfba55b9cddd
bfbada9f441f
bfbb5f85167f
bfbbe46b44fd
bfbc6951cf9a
bfbcee38b655
bfbd731ff930
bfbdf8079829
bfbe7cef9343
bfbf01d7ea7c
bfbf86c09dd5
bfc00ba9ad4e
bfc0909318e7
bfc1157ce0a2
bfc19a67047d
bfc21f51847a
bfc2a43c6098
bfc3292798d8
bfc3ae132d3a
bfc432ff1dbe
bfc4b7eb6a65
bfc53cd8132e
bfc5c1c5181a
bfc646b2792a
bfc6cba0365d
bfc7508e4fb4
bfc7d57cc52f
bfc85a6b96ce
bfc8df5ac492
bfc9644a4e7a
bfc9e93a3487
bfca6e2a76ba
bfcaf31b1512
bfcb780c0f90
bfcbfcfd6634
bfcc81ef18fe
bfcd06e127ee
bfcd8bd39305
bfce10c65a44
bfce95b97da9
bfcf1aacfd36
bfcf9fa0d8eb
bfd0249510c7
bfd0a989a4cc
bfd12e7e94fa
bfd1b373e150
bfd2386989cf
bfd2bd5f8e77
bfd34255ef49
bfd3c74cac44
bfd44c43c56a
bfd4d13b3aba
bfd556330c34
bfd5db2b39d9
bfd66023c3a9
bfd6e51ca9a4
bfd76a15ebcb
bfd7ef0f8a1d
bfd87409849b
bfd8f903db46
bfd97dfe8e1d
bfda02f99d21
bfda87f50851
bfdb0cf0cfaf
bfdb91ecf33b
bfdc16e972f4
bfdc9be64edb
bfdd20e386f1
bfdda5e11b34
bfde2adf0ba7
bfdeafdd5848
bfdf34dc0119
bfdfb9db0619
bfe03eda6749
bfe0c3da24a9
bfe148da3e39
bfe1cddab3fa
bfe252db85eb
bfe2d7dcb40e
bfe35cde3e61
bfe3e1e024e6
bfe466e2679d
bfe4ebe50685
bfe570e801a0
bfe5f5eb58ee
bfe67aef0c6e
bfe6fff31c21
bfe784f78807
bfe809fc5021
bfe88f01746e
bfe91406f4f0
bfe9990cd1a5
bfea1e130a8f
bfeaa3199fae
bfeb28209102
bfebad27de8b
bfec322f8849
bfecb7378e3d
bfed3c3ff067
bfedc148aec8
bfee4651c95e
bfeecb5b402c
bfef50651330
bfefd56f426c
bff05a79cddf
bff0df84b58a
bff1648ff96c
bff1e99b9987
bff26ea795db
bff2f3b3ee67
bff378c0a32c
bff3fdcdb42a
bff482db2162
bff507e8ead4
bff58cf7107f
bff612059265
bff697147085
bff71c23aae0
bff7a1334175
bff826433446
bff8ab538353
bff930642e9b
bff9b575361f
bffa3a8699df
bffabf9859dc
bffb44aa7615
bffbc9bcee8c
bffc4ecfc33f
bffcd3e2f430
bffd58f6815f
bffdde0a6acc
bffe631eb077
bffee8335260
bfff6d485088
bffff25daaef
c00077736195
c000fc89747b
c001819fe3a0
c00206b6af05
c0028bcdd6ab
c00310e55a91
c00395fd3ab7
c0041b15771f
c004a02e0fc8
c005254704b2
c005aa6055de
c0062f7a034c
c006b4940cfc
c00739ae72ef
c007bec93524
c00843e4539c
c008c8ffce57
c0094e1ba556
c009d337d899
c00a5854681f
c00add7153ea
c00b628e9bf9
c00be7ac404d
c00c6cca40e5
c00cf1e89dc3
c00d770756e7
c00dfc266c50
c00e8145ddff
c00f0665abf4
c00f8b85d630
c01010a65cb2
c01095c73f7c
c0111ae87e8c
c011a00a19e4
c012252c1184
c012aa4e656b
c0132f71159b
c013b4942213
c01439b78ad4
c014bedb4fde
c01543ff7131
c015c923eece
c0164e48c8b4
c016d36dfee4
c0175893915e
c017ddb98023
c01862dfcb33
c018e806728d
c0196d2d7633
c019f254d624
c01a777c9261
c01afca4aae9
c01b81cd1fbe
c01c06f5f0df
c01c8c1f1e4d
c01d1148a808
c01d96728e11
c01e1b9cd066
c01ea0c76f09
c01f25f269fb
c01fab1dc13a
c020304974c8
c020b57584a5
c0213aa1f0d0
c021bfceb94b
c02244fbde15
c022ca295f2f
c0234f573c98
c023d4857652
c02459b40c5d
c024dee2feb8
c02564124d64
c025e941f861
c0266e71ffb0
c026f3a26350
c02778d32342
c027fe043f87
c0288335b81e
c02908678d07
c0298d99be44
c02a12cc4bd4
c02a97ff35b7
c02b1d327bee
c02ba2661e79
c02c279a1d58
c02cacce788b
c02d32033013
c02db73843f0
c02e3c6db423
c02ec1a380aa
c02f46d9a988
c02fcc102ebb
c03051471045
c030d67e4e25
c0315bb5e85b
c031e0eddee9
c032662631ce
c032eb5ee10a
c0337097ec9e
c033f5d1548a
c0347b0b18ce
c0350045396a
c035857fb660
c0360aba8fae
c0368ff5c555
c03715315756
c0379a6d45b0
c0381fa99065
c038a4e63773
c0392a233adc
c039af609aa0
c03a349e56bf
c03ab9dc6f38
c03b3f1ae40e
c03bc459b53f
c03c4998e2cc
c03cced86cb5
c03d541852fa
c03dd958959d
c03e5e99349c
c03ee3da2ff8
c03f691b87b2
c03fee5d3bca
c040739f4c3f
c040f8e1b913
c0417e248245
c0420367a7d6
c04288ab29c5
c0430def0814
c043933342c3
c0441877d9d1
c0449dbccd3f
c04523021d0d
c045a847c93c
c0462d8dd1cb
c046b2d436bb
c047381af80d
c047bd6215c0
c04842a98fd4
c048c7f1664b
c0494d399924
c049d282285f
c04a57cb13fd
c04add145bfe
c04b625e0062
c04be7a80129
c04c6cf25e54
c04cf23d17e3
c04d77882dd7
c04dfcd3a02f
c04e821f6eeb
c04f076b9a0c
c04f8cb82193
c0501205057f
c050975245d1
c0511c9fe289
c051a1eddba6
c052273c312b
c052ac8ae316
c05331d9f168
c053b7295c21
c0543c792342
c054c1c946ca
c0554719c6ba
c055cc6aa313
c05651bbdbd4
c056d70d70fd
c0575c5f6290
c057e1b1b08c
c05867045af1
c058ec5761c0
c05971aac4f9
c059f6fe849c
c05a7c52a0a9
c05b01a71921
c05b86fbee05
c05c0c511f53
c05c91a6ad0d
c05d16fc9732
c05d9c52ddc4
c05e21a980c1
c05ea700802c
c05f2c57dc02
c05fb1af9446
c0603707a8f7
c060bc601a16
c06141b8e7a2
c061c712119c
c0624c6b9804
c062d1c57adb
c063571fba20
c063dc7a55d5
c06461d54df8
c064e730a28b
c0656c8c538e
c065f1e86101
c0667744cae4
c066fca19137
c06781feb3fb
c068075c3331
c0688cba0ed7
c069121846ef
c0699776db78
c06a1cd5cc73
c06aa23519e1
c06b2794c3c1
c06bacf4ca14
c06c32552cda
c06cb7b5ec13
c06d3d1707bf
c06dc2787fdf
c06e47da5473
c06ecd3c857b
c06f529f12f8
c06fd801fcea
c0705d654350
c070e2c8e62c
c071682ce57d
c071ed914144
c07272f5f980
c072f85b0e33
c0737dc07f5d
c07403264cfd
c074888c7714
c0750df2fda2
c0759359e0a8
c07618c12026
c0769e28bc1b
c0772390b489
c077a8f9096f
c0782e61bace
c078b3cac8a6
c079393432f7
c079be9df9c2
c07a44081d06
c07ac9729cc4
c07b4edd78fd
c07bd448b1b0
c07c59b446dd
c07cdf203886
c07d648c86aa
c07de9f93149
c07e6f663864
c07ef4d39bfb
c07f7a415c0e
c07fffaf789e
c080851df1aa
c0810a8cc734
c0818ffbf93a
c082156b87bf
c0829adb72c0
c083204bba40
c083a5bc5e3e
c0842b2d5ebb
c084b09ebbb6
c08536107530
c085bb828b2a
c08640f4fda3
c086c667cc9b
c0874bdaf814
c087d14e800d
c08856c26486
c088dc36a580
c08961ab42fb
c089e7203cf8
c08a6c959375
c08af20b4675
c08b778155f6
c08bfcf7c1fa
c08c826e8a80
c08d07e5af89
c08d8d5d3115
c08e12d50f24
c08e984d49b7
c08f1dc5e0cd
c08fa33ed468
c09028b82486
c090ae31d129
c09133abda51
c091b9263ffe
c0923ea10230
c092c41c20e8
c09349979c25
c093cf1373e8
c094548fa832
c094da0c3902
c0955f892659
c095e5067036
c0966a84169b
c096f0021988
c097758078fc
c097faff34f8
c098807e4d7d
c09905fdc28a
c0998b7d941f
c09a10fdc23e
c09a967e4ce6
c09b1bff3418
c09ba18077d3
c09c27021818
c09cac8414e8
c09d32066e41
c09db7892426
c09e3d0c3696
c09ec28fa591
c09f48137117
c09fcd97992a
c0a0531c1dc8
c0a0d8a0fef2
c0a15e263ca9
c0a1e3abd6ed
c0a26931cdbe
c0a2eeb8211c
c0a3743ed107
c0a3f9c5dd81
c0a47f4d4688
c0a504d50c1e
c0a58a5d2e42
c0a60fe5acf4
c0a6956e8836
c0a71af7c007
c0a7a0815468
c0a8260b4558
c0a8ab9592d9
c0a931203ce9
c0a9b6ab438b
c0aa3c36a6bd
c0aac1c2667f
c0ab474e82d4
c0abccdafbb9
c0ac5267d131
c0acd7f5033a
c0ad5d8291d6
c0ade3107d05
c0ae689ec4c6
c0aeee2d691a
c0af73bc6a01
c0aff94bc77c
c0b07edb818b
c0b1046b982d
c0b189fc0b64
c0b20f8cdb30
c0b2951e0790
c0b31aaf9086
c0b3a0417610
c0b425d3b830
c0b4ab6656e6
c0b530f95232
c0b5b68caa14
c0b63c205e8d
c0b6c1b46f9c
c0b74748dd43
c0b7ccdda781
c0b85272ce56
c0b8d80851c3
c0b95d9e31c9
c0b9e3346e66
c0ba68cb079c
c0baee61fd6b
c0bb73f94fd3
c0bbf990fed4
c0bc7f290a6e
c0bd04c172a3
c0bd8a5a3771
c0be0ff358da
c0be958cd6dd
c0bf1b26b17c
c0bfa0c0e8b5
c0c0265b7c89
c0c0abf66cf9
c0c13191ba05
c0c1b72d63ad
c0c23cc969f1
c0c2c265ccd2
c0c348028c4f
c0c3cd9fa86a
c0c4533d2122
c0c4d8daf677
c0c55e79286a
c0c5e417b6fb
c0c669b6a22b
c0c6ef55e9f9
c0c774f58e66
c0c7fa958f72
c0c88035ed1d
c0c905d6a768
c0c98b77be53
c0ca111931dd
c0ca96bb0208
c0cb1c5d2ed4
c0cba1ffb840
c0cc27a29e4e
c0ccad45e0fd
c0cd32e9804d
c0cdb88d7c3f
c0ce3e31d4d3
c0cec3d68a0a
c0cf497b9be3
c0cfcf210a5f
c0d054c6d57e
c0d0da6cfd40
c0d1601381a6
c0d1e5ba62b0
c0d26b61a05d
c0d2f1093ab0
c0d376b131a6
c0d3fc598542
c0d482023582
c0d507ab4268
c0d58d54abf4
c0d612fe7225
c0d698a894fc
c0d71e53147a
c0d7a3fdf09e
c0d829a92969
c0d8af54bedc
c0d93500b0f5
c0d9baacffb6
c0da4059ab1f
c0dac606b330
c0db4bb417ea
c0dbd161d94c
c0dc570ff756
c0dcdcbe720a
c0dd626d4967
c0dde81c7d6e
c0de6dcc0e1f
c0def37bfb7a
c0df792c457f
c0dffedcec2e
c0e0848def89
c0e10a3f4f8f
c0e18ff10c40
c0e215a3259c
c0e29b559ba5
c0e321086e59
c0e3a6bb9dba
c0e42c6f29c8
c0e4b2231282
c0e537d757e9
c0e5bd8bf9fe
c0e64340f8c1
c0e6c8f65431
c0e74eac0c4f
c0e7d462211c
c0e85a189297
c0e8dfcf60c2
c0e965868b9b
c0e9eb3e1323
c0ea70f5f75c
c0eaf6ae3844
c0eb7c66d5dc
c0ec021fd025
c0ec87d9271e
c0ed0d92dac8
c0ed934ceb23
c0ee19075830
c0ee9ec221ee
c0ef247d485e
c0efaa38cb81
c0f02ff4ab55
c0f0b5b0e7dc
c0f13b6d8117
c0f1c12a7704
c0f246e7c9a4
c0f2cca578f9
c0f352638501
c0f3d821edbd
c0f45de0b32e
c0f4e39fd553
c0f5695f542d
c0f5ef1f2fbc
c0f674df6801
c0f6fa9ffcfb
c0f78060eeac
c0f806223d12
c0f88be3e82f
c0f911a5f002
c0f99768548c
c0fa1d2b15ce
c0faa2ee33c6
c0fb28b1ae77
c0fbae7585df
c0fc3439ba00
c0fcb9fe4ad9
c0fd3fc3386a
c0fdc58882b5
c0fe4b4e29b8
c0fed1142d75
c0ff56da8dec
c0ffdca14b1c
c10062686507
c100e82fdbac
c1016df7af0c
c101f3bfdf27
c10279886bfc
c102ff51558e
c103851a9bdb
c1040ae43ee3
c10490ae3ea8
c10516789b2a
c1059c435468
c106220e6a63
c106a7d9dd1b
c1072da5ac91
c107b371d8c4
c108393e61b5
c108bf0b4765
c10944d889d2
c109caa628ff
c10a507424ea
c10ad6427d95
c10b5c1132ff
c10be1e04528
c10c67afb412
c10ced7f7fbc
c10d734fa826
c10df9202d51
c10e7ef10f3d
c10f04c24dea
c10f8a93e958
c1101065e188
c1109638367a
c1111c0ae82f
c111a1ddf6a5
c11227b161df
c112ad8529db
c11333594e9b
c113b92dd01e
c1143f02ae64
c114c4d7e96f
c1154aad813e
c115d08375d1
c1165659c729
c116dc307546
c11762078028
c117e7dee7d0
c1186db6ac3d
c118f38ecd71
c11979674b6a
c119ff40262a
c11a85195db1
c11b0af2f1ff
c11b90cce313
c11c16a730f0
c11c9c81db94
c11d225ce300
c11da8384734
c11e2e140831
c11eb3f025f6
c11f39cca085
c11fbfa977dc
c1204586abfd
c120cb643ce8
c12151422a9d
c121d720751c
c1225cff1c66
c122e2de207a
c12368bd8159
c123ee9d3f04
c124747d5979
c124fa5dd0bb
c125803ea4c9
c126061fd5a3
c1268c016349
c12711e34dbc
c12797c594fd
c1281da8390a
c128a38b39e5
c129296e978d
c129af525204
c12a35366949
c12abb1add5c
c12b40ffae3f
c12bc6e4dbf0
c12c4cca6670
c12cd2b04dc0
c12d589691e0
c12dde7d32cf
c12e6464308f
c12eea4b8b20
c12f70334281
c12ff61b56b3
c1307c03c7b7
c13101ec958c
c13187d5c032
c1320dbf47ab
c13293a92bf6
c13319936d14
c1339f7e0b04
c134256905c8
c134ab545d5e
c135314011c9
c135b72c2307
c1363d189119
c136c3055bff
c13748f283ba
c137cee00849
c13854cde9ae
c138dabc27e8
c13960aac2f7
c139e699badd
c13a6c890f98
c13af278c129
c13b7868cf92
c13bfe593ad0
c13c844a02e6
c13d0a3b27d4
c13d902ca999
c13e161e8835
c13e9c10c3aa
c13f22035bf7
c13fa7f6511c
c1402de9a31b
c140b3dd51f2
c14139d15da3
c141bfc5c62d
c14245ba8b91
c142cbafadcf
c14351a52ce8
c143d79b08db
c1445d9141a9
c144e387d751
c145697ec9d6
c145ef761935
c146756dc571
c146fb65ce89
c147815e347d
c1480756f74d
c1488d5016fb
c14913499385
c14999436ced
c14a1f3da333
c14aa5383656
c14b2b332657
c14bb12e7337
c14c372a1cf5
c14cbd262392
c14d4322870f
c14dc91f476a
c14e4f1c64a5
c14ed519dec0
c14f5b17b5bb
c14fe115e997
c15067147a53
c150ed1367f0
c1517312b26e
c151f91259cd
c1527f125e0e
c1530512bf31
c1538b137d36
c1541114981d
c15497160fe7
c1551d17e494
c155a31a1624
c156291ca497
c156af1f8fee
c1573522d828
c157bb267d47
c158412a7f4a
c158c72ede32
c1594d3399ff
c159d338b2b1
c15a593e2848
c15adf43fac5
c15b654a2a28
c15beb50b671
c15c71579fa0
c15cf75ee5b6
c15d7d6688b3
c15e036e8897
c15e8976e562
c15f0f7f9f15
c15f9588b5b0
c1601b922933
c160a19bf99e
c16127a626f2
c161adb0b12f
c16233bb9855
c162b9c6dc65
c1633fd27d5e
c163c5de7b41
c1644bead60e
c164d1f78dc6
c1655804a268
c165de1213f5
c166641fe26e
c166ea2e0dd2
c167703c9621
c167f64b7b5c
c1687c5abd84
c169026a5c98
c169887a5899
c16a0e8ab186
c16a949b6761
c16b1aac7a29
c16ba0bde9df
c16c26cfb683
c16cace1e015
c16d32f46695
c16db9074a04
c16e3f1a8a62
c16ec52e27b0
c16f4b4221ec
c16fd1567919
c170576b2d35
c170dd803e42
c1716395ac3f
c171e9ab772c
c1726fc19f0b
c172f5d823db
c1737bef059c
c1740206444f
c174881ddff4
c1750e35d88b
c175944e2e15
c1761a66e091
c176a07ff000
c17726995c63
c177acb325b9
c17832cd4c03
c178b8e7cf40
c1793f02af72
c179c51dec98
c17a4b3986b4
c17ad1557dc4
c17b5771d1c9
c17bdd8e82c4
c17c63ab90b4
c17ce9c8fb9b
c17d6fe6c378
c17df604e84b
c17e7c236a15
c17f024248d6
c17f8861848e
c1800e811d3e
c18094a112e5
c1811ac16585
c181a0e2151c
c182270321ad
c182ad248b36
c183334651b8
c183b9687533
c1843f8af5a8
c184c5add316
c1854bd10d7f
c185d1f4a4e1
c1865818993f
c186de3cea97
c187646198ea
c187ea86a438
c18870ac0c82
c188f6d1d1c8
c1897cf7f409
c18a031e7347
c18a89454f82
c18b0f6c88b9
c18b95941eee
c18c1bbc121f
c18ca1e4624e
c18d280d0f7b
c18dae3619a6
c18e345f80d0
c18eba8944f7
c18f40b3661e
c18fc6dde444
c1904d08bf69
c190d333f78d
c191595f8cb1
c191df8b7ed6
c19265b7cdfa
c192ebe47a20
c19372118346
c193f83ee96d
c1947e6cac95
c195049accbf
c1958ac949eb
c19610f82419
c19697275b49
c1971d56ef7c
c197a386e0b2
c19829b72eea
c198afe7da26
c1993618e266
c199bc4a47a9
c19a427c09f1
c19ac8ae293d
c19b4ee0a58d
c19bd5137ee2
c19c5b46b53d
c19ce17a489d
c19d67ae3902
c19dede2866d
c19e741730de
c19efa4c3856
c19f80819cd4
c1a006b75e59
c1a08ced7ce5
c1a11323f879
c1a1995ad114
c1a21f9206b7
c1a2a5c99962
c1a32c018916
c1a3b239d5d2
c1a438727f97
c1a4beab8665
c1a544e4ea3c
c1a5cb1eab1e
c1a65158c909
c1a6d79343fe
c1a75dce1bfd
c1a7e4095107
c1a86a44e31c
c1a8f080d23c
c1a976bd1e68
c1a9fcf9c79f
c1aa8336cde2
c1ab09743132
c1ab8fb1f18d
c1ac15f00ef5
c1ac9c2e896b
c1ad226d60ed
c1ada8ac957d
c1ae2eec271a
c1aeb52c15c5
c1af3b6c617f
c1afc1ad0a47
c1b047ee101d
c1b0ce2f7303
c1b1547132f7
c1b1dab34ffc
c1b260f5ca0f
c1b2e738a133
c1b36d7bd567
c1b3f3bf66ab
c1b47a035500
c1b50047a066
c1b5868c48dd
c1b60cd14e65
c1b69316b100
c1b7195c70ac
c1b79fa28d6a
c1b825e9073b
c1b8ac2fde1e
c1b932771215
c1b9b8bea31e
c1ba3f06913b
c1bac54edc6c
c1bb4b9784b1
c1bbd1e08a0a
c1bc5829ec77
c1bcde73abf9
c1bd64bdc890
c1bdeb08423d
c1be715318fe
c1bef79e4cd6
c1bf7de9ddc3
c1c00435cbc7
c1c08a8216e1
c1c110cebf12
c1c1971bc45a
c1c21d6926b9
c1c2a3b6e630
c1c32a0502be
c1c3b0537c64
c1c436a25323
c1c4bcf186fa
c1c5434117ea
c1c5c99105f3
c1c64fe15115
c1c6d631f950
c1c75c82fea5
c1c7e2d46115
c1c86926209e
c1c8ef783d42
c1c975cab701
c1c9fc1d8ddb
c1ca8270c1d0
c1cb08c452e1
c1cb8f18410d
c1cc156c8c56
c1cc9bc134ba
c1cd22163a3c
c1cda86b9cda
c1ce2ec15c95
c1ceb517796d
c1cf3b6df363
c1cfc1c4ca77
c1d0481bfea8
c1d0ce738ff8
c1d154cb7e67
c1d1db23c9f4
c1d2617c72a0
c1d2e7d5786c
c1d36e2edb57
c1d3f4889b62
c1d47ae2b88e
c1d5013d32d9
c1d587980a45
c1d60df33ed2
c1d6944ed07f
c1d71aaabf4f
c1d7a1070b3f
c1d82763b452
c1d8adc0ba87
c1d9341e1dde
c1d9ba7bde57
c1da40d9fbf3
c1dac73876b3
c1db4d974e96
c1dbd3f6839c
c1dc5a5615c6
c1dce0b60515
c1dd67165187
c1dded76fb1e
c1de73d801da
c1defa3965bc
c1df809b26c2
c1e006fd44ee
c1e08d5fc040
c1e113c298b8
c1e19a25ce57
c1e22089611c
c1e2a6ed5108
c1e32d519e1b
c1e3b3b64855
c1e43a1b4fb8
c1e4c080b441
c1e546e675f4
c1e5cd4c94ce
c1e653b310d1
c1e6da19e9fd
c1e760812052
c1e7e6e8b3d1
c1e86d50a479
c1e8f3b8f24b
c1e97a219d47
c1ea008aa56d
c1ea86f40abf
c1eb0d5dcd3b
c1eb93c7ece2
c1ec1a3269b5
c1eca09d43b3
c1ed27087add
c1edad740f34
c1ee33e000b7
c1eeba4c4f66
c1ef40b8fb42
c1efc726044c
c1f04d936a83
c1f0d4012de8
c1f15a6f4e7a
c1f1e0ddcc3b
c1f2674ca72a
c1f2edbbdf48
c1f3742b7495
c1f3fa9b6711
c1f4810bb6bd
c1f5077c6398
c1f58ded6da3
c1f6145ed4de
c1f69ad0994a
c1f72142bae7
c1f7a7b539b4
c1f82e2815b3
c1f8b49b4ee3
c1f93b0ee545
c1f9c182d8d8
c1fa47f7299e
c1face6bd797
c1fb54e0e2c2
c1fbdb564b20
c1fc61cc10b2
c1fce8423376
c1fd6eb8b36f
c1fdf52f909c
c1fe7ba6cafd
c1ff021e6292
c1ff8896575c
c2000f0ea95b
c2009587588f
c2011c0064f9
c201a279ce99
c20228f3956e
c202af6db97a
c20335e83abc
c203bc631936
c20442de54e6
c204c959edcd
c2054fd5e3ec
c205d6523743
c2065ccee7d1
c206e34bf598
c20769c96098
c207f04728d0
c20876c54e41
c208fd43d0ec
c20983c2b0d0
c20a0a41edee
c20a90c18846
c20b17417fd8
c20b9dc1d4a5
c20c244286ac
c20caac395ef
c20d3145026d
c20db7c6cc27
c20e3e48f31c
c20ec4cb774d
c20f4b4e58bb
c20fd1d19765
c2105855334c
c210ded92c71
c211655d82d2
c211ebe23671
c2127267474e
c212f8ecb569
c2137f7280c2
c21405f8a95a
c2148c7f2f31
c21513061247
c215998d529c
c2162014f031
c216a69ceb05
c2172d25431a
c217b3adf86f
c2183a370b05
c218c0c07adb
c219474a47f3
c219cdd4724c
c21a545ef9e6
c21adae9dec3
c21b617520e1
c21be800c042
c21c6e8cbce6
c21cf51916cc
c21d7ba5cdf6
c21e0232e263
c21e88c05414
c21f0f4e2308
c21f95dc4f41
c2201c6ad8be
c220a2f9bf80
c22129890386
c221b018a4d2
c22236a8a363
c222bd38ff3a
c22343c9b857
c223ca5aceba
c22450ec4263
c224d77e1353
c2255e10418a
c225e4a2cd08
c2266b35b5cd
c226f1c8fbda
c227785c9f2f
c227fef09fcd
c2288584fdb2
c2290c19b8e1
c22992aed158
c22a19444719
c22a9fda1a23
c22b26704a76
c22bad06d814
c22c339dc2fc
c22cba350b2e
c22d40ccb0ab
c22dc764b373
c22e4dfd1386
c22ed495d0e5
c22f5b2eeb8f
c22fe1c86385
c230686238c8
c230eefc6b57
c2317596fb33
c231fc31e85b
c23282cd32d1
c2330968da95
c2339004dfa6
c23416a14205
c2349d3e01b2
c23523db1eae
c235aa7898f9
c23631167093
c236b7b4a57c
c2373e5337b4
c237c4f2273c
c2384b917414
c238d2311e3d
c23958d125b6
c239df718a80
c23a66124c9a
c23aecb36c06
c23b7354e8c4
c23bf9f6c2d3
c23c8098fa35
c23d073b8ee9
c23d8dde80ef
c23e1481d048
c23e9b257cf4
c23f21c986f3
c23fa86dee46
c2402f12b2ed
c240b5b7d4e8
c2413c5d5437
c241c30330da
c24249a96ad3
c242d0500220
c24356f6f6c3
c243dd9e48bc
c2446445f80a
c244eaee04ae
c24571966ea9
c245f83f35fa
c2467ee85aa2
c2470591dca1
c2478c3bbbf8
c24812e5f8a6
c248999092ac
c249203b8a0a
c249a6e6dec0
c24a2d9290cf
c24ab43ea037
c24b3aeb0cf8
c24bc197d712
c24c4844fe86
c24ccef28354
c24d55a0657c
c24ddc4ea4fe
c24e62fd41db
c24ee9ac3c13
c24f705b93a6
c24ff70b4894
c2507dbb5ade
c251046bca84
c2518b1c9786
c25211cdc1e4
c252987f499f
c2531f312eb7
c253a5e3712c
c2542c9610ff
c254b3490e2f
c25539fc68bd
c255c0b020a9
c256476435f4
c256ce18a89d
c25754cd78a6
c257db82a60d
c258623830d4
c258e8ee18fb
c2596fa45e81
c259f65b0168
c25a7d1201af
c25b03c95f57
c25b8a811a5f
c25c113932c9
c25c97f1a895
c25d1eaa7bc2
c25da563ac51
c25e2c1d3a42
c25eb2d72596
c25f39916e4c
c25fc04c1466
c260470717e2
c260cdc278c3
c261547e3706
c261db3a52ae
c26261f6cbba
c262e8b3a22b
c2636f70d600
c263f62e673b
c2647cec55da
c26503aaa1df
c2658a694b4a
c2661128521b
c26697e7b652
c2671ea777ef
c267a56796f4
c2682c28135f
c268b2e8ed32
c26939aa246c
c269c06bb90e
c26a472dab17
c26acdeffa8a
c26b54b2a764
c26bdb75b1a8
c26c62391955
c26ce8fcde6a
c26d6fc100ea
c26df68580d3
c26e7d4a5e26
c26f040f98e4
c26f8ad5310c
c270119b269f
c2709861799d
c2711f282a06
c271a5ef37db
c2722cb6a31c
c272b37e6bc8
c2733a4691e1
c273c10f1567
c27447d7f65a
c274cea134b9
c275556ad086
c275dc34c9c1
c27662ff2069
c276e9c9d47f
c2777094e604
c277f76054f8
c2787e2c215a
c27904f84b2b
c2798bc4d26c
c27a1291b71c
c27a995ef93d
c27b202c98cd
c27ba6fa95ce
c27c2dc8f03f
c27cb497a821
c27d3b66bd75
c27dc2363039
c27e49060070
c27ecfd62e18
c27f56a6b932
c27fdd77a1bf
c2806448e7bf
c280eb1a8b31
c28171ec8c17
c281f8beea70
c2827f91a63c
c2830664bf7d
c2838d383631
c284140c0a5b
c2849ae03bf8
c28521b4cb0b
c285a889b793
c2862f5f0190
c286b634a903
c2873d0aadec
c287c3e1104c
c2884ab7d021
c288d18eed6d
c28958666831
c289df3e406b
c28a6616761d
c28aecef0947
c28b73c7f9e8
c28bfaa14802
c28c817af395
c28d0854fca0
c28d8f2f6324
c28e160a2721
c28e9ce54898
c28f23c0c788
c28faa9ca3f2
c2903178ddd7
c290b8557536
c2913f326a10
c291c60fbc65
c2924ced6c35
c292d3cb7981
c2935aa9e449
c293e188ac8c
c2946867d24c
c294ef475588
c29576273641
c295fd077477
c29683e8102b
c2970ac9095c
c29791aa600a
c298188c1437
c2989f6e25e2
c2992650950b
c299ad3361b4
c29a34168bdb
c29abafa1382
c29b41ddf8a8
c29bc8c23b4e
c29c4fa6db74
c29cd68bd91b
c29d5d713442
c29de456ecea
c29e6b3d0313
c29ef22376bd
c29f790a47e9
c29ffff17697
c2a086d902c6
c2a10dc0ec79
c2a194a933ad
c2a21b91d865
c2a2a27adaa0
c2a329643a5e
c2a3b04df79f
c2a437381265
c2a4be228aae
c2a5450d607c
c2a5cbf893cf
c2a652e424a7
c2a6d9d01303
c2a760bc5ee5
c2a7e7a9084d
c2a86e960f3a
c2a8f58373ae
c2a97c7135a8
c2aa035f5529
c2aa8a4dd231
c2ab113cacbf
c2ab982be4d5
c2ac1f1b7a73
c2aca60b6d99
c2ad2cfbbe47
c2adb3ec6c7d
c2ae3add783c
c2aec1cee184
c2af48c0a856
c2afcfb2ccb0
c2b056a54e94
c2b0dd982e03
c2b1648b6afb
c2b1eb7f057e
c2b27272fd8b
c2b2f9675324
c2b3805c0648
c2b4075116f7
c2b48e468532
c2b5153c50f8
c2b59c327a4c
c2b62329012b
c2b6aa1fe597
c2b731172791
c2b7b80ec717
c2b83f06c42b
c2b8c5ff1ecd
c2b94cf7d6fc
c2b9d3f0ecba
c2ba5aea6007
c2bae1e430e2
c2bb68de5f4c
c2bbefd8eb46
c2bc76d3d4cf
c2bcfdcf1be7
c2bd84cac090
c2be0bc6c2c9
c2be92c32293
c2bf19bfdfed
c2bfa0bcfad9
c2c027ba7355
c2c0aeb84963
c2c135b67d03
c2c1bcb50e35
c2c243b3fcfa
c2c2cab34951
c2c351b2f33a
c2c3d8b2fab7
c2c45fb35fc7
c2c4e6b4226b
c2c56db542a2
c2c5f4b6c06e
c2c67bb89bce
c2c702bad4c2
c2c789bd6b4c
c2c810c05f6a
c2c897c3b11e
c2c91ec76067
c2c9a5cb6d46
c2ca2ccfd7bb
c2cab3d49fc7
c2cb3ad9c569
c2cbc1df48a2
c2cc48e52972
c2cccfeb67da
c2cd56f203d9
c2cdddf8fd70
c2ce6500549f
c2ceec080967
c2cf73101bc7
c2cffa188bc0
c2d081215952
c2d1082a847e
c2d18f340d43
c2d2163df3a3
c2d29d48379c
c2d32452d930
c2d3ab5dd85e
c2d432693527
c2d4b974ef8c
c2d54081078c
c2d5c78d7d27
c2d64e9a505f
c2d6d5a78132
c2d75cb50fa3
c2d7e3c2fbaf
c2d86ad14559
c2d8f1dfeca0
c2d978eef185
c2d9fffe5407
c2da870e1427
c2db0e1e31e5
c2db952ead42
c2dc1c3f863d
c2dca350bcd8
c2dd2a625111
c2ddb17442eb
c2de38869263
c2debf993f7c
c2df46ac4a35
c2dfcdbfb28f
c2e054d37889
c2e0dbe79c25
c2e162fc1d61
c2e1ea10fc3f
c2e2712638bf
c2e2f83bd2e1
c2e37f51caa5
c2e40668200c
c2e48d7ed315
c2e51495e3c2
c2e59bad5211
c2e622c51e05
c2e6a9dd479c
c2e730f5ced7
c2e7b80eb3b6
c2e83f27f63a
c2e8c6419663
c2e94d5b9431
c2e9d475efa4
c2ea5b90a8bc
c2eae2abbf7b
c2eb69c733df
c2ebf0e305ea
c2ec77ff359c
c2ecff1bc2f4
c2ed8638adf3
c2ee0d55f69a
c2ee94739ce8
c2ef1b91a0df
c2efa2b0027d
c2f029cec1c3
c2f0b0eddeb3
c2f1380d594b
c2f1bf2d318c
c2f2464d6776
c2f2cd6dfb0b
c2f3548eec49
c2f3dbb03b31
c2f462d1e7c3
c2f4e9f3f201
c2f5711659e9
c2f5f8391f7c
c2f67f5c42ba
c2f7067fc3a5
c2f78da3a23b
c2f814c7de7d
c2f89bec786c
c2f923117007
c2f9aa36c550
c2fa315c7845
c2fab88288e8
c2fb3fa8f738
c2fbc6cfc337
c2fc4df6ece4
c2fcd51e743f
c2fd5c465949
c2fde36e9c01
c2fe6a973c69
c2fef1c03a81
c2ff78e99648
c30000134fbf
c300873d66e6
c3010e67dbbe
c3019592ae47
c3021cbdde80
c302a3e96c6b
c3032b155807
c303b241a155
c304396e4855
c304c09b4d07
c30547c8af6c
c305cef66f83
c30656248d4d
c306dd5308cb
c3076481e1fc
c307ebb118e1
c30872e0ad7a
c308fa109fc7
c3098140efc9
c30a08719d80
c30a8fa2a8eb
c30b16d4120c
c30b9e05d8e3
c30c2537fd6f
c30cac6a7fb1
c30d339d5faa
c30dbad09d59
c30e420438bf
c30ec93831dc
c30f506c88b0
c30fd7a13d3c
c3105ed64f7f
c310e60bbf7b
c3116d418d2f
c311f477b89c
c3127bae41c2
c31302e528a0
c3138a1c6d38
c31411540f8a
c314988c0f95
c3151fc46d5b
c315a6fd28db
c3162e364215
c316b56fb90b
c3173ca98dbb
c317c3e3c027
c3184b1e504f
c318d2593e32
c319599489d2
c319e0d0332e
c31a680c3a46
c31aef489f1c
c31b768561af
c31bfdc281ff
c31c8500000c
c31d0c3ddbd8
c31d937c1562
c31e1abaacaa
c31ea1f9a1b1
c31f2938f477
c31fb078a4fc
c32037b8b341
c320bef91f45
c3214639e909
c321cd7b108d
c32254bc95d2
c322dbfe78d8
c3236340b99e
c323ea835826
c32471c6546f
c324f909ae7a
c325804d6647
c32607917bd6
c3268ed5ef27
c327161ac03c
c3279d5fef13
c32824a57bad
c328abeb660c
c3293331ae2d
c329ba785413
c32a41bf57bd
c32ac906b92c
c32b504e785f
c32bd7969558
c32c5edf1015
c32ce627e898
c32d6d711ee1
c32df4bab2f0
c32e7c04a4c6
c32f034ef462
c32f8a99a1c4
c33011e4acee
c330993015df
c331207bdc98
c331a7c80118
c3322f148361
c332b6616371
c3333daea14b
c333c4fc3ced
c3344c4a3658
c334d3988d8d
c3355ae7428b
c335e2365553
c3366985c5e6
c336f0d59442
c3377825c069
c337ff764a5b
c33886c73219
c3390e1877a1
c339956a1af5
c33a1cbc1c15
c33aa40e7b02
c33b2b6137ba
c33bb2b4523f
c33c3a07ca91
c33cc15ba0b1
c33d48afd49d
c33dd0046658
c33e575955e0
c33edeaea336
c33f66044e5b
c33fed5a574f
c34074b0be11
c340fc0782a3
c341835ea504
c3420ab62534
c342920e0335
c34319663f06
c343a0bed8a7
c3442817d019
c344af71255c
c34536cad870
c345be24e956
c346457f580e
c346ccda2497
c34754354ef2
c347db90d721
c34862ecbd21
c348ea4900f5
c34971a5a29c
c349f902a217
c34a805fff65
c34b07bdba88
c34b8f1bd37e
c34c167a4a49
c34c9dd91ee9
c34d2538515e
c34dac97e1a8
c34e33f7cfc8
c34ebb581bbd
c34f42b8c589
c34fca19cd2b
c350517b32a3
c350d8dcf5f2
c351603f1719
c351e7a19616
c3526f0472eb
c352f667ad98
c3537dcb461d
c354052f3c7b
c3548c9390b1
c35513f842bf
c3559b5d52a7
c35622c2c068
c356aa288c03
c357318eb578
c357b8f53cc7
c358405c21f0
c358c7c364f4
c3594f2b05d2
c359d693048c
c35a5dfb6121
c35ae5641b92
c35b6ccd33de
c35bf436aa07
c35c7ba07e0c
c35d030aafee
c35d8a753fad
c35e11e02d49
c35e994b78c2
c35f20b72219
c35fa823294e
c3602f8f8e61
c360b6fc5152
c3613e697222
c361c5d6f0d2
c3624d44cd60
c362d4b307ce
c3635c21a01b
c363e3909648
c3646affea56
c364f26f9c44
c36579dfac13
c366015019c2
c36688c0e553
c36710320ec6
c36797a3961a
c3681f157b50
c368a687be68
c3692dfa5f63
c369b56d5e41
c36a3ce0bb02
c36ac45475a5
c36b4bc88e2d
c36bd33d0498
c36c5ab1d8e7
c36ce2270b1b
c36d699c9b33
c36df112892f
c36e7888d511
c36effff7ed8
c36f87768685
c3700eedec17
c3709665af90
c3711dddd0ee
c371a5565034
c3722ccf2d60
c372b4486873
c3733bc2016e
c373c33bf850
c3744ab64d1a
c374d230ffcc
c37559ac1066
c375e1277ee9
c37668a34b55
c376f01f75aa
c377779bfde8
c377ff18e410
c37886962822
c3790e13ca1e
c3799591ca04
c37a1d1027d5
c37aa48ee391
c37b2c0dfd38
c37bb38d74ca
c37c3b0d4a48
c37cc28d7db2
c37d4a0e0f08
c37dd18efe4b
c37e59104b7a
c37ee091f696
c37f6813ff9f
c37fef966696
c38077192b7a
c380fe9c4e4c
c381861fcf0d
c3820da3adbb
c3829527ea59
c3831cac84e6
c383a4317d61
c3842bb6d3cd
c384b33c8827
c3853ac29a72
c385c2490aad
c38649cfd8d9
c386d15704f5
c38758de8f03
c387e0667701
c38867eebcf1
c388ef7760d3
c389770062a7
c389fe89c26d
c38a86138026
c38b0d9d9bd1
c38b9528156f
c38c1cb2ed01
c38ca43e2286
c38d2bc9b5ff
c38db355a76c
c38e3ae1f6cd
c38ec26ea423
c38f49fbaf6e
c38fd18918ae
c3905916dfe3
c390e0a5050d
c3916833882e
c391efc26944
c3927751a851
c392fee14554
c3938671404f
c3940e019940
c39495925029
c3951d236509
c395a4b4d7e1
c3962c46a8b1
c396b3d8d77a
c3973b6b643b
c397c2fe4ef5
c3984a9197a9
c398d2253e55
c39959b942fc
c399e14da59c
c39a68e26636
c39af07784cb
c39b780d015a
c39bffa2dbe4
c39c8739146a
c39d0ecfaaeb
c39d96669f67
c39e1dfdf1e0
c39ea595a254
c39f2d2db0c5
c39fb4c61d33
c3a03c5ee79e
c3a0c3f81006
c3a14b91966b
c3a1d32b7ace
c3a25ac5bd2f
c3a2e2605d8f
c3a369fb5bec
c3a3f196b849
c3a4793272a4
c3a500ce8aff
c3a5886b0159
c3a61007d5b3
c3a697a5080d
c3a71f429867
c3a7a6e086c2
c3a82e7ed31d
c3a8b61d7d7a
c3a93dbc85d7
c3a9c55bec37
c3aa4cfbb098
c3aad49bd2fb
c3ab5c3c5360
c3abe3dd31c8
c3ac6b7e6e33
c3acf32008a0
c3ad7ac20112
c3ae02645786
c3ae8a070bff
c3af11aa1e7b
c3af994d8efc
c3b020f15d81
c3b0a8958a0c
c3b1303a149b
c3b1b7defd30
c3b23f8443ca
c3b2c729e86a
c3b34ecfeb10
c3b3d6764bbd
c3b45e1d0a70
c3b4e5c4272a
c3b56d6ba1ec
c3b5f5137ab4
c3b67cbbb185
c3b70464465d
c3b78c0d393d
c3b813b68a26
c3b89b603917
c3b9230a4611
c3b9aab4b115
c3ba325f7a22
c3baba0aa138
c3bb41b62659
c3bbc9620983
c3bc510e4ab8
c3bcd8bae9f8
c3bd6067e743
c3bde8154299
c3be6fc2fbfa
c3bef7711367
c3bf7f1f88e0
c3c006ce5c66
c3c08e7d8df7
c3c1162d1d96
c3c19ddd0b41
c3c2258d56fa
c3c2ad3e00c0
c3c334ef0894
c3c3bca06e76
c3c444523266
c3c4cc045465
c3c553b6d472
c3c5db69b28f
c3c6631ceebb
c3c6ead088f6
c3c772848141
c3c7fa38d79c
c3c881ed8c07
c3c909a29e83
c3c991580f10
c3ca190dddae
c3caa0c40a5d
c3cb287a951e
c3cbb0317df0
c3cc37e8c4d5
c3ccbfa069cc
c3cd47586cd5
c3cdcf10cdf2
c3ce56c98d21
c3cede82aa64
c3cf663c25ba
c3cfedf5ff25
c3d075b036a3
c3d0fd6acc36
c3d18525bfdd
c3d20ce11199
c3d2949cc16b
c3d31c58cf52
c3d3a4153b4e
c3d42bd20560
c3d4b38f2d89
c3d53b4cb3c8
c3d5c30a981d
c3d64ac8da8a
c3d6d2877b0d
c3d75a4679a8
c3d7e205d65b
c3d869c59126
c3d8f185aa09
c3d979462104
c3da0106f618
c3da88c82945
c3db1089ba8b
c3db984ba9eb
c3dc200df764
c3dca7d0a2f8
c3dd2f93aca5
c3ddb757146d
c3de3f1ada50
c3dec6defe4e
c3df4ea38067
c3dfd668609b
c3e05e2d9eec
c3e0e5f33b58
c3e16db935e0
c3e1f57f8e86
c3e27d464547
c3e3050d5a26
c3e38cd4cd23
c3e4149c9e3c
c3e49c64cd74
c3e5242d5ac9
c3e5abf6463d
c3e633bf8fd0
c3e6bb893781
c3e743533d51
c3e7cb1da141
c3e852e86350
c3e8dab3837f
c3e9627f01ce
c3e9ea4ade3e
c3ea721718ce
c3eaf9e3b17f
c3eb81b0a851
c3ec097dfd45
c3ec914bb05a
c3ed1919c191
c3eda0e830ea
c3ee28b6fe65
c3eeb0862a03
c3ef3855b3c4
c3efc0259ba8
c3f047f5e1b0
c3f0cfc685db
c3f15797882a
c3f1df68e89d
c3f2673aa735
c3f2ef0cc3f1
c3f376df3ed3
c3f3feb217d9
c3f486854f05
c3f50e58e457
c3f5962cd7ce
c3f61e01296c
c3f6a5d5d930
c3f72daae71b
c3f7b580532d
c3f83d561d66
c3f8c52c45c7
c3f94d02cc4f
c3f9d4d9b100
c3fa5cb0f3d8
c3fae48894da
c3fb6c609403
c3fbf438f156
c3fc7c11acd3
c3fd03eac678
c3fd8bc43e48
c3fe139e1441
c3fe9b784865
c3ff2352dab3
c3ffab2dcb2c
c400330919d0
c400bae4c6a0
c40142c0d19b
c401ca9d3ac2
c402527a0215
c402da572794
c4036234ab40
c403ea128d18
c40471f0cd1e
c404f9cf6b51
c40581ae67b2
c406098dc241
c406916d7afd
c407194d91e8
c407a12e0702
c408290eda4a
c408b0f00bc2
c40938d19b69
c409c0b38940
c40a4895d546
c40ad0787f7d
c40b585b87e4
c40be03eee7c
c40c6822b345
c40cf006d63f
c40d77eb576a
c40dffd036c7
c40e87b57456
c40f0f9b1017
c40f97810a0b
c4101f676231
c410a74e188a
c4112f352d17
c411b71c9fd7
c4123f0470ca
c412c6ec9ff2
c4134ed52d4e
c413d6be18de
c4145ea762a3
c414e6910a9d
c4156e7b10cc
c415f6657531
c4167e5037cc
c417063b589c
c4178e26d7a3
c4181612b4e1
c4189dfef055
c41925eb8a00
c419add881e3
c41a35c5d7fd
c41abdb38c4f
c41b45a19ed9
c41bcd900f9b
c41c557ede96
c41cdd6e0bc9
c41d655d9736
c41ded4d80dc
c41e753dc8bc
c41efd2e6ed5
c41f851f7329
c4200d10d5b7
c4209502967f
c4211cf4b583
c421a4e732c1
c4222cda0e3b
c422b4cd47f1
c4233cc0dfe2
c423c4b4d610
c4244ca92a79
c424d49ddd20
c4255c92ee04
c425e4885d24
c4266c7e2a82
c426f474561e
c4277c6adff8
c4280461c810
c4288c590e66
c4291450b2fb
c4299c48b5cf
c42a244116e2
c42aac39d635
c42b3432f3c7
c42bbc2c6f99
c42c442649ac
c42ccc2081ff
c42d541b1892
c42ddc160d67
c42e6411607d
c42eec0d11d5
c42f7409216e
c42ffc058f49
c43084025b66
c4310bff85c6
c43193fd0e69
c4321bfaf54f
c432a3f93a78
c4332bf7dde5
c433b3f6df95
c4343bf63f8a
c434c3f5fdc2
c4354bf61a40
c435d3f69502
c4365bf76e09
c436e3f8a556
c4376bfa3ae8
c437f3fc2ec0
c4387bfe80de
c43904013142
c4398c043fed
c43a1407acdf
c43a9c0b7818
c43b240fa199
c43bac142961
c43c34190f70
c43cbc1e53c8
c43d4423f669
c43dcc29f752
c43e54305684
c43edc3713ff
c43f643e2fc4
c43fec45a9d2
c440744d822a
c440fc55b8cc
c441845e4db9
c4420c6740f0
c44294709273
c4431c7a4240
c443a4845059
c4442c8ebcbe
c444b499876e
c4453ca4b06b
c445c4b037b5
c4464cbc1d4b
c446d4c8612e
c4475cd5035e
c447e4e203dc
c4486cef62a8
c448f4fd1fc1
c4497d0b3b29
c44a0519b4df
c44a8d288ce5
c44b1537c339
c44b9d4757dc
c44c25574acf
c44cad679c12
c44d35784ba5
c44dbd895988
c44e459ac5bc
c44ecdac9040
c44f55beb916
c44fddd1403d
c45065e425b5
c450edf76980
c451760b0b9c
c451fe1f0c0b
c45286336acc
c4530e4827e0
c453965d4348
c4541e72bd03
c454a6889511
c4552e9ecb73
c455b6b5602a
c4563ecc5334
c456c6e3a494
c4574efb5448
c457d7136251
c4585f2bceb0
c458e7449965
c4596f5dc26f
c459f77749d0
c45a7f912f87
c45b07ab7395
c45b8fc615fa
c45c17e116b6
c45c9ffc75c9
c45d28183334
c45db0344ef7
c45e3850c913
c45ec06da186
c45f488ad853
c45fd0a86d78
c46058c660f7
c460e0e4b2cf
c46169036301
c461f122718d
c4627941de74
c4630161a9b4
c4638981d350
c46411a25b47
c46499c34198
c46521e48646
c465aa06294f
c46632282ab4
c466ba4a8a76
c467426d4894
c467ca90650f
c46852b3dfe7
c468dad7b91d
c46962fbf0b0
c469eb2086a1
c46a73457aef
c46afb6acd9d
c46b83907ea9
c46c0bb68e13
c46c93dcfbdd
c46d1c03c807
c46da42af290
c46e2c527b78
c46eb47a62c1
c46f3ca2a86b
c46fc4cb4c75
c4704cf44edf
c470d51dafab
c4715d476ed9
c471e5718c68
c4726d9c0859
c472f5c6e2ad
c4737df21b62
c474061db27b
c4748e49a7f6
c4751675fbd5
c4759ea2ae17
c47626cfbebc
c476aefd2dc6
c477372afb34
c477bf592707
c4784787b13e
c478cfb699da
c47957e5e0dc
c479e0158643
c47a68458a0f
c47af075ec42
c47b78a6acdb
c47c00d7cbdb
c47c89094941
c47d113b250e
c47d996d5f43
c47e219ff7df
c47ea9d2eee3
c47f32064450
c47fba39f824
c480426e0a61
c480caa27b07
c48152d74a16
c481db0c778e
c48263420370
c482eb77edbc
c48373ae3672
c483fbe4dd92
c484841be31d
c4850c534713
c485948b0973
c4861cc32a40
c486a4fba978
c4872d34871b
c487b56dc32b
c4883da75da8
c488c5e15691
c4894e1bade7
c489d65663aa
c48a5e9177da
c48ae6ccea79
c48b6f08bb85
c48bf744eaff
c48c7f8178e8
c48d07be6540
c48d8ffbb006
c48e1839593c
c48ea07760e1
c48f28b5c6f6
c48fb0f48b7b
c4903933ae71
c490c1732fd6
c49149b30fad
c491d1f34df4
c4925a33eaad
c492e274e5d7
c4936ab63f74
c493f2f7f782
c4947b3a0e02
c495037c82f5
c4958bbf565b
c49614028834
c4969c461880
c497248a0740
c497acce5473
c4983513001b
c498bd580a37
c499459d72c7
c499cde339cd
c49a56295f47
c49ade6fe337
c49b66b6c59d
c49beefe0678
c49c7745a5c9
c49cff8da391
c49d87d5ffd0
c49e101eba85
c49e9867d3b2
c49f20b14b56
c49fa8fb2172
c4a031455605
c4a0b98fe911
c4a141dada95
c4a1ca262a92
c4a25271d908
c4a2dabde5f7
c4a3630a515f
c4a3eb571b41
c4a473a4439d
c4a4fbf1ca74
c4a5843fafc5
c4a60c8df390
c4a694dc95d7
c4a71d2b9699
c4a7a57af5d6
c4a82dcab38f
c4a8b61acfc4
c4a93e6b4a75
c4a9c6bc23a3
c4aa4f0d5b4e
c4aad75ef176
c4ab5fb0e61b
c4abe803393d
c4ac7055eadd
c4acf8a8fafc
c4ad80fc6998
c4ae095036b4
c4ae91a4624e
c4af19f8ec67
c4afa24dd500
c4b02aa31c18
c4b0b2f8c1b0
c4b13b4ec5c8
c4b1c3a52860
c4b24bfbe979
c4b2d4530913
c4b35caa872e
c4b3e50263cb
c4b46d5a9ee9
c4b4f5b33889
c4b57e0c30ab
c4b60665874f
c4b68ebf3c76
c4b717195021
c4b79f73c24e
c4b827ce92ff
c4b8b029c233
c4b938854feb
c4b9c0e13c28
c4ba493d86e9
c4bad19a302f
c4bb59f737f9
c4bbe2549e49
c4bc6ab2631f
c4bcf310867a
c4bd7b6f085b
c4be03cde8c2
c4be8c2d27b0
c4bf148cc525
c4bf9cecc121
c4c0254d1ba3
c4c0adadd4ae
c4c1360eec40
c4c1be70625a
c4c246d236fd
c4c2cf346a28
c4c35796fbdc
c4c3dff9ec19
c4c4685d3adf
c4c4f0c0e82f
c4c57924f409
c4c601895e6d
c4c689ee275b
c4c712534ed4
c4c79ab8d4d7
c4c8231eb966
c4c8ab84fc80
c4c933eb9e26
c4c9bc529e57
c4ca44b9fd15
c4cacd21ba5f
c4cb5589d636
c4cbddf2509a
c4cc665b298a
c4cceec46109
c4cd772df715
c4cdff97ebae
c4ce88023ed6
c4cf106cf08d
c4cf98d800d2
c4d021436fa6
c4d0a9af3d09
c4d1321b68fc
c4d1ba87f37f
c4d242f4dc91
c4d2cb622434
c4d353cfca67
c4d3dc3dcf2b
c4d464ac3280
c4d4ed1af466
c4d5758a14de
c4d5fdf993e7
c4d686697183
c4d70ed9adb1
c4d7974a4871
c4d81fbb41c4
c4d8a82c99aa
c4d9309e5024
c4d9b9106531
c4da4182d8d1
c4dac9f5ab06
c4db5268dbcf
c4dbdadc6b2d
c4dc63505920
c4dcebc4a5a8
c4dd743950c5
c4ddfcae5a77
c4de8523c2c0
c4df0d99899f
c4df960faf14
c4e01e86331f
c4e0a6fd15c2
c4e12f7456fc
c4e1b7ebf6cd
c4e24063f536
c4e2c8dc5236
c4e351550dcf
c4e3d9ce2801
c4e46247a0cb
c4e4eac1782d
c4e5733bae2a
c4e5fbb642bf
c4e6843135ee
c4e70cac87b8
c4e79528381b
c4e81da44719
c4e8a620b4b2
c4e92e9d80e5
c4e9b71aabb4
c4ea3f98351f
c4eac8161d25
c4eb509463c7
c4ebd9130905
c4ec61920ce0
c4ecea116f58
c4ed7291306d
c4edfb11501f
c4ee8391ce6e
c4ef0c12ab5c
c4ef9493e6e7
c4f01d158111
c4f0a59779da
c4f12e19d141
c4f1b69c8747
c4f23f1f9bed
c4f2c7a30f32
c4f35026e117
c4f3d8ab119c
c4f4612fa0c2
c4f4e9b48e88
c4f57239daef
c4f5fabf85f7
c4f683458fa1
c4f70bcbf7ec
c4f79452bed9
c4f81cd9e468
c4f8a561689a
c4f92de94b6e
c4f9b6718ce6
c4fa3efa2d00
c4fac7832bbe
c4fb500c8920
c4fbd8964525
c4fc61205fcf
c4fce9aad91e
c4fd7235b111
c4fdfac0e7a9
c4fe834c7ce6
c4ff0bd870c8
c4ff9464c351
c5001cf1747f
c500a57e8454
c5012e0bf2cf
c501b699bff1
c5023f27ebba
c502c7b6762b
c50350455f43
c503d8d4a702
c50461644d6a
c504e9f4527a
c5057284b633
c505fb157894
c50683a6999f
c5070c381952
c50794c9f7b0
c5081d5c34b7
c508a5eed068
c5092e81cac4
c509b71523cb
c50a3fa8db7c
c50ac83cf1d8
c50b50d166e0
c50bd9663a93
c50c61fb6cf3
c50cea90fdfe
c50d7326edb6
c50dfbbd3c1b
c50e8453e92c
c50f0ceaf4eb
c50f95825f57
c5101e1a2870
c510a6b25038
c5112f4ad6ae
c511b7e3bbd3
c512407cffa6
c512c916a228
c51351b0a359
c513da4b033a
c51462e5c1ca
c514eb80df0b
c515741c5afc
c515fcb8359d
c51685546eef
c5170df106f2
c517968dfda7
c5181f2b530d
c518a7c90724
c519306719ee
c519b9058b6a
c51a41a45b99
c51aca438a7a
c51b52e3180f
c51bdb830457
c51c64234f52
c51cecc3f902
c51d75650165
c51dfe06687d
c51e86a82e49
c51f0f4a52cb
c51f97ecd601
c520208fb7ed
c520a932f88e
c52131d697e6
c521ba7a95f3
c522431ef2b7
c522cbc3ae32
c5235468c863
c523dd0e414c
c52465b418ec
c524ee5a4f44
c5257700e454
c525ffa7d81b
c526884f2a9c
c52710f6dbd5
c527999eebc7
c52822475a73
c528aaf027d7
c529339953f6
c529bc42decf
c52a44ecc861
c52acd9710af
c52b5641b7b7
c52bdeecbd7a
c52c679821f9
c52cf043e533
c52d78f00728
c52e019c87da
c52e8a496748
c52f12f6a573
c52f9ba4425b
c53024523dff
c530ad009861
c53135af5181
c531be5e695e
c532470ddffa
c532cfbdb554
c533586de96c
c533e11e7c43
c53469cf6dda
c534f280be30
c5357b326d45
c53603e47b1b
c5368c96e7b0
c5371549b306
c5379dfcdd1d
c53826b065f5
c538af644d8d
c539381893e8
c539c0cd3904
c53a49823ce1
c53ad2379f82
c53b5aed60e4
c53be3a38109
c53c6c59fff2
c53cf510dd9d
c53d7dc81a0c
c53e067fb53f
c53e8f37af36
c53f17f007f1
c53fa0a8bf70
c5402961d5b4
c540b21b4abe
c5413ad51e8c
c541c38f5121
c5424c49e27b
c542d504d29b
c5435dc02181
c543e67bcf2e
c5446f37dba2
c544f7f446dd
c54580b110df
c546096e39a9
c546922bc13a
c5471ae9a794
c547a3a7ecb6
c5482c6690a1
c548b5259354
c5493de4f4d1
c549c6a4b517
c54a4f64d427
c54ad8255201
c54b60e62ea5
c54be9a76a13
c54c7269044c
c54cfb2afd50
c54d83ed551f
c54e0cb00bba
c54e95732120
c54f1e369552
c54fa6fa6851
c5502fbe9a1c
c550b8832ab3
c55141481a18
c551ca0d684a
c55252d31549
c552db992116
c553645f8bb2
c553ed26551b
c55475ed7d53
c554feb5045a
c555877cea30
c55610452ed5
c556990dd249
c55721d6d48e
c557aaa035a2
c5583369f587
c558bc34143d
c55944fe91c3
c559cdc96e1a
c55a5694a943
c55adf60433d
c55b682c3c0a
c55bf0f893a8
c55c79c54a19
c55d02925f5c
c55d8b5fd372
c55e142da65c
c55e9cfbd819
c55f25ca68a9
c55fae99580d
c5603768a646
c560c0385353
c56149085f35
c561d1d8c9eb
c5625aa99377
c562e37abbd9
c5636c4c4310
c563f51e291d
c5647df06e00
c56506c311b9
c5658f96144a
c566186975b1
c566a13d35f0
c5672a115506
c567b2e5d2f4
c5683bbaafba
c568c48feb59
c5694d6585d0
c569d63b7f1f
c56a5f11d748
c56ae7e88e4a
c56b70bfa426
c56bf99718db
c56c826eec6b
c56d0b471ed4
c56d941fb019
c56e1cf8a038
c56ea5d1ef33
c56f2eab9d08
c56fb785a9ba
c57040601547
c570c93adfb0
c571521608f6
c571daf19119
c57263cd7818
c572eca9bdf5
c573758662af
c573fe636646
c5748740c8bc
c575101e8a10
c57598fcaa42
c57621db2953
c576aaba0743
c57733994412
c577bc78dfc0
c5784558da4f
c578ce3933bd
c5795719ec0c
c579dffb033b
c57a68dc794b
c57af1be4e3b
c57b7aa0820e
c57c038314c1
c57c8c660657
c57d154956ce
c57d9e2d0628
c57e27111464
c57eaff58183
c57f38da4d86
c57fc1bf786b
c5804aa50234
c580d38aeae1
c5815c713273
c581e557d8e8
c5826e3ede42
c582f7264281
c583800e05a5
c58408f627af
c58491dea89e
c5851ac78873
c585a3b0c72e
c5862c9a64d0
c586b5846158
c5873e6ebcc7
c587c759771d
c5885044905b
c588d9300881
c589621bdf8e
c589eb081584
c58a73f4aa62
c58afce19e29
c58b85cef0d9
c58c0ebca272
c58c97aab2f4
c58d20992261
c58da987f0b7
c58e32771df8
c58ebb66aa23
c58f44569539
c58fcd46df3a
c59056378826
c590df288ffe
c5916819f6c2
c591f10bbc71
c59279fde10d
c59302f06496
c5938be3470b
c59414d6886e
c5949dca28be
c59526be27fb
c595afb28627
c59638a74340
c596c19c5f48
c5974a91da3f
c597d387b424
c5985c7decf8
c598e57484bc
c5996e6b7b70
c599f762d114
c59a805a85a7
c59b0952992c
c59b924b0ba0
c59c1b43dd06
c59ca43d0d5d
c59d2d369ca6
c59db6308ae0
c59e3f2ad80c
c59ec825842b
c59f51208f3c
c59fda1bf93f
c5a06317c236
c5a0ec13ea20
c5a1751070fd
c5a1fe0d56cf
c5a2870a9b94
c5a310083f4d
c5a3990641fc
c5a42204a39f
c5a4ab036437
c5a5340283c4
c5a5bd020247
c5a64601dfc0
c5a6cf021c2e
c5a75802b794
c5a7e103b1ef
c5a86a050b42
c5a8f306c38c
c5a97c08dacd
c5aa050b5106
c5aa8e0e2636
c5ab17115a5f
c5aba014ed80
c5ac2918df9a
c5acb21d30ad
c5ad3b21e0b9
c5adc426efbf
c5ae4d2c5dbe
c5aed6322ab7
c5af5f3856aa
c5afe83ee198
c5b07145cb80
c5b0fa4d1464
c5b18354bc43
c5b20c5cc31d
c5b2956528f3
c5b31e6dedc5
c5b3a7771193
c5b43080945d
c5b4b98a7625
c5b54294b6ea
c5b5cb9f56ab
c5b654aa556b
c5b6ddb5b328
c5b766c16fe3
c5b7efcd8b9d
c5b878da0655
c5b901e6e00c
c5b98af418c2
c5ba1401b077
c5ba9d0fa72d
c5bb261dfce1
c5bbaf2cb197
c5bc383bc54c
c5bcc14b3802
c5bd4a5b09b9
c5bdd36b3a71
c5be5c7bca2b
c5bee58cb8e6
c5bf6e9e06a3
c5bff7afb362
c5c080c1bf24
c5c109d429e8
c5c192e6f3b0
c5c21bfa1c7a
c5c2a50da448
c5c32e218b1a
c5c3b735d0f0
c5c4404a75ca
c5c4c95f79a8
c5c55274dc8b
c5c5db8a9e74
c5c664a0bf61
c5c6edb73f54
c5c776ce1e4d
c5c7ffe55c4c
c5c888fcf951
c5c91214f55d
c5c99b2d506f
c5ca24460a89
c5caad5f23aa
c5cb36789bd2
c5cbbf927303
c5cc48aca93b
c5ccd1c73e7c
c5cd5ae232c5
c5cde3fd8618
c5ce6d193873
c5cef63549d8
c5cf7f51ba46
c5d0086e89be
c5d0918bb841
c5d11aa945ce
c5d1a3c73265
c5d22ce57e08
c5d2b60428b6
c5d33f23326f
c5d3c8429b34
c5d451626304
c5d4da8289e1
c5d563a30fcb
c5d5ecc3f4c1
c5d675e538c4
c5d6ff06dbd5
c5d78828ddf3
c5d8114b3f1e
c5d89a6dff58
c5d923911ea0
c5d9acb49cf7
c5da35d87a5c
c5dabefcb6d0
c5db48215254
c5dbd1464ce7
c5dc5a6ba68a
c5dce3915f3d
c5dd6cb77701
c5ddf5ddedd5
c5de7f04c3ba
c5df082bf8b0
c5df91538cb7
c5e01a7b7fd0
c5e0a3a3d1fb
c5e12ccc8338
c5e1b5f59387
c5e23f1f02e9
c5e2c848d15e
c5e35172fee6
c5e3da9d8b82
c5e463c87731
c5e4ecf3c1f4
c5e5761f6bcb
c5e5ff4b74b7
c5e68877dcb8
c5e711a4a3cd
c5e79ad1c9f8
c5e823ff4f38
c5e8ad2d338e
c5e9365b76fa
c5e9bf8a197c
c5ea48b91b15
c5ead1e87bc4
c5eb5b183b8a
c5ebe4485a68
c5ec6d78d85d
c5ecf6a9b56b
c5ed7fdaf190
c5ee090c8ccd
c5ee923e8723
c5ef1b70e092
c5efa4a3991a
c5f02dd6b0bb
c5f0b70a2776
c5f1403dfd4b
c5f1c972323a
c5f252a6c643
c5f2dbdbb967
c5f365110ba6
c5f3ee46bd00
c5f4777ccd75
c5f500b33d06
c5f589ea0bb3
c5f61321397c
c5f69c58c661
c5f72590b263
c5f7aec8fd83
c5f83801a7bf
c5f8c13ab119
c5f94a741990
c5f9d3ade126
c5fa5ce807d9
c5fae6228dac
c5fb6f5d729d
c5fbf898b6ad
c5fc81d459dc
c5fd0b105c2b
c5fd944cbd99
c5fe1d897e28
c5fea6c69dd7
c5ff30041ca6
c5ffb941fa97
c600428037a8
c600cbbed3db
c60154fdcf2f
c601de3d29a5
c602677ce33d
c602f0bcfbf8
c60379fd73d5
c604033e4ad5
c6048c7f80f8
c60515c1163f
c6059f030aa9
c60628455e37
c606b18810e9
c6073acb22c0
c607c40e93bb
c6084d5263db
c608d6969321
c6095fdb218c
c609e9200f1d
c60a72655bd3
c60afbab07b0
c60b84f112b3
c60c0e377cdd
c60c977e462e
c60d20c56ea7
c60daa0cf646
c60e3354dd0e
c60ebc9d22fe
c60f45e5c815
c60fcf2ecc56
c61058782fbf
c610e1c1f251
c6116b0c140d
c611f45694f2
c6127da17501
c61306ecb43a
c6139038529e
c6141984502c
c614a2d0ace4
c6152c1d68c8
c615b56a83d8
c6163eb7fe13
c616c805d77a
c6175154100d
c617daa2a7cc
c61863f19eb8
c618ed40f4d1
c6197690aa18
c619ffe0be8b
c61a8931322c
c61b128204fc
c61b9bd336f9
c61c2524c825
c61cae76b880
c61d37c9080a
c61dc11bb6c2
c61e4a6ec4ab
c61ed3c231c3
c61f5d15fe0b
c61fe66a2984
c6206fbeb42d
c620f9139e06
c6218268e711
c6220bbe8f4d
c622951496bb
c6231e6afd5a
c623a7c1c32c
c6243118e830
c624ba706c66
c62543c84fd0
c625cd20926c
c6265679343c
c626dfd2353f
c627692b9577
c627f28554e2
c6287bdf7382
c6290539f156
c6298e94ce60
c62a17f00a9e
c62aa14ba612
c62b2aa7a0bc
c62bb403fa9c
c62c3d60b3b2
c62cc6bdcbfe
c62d501b4381
c62dd9791a3b
c62e62d7502c
c62eec35e555
c62f7594d9b5
c62ffef42d4e
c6308853e01e
c63111b3f227
c6319b146369
c632247533e5
c632add66399
c6333737f287
c633c099e0ae
c63449fc2e10
c634d35edaac
c6355cc1e683
c635e6255194
c6366f891be1
c636f8ed4569
c6378251ce2d
c6380bb6b62c
c638951bfd68
c6391e81a3e0
c639a7e7a994
c63a314e0e86
c63abab4d2b4
c63b441bf620
c63bcd8378ca
c63c56eb5ab2
c63ce0539bd8
c63d69bc3c3c
c63df3253bdf
c63e7c8e9ac1
c63f05f858e2
c63f8f627643
c64018ccf2e4
c640a237cec4
c6412ba309e5
c641b50ea446
c6423e7a9de8
c642c7e6f6cb
c6435153aeef
c643dac0c655
c644642e3cfd
c644ed9c12e7
c645770a4813
c6460078dc81
c64689e7d033
c64713572327
c6479cc6d55f
c6482636e6db
c648afa7579a
c6493918279e
c649c28956e6
c64a4bfae572
c64ad56cd343
c64b5edf205a
c64be851ccb6
c64c71c4d858
c64cfb38433f
c64d84ac0d6d
c64e0e2036e1
c64e9794bf9c
c64f2109a79e
c64faa7eeee7
c65033f49578
c650bd6a9b50
c65146e10071
c651d057c4d9
c65259cee88a
c652e3466b84
c6536cbe4dc7
c653f6368f53
c6547faf3029
c65509283048
c65592a18fb2
c6561c1b4e66
c656a5956c64
c6572f0fe9ae
c657b88ac642
c65842060222
c658cb819d4d
c65954fd97c4
c659de79f188
c65a67f6aa97
c65af173c2f4
c65b7af13a9d
c65c046f1193
c65c8ded47d7
c65d176bdd69
c65da0ead248
c65e2a6a2676
c65eb3e9d9f2
c65f3d69ecbc
c65fc6ea5ed6
c660506b303f
c660d9ec60f7
c661636df0ff
c661ecefe058
c66276722f00
c662fff4dcf9
c6638977ea42
c66412fb56dd
c6649c7f22c9
c66526034e07
c665af87d896
c666390cc277
c666c2920bab
c6674c17b431
c667d59dbc0a
c6685f242336
c668e8aae9b6
c66972320f89
c669fbb994b0
c66a8541792b
c66b0ec9bcfb
c66b9852601f
c66c21db6298
c66cab64c466
c66d34ee858a
c66dbe78a603
c66e480325d2
c66ed18e04f7
c66f5b194373
c66fe4a4e146
c6706e30de6f
c670f7bd3af0
c6718149f6c8
c6720ad711f8
c67294648c80
c6731df26660
c673a7809f99
c674310f382a
c674ba9e3015
c675442d8759
c675cdbd3df6
c676574d53ed
c676e0ddc93e
c6776a6e9dea
c677f3ffd1f0
c6787d916551
c6790723580d
c67990b5aa24
c67a1a485b97
c67aa3db6c66
c67b2d6edc91
c67bb702ac18
c67c4096dafc
c67cca2b693d
c67d53c056db
c67ddd55a3d6
c67e66eb502f
c67ef0815be6
c67f7a17c6fc
c68003ae916f
c6808d45bb42
c68116dd4473
c681a0752d04
c6822a0d74f4
c682b3a61c43
c6833d3f22f3
c683c6d88903
c68450724e74
c684da0c7345
c68563a6f778
c685ed41db0b
c68676dd1e00
c6870078c058
c6878a14c211
c68813b1232c
c6889d4de3aa
c68926eb038b
c689b08882cf
c68a3a266176
c68ac3c49f81
c68b4d633cf0
c68bd70239c3
c68c60a195fa
c68cea415196
c68d73e16c97
c68dfd81e6fd
c68e8722c0c8
c68f10c3f9f9
c68f9a659290
c69024078a8d
c690ada9e1f1
c691374c98bc
c691c0efaeed
c6924a932486
c692d436f986
c6935ddb2dee
c693e77fc1bd
c6947124b4f6
c694faca0796
c695846fb9a0
c6960e15cb12
c69697bc3bee
c69721630c33
c697ab0a3be2
c69834b1cafb
c698be59b97f
c6994802076d
c699d1aab4c6
c69a5b53c18a
c69ae4fd2db9
c69b6ea6f955
c69bf851245b
c69c81fbaecf
c69d0ba698ae
c69d9551e1fa
c69e1efd8ab3
c69ea8a992d9
c69f3255fa6d
c69fbc02c16e
c6a045afe7de
c6a0cf5d6dbb
c6a1590b5307
c6a1e2b997c2
c6a26c683beb
c6a2f6173f84
c6a37fc6a28d
c6a409766505
c6a4932686ed
c6a51cd70845
c6a5a687e90e
c6a630392948
c6a6b9eac8f3
c6a7439cc80f
c6a7cd4f269d
c6a85701e49c
c6a8e0b5020e
c6a96a687ef2
c6a9f41c5b48
c6aa7dd09711
c6ab0785324e
c6ab913a2cfe
c6ac1aef8721
c6aca4a540b9
c6ad2e5b59c4
c6adb811d244
c6ae41c8aa39
c6aecb7fe1a2
c6af55377881
c6afdeef6ed5
c6b068a7c49f
c6b0f26079df
c6b17c198e95
c6b205d302c1
c6b28f8cd665
c6b31947097f
c6b3a3019c10
c6b42cbc8e19
c6b4b677df9a
c6b540339093
c6b5c9efa104
c6b653ac10ee
c6b6dd68e050
c6b767260f2b
c6b7f0e39d80
c6b87aa18b4f
c6b9045fd897
c6b98e1e8559
c6ba17dd9196
c6baa19cfd4d
c6bb2b5cc87f
c6bbb51cf32c
c6bc3edd7d55
c6bcc89e66f9
c6bd525fb01a
c6bddc2158b6
c6be65e360cf
c6beefa5c864
c6bf79688f77
c6c0032bb606
c6c08cef3c13
c6c116b3219e
c6c1a07766a7
c6c22a3c0b2e
c6c2b4010f33
c6c33dc672b7
c6c3c78c35bb
c6c45152583d
c6c4db18da3f
c6c564dfbbc1
c6c5eea6fcc3
c6c6786e9d45
c6c702369d47
c6c78bfefccb
c6c815c7bbd0
c6c89f90da55
c6c9295a585d
c6c9b32435e6
c6ca3cee72f2
c6cac6b90f80
c6cb50840b90
c6cbda4f6723
c6cc641b223a
c6ccede73cd4
c6cd77b3b6f1
c6ce01809093
c6ce8b4dc9b9
c6cf151b6263
c6cf9ee95a91
c6d028b7b245
c6d0b286697e
c6d13c55803d
c6d1c624f681
c6d24ff4cc4b
c6d2d9c5019b
c6d363959672
c6d3ed668ad0
c6d47737deb4
c6d501099220
c6d58adba514
c6d614ae178f
c6d69e80e993
c6d728541b1e
c6d7b227ac33
c6d83bfb9cd0
c6d8c5cfecf6
c6d94fa49ca5
c6d9d979abde
c6da634f1aa2
c6daed24e8ef
c6db76fb16c6
c6dc00d1a428
c6dc8aa89115
c6dd147fdd8e
c6dd9e578991
c6de282f9521
c6deb208003c
c6df3be0cae3
c6dfc5b9f517
c6e04f937ed8
c6e0d96d6826
c6e16347b100
c6e1ed225969
c6e276fd615f
c6e300d8c8e3
c6e38ab48ff5
c6e41490b696
c6e49e6d3cc6
c6e5284a2285
c6e5b22767d3
c6e63c050cb0
c6e6c5e3111e
c6e74fc1751b
c6e7d9a038a9
c6e8637f5bc7
c6e8ed5ede77
c6e9773ec0b7
c6ea011f0289
c6ea8affa3ec
c6eb14e0a4e1
c6eb9ec20569
c6ec28a3c583
c6ecb285e52f
c6ed3c68646f
c6edc64b4341
c6ee502e81a7
c6eeda121fa1
c6ef63f61d2f
c6efedda7a51
c6f077bf3707
c6f101a45352
c6f18b89cf32
c6f2156faaa8
c6f29f55e5b2
c6f3293c8053
c6f3b3237a8a
c6f43d0ad457
c6f4c6f28dba
c6f550daa6b5
c6f5dac31f46
c6f664abf76f
c6f6ee952f2f
c6f7787ec687
c6f80268bd77
c6f88c531400
c6f9163dca21
c6f9a028dfdb
c6fa2a14552f
c6fab4002a1b
c6fb3dec5ea2
c6fbc7d8f2c2
c6fc51c5e67c
c6fcdbb339d1
c6fd65a0ecc0
c6fdef8eff4b
c6fe797d7170
c6ff036c4332
c6ff8d5b748e
c700174b0587
c700a13af61c
c7012b2b464e
c701b51bf61c
c7023f0d0588
c702c8fe7490
c70352f04336
c703dce2717a
c70466d4ff5c
c704f0c7ecdd
c7057abb39fb
c70604aee6b9
c7068ea2f316
c70718975f12
c707a28c2aae
c7082c8155e9
c708b676e0c5
c709406ccb41
c709ca63155e
c70a5459bf1c
c70ade50c87b
c70b6848317b
c70bf23ffa1d
c70c7c382261
c70d0630aa47
c70d902991cf
c70e1a22d8fb
c70ea41c7fc9
c70f2e16863a
c70fb810ec4f
c710420bb208
c710cc06d765
c71156025c66
c711dffe410b
c71269fa8555
c712f3f72945
c7137df42cd9
c71407f19014
c71491ef52f4
c7151bed757a
c715a5ebf7a6
c7162fead979
c716b9ea1af3
c71743e9bc14
c717cde9bcdd
c71857ea1d4d
c718e1eadd65
c7196bebfd25
c719f5ed7c8d
c71a7fef5b9e
c71b09f19a58
c71b93f438bc
c71c1df736c8
c71ca7fa947f
c71d31fe51df
c71dbc026eea
c71e4606eb9f
c71ed00bc7ff
c71f5a11040a
c71fe4169fc0
c7206e1c9b21
c720f822f62f
c7218229b0e8
c7220c30cb4e
c72296384560
c72320401f20
c723aa48588c
c7243450f1a5
c724be59ea6c
c725486342e1
c725d26cfb05
c7265c7712d6
c726e6818a56
c727708c6185
c727fa979863
c72884a32ef1
c7290eaf252e
c72998bb7b1b
c72a22c830b8
c72aacd54606
c72b36e2bb05
c72bc0f08fb4
c72c4afec415
c72cd50d5827
c72d5f1c4beb
c72de92b9f60
c72e733b5289
c72efd4b6563
c72f875bd7f1
c730116caa31
c7309b7ddc25
c731258f6dcc
c731afa15f27
c73239b3b036
c732c3c660fa
c7334dd97172
c733d7ece19f
c7346200b181
c734ec14e118
c73576297065
c736003e5f68
c7368a53ae21
c73714695c91
c7379e7f6ab7
c7382895d894
c738b2aca628
c7393cc3d374
c739c6db6077
c73a50f34d32
c73adb0b99a6
c73b652445d2
c73bef3d51b6
c73c7956bd54
c73d037088ab
c73d8d8ab3bc
c73e17a53e86
c73ea1c0290a
c73f2bdb7349
c73fb5f71d42
c740401326f6
c740ca2f9065
c741544c598f
c741de698275
c74268870b17
c742f2a4f375
c7437cc33b8f
c74406e1e366
c7449100eafa
c7451b20524a
c745a5401959
c7462f604025
c746b980c6af
c74743a1acf7
c747cdc2f2fd
c74857e498c2
c748e2069e46
c7496c29038a
c749f64bc88d
c74a806eed4f
c74b0a9271d2
c74b94b65614
c74c1eda9a18
c74ca8ff3ddc
c74d33244161
c74dbd49a4a7
c74e476f67af
c74ed1958a79
c74f5bbc0d05
c74fe5e2ef53
c750700a3164
c750fa31d337
c7518459d4ce
c7520e823628
c75298aaf746
c75322d41827
c753acfd98cd
c75437277937
c754c151b966
c7554b7c5959
c755d5a75912
c7565fd2b891
c756e9fe77d5
c757742a96de
c757fe5715af
c7588883f445
c75912b132a3
c7599cded0c7
c75a270cceb3
c75ab13b2c66
c75b3b69e9e1
c75bc5990724
c75c4fc8842f
c75cd9f86103
c75d64289d9f
c75dee593a05
c75e788a3634
c75f02bb922c
c75f8ced4def
c760171f697b
c760a151e4d2
c7612b84bff4
c761b5b7fae0
c7623feb9598
c762ca1f901a
c7635453ea69
c763de88a484
c76468bdbe6a
c764f2f3381d
c7657d29119d
c766075f4aea
c7669195e404
c7671bccdcec
c767a60435a1
c768303bee24
c768ba740676
c76944ac7e95
c769cee55684
c76a591e8e42
c76ae35825cf
c76b6d921d2c
c76bf7cc7458
c76c82072b55
c76d0c424222
c76d967db8bf
c76e20b98f2d
c76eaaf5c56d
c76f35325b7e
c76fbf6f5160
c77049aca714
c770d3ea5c9b
c7715e2871f4
c771e866e71f
c77272a5bc1e
c772fce4f0ef
c77387248594
c77411647a0d
c7749ba4ce5a
c77525e5827b
c775b0269670
c7763a680a3b
c776c4a9ddda
c7774eec114e
c777d92ea498
c778637197b8
c778edb4eaae
c77977f89d7a
c77a023cb01d
c77a8c812296
c77b16c5f4e7
c77ba10b270e
c77c2b50b90e
c77cb596aae5
c77d3fdcfc95
c77dca23ae1d
c77e546abf7d
c77edeb230b6
c77f68fa01c9
c77ff34232b5
c7807d8ac37a
c78107d3b41a
c781921d0494
c7821c66b4e8
c782a6b0c517
c78330fb3521
c783bb460506
c784459134c6
c784cfdcc462
c7855a28b3db
c785e475032f
c7866ec1b261
c786f90ec16e
c787835c3059
c7880da9ff22
c78897f82dc7
c7892246bc4b
c789ac95aaad
c78a36e4f8ed
c78ac134a70c
c78b4b84b509
c78bd5d522e6
c78c6025f0a2
c78cea771e3e
c78d74c8abb9
c78dff1a9915
c78e896ce651
c78f13bf936e
c78f9e12a06c
c79028660d4b
c790b2b9da0b
c7913d0e06ad
c791c7629332
c79251b77f98
c792dc0ccbe1
c7936662780d
c793f0b8841b
c7947b0ef00d
c7950565bbe3
c7958fbce79c
c7961a147339
c796a46c5ebb
c7972ec4aa21
c797b91d556c
c7984376609c
c798cdcfcbb2
c799582996ad
c799e283c18e
c79a6cde4c55
c79af7393703
c79b81948197
c79c0bf02c12
c79c964c3674
c79d20a8a0be
c79dab056aef
c79e35629508
c79ebfc01f0a
c79f4a1e08f4
c79fd47c52c7
c7a05edafc82
c7a0e93a0627
c7a173996fb6
c7a1fdf9392e
c7a288596290
c7a312b9ebdd
c7a39d1ad514
c7a4277c1e36
c7a4b1ddc743
c7a53c3fd03b
c7a5c6a2391f
c7a6510501ef
c7a6db682aab
c7a765cbb353
c7a7f02f9be8
c7a87a93e46a
c7a904f88cd8
c7a98f5d9535
c7aa19c2fd7f
c7aaa428c5b7
c7ab2e8eeddd
c7abb8f575f1
c7ac435c5df4
c7accdc3a5e6
c7ad582b4dc8
c7ade2935599
c7ae6cfbbd59
c7aef764850a
c7af81cdacab
c7b00c37343c
c7b096a11bbe
c7b1210b6331
c7b1ab760a96
c7b235e111ec
c7b2c04c7934
c7b34ab8406e
c7b3d524679a
c7b45f90eeb9
c7b4e9fdd5cb
c7b5746b1cd0
c7b5fed8c3c8
c7b68946cab4
c7b713b53194
c7b79e23f868
c7b828931f30
c7b8b302a5ed
c7b93d728c9f
c7b9c7e2d346
c7ba525379e3
c7badcc48075
c7bb6735e6fe
c7bbf1a7ad7c
c7bc7c19d3f1
c7bd068c5a5d
c7bd90ff40c0
c7be1b72871a
c7bea5e62d6c
c7bf305a33b5
c7bfbace99f7
c7c045436031
c7c0cfb88663
c7c15a2e0c8e
c7c1e4a3f2b3
c7c26f1a38d0
c7c2f990dee8
c7c38407e4f9
c7c40e7f4b04
c7c498f7110a
c7c5236f370a
c7c5ade7bd05
c7c63860a2fc
c7c6c2d9e8ee
c7c74d538edb
c7c7d7cd94c5
c7c86247faab
c7c8ecc2c08d
c7c9773de66c
c7ca01b96c48
c7ca8c355221
c7cb16b197f8
c7cba12e3dcc
c7cc2bab439f
c7ccb628a96f
c7cd40a66f3f
c7cdcb24950d
c7ce55a31ada
c7cee02200a7
c7cf6aa14673
c7cff520ec3f
c7d07fa0f20b
c7d10a2157d7
c7d194a21da5
c7d21f234373
c7d2a9a4c942
c7d33426af12
c7d3bea8f4e5
c7d4492b9ab9
c7d4d3aea08f
c7d55e320668
c7d5e8b5cc44
c7d67339f222
c7d6fdbe7804
c7d788435de9
c7d812c8a3d2
c7d89d4e49bf
c7d927d44fb0
c7d9b25ab5a6
c7da3ce17ba1
c7dac768a1a1
c7db51f027a6
c7dbdc780db0
c7dc670053c0
c7dcf188f9d7
c7dd7c11fff4
c7de069b6617
c7de91252c41
c7df1baf5273
c7dfa639d8ac
c7e030c4beec
c7e0bb500534
c7e145dbab85
c7e1d067b1de
c7e25af41840
c7e2e580deaa
c7e3700e051e
c7e3fa9b8b9b
c7e485297222
c7e50fb7b8b4
c7e59a465f4f
c7e624d565f5
c7e6af64cca5
c7e739f49361
c7e7c484ba28
c7e84f1540fa
c7e8d9a627d8
c7e964376ec3
c7e9eec915b9
c7ea795b1cbd
c7eb03ed83cd
c7eb8e804aea
c7ec19137214
c7eca3a6f94d
c7ed2e3ae093
c7edb8cf27e7
c7ee4363cf4a
c7eecdf8d6bb
c7ef588e3e3b
c7efe32405cb
c7f06dba2d6a
c7f0f850b518
c7f182e79cd7
c7f20d7ee4a6
c7f298168c85
c7f322ae9475
c7f3ad46fc76
c7f437dfc489
c7f4c278ecad
c7f54d1274e2
c7f5d7ac5d2a
c7f66246a584
c7f6ece14df1
c7f7777c5670
c7f80217bf03
c7f88cb387a9
c7f9174fb062
c7f9a1ec3930
c7fa2c892211
c7fab7266b07
c7fb41c41412
c7fbcc621d31
c7fc57008666
c7fce19f4fb0
c7fd6c3e7910
c7fdf6de0286
c7fe817dec12
c7ff0c1e35b4
c7ff96bedf6e
c800215fe93e
c800ac015325
c80136a31d24
c801c145473b
c8024be7d16a
c802d68abbb1
c803612e0611
c803ebd1b089
c8047675bb1b
c805011a25c5
c8058bbef08a
c80616641b68
c806a109a661
c8072baf9174
c807b655dca1
c80840fc87ea
c808cba3934d
c809564afecc
c809e0f2ca67
c80a6b9af61d
c80af64381f0
c80b80ec6ddf
c80c0b95b9eb
c80c963f6614
c80d20e9725a
c80dab93debe
c80e363eab40
c80ec0e9d7df
c80f4b95649d
c80fd6415179
c81060ed9e74
c810eb9a4b8e
c811764758c8
c81200f4c621
c8128ba2939a
c8131650c133
c813a0ff4eec
c8142bae3cc6
c814b65d8ac1
c815410d38dd
c815cbbd471b
c816566db57a
c816e11e83fb
c8176bcfb29e
c817f6814164
c8188133304c
c8190be57f58
c81996982e86
c81a214b3dd8
c81aabfead4e
c81b36b27ce8
c81bc166aca6
c81c4c1b3c89
c81cd6d02c90
c81d61857cbc
c81dec3b2d0e
c81e76f13d86
c81f01a7ae23
c81f8c5e7ee6
c8201715afd0
c820a1cd40e0
c8212c853217
c821b73d8375
c82241f634fb
c822ccaf46a8
c8235768b87d
c823e2228a7b
c8246cdcbca1
c824f7974eef
c82582524167
c8260d0d9407
c82697c946d1
c827228559c5
c827ad41cce3
c82837fea02b
c828c2bbd39e
c8294d79673b
c829d8375b04
c82a62f5aef8
c82aedb46317
c82b78737762
c82c0332ebd9
c82c8df2c07d
c82d18b2f54d
c82da3738a4a
c82e2e347f74
c82eb8f5d4cc
c82f43b78a51
c82fce79a004
c830593c15e5
c830e3feebf5
c8316ec22233
c831f985b8a1
c8328449af3d
c8330f0e0609
c83399d2bd05
c8342497d431
c834af5d4b8d
c8353a232319
c835c4e95ad6
c8364faff2c4
c836da76eae4
c837653e4335
c837f005fbb8
c8387ace146d
c83905968d54
c839905f666e
c83a1b289fbb
c83aa5f2393b
c83b30bc32ee
c83bbb868cd5
c83c465146ef
c83cd11c613e
c83d5be7dbc1
c83de6b3b679
c83e717ff166
c83efc4c8c88
c83f871987e0
c84011e6e36d
c8409cb49f30
c8412782bb2a
c841b251375a
c8423d2013c1
c842c7ef505e
c84352beed34
c843dd8eea40
c844685f4784
c844f3300501
c8457e0122b6
c84608d2a0a3
c84693a47ec9
c8471e76bd29
c847a9495bc1
c848341c5a93
c848beefb9a0
c84949c378e6
c849d4979867
c84a5f6c1822
c84aea40f818
c84b7516384a
c84bffebd8b7
c84c8ac1d95f
c84d15983a44
c84da06efb65
c84e2b461cc2
c84eb61d9e5c
c84f40f58033
c84fcbcdc248
c85056a6649a
c850e17f6729
c8516c58c9f7
c851f7328d03
c852820cb04e
c8530ce733d7
c85397c217a0
c854229d5ba8
c854ad78ffef
c85538550477
c855c331693e
c8564e0e2e46
c856d8eb538f
c85763c8d919
c857eea6bee3
c858798504ef
c8590463ab3d
c8598f42b1cd
c85a1a22189f
c85aa501dfb4
c85b2fe2070b
c85bbac28ea5
c85c45a37683
c85cd084bea4
c85d5b666709
c85de6486fb2
c85e712ad89f
c85efc0da1d1
c85f86f0cb47
c86011d45503
c8609cb83f04
c861279c894b
c861b28133d7
c8623d663eaa
c862c84ba9c3
c86353317523
c863de17a0ca
c86468fe2cb7
c864f3e518ed
c8657ecc656a
c86609b4122f
c866949c1f3c
c8671f848c91
c867aa6d5a30
c86835568817
c868c0401648
c8694b2a04c2
c869d6145386
c86a60ff0294
c86aebea11ec
c86b76d5818f
c86c01c1517d
c86c8cad81b5
c86d179a1239
c86da2870309
c86e2d745425
c86eb862058c
c86f43501740
c86fce3e8941
c870592d5b8f
c870e41c8e2a
c8716f0c2112
c871f9fc1448
c87284ec67cc
c8730fdd1b9e
c8739ace2fbf
c87425bfa42e
c874b0b178ec
c8753ba3adfa
c875c6964357
c87651893904
c876dc7c8f01
c8776770454e
c877f2645bec
c8787d58d2da
c879084daa1a
c8799342e1ab
c87a1e38798e
c87aa92e71c2
c87b3424ca49
c87bbf1b8322
c87c4a129c4e
c87cd50a15cc
c87d6001ef9e
c87deafa29c3
c87e75f2c43c
c87f00ebbf09
c87f8be51a2a
c88016ded5a0
c880a1d8f16a
c8812cd36d89
c881b7ce49fe
c88242c986c8
c882cdc523e8
c88358c1215d
c883e3bd7f2a
c8846eba3d4c
c884f9b75bc6
c88584b4da96
c8860fb2b9be
c8869ab0f93e
c88725af9915
c887b0ae9945
c8883badf9cd
c888c6adbaad
c88951addbe7
c889dcae5d7a
c88a67af3f66
c88af2b081ac
c88b7db2244b
c88c08b42745
c88c93b68a9a
c88d1eb94e49
c88da9bc7253
c88e34bff6b8
c88ebfc3db79
c88f4ac82096
c88fd5ccc60f
c89060d1cbe4
c890ebd73216
c89176dcf8a4
c89201e31f90
c8928ce9a6d8
c89317f08e7f
c893a2f7d683
c8942dff7ee6
c894b90787a7
c895440ff0c6
c895cf18ba44
c8965a21e422
c896e52b6e5f
c897703558fc
c897fb3fa3f8
c898864a4f55
c89911555b13
c8999c60c731
c89a276c93b0
c89ab278c090
c89b3d854dd2
c89bc8923b76
c89c539f897b
c89cdead37e3
c89d69bb46ae
c89df4c9b5db
c89e7fd8856c
c89f0ae7b55f
c89f95f745b7
c8a021073672
c8a0ac178792
c8a137283915
c8a1c2394afe
c8a24d4abd4b
c8a2d85c8ffe
c8a3636ec316
c8a3ee815693
c8a479944a77
c8a504a79ec1
c8a58fbb5371
c8a61acf6888
c8a6a5e3de06
c8a730f8b3eb
c8a7bc0dea38
c8a8472380ed
c8a8d239780a
c8a95d4fcf8f
c8a9e866877c
c8aa737d9fd2
c8aafe951892
c8ab89acf1bb
c8ac14c52b4d
c8ac9fddc549
c8ad2af6bfb0
c8adb6101a80
c8ae4129d5bc
c8aecc43f162
c8af575e6d74
c8afe27949f1
c8b06d9486da
c8b0f8b0242e
c8b183cc21ef
c8b20ee8801c
c8b29a053eb6
c8b325225dbe
c8b3b03fdd32
c8b43b5dbd14
c8b4c67bfd63
c8b5519a9e21
c8b5dcb99f4d
c8b667d900e8
c8b6f2f8c2f1
c8b77e18e56a
c8b809396852
c8b8945a4ba9
c8b91f7b8f70
c8b9aa9d33a8
c8ba35bf3850
c8bac0e19d68
c8bb4c0462f2
c8bbd72788ed
c8bc624b0f59
c8bced6ef636
c8bd78933d86
c8be03b7e548
c8be8edced7d
c8bf1a025624
c8bfa5281f3e
c8c0304e48cc
c8c0bb74d2cd
c8c1469bbd42
c8c1d1c3082b
c8c25ceab388
c8c2e812bf5a
c8c3733b2ba0
c8c3fe63f85c
c8c4898d258d
c8c514b6b334
c8c59fe0a150
c8c62b0aefe3
c8c6b6359eec
c8c74160ae6c
c8c7cc8c1e63
c8c857b7eed1
c8c8e2e41fb6
c8c96e10b113
c8c9f93da2e8
c8ca846af535
c8cb0f98a7fb
c8cb9ac6bb3a
c8cc25f52ef1
c8ccb1240322
c8cd3c5337cc
c8cdc782ccf1
c8ce52b2c28f
c8cedde318a7
c8cf6913cf3b
c8cff444e649
c8d07f765dd2
c8d10aa835d6
c8d195da6e56
c8d2210d0752
c8d2ac4000ca
c8d337735abf
c8d3c2a71530
c8d44ddb301e
c8d4d90fab8a
c8d564448772
c8d5ef79c3d9
c8d67aaf60bd
c8d705e55e20
c8d7911bbc01
c8d81c527a61
c8d8a7899940
c8d932c1189f
c8d9bdf8f87d
c8da493138da
c8dad469d9b8
c8db5fa2db16
c8dbeadc3cf5
c8dc7615ff54
c8dd01502235
c8dd8c8aa597
c8de17c5897b
c8dea300cde0
c8df2e3c72c8
c8dfb9787832
c8e044b4de1f
c8e0cff1a48f
c8e15b2ecb82
c8e1e66c52f8
c8e271aa3af2
c8e2fce88370
c8e388272c73
c8e4136635fa
c8e49ea5a005
c8e529e56a96
c8e5b52595ac
c8e640662148
c8e6cba70d69
c8e756e85a11
c8e7e22a073f
c8e86d6c14f3
c8e8f8ae832e
c8e983f151f1
c8ea0f34813b
c8ea9a78110c
c8eb25bc0165
c8ebb1005247
c8ec3c4503b1
c8ecc78a15a4
c8ed52cf881f
c8edde155b24
c8ee695b8eb2
c8eef4a222ca
c8ef7fe9176c
c8f00b306c99
c8f096782250
c8f121c03891
c8f1ad08af5e
c8f2385186b6
c8f2c39abe9a
c8f34ee45709
c8f3da2e5004
c8f46578a98c
c8f4f0c363a1
c8f57c0e7e42
c8f60759f971
c8f692a5d52c
c8f71df21176
c8f7a93eae4d
c8f8348babb3
c8f8bfd909a7
c8f94b26c82a
c8f9d674e73c
c8fa61c366dd
c8faed12470d
c8fb786187cd
c8fc03b1291e
c8fc8f012afe
c8fd1a518d6f
c8fda5a25071
c8fe30f37404
c8febc44f828
c8ff4796dcde
c8ffd2e92226
c9005e3bc7ff
c900e98ece6c
c90174e2356a
c9020035fcfc
c9028b8a2521
c90316deadd9
c903a2339725
c9042d88e105
c904b8de8b79
c90544349681
c905cf8b021e
c9065ae1ce51
c906e638fb18
c90771908875
c907fce87668
c9088840c4f0
c9091399740f
c9099ef283c5
c90a2a4bf411
c90ab5a5c4f5
c90b40fff670
c90bcc5a8882
c90c57b57b2c
c90ce310ce6f
c90d6e6c8249
c90df9c896bd
c90e85250bc9
c90f1081e16f
c90f9bdf17ad
c910273cae86
c910b29aa5f9
c9113df8fe05
c911c957b6ad
c91254b6cfef
c912e01649cc
c9136b762444
c913f6d65f57
c9148236fb07
c9150d97f753
c91598f9543a
c916245b11bf
c916afbd2fe0
c9173b1fae9e
c917c6828dfa
c91851e5cdf3
c918dd496e8b
c91968ad6fc0
c919f411d194
c91a7f769406
c91b0adbb717
c91b96413ac8
c91c21a71f18
c91cad0d6407
c91d38740997
c91dc3db0fc7
c91e4f427697
c91edaaa3e08
c91f6612661a
c91ff17aeece
c9207ce3d823
c921084d2219
c92193b6ccb2
c9221f20d7ed
c922aa8b43cb
c92335f6104c
c923c1613d6f
c9244ccccb36
c924d838b9a1
c92563a508af
c925ef11b862
c9267a7ec8b9
c92705ec39b5
c927915a0b56
c9281cc83d9b
c928a836d087
c92933a5c418
c929bf15184f
c92a4a84cd2c
c92ad5f4e2b0
c92b616558db
c92becd62fac
c92c78476725
c92d03b8ff46
c92d8f2af80e
c92e1a9d517f
c92ea6100b97
c92f31832659
c92fbcf6a1c3
c930486a7dd6
c930d3deba93
c9315f5357f9
c931eac85609
c932763db4c4
c93301b37429
c9338d299438
c93418a014f3
c934a416f659
c9352f8e386a
c935bb05db27
c936467dde90
c936d1f642a5
c9375d6f0767
c937e8e82cd5
c9387461b2f1
c938ffdb99ba
c9398b55e131
c93a16d08955
c93aa24b9227
c93b2dc6fba8
c93bb942c5d8
c93c44bef0b6
c93cd03b7c43
c93d5bb86880
c93de735b56d
c93e72b36309
c93efe317156
c93f89afe053
c940152eb001
c940a0ade060
c9412c2d7170
c941b7ad6331
c942432db5a5
c942ceae68ca
c9435a2f7ca2
c943e5b0f12c
c9447132c669
c944fcb4fc59
c945883792fc
c94613ba8a53
c9469f3de25e
c9472ac19b1d
c947b645b491
c94841ca2eb9
c948cd4f0996
c94958d44528
c949e459e16f
c94a6fdfde6c
c94afb663c20
c94b86ecfa89
c94c127419a9
c94c9dfb997f
c94d29837a0d
c94db50bbb52
c94e40945d4e
c94ecc1d6003
c94f57a6c36f
c94fe3308793
c9506ebaac70
c950fa453206
c95185d01855
c952115b5f5e
c9529ce70720
c95328730f9c
c953b3ff78d2
c9543f8c42c2
c954cb196d6d
c95556a6f8d3
c955e234e4f5
c9566dc331d1
c956f951df6a
c95784e0edbe
c95810705ccf
c9589c002c9c
c95927905d26
c959b320ee6d
c95a3eb1e071
c95aca433333
c95b55d4e6b2
c95be166faf0
c95c6cf96fec
c95cf88c45a6
c95d841f7c20
c95e0fb31358
c95e9b470b50
c95f26db6408
c95fb2701d7f
c9603e0537b7
c960c99ab2af
c96155308e68
c961e0c6cae1
c9626c5d681c
c962f7f46619
c963838bc4d7
c9640f238457
c9649abba49a
c9652654259e
c965b1ed0766
c9663d8649f1
c966c91fed3f
c96754b9f151
c967e0545626
c9686bef1bc0
c968f78a421e
c9698325c940
c96a0ec1b128
c96a9a5df9d4
c96b25faa347
c96bb197ad7e
c96c3d35187c
c96cc8d2e440
c96d547110ca
c96de00f9e1b
c96e6bae8c33
c96ef74ddb12
c96f82ed8ab9
c9700e8d9b27
c9709a2e0c5e
c97125cede5d
c971b1701124
c9723d11a4b4
c972c8b3990d
c9735455ee30
c973dff8a41c
c9746b9bbad2
c974f73f3252
c97582e30a9d
c9760e8743b2
c9769a2bdd92
c97725d0d83e
c977b17633b4
c9783d1beff7
c978c8c20d05
c97954688ae0
c979e00f6987
c97a6bb6a8fb
c97af75e493c
c97b83064a4a
c97c0eaeac25
c97c9a576ecf
c97d26009246
c97db1aa168c
c97e3d53fba0
c97ec8fe4184
c97f54a8e836
c97fe053efb8
c9806bff5809
c980f7ab212a
c98183574b1c
c9820f03d5dd
c9829ab0c170
c983265e0dd3
c983b20bbb08
c9843db9c90e
c984c96837e6
c98555170790
c985e0c6380c
c9866c75c95a
c986f825bb7c
c98783d60e70
c9880f86c238
c9889b37d6d3
c98926e94c42
c989b29b2285
c98a3e4d599c
c98ac9fff189
c98b55b2ea4a
c98be16643e0
c98c6d19fe4b
c98cf8ce198c
c98d848295a3
c98e10377291
c98e9becb054
c98f27a24eef
c98fb3584e60
c9903f0eaea9
c990cac56fc9
c991567c91c1
c991e2341491
c9926debf839
c992f9a43cb9
c993855ce213
c9941115e846
c9949ccf4f51
c99528891737
c995b4433ff6
c9963ffdc990
c996cbb8b404
c9975773ff52
c997e32fab7b
c9986eebb880
c998faa82660
c9998664f51c
c99a122224b3
c99a9ddfb527
c99b299da677
c99bb55bf8a4
c99c411aabaf
c99cccd9bf96
c99d5899345b
c99de45909fd
c99e7019407e
c99efbd9d7dd
c99f879ad01b
c9a0135c2937
c9a09f1de332
c9a12adffe0d
c9a1b6a279c8
c9a242655662
c9a2ce2893dd
c9a359ec3238
c9a3e5b03173
c9a471749190
c9a4fd39528d
c9a588fe746d
c9a614c3f72e
c9a6a089dad0
c9a72c501f56
c9a7b816c4bd
c9a843ddcb08
c9a8cfa53235
c9a95b6cfa46
c9a9e735233a
c9aa72fdad12
c9aafec697cf
c9ab8a8fe36f
c9ac16598ff4
c9aca2239d5e
c9ad2dee0bae
c9adb9b8dae2
c9ae45840afc
c9aed14f9bfd
c9af5d1b8de3
c9afe8e7e0b0
c9b074b49463
c9b10081a8fe
c9b18c4f1e7f
c9b2181cf4e8
c9b2a3eb2c39
c9b32fb9c472
c9b3bb88bd94
c9b44758179d
c9b4d327d290
c9b55ef7ee6c
c9b5eac86b31
c9b6769948df
c9b7026a8778
c9b78e3c26fa
c9b81a0e2767
c9b8a5e088bf
c9b931b34b01
c9b9bd866e2f
c9ba4959f248
c9bad52dd74c
c9bb61021d3d
c9bbecd6c41a
c9bc78abcbe4
c9bd0481349a
c9bd9056fe3d
c9be1c2d28cd
c9bea803b44b
c9bf33daa0b7
c9bfbfb1ee11
c9c04b899c59
c9c0d761ab90
c9c1633a1bb5
c9c1ef12ecca
c9c27aec1ece
c9c306c5b1c1
c9c3929fa5a5
c9c41e79fa79
c9c4aa54b03d
c9c5362fc6f2
c9c5c20b3e97
c9c64de7172e
c9c6d9c350b7
c9c7659feb31
c9c7f17ce69d
c9c87d5a42fb
c9c90938004c
c9c995161e90
c9ca20f49dc6
c9caacd37df0
c9cb38b2bf0e
c9cbc492611f
c9cc50726425
c9ccdc52c81f
c9cd68338d0d
c9cdf414b2f0
c9ce7ff639c9
c9cf0bd82197
c9cf97ba6a5a
c9d0239d1414
c9d0af801ec4
c9d13b638a6a
c9d1c7475706
c9d2532b849a
c9d2df101325
c9d36af502a8
c9d3f6da5322
c9d482c00495
c9d50ea616ff
c9d59a8c8a62
c9d626735ebe
c9d6b25a9414
c9d73e422a62
c9d7ca2a21aa
c9d8561279ec
c9d8e1fb3328
c9d96de44d5e
c9d9f9cdc890
c9da85b7a4bc
c9db11a1e1e3
c9db9d8c8005
c9dc29777f24
c9dcb562df3e
c9dd414ea055
c9ddcd3ac268
c9de59274577
c9dee5142984
c9df71016e8e
c9dffcef1496
c9e088dd1b9b
c9e114cb839f
c9e1a0ba4ca1
c9e22ca976a1
c9e2b89901a0
c9e34488ed9f
c9e3d0793a9d
c9e45c69e89a
c9e4e85af797
c9e5744c6795
c9e6003e3893
c9e68c306a91
c9e71822fd91
c9e7a415f192
c9e830094694
c9e8bbfcfc98
c9e947f1139e
c9e9d3e58ba6
c9ea5fda64b1
c9eaebcf9ebf
c9eb77c539d0
c9ec03bb35e4
c9ec8fb192fb
c9ed1ba85117
c9eda79f7036
c9ee3396f05a
c9eebf8ed183
c9ef4b8713b0
c9efd77fb6e3
c9f06378bb1b
c9f0ef722059
c9f17b6be69c
c9f207660de6
c9f293609637
c9f31f5b7f8e
c9f3ab56c9ec
c9f437527551
c9f4c34e81be
c9f54f4aef33
c9f5db47bdb0
c9f66744ed35
c9f6f3427dc2
c9f77f406f59
c9f80b3ec1f8
c9f8973d75a1
c9f9233c8a54
c9f9af3c0010
c9fa3b3bd6d7
c9fac73c0ea8
c9fb533ca783
c9fbdf3da16a
c9fc6b3efc5c
c9fcf740b859
c9fd8342d562
c9fe0f455377
c9fe9b483298
c9ff274b72c6
c9ffb34f1401
ca003f531648
ca00cb57799d
ca01575c3e00
ca01e3616370
ca026f66e9ef
ca02fb6cd17b
ca0387731a17
ca041379c3c1
ca049f80ce7a
ca052b883a43
ca05b790071c
ca0643983504
ca06cfa0c3fd
ca075ba9b406
ca07e7b30520
ca0873bcb74a
ca08ffc6ca86
ca098bd13ed4
ca0a17dc1433
ca0aa3e74aa5
ca0b2ff2e228
ca0bbbfedabe
ca0c480b3467
ca0cd417ef23
ca0d60250af3
ca0dec3287d6
ca0e784065cd
ca0f044ea4d8
ca0f905d44f8
ca101c6c462c
ca10a87ba875
ca11348b6bd3
ca11c09b9047
ca124cac15d0
ca12d8bcfc70
ca1364ce4425
ca13f0dfecf1
ca147cf1f6d4
ca15090461ce
ca1595172de0
ca16212a5b08
ca16ad3de949
ca173951d8a2
ca17c5662913
ca18517ada9c
ca18dd8fed3f
ca1969a560fb
ca19f5bb35d0
ca1a81d16bbe
ca1b0de802c7
ca1b99fefaea
ca1c26165427
ca1cb22e0e7f
ca1d3e4629f2
ca1dca5ea680
ca1e5677842a
ca1ee290c2ef
ca1f6eaa62d1
ca1ffac463cf
ca2086dec5e9
ca2112f98920
ca219f14ad74
ca222b3032e6
ca22b74c1975
ca2343686122
ca23cf8509ed
ca245ba213d7
ca24e7bf7edf
ca2573dd4b06
ca25fffb784c
ca268c1a06b2
ca271838f637
ca27a45846dd
ca283077f8a2
ca28bc980b89
ca2948b87f8f
ca29d4d954b7
ca2a60fa8b01
ca2aed1c226b
ca2b793e1af8
ca2c056074a6
ca2c91832f77
ca2d1da64b6b
ca2da9c9c881
ca2e35eda6bb
ca2ec211e618
ca2f4e368698
ca2fda5b883d
ca306680eb06
ca30f2a6aef3
ca317eccd405
ca320af35a3b
ca32971a4197
ca3323418a19
ca33af6933c0
ca343b913e8d
ca34c7b9aa81
ca3553e2779b
ca35e00ba5dc
ca366c353544
ca36f85f25d3
ca378489778a
ca3810b42a69
ca389cdf3e70
ca39290ab39f
ca39b53689f7
ca3a4162c178
ca3acd8f5a22
ca3b59bc53f6
ca3be5e9aef3
ca3c72176b1a
ca3cfe45886b
ca3d8a7406e7
ca3e16a2e68e
ca3ea2d2275f
ca3f2f01c95c
ca3fbb31cc85
ca40476230d9
ca40d392f659
ca415fc41d06
ca41ebf5a4df
ca4278278de5
ca430459d818
ca43908c8379
ca441cbf9007
ca44a8f2fdc4
ca453526ccae
ca45c15afcc7
ca464d8f8e0e
ca46d9c48085
ca4765f9d42a
ca47f22f88ff
ca487e659f04
ca490a9c1639
ca4996d2ee9e
ca4a230a2834
ca4aaf41c2fb
ca4b3b79bef2
ca4bc7b21c1b
ca4c53eada76
ca4ce023fa02
ca4d6c5d7ac1
ca4df8975cb2
ca4e84d19fd5
ca4f110c442c
ca4f9d4749b5
ca502982b073
ca50b5be7863
ca5141faa188
ca51ce372be1
ca525a74176f
ca52e6b16431
ca5372ef1228
ca53ff2d2155
ca548b6b91b7
ca5517aa634e
ca55a3e9961c
ca5630292a21
ca56bc691f5c
ca5748a975cd
ca57d4ea2d76
ca58612b4656
ca58ed6cc06e
ca5979ae9bbe
ca5a05f0d846
ca5a92337606
ca5b1e7674ff
ca5baab9d532
ca5c36fd969d
ca5cc341b942
ca5d4f863d20
ca5ddbcb2239
ca5e6810688c
ca5ef4561019
ca5f809c18e1
ca600ce282e4
ca6099294e23
ca6125707a9d
ca61b1b80853
ca623dfff745
ca62ca484774
ca635690f8df
ca63e2da0b87
ca646f237f6d
ca64fb6d548f
ca6587b78af0
ca661402228e
ca66a04d1b6b
ca672c987586
ca67b8e430e0
ca6845304d79
ca68d17ccb51
ca695dc9aa69
ca69ea16eac0
ca6a76648c58
ca6b02b28f30
ca6b8f00f349
ca6c1b4fb8a2
ca6ca79edf3d
ca6d33ee6718
ca6dc03e5036
ca6e4c8e9a96
ca6ed8df4637
ca6f6530531b
ca6ff181c142
ca707dd390ac
ca710a25c159
ca719678534a
ca7222cb467e
ca72af1e9af6
ca733b7250b3
ca73c7c667b4
ca74541adffa
ca74e06fb985
ca756cc4f456
ca75f91a906c
ca7685708dc7
ca7711c6ec69
ca779e1dac52
ca782a74cd81
ca78b6cc4ff7
ca79432433b4
ca79cf7c78b9
ca7a5bd51f05
ca7ae82e2699
ca7b74878f76
ca7c00e1599b
ca7c8d3b8508
ca7d199611bf
ca7da5f0ffbf
ca7e324c4f09
ca7ebea7ff9c
ca7f4b04117a
ca7fd76084a2
ca8063bd5914
ca80f01a8ed2
ca817c7825da
ca8208d61e2e
ca82953477ce
ca83219332b9
ca83adf24ef1
ca843a51cc75
ca84c6b1ab46
ca855311eb64
ca85df728ccf
ca866bd38f87
ca86f834f38e
ca878496b8e2
ca8810f8df85
ca889d5b6776
ca8929be50b6
ca89b6219b45
ca8a42854724
ca8acee95452
ca8b5b4dc2d0
ca8be7b2929e
ca8c7417c3bd
ca8d007d562c
ca8d8ce349ec
ca8e19499efd
ca8ea5b05560
ca8f32176d15
ca8fbe7ee61b
ca904ae6c074
ca90d74efc1f
ca9163b7991d
ca91f020976e
ca927c89f712
ca9308f3b80a
ca93955dda56
ca9421c85df6
ca94ae3342ea
ca953a9e8933
ca95c70a30d1
ca96537639c4
ca96dfe2a40c
ca976c4f6faa
ca97f8bc9c9e
ca98852a2ae8
ca9911981a88
ca999e066b80
ca9a2a751dce
ca9ab6e43174
ca9b4353a671
ca9bcfc37cc5
ca9c5c33b472
ca9ce8a44d77
ca9d751547d5
ca9e0186a38c
ca9e8df8609c
ca9f1a6a7f05
ca9fa6dcfec7
caa0334fdfe4
caa0bfc3225b
caa14c36c62c
caa1d8aacb58
caa2651f31de
caa2f193f9c0
caa37e0922fe
caa40a7ead97
caa496f4998c
caa5236ae6de
caa5afe1958c
caa63c58a597
caa6c8d016fe
caa75547e9c4
caa7e1c01de6
caa86e38b367
caa8fab1aa46
caa9872b0283
caaa13a4bc1e
caaaa01ed719
caab2c995373
caabb914312c
caac458f7045
caacd20b10be
caad5e871297
caadeb0375d0
caae77803a6b
caaf03fd6066
caaf907ae7c2
cab01cf8d081
cab0a9771aa0
cab135f5c622
cab1c274d307
cab24ef4414e
cab2db7410f7
cab367f44204
cab3f474d475
cab480f5c848
cab50d771d80
cab599f8d41c
cab6267aec1d
cab6b2fd6582
cab73f80404c
cab7cc037c7b
cab858871a10
cab8e50b190b
cab9718f796b
cab9fe143b32
caba8a995e5f
cabb171ee2f4
cabba3a4c8ef
cabc302b1052
cabcbcb1b91c
cabd4938c34e
cabdd5c02ee8
cabe6247fbeb
cabeeed02a56
cabf7b58ba2a
cac007e1ab68
cac0946afe0e
cac120f4b21f
cac1ad7ec799
cac23a093e7e
cac2c69416cd
cac3531f5087
cac3dfaaebad
cac46c36e83d
cac4f8c34639
cac5855005a1
cac611dd2674
cac69e6aa8b5
cac72af88c61
cac7b786d17b
cac844157802
cac8d0a47ff6
cac95d33e958
cac9e9c3b428
caca7653e066
cacb02e46e12
cacb8f755d2d
cacc1c06adb7
cacca8985fb1
cacd352a731a
cacdc1bce7f3
cace4e4fbe3b
cacedae2f5f4
cacf67768f1e
cacff40a89b8
cad0809ee5c4
cad10d33a341
cad199c8c230
cad2265e4290
cad2b2f42463
cad33f8a67a8
cad3cc210c5f
cad458b8128a
cad4e54f7a28
cad571e74339
cad5fe7f6dbe
cad68b17f9b7
cad717b0e725
cad7a44a3606
cad830e3e65d
cad8bd7df829
cad94a186b6a
cad9d6b34020
cada634e764d
cadaefea0def
cadb7c860708
cadc09226198
cadc95bf1d9e
cadd225c3b1c
caddaef9ba11
cade3b979a7e
cadec835dc63
cadf54d47fc0
cadfe1738495
cae06e12eae3
cae0fab2b2aa
cae18752dbeb
cae213f366a5
cae2a09452d9
cae32d35a087
cae3b9d74faf
cae446796052
cae4d31bd26f
cae55fbea608
cae5ec61db1c
cae6790571ac
cae705a969b8
cae7924dc340
cae81ef27e44
cae8ab979ac6
cae9383d18c4
cae9c4e2f83f
caea51893938
caeade2fdbae
caeb6ad6dfa3
caebf77e4516
caec84260c07
caed10ce3478
caed9d76be67
caee2a1fa9d6
caeeb6c8f6c4
caef4372a532
caefd01cb521
caf05cc72690
caf0e971f97f
caf1761d2def
caf202c8c3e1
caf28f74bb54
caf31c211449
caf3a8cdcebf
caf4357aeab8
caf4c2286834
caf54ed64732
caf5db8487b4
caf6683329b8
caf6f4e22d40
caf78191924d
caf80e4158dd
caf89af180f1
caf927a20a8a
caf9b452f5a8
cafa4104424c
cafacdb5f074
cafb5a680023
cafbe71a7157
cafc73cd4411
cafd00807852
cafd8d340e1a
cafe19e80569
cafea69c5e3f
caff3351189c
caffc0063481
cb004cbbb1ef
cb00d97190e4
cb016627d163
cb01f2de736a
cb027f9576fa
cb030c4cdc14
cb039904a2b7
cb0425bccae4
cb04b275549c
cb053f2e3fdd
cb05cbe78caa
cb0658a13b01
cb06e55b4ae4
cb077215bc52
cb07fed08f4c
cb088b8bc3d2
cb09184759e5
cb09a5035183
cb0a31bfaaaf
cb0abe7c6568
cb0b4b3981ae
cb0bd7f6ff82
cb0c64b4dee3
cb0cf1731fd3
cb0d7e31c251
cb0e0af0c65e
cb0e97b02bf9
cb0f246ff324
cb0fb1301bdf
cb103df0a629
cb10cab19203
cb115772df6d
cb11e4348e68
cb1270f69ef3
cb12fdb91110
cb138a7be4be
cb14173f19fd
cb14a402b0cf
cb1530c6a932
cb15bd8b0328
cb164a4fbeb0
cb16d714dbcc
cb1763da5a7a
cb17f0a03abc
cb187d667c92
cb190a2d1ffb
cb1996f424f9
cb1a23bb8b8b
cb1ab08353b2
cb1b3d4b7d6e
cb1bca1408bf
cb1c56dcf5a6
cb1ce3a64423
cb1d706ff435
cb1dfd3a05de
cb1e8a04791e
cb1f16cf4df4
cb1fa39a8462
cb2030661c66
cb20bd321603
cb2149fe7137
cb21d6cb2e04
cb2263984c69
cb22f065cc67
cb237d33adfe
cb240a01f12e
cb2496d095f7
cb25239f9c5a
cb25b06f0458
cb263d3ecdef
cb26ca0ef921
cb2756df85ee
cb27e3b07456
cb287081c45a
cb28fd5375f9
cb298a258933
cb2a16f7fe0a
cb2aa3cad47e
cb2b309e0c8e
cb2bbd71a63b
cb2c4a45a185
cb2cd719fe6d
cb2d63eebcf2
cb2df0c3dd16
cb2e7d995ed7
cb2f0a6f4237
cb2f97458736
cb30241c2dd4
cb30b0f33611
cb313dca9fee
cb31caa26b6b
cb32577a9888
cb32e4532745
cb33712c17a3
cb33fe0569a2
cb348adf1d41
cb3517b93283
cb35a493a966
cb36316e81eb
cb36be49bc12
cb374b2557db
cb37d8015548
cb3864ddb457
cb38f1ba750a
cb397e979760
cb3a0b751b5a
cb3a985300f8
cb3b2531483b
cb3bb20ff122
cb3c3eeefbae
cb3ccbce67df
cb3d58ae35b5
cb3de58e6531
cb3e726ef653
cb3eff4fe91b
cb3f8c313d8a
cb401912f39f
cb40a5f50b5c
cb4132d784bf
cb41bfba5fca
cb424c9d9c7d
cb42d9813ad8
cb4366653adb
cb43f3499c87
cb44802e5fdb
cb450d1384d9
cb4599f90b80
cb4626def3d1
cb46b3c53dcb
cb4740abe970
cb47cd92f6bf
cb485a7a65b9
cb48e762365d
cb49744a68ad
cb4a0132fca9
cb4a8e1bf250
cb4b1b0549a3
cb4ba7ef02a3
cb4c34d91d4e
cb4cc1c399a7
cb4d4eae77ad
cb4ddb99b760
cb4e688558c1
cb4ef5715bcf
cb4f825dc08c
cb500f4a86f7
cb509c37af11
cb51292538d9
cb51b6132451
cb5243017179
cb52cff0204f
cb535cdf30d6
cb53e9cea30e
cb5476be76f5
cb5503aeac8e
cb55909f43d7
cb561d903cd2
cb56aa81977e
cb57377353dc
cb57c46571ec
cb585157f1af
cb58de4ad324
cb596b3e164c
cb59f831bb27
cb5a8525c1b6
cb5b121a29f8
cb5b9f0ef3ee
cb5c2c041f99
cb5cb8f9acf8
cb5d45ef9c0b
cb5dd2e5ecd4
cb5e5fdc9f52
cb5eecd3b385
cb5f79cb296e
cb6006c3010d
cb6093bb3a63
cb6120b3d56f
cb61adacd232
cb623aa630ac
cb62c79ff0de
cb63549a12c7
cb63e1949668
cb646e8f7bc1
cb64fb8ac2d3
cb6588866b9d
cb6615827620
cb66a27ee25d
cb672f7bb053
cb67bc78e002
cb684976716c
cb68d6746490
cb696372b96f
cb69f0717008
cb6a7d70885d
cb6b0a70026d
cb6b976fde38
cb6c24701bc0
cb6cb170bb03
cb6d3e71bc03
cb6dcb731ec0
cb6e5874e339
cb6ee5770970
cb6f72799164
cb6fff7c7b16
cb708c7fc686
cb71198373b4
cb71a68782a0
cb72338bf34c
cb72c090c5b6
cb734d95f9e0
cb73da9b8fca
cb7467a18773
cb74f4a7e0dc
cb7581ae9c06
cb760eb5b8f0
cb769bbd379b
cb7728c51808
cb77b5cd5a36
cb7842d5fe25
cb78cfdf03d7
cb795ce86b4b
cb79e9f23481
cb7a76fc5f7a
cb7b0406ec36
cb7b9111dab5
cb7c1e1d2af8
cb7cab28dcff
cb7d3834f0c9
cb7dc5416658
cb7e524e3dac
cb7edf5b76c5
cb7f6c6911a2
cb7ff9770e46
cb8086856cae
cb8113942cdd
cb81a0a34ed2
cb822db2d28d
cb82bac2b80f
cb8347d2ff58
cb83d4e3a869
cb8461f4b341
cb84ef061fe0
cb857c17ee48
cb86092a1e78
cb86963cb071
cb87234fa432
cb87b062f9bd
cb883d76b111
cb88ca8aca2e
cb89579f4516
cb89e4b421c7
cb8a71c96043
cb8afedf008a
cb8b8bf5029c
cb8c190b6679
cb8ca6222c21
cb8d33395395
cb8dc050dcd6
cb8e4d68c7e2
cb8eda8114bb
cb8f6799c361
cb8ff4b2d3d4
cb9081cc4615
cb910ee61a22
cb919c004ffe
cb92291ae7a8
cb92b635e121
cb9343513c68
cb93d06cf97e
cb945d891863
cb94eaa59917
cb9577c27b9c
cb9604dfbff0
cb9691fd6615
cb971f1b6e0a
cb97ac39d7d0
cb983958a367
cb98c677d0cf
cb9953976009
cb99e0b75114
cb9a6dd7a3f2
cb9afaf858a3
cb9b88196f25
cb9c153ae77b
cb9ca25cc1a4
cb9d2f7efda0
cb9dbca19b71
cb9e49c49b15
cb9ed6e7fc8d
cb9f640bbfda
cb9ff12fe4fb
cba07e546bf2
cba10b7954be
cba1989e9f5f
cba225c44bd6
cba2b2ea5a24
cba34010ca47
cba3cd379c42
cba45a5ed013
cba4e78665bb
cba574ae5d3b
cba601d6b692
cba68eff71c1
cba71c288ec9
cba7a9520da9
cba8367bee62
cba8c3a630f4
cba950d0d55f
cba9ddfbdba3
cbaa6b2743c1
cbaaf8530dba
cbab857f398d
cbac12abc73a
cbac9fd8b6c2
cbad2d060825
cbadba33bb64
cbae4761d07e
cbaed4904775
cbaf61bf2047
cbafeeee5af6
cbb07c1df782
cbb1094df5ea
cbb1967e5630
cbb223af1853
cbb2b0e03c54
cbb33e11c233
cbb3cb43a9f1
cbb45875f38d
cbb4e5a89f08
cbb572dbac62
cbb6000f1b9b
cbb68d42ecb4
cbb71a771fac
cbb7a7abb485
cbb834e0ab3f
cbb8c21603d9
cbb94f4bbe54
cbb9dc81dab0
cbba69b858ee
cbbaf6ef390d
cbbb84267b0e
cbbc115e1ef2
cbbc9e9624b8
cbbd2bce8c61
cbbdb90755ee
cbbe4640815d
cbbed37a0eb0
cbbf60b3fde7
cbbfedee4f02
cbc07b290201
cbc1086416e6
cbc1959f8daf
cbc222db665d
cbc2b017a0f1
cbc33d543d6a
cbc3ca913bc9
cbc457ce9c0f
cbc4e50c5e3b
cbc5724a824e
cbc5ff890848
cbc68cc7f029
cbc71a0739f2
cbc7a746e5a3
cbc83486f33c
cbc8c1c762bd
cbc94f083427
cbc9dc496779
cbca698afcb5
cbcaf6ccf3db
cbcb840f4cea
cbcc115207e3
cbcc9e9524c6
cbcd2bd8a393
cbcdb91c844c
cbce4660c6ef
cbced3a56b7e
cbcf60ea71f9
cbcfee2fda5f
cbd07b75a4b1
cbd108bbd0ef
cbd196025f1b
cbd223494f33
cbd2b090a138
cbd33dd8552a
cbd3cb206b0b
cbd45868e2d9
cbd4e5b1bc95
cbd572faf840
cbd6004495da
cbd68d8e9563
cbd71ad8f6da
cbd7a823ba42
cbd8356edf99
cbd8c2ba66e0
cbd950065018
cbd9dd529b40
cbda6a9f4859
cbdaf7ec5763
cbdb8539c85f
cbdc12879b4c
cbdc9fd5d02b
cbdd2d2466fd
cbddba735fc0
cbde47c2ba77
cbded5127720
cbdf626295bd
cbdfefb3164d
cbe07d03f8d1
cbe10a553d49
cbe197a6e3b6
cbe224f8ec16
cbe2b24b566c
cbe33f9e22b7
cbe3ccf150f7
cbe45a44e12d
cbe4e798d359
cbe574ed277b
cbe60241dd93
cbe68f96f5a2
cbe71cec6fa8
cbe7aa424ba5
cbe83798899a
cbe8c4ef2986
cbe952462b6a
cbe9df9d8f47
cbea6cf5551c
cbeafa4d7cea
cbeb87a606b2
cbec14fef272
cbeca258402c
cbed2fb1efe0
cbedbd0c018e
cbee4a667537
cbeed7c14ada
cbef651c8278
cbeff2781c11
cbf07fd417a6
cbf10d307537
cbf19a8d34c3
cbf227ea564c
cbf2b547d9d1
cbf342a5bf53
cbf3d00406d2
cbf45d62b04f
cbf4eac1bbc9
cbf578212941
cbf60580f8b7
cbf692e12a2b
cbf72041bd9e
cbf7ada2b310
cbf83b040a81
cbf8c865c3f2
cbf955c7df62
cbf9e32a5cd2
cbfa708d3c43
cbfafdf07db4
cbfb8b542126
cbfc18b82699
cbfca61c8e0d
cbfd33815783
cbfdc0e682fa
cbfe4e4c1074
cbfedbb1fff0
cbff6918516e
cbfff67f04f0
cc0083e61a75
cc01114d91fd
cc019eb56b89
cc022c1da718
cc02b98644ac
cc0346ef4445
cc03d458a5e2
cc0461c26984
cc04ef2c8f2c
cc057c9716d9
cc060a02008c
cc06976d4c45
cc0724d8fa04
cc07b24509ca
cc083fb17b97
cc08cd1e4f6b
cc095a8b8546
cc09e7f91d29
cc0a75671714
cc0b02d57307
cc0b90443103
cc0c1db35107
cc0cab22d315
cc0d3892b72b
cc0dc602fd4b
cc0e5373a575
cc0ee0e4afa9
cc0f6e561be8
cc0ffbc7ea31
cc10893a1a84
cc1116acace3
cc11a41fa14e
cc123192f7c4
cc12bf06b045
cc134c7acad4
cc13d9ef476e
cc1467642615
cc14f4d966c9
cc15824f098b
cc160fc50e5a
cc169d3b7537
cc172ab23e21
cc17b829691b
cc1845a0f622
cc18d318e539
cc196091365e
cc19ee09e993
cc1a7b82fed8
cc1b08fc762c
cc1b96764f91
cc1c23f08b06
cc1cb16b288c
cc1d3ee62823
cc1dcc6189cb
cc1e59dd4d84
cc1ee7597350
cc1f74d5fb2d
cc200252e51d
cc208fd0311f
cc211d4ddf34
cc21aacbef5c
cc22384a6197
cc22c5c935e6
cc2353486c49
cc23e0c804c0
cc246e47ff4c
cc24fbc85bec
cc2589491aa1
cc2616ca3b6b
cc26a44bbe4b
cc2731cda341
cc27bf4fea4c
cc284cd2936e
cc28da559ea6
cc2967d90bf6
cc29f55cdb5c
cc2a82e10cd9
cc2b1065a06f
cc2b9dea961c
cc2c2b6fede1
cc2cb8f5a7be
cc2d467bc3b5
cc2dd40241c4
cc2e618921ec
cc2eef10642e
cc2f7c98088a
cc300a200eff
cc3097a8778f
cc3125314239
cc31b2ba6eff
cc324043fddf
cc32cdcdeeda
cc335b5841f1
cc33e8e2f724
cc34766e0e73
cc3503f987df
cc3591856367
cc361f11a10c
cc36ac9e40ce
cc373a2b42ae
cc37c7b8a6ab
cc3855466cc7
cc38e2d49500
cc3970631f58
cc39fdf20bcf
cc3a8b815a65
cc3b19110b1a
cc3ba6a11def
cc3c343192e4
cc3cc1c269f9
cc3d4f53a32e
cc3ddce53e83
cc3e6a773bfa
cc3ef8099b92
cc3f859c5d4b
cc40132f8126
cc40a0c30723
cc412e56ef42
cc41bbeb3984
cc42497fe5e8
cc42d714f46f
cc4364aa651a
cc43f24037e8
cc447fd66cda
cc450d6d03f1
cc459b03fd2b
cc46289b588a
cc46b633160e
cc4743cb35b7
cc47d163b786
cc485efc9b7a
cc48ec95e195
cc497a2f89d5
cc4a07c9943c
cc4a956400ca
cc4b22fecf7e
cc4bb09a005a
cc4c3e35935e
cc4ccbd18889
cc4d596ddfdc
cc4de70a9958
cc4e74a7b4fc
cc4f024532ca
cc4f8fe312c0
cc501d8154e0
cc50ab1ff929
cc5138beff9d
cc51c65e683a
cc5253fe3302
cc52e19e5ff5
cc536f3eef13
cc53fcdfe05c
cc548a8133d0
cc551822e971
cc55a5c5013d
cc5633677b36
cc56c10a575b
cc574ead95ad
cc57dc51362d
cc5869f538d9
cc58f7999db4
cc59853e64bc
cc5a12e38df2
cc5aa0891957
cc5b2e2f06eb
cc5bbbd556ae
cc5c497c08a0
cc5cd7231cc1
cc5d64ca9312
cc5df2726b93
cc5e801aa645
cc5f0dc34327
cc5f9b6c423a
cc602915a37e
cc60b6bf66f4
cc6144698c9b
cc61d2141474
cc625fbefe7f
cc62ed6a4abd
cc637b15f92d
cc6408c209d0
cc64966e7ca7
cc65241b51b1
cc65b1c888ef
cc663f762261
cc66cd241e07
cc675ad27be2
cc67e8813bf1
cc6876305e36
cc6903dfe2b0
cc69918fc960
cc6a1f401245
cc6aacf0bd61
cc6b3aa1cab3
cc6bc8533a3c
cc6c56050bfc
cc6ce3b73ff3
cc6d7169d622
cc6dff1cce88
cc6e8cd02926
cc6f1a83e5fd
cc6fa838050c
cc7035ec8654
cc70c3a169d5
cc715156af90
cc71df0c5784
cc726cc261b2
cc72fa78ce1a
cc73882f9cbd
cc7415e6cd9a
cc74a39e60b2
cc7531565605
cc75bf0ead94
cc764cc7675f
cc76da808366
cc77683a01a9
cc77f5f3e228
cc7883ae24e4
cc791168c9de
cc799f23d115
cc7a2cdf3a89
cc7aba9b063b
cc7b4857342c
cc7bd613c45a
cc7c63d0b6c8
cc7cf18e0b74
cc7d7f4bc260
cc7e0d09db8b
cc7e9ac856f6
cc7f288734a0
cc7fb646748c
cc80440616b7
cc80d1c61b24
cc815f8681d1
cc81ed474ac0
cc827b0875f0
cc8308ca0363
cc83968bf317
cc84244e450e
cc84b210f948
cc853fd40fc4
cc85cd978884
cc865b5b6387
cc86e91fa0ce
cc8776e44058
cc8804a94228
cc88926ea63b
cc8920346c94
cc89adfa9531
cc8a3bc12014
cc8ac9880d3c
cc8b574f5cab
cc8be5170e5f
cc8c72df225a
cc8d00a7989b
cc8d8e707123
cc8e1c39abf3
cc8eaa03490a
cc8f37cd4869
cc8fc597aa0f
cc9053626dfe
cc90e12d9436
cc916ef91cb6
cc91fcc50780
cc928a915492
cc93185e03ee
cc93a62b1594
cc9433f88985
cc94c1c65fbf
cc954f949844
cc95dd633315
cc966b323030
cc96f9018f97
cc9786d15149
cc9814a17548
cc98a271fb92
cc993042e42a
cc99be142f0e
cc9a4be5dc3f
cc9ad9b7ebbd
cc9b678a5d89
cc9bf55d31a3
cc9c8330680b
cc9d110400c1
cc9d9ed7fbc6
cc9e2cac5919
cc9eba8118bc
cc9f48563aaf
cc9fd62bbef1
cca06401a583
cca0f1d7ee65
cca17fae9998
cca20d85a71c
cca29b5d16f1
cca32934e916
cca3b70d1d8e
cca444e5b457
cca4d2bead73
cca5609808e1
cca5ee71c6a1
cca67c4be6b4
cca70a26691b
cca798014dd5
cca825dc94e3
cca8b3b83e44
cca9419449fa
cca9cf70b804
ccaa5d4d8864
ccaaeb2abb18
ccab79085021
ccac06e64780
ccac94c4a135
ccad22a35d40
ccadb0827ba1
ccae3e61fc59
ccaecc41df68
ccaf5a2224ce
ccafe802cc8b
ccb075e3d6a0
ccb103c5430d
ccb191a711d3
ccb21f8942f0
ccb2ad6bd667
ccb33b4ecc37
ccb3c932245f
ccb45715dee2
ccb4e4f9fbbe
ccb572de7af4
ccb600c35c85
ccb68ea8a070
ccb71c8e46b6
ccb7aa744f58
ccb8385aba55
ccb8c64187ad
ccb95428b761
ccb9e2104972
ccba6ff83ddf
ccbafde094a9
ccbb8bc94dd0
ccbc19b26954
ccbca79be736
ccbd3585c775
ccbdc3700a13
ccbe515aaf0f
ccbedf45b669
ccbf6d312023
ccbffb1cec3b
ccc089091ab4
ccc116f5ab8b
ccc1a4e29ec3
ccc232cff45b
ccc2c0bdac53
ccc34eabc6ac
ccc3dc9a4366
ccc46a892282
ccc4f87863ff
ccc5866807dd
ccc614580e1e
ccc6a24876c1
ccc7303941c7
ccc7be2a6f30
ccc84c1bfefc
ccc8da0df12b
ccc9680045be
ccc9f5f2fcb5
ccca83e61610
cccb11d991cf
cccb9fcd6ff4
cccc2dc1b07d
ccccbbb6536c
cccd49ab58c0
cccdd7a0c07a
ccce65968a9a
cccef38cb720
cccf8183460d
ccd00f7a3761
ccd09d718b1c
ccd12b69413e
ccd1b96159c8
ccd24759d4ba
ccd2d552b214
ccd3634bf1d7
ccd3f1459402
ccd47f3f9897
ccd50d39ff95
ccd59b34c8fc
ccd6292ff4cd
ccd6b72b8308
ccd7452773ad
ccd7d323c6bd
ccd861207c38
ccd8ef1d941e
ccd97d1b0e70
ccda0b18eb2d
ccda99172a56
ccdb2715cbeb
ccdbb514cfed
ccdc4314365c
ccdcd113ff37
ccdd5f142a80
ccdded14b836
ccde7b15a85a
ccdf0916faec
ccdf9718afed
cce0251ac75c
cce0b31d413a
cce141201d87
cce1cf235c44
cce25d26fd70
cce2eb2b010c
cce3792f6718
cce407342f95
cce495395a83
cce5233ee7e1
cce5b144d7b1
cce63f4b29f2
cce6cd51dea5
cce75b58f5cb
cce7e9606f62
cce877684b6c
cce9057089e9
cce993792ada
ccea21822e3d
cceaaf8b9414
cceb3d955c5f
ccebcb9f871f
ccec59aa1453
ccece7b503fb
cced75c05619
ccee03cc0aab
ccee91d821b4
ccef1fe49b32
ccefadf17726
ccf03bfeb591
ccf0ca0c5672
ccf1581a59ca
ccf1e628bf99
ccf2743787e0
ccf30246b29e
ccf390563fd4
ccf41e662f82
ccf4ac7681a9
ccf53a873649
ccf5c8984d61
ccf656a9c6f3
ccf6e4bba2fe
ccf772cde183
ccf800e08283
ccf88ef385fc
ccf91d06ebf0
ccf9ab1ab45f
ccfa392edf49
ccfac7436caf
ccfb55585c90
ccfbe36daeed
ccfc718363c6
ccfcff997b1c
ccfd8daff4ef
ccfe1bc6d13e
ccfea9de100b
ccff37f5b155
ccffc60db51e
cd0054261b64
cd00e23ee428
cd0170580f6b
cd01fe719d2d
cd028c8b8d6e
cd031aa5e02f
cd03a8c0956f
cd0436dbad2f
cd04c4f7276f
cd0553130430
cd05e12f4372
cd066f4be534
cd06fd68e978
cd078b86503d
cd0819a41984
cd08a7c2454e
cd0935e0d399
cd09c3ffc467
cd0a521f17b8
cd0ae03ecd8c
cd0b6e5ee5e4
cd0bfc7f60bf
cd0c8aa03e1e
cd0d18c17e01
cd0da6e32069
cd0e35052555
cd0ec3278cc7
cd0f514a56be
cd0fdf6d833a
cd106d91123c
cd10fbb503c4
cd1189d957d3
cd1217fe0e68
cd12a6232784
cd133448a327
cd13c26e8151
cd145094c204
cd14debb653e
cd156ce26b00
cd15fb09d34b
cd1689319e1e
cd171759cb7b
cd17a5825b61
cd1833ab4dd0
cd18c1d4a2c9
cd194ffe5a4c
cd19de28745a
cd1a6c52f0f2
cd1afa7dd015
cd1b88a911c3
cd1c16d4b5fc
cd1ca500bcc2
cd1d332d2613
cd1dc159f1f0
cd1e4f87205a
cd1eddb4b150
cd1f6be2a4d4
cd1ffa10fae5
cd20883fb383
cd21166eceaf
cd21a49e4c6a
cd2232ce2cb2
cd22c0fe6f89
cd234f2f14ef
cd23dd601ce4
cd246b918769
cd24f9c3547d
cd2587f58422
cd2616281656
cd26a45b0b1b
cd27328e6270
cd27c0c21c57
cd284ef638cf
cd28dd2ab7d8
cd296b5f9974
cd29f994dda1
cd2a87ca8461
cd2b16008db3
cd2ba436f998
cd2c326dc810
cd2cc0a4f91c
cd2d4edc8cbb
cd2ddd1482ef
cd2e6b4cdbb6
cd2ef9859712
cd2f87beb503
cd3015f83589
cd30a43218a4
cd31326c5e54
cd31c0a7069b
cd324ee21177
cd32dd1d7eea
cd336b594ef3
cd33f9958194
cd3487d216cb
cd35160f0e9a
cd35a44c6901
cd36328a25ff
cd36c0c84596
cd374f06c7c5
cd37dd45ac8d
cd386b84f3ee
cd38f9c49de8
cd398804aa7c
cd3a164519a9
cd3aa485eb71
cd3b32c71fd3
cd3bc108b6d0
cd3c4f4ab067
cd3cdd8d0c9a
cd3d6bcfcb68
cd3dfa12ecd2
cd3e885670d7
cd3f169a5779
cd3fa4dea0b8
cd4033234c93
cd40c1685b0b
cd414fadcc21
cd41ddf39fd4
cd426c39d625
cd42fa806f13
cd4388c76aa1
cd44170ec8cd
cd44a5568997
cd45339ead01
cd45c1e7330b
cd4650301bb4
cd46de7966fd
cd476cc314e6
cd47fb0d2570
cd488957989a
cd4917a26e66
cd49a5eda6d3
cd4a343941e1
cd4ac2853f91
cd4b50d19fe4
cd4bdf1e62d8
cd4c6d6b8870
cd4cfbb910aa
cd4d8a06fb87
cd4e18554908
cd4ea6a3f92c
cd4f34f30bf5
cd4fc3428161
cd5051925972
cd50dfe29428
cd516e333183
cd51fc843184
cd528ad59429
cd5319275975
cd53a7798167
cd5435cc0bff
cd54c41ef93e
cd5552724923
cd55e0c5fbb0
cd566f1a10e4
cd56fd6e88c0
cd578bc36344
cd581a18a070
cd58a86e4045
cd5936c442c2
cd59c51aa7e9
cd5a53716fb8
cd5ae1c89a32
cd5b70202755
cd5bfe781722
cd5c8cd0699a
cd5d1b291ebc
cd5da9823689
cd5e37dbb102
cd5ec6358e25
cd5f548fcdf5
cd5fe2ea7070
cd6071457598
cd60ffa0dd6c
cd618dfca7ed
cd621c58d51c
cd62aab564f7
cd6339125780
cd63c76facb7
cd6455cd649c
cd64e42b7f2f
cd657289fc71
cd6600e8dc62
cd668f481f02
cd671da7c451
cd67ac07cc50
cd683a683700
cd68c8c9045f
cd69572a346f
cd69e58bc730
cd6a73edbca2
cd6b025014c5
cd6b90b2cf99
cd6c1f15ed20
cd6cad796d59
cd6d3bdd5044
cd6dca4195e1
cd6e58a63e32
cd6ee70b4936
cd6f7570b6ed
cd7003d68758
cd70923cba77
cd7120a3504b
cd71af0a48d2
cd723d71a40f
cd72cbd96201
cd735a4182a8
cd73e8aa0604
cd747712ec17
cd75057c34df
cd7593e5e05e
cd76224fee94
cd76b0ba5f80
cd773f253324
cd77cd90697f
cd785bfc0292
cd78ea67fe5d
cd7978d45ce0
cd7a07411e1c
cd7a95ae4211
cd7b241bc8be
cd7bb289b225
cd7c40f7fe46
cd7ccf66ad20
cd7d5dd5beb5
cd7dec453304
cd7e7ab50a0e
cd7f092543d2
cd7f9795e052
cd802606df8e
cd80b4784185
cd8142ea0638
cd81d15c2da7
cd825fceb7d3
cd82ee41a4bc
cd837cb4f461
cd840b28a6c4
cd84999cbbe5
cd85281133c4
cd85b6860e61
cd8644fb4bbc
cd86d370ebd6
cd8761e6eeae
cd87f05d5446
cd887ed41c9e
cd890d4b47b5
cd899bc2d58d
cd8a2a3ac624
cd8ab8b3197c
cd8b472bcf95
cd8bd5a4e86f
cd8c641e640b
cd8cf2984268
cd8d81128387
cd8e0f8d2768
cd8e9e082e0b
cd8f2c839772
cd8fbaff639b
cd90497b9287
cd90d7f82437
cd91667518ab
cd91f4f26fe3
cd92837029df
cd9311ee469f
cd93a06cc625
cd942eeba86f
cd94bd6aed7f
cd954bea9554
cd95da6a9ff0
cd9668eb0d51
cd96f76bdd7a
cd9785ed1068
cd98146ea61e
cd98a2f09e9b
cd993172f9df
cd99bff5b7ec
cd9a4e78d8c0
cd9adcfc5c5d
cd9b6b8042c2
cd9bfa048bf0
cd9c888937e7
cd9d170e46a7
cd9da593b832
cd9e34198c86
cd9ec29fc3a4
cd9f51265d8d
cd9fdfad5a40
cda06e34b9be
cda0fcbc7c08
cda18b44a11d
cda219cd28fe
cda2a85613ab
cda336df6125
cda3c569116b
cda453f3247d
cda4e27d9a5d
cda57108730b
cda5ff93ae86
cda68e1f4ccf
cda71cab4de6
cda7ab37b1cb
cda839c47880
cda8c851a203
cda956df2e55
cda9e56d1d78
cdaa73fb6f6a
cdab028a242b
cdab91193bbe
cdac1fa8b621
cdacae389355
cdad3cc8d359
cdadcb597630
cdae59ea7bd8
cdaee87be452
cdaf770daf9e
cdb0059fddbd
cdb094326eae
cdb122c56272
cdb1b158b90a
cdb23fec7275
cdb2ce808eb4
cdb35d150dc7
cdb3eba9efaf
cdb47a3f346b
cdb508d4dbfc
cdb5976ae662
cdb62601539e
cdb6b49823af
cdb7432f5696
cdb7d1c6ec53
cdb8605ee4e7
cdb8eef74052
cdb97d8ffe94
cdba0c291fad
cdba9ac2a39d
cdbb295c8a66
cdbbb7f6d406
cdbc4691807f
cdbcd52c8fd0
cdbd63c801fb
cdbdf263d6fe
cdbe81000edb
cdbf0f9ca992
cdbf9e39a722
cdc02cd7078d
cdc0bb74cad3
cdc14a12f0f3
cdc1d8b179ee
cdc2675065c5
cdc2f5efb477
cdc3848f6605
cdc4132f7a6f
cdc4a1cff1b5
cdc53070cbd8
cdc5bf1208d8
cdc64db3a8b5
cdc6dc55ab70
cdc76af81108
cdc7f99ad97e
cdc8883e04d3
cdc916e19306
cdc9a5858418
cdca3429d809
cdcac2ce8ed9
cdcb5173a889
cdcbe0192519
cdcc6ebf0488
cdccfd6546d9
cdcd8c0bec0a
cdce1ab2f41b
cdcea95a5f0e
cdcf38022ce3
cdcfc6aa5d99
cdd05552f131
cdd0e3fbe7ac
cdd172a54109
cdd2014efd49
cdd28ff91c6b
cdd31ea39e72
cdd3ad4e835c
cdd43bf9cb29
cdd4caa575db
cdd559518371
cdd5e7fdf3ec
cdd676aac74c
cdd70557fd91
cdd7940596bc
cdd822b392cc
cdd8b161f1c3
cdd94010b39f
cdd9cebfd862
cdda5d6f600c
cddaec1f4a9d
cddb7acf9816
cddc09804876
cddc98315bbe
cddd26e2d1ee
cdddb594ab07
cdde4446e708
cdded2f985f2
cddf61ac87c6
cddff05fec82
cde07f13b429
cde10dc7deba
cde19c7c6c35
cde22b315c9b
cde2b9e6afeb
cde3489c6627
cde3d7527f4e
cde46608fb60
cde4f4bfda5f
cde583771c49
cde6122ec120
cde6a0e6c8e4
cde72f9f3395
cde7be580133
cde84d1131bf
cde8dbcac538
cde96a84bb9f
cde9f93f14f5
cdea87f9d139
cdeb16b4f06c
cdeba570728f
cdec342c57a0
cdecc2e89fa2
cded51a54a93
cdede0625874
cdee6f1fc946
cdeefddd9d09
cdef8c9bd3bd
cdf01b5a6d62
cdf0aa1969f8
cdf138d8c980
cdf1c7988bfb
cdf25658b167
cdf2e51939c6
cdf373da2519
cdf4029b735e
cdf4915d2497
cdf5201f38c3
cdf5aee1afe3
cdf63da489f8
cdf6cc67c701
cdf75b2b66ff
cdf7e9ef69f1
cdf878b3cfd9
cdf9077898b7
cdf9963dc48a
cdfa25035354
cdfab3c94514
cdfb428f99ca
cdfbd1565178
cdfc601d6c1c
cdfceee4e9b8
cdfd7dacca4c
cdfe0c750dd8
cdfe9b3db45b
cdff2a06bdd8
cdffb8d02a4d
ce004799f9bb
ce00d6642c23
ce01652ec184
ce01f3f9b9df
ce0282c51534
ce031190d383
ce03a05cf4cd
ce042f297912
ce04bdf66052
ce054cc3aa8e
ce05db9157c5
ce066a5f67f8
ce06f92ddb28
ce0787fcb154
ce0816cbea7d
ce08a59b86a2
ce09346b85c6
ce09c33be7e6
ce0a520cad05
ce0ae0ddd522
ce0b6faf603d
ce0bfe814e57
ce0c8d539f70
ce0d1c265388
ce0daaf96a9f
ce0e39cce4b6
ce0ec8a0c1ce
ce0f577501e5
ce0fe649a4fd
ce10751eab16
ce1103f41430
ce1192c9e04b
ce1221a00f68
ce12b076a187
ce133f4d96a8
ce13ce24eecb
ce145cfca9f1
ce14ebd4c81a
ce157aad4946
ce1609862d76
ce16985f74a9
ce1727391ee0
ce17b6132c1c
ce1844ed9c5c
ce18d3c86fa2
ce1962a3a5ec
ce19f17f3f3b
ce1a805b3b91
ce1b0f379aec
ce1b9e145d4d
ce1c2cf182b5
ce1cbbcf0b23
ce1d4aacf699
ce1dd98b4515
ce1e6869f69a
ce1ef7490b26
ce1f862882ba
ce2015085d56
ce20a3e89afb
ce2132c93ba9
ce21c1aa3f5f
ce22508ba620
ce22df6d6fea
ce236e4f9cbd
ce23fd322c9b
ce248c151f84
ce251af87577
ce25a9dc2e75
ce2638c04a7f
ce26c7a4c994
ce275689abb5
ce27e56ef0e2
ce287454991b
ce29033aa461
ce29922112b4
ce2a2107e413
ce2aafef1881
ce2b3ed6affc
ce2bcdbeaa85
ce2c5ca7081c
ce2ceb8fc8c1
ce2d7a78ec76
ce2e09627339
ce2e984c5d0c
ce2f2736a9ee
ce2fb62159e0
ce30450c6ce2
ce30d3f7e2f5
ce3162e3bc18
ce31f1cff84c
ce3280bc9791
ce330fa999e8
ce339e96ff50
ce342d84c7ca
ce34bc72f357
ce354b6181f6
ce35da5073a8
ce36693fc86c
ce36f82f8045
ce37871f9b30
ce3816101930
ce38a500fa44
ce3933f23e6c
ce39c2e3e5a9
ce3a51d5effa
ce3ae0c85d61
ce3b6fbb2dde
ce3bfeae6170
ce3c8da1f818
ce3d1c95f1d6
ce3dab8a4eab
ce3e3a7f0e96
ce3ec9743199
ce3f5869b7b3
ce3fe75fa0e5
ce407655ed2e
ce41054c9c90
ce419443af0a
ce42233b249d
ce42b232fd49
ce43412b390e
ce43d023d7ec
ce445f1cd9e4
ce44ee163ef6
ce457d100723
ce460c0a326a
ce469b04c0cc
ce4729ffb249
ce47b8fb06e1
ce4847f6be95
ce48d6f2d965
ce4965ef5751
ce49f4ec3859
ce4a83e97c7e
ce4b12e723c0
ce4ba1e52e20
ce4c30e39b9c
ce4cbfe26c37
ce4d4ee19ff0
ce4ddde136c7
ce4e6ce130bc
ce4efbe18dd1
ce4f8ae24e04
ce5019e37157
ce50a8e4f7ca
ce5137e6e15c
ce51c6e92e0f
ce5255ebdde2
ce52e4eef0d6
ce5373f266eb
ce5402f64021
ce5491fa7c79
ce5520ff1bf2
ce55b0041e8e
ce563f09844c
ce56ce0f4d2c
ce575d15792f
ce57ec1c0856
ce587b22faa0
ce590a2a500d
ce599932089f
ce5a283a2455
ce5ab742a32f
ce5b464b852e
ce5bd554ca52
ce5c645e729b
ce5cf3687e0a
ce5d8272ec9f
ce5e117dbe5a
ce5ea088f33b
ce5f2f948b43
ce5fbea08672
ce604dace4c7
ce60dcb9a645
ce616bc6caea
ce61fad452b7
ce6289e23dac
ce6318f08bca
ce63a7ff3d10
ce64370e5180
ce64c61dc919
ce65552da3db
ce65e43de1c8
ce66734e82de
ce67025f871f
ce679170ee8b
ce682082b921
ce68af94e6e3
ce693ea777d0
ce69cdba6be9
ce6a5ccdc32e
ce6aebe17d9f
ce6b7af59b3d
ce6c0a0a1c07
ce6c991effff
ce6d28344724
ce6db749f176
ce6e465ffef7
ce6ed5766fa5
ce6f648d4382
ce6ff3a47a8e
ce7082bc14c8
ce7111d41232
ce71a0ec72cc
ce7230053695
ce72bf1e5d8e
ce734e37e7b7
ce73dd51d511
ce746c6c259c
ce74fb86d958
ce758aa1f046
ce7619bd6a65
ce76a8d947b5
ce7737f58839
ce77c7122bee
ce78562f32d6
ce78e54c9cf2
ce79746a6a40
ce7a03889ac2
ce7a92a72e78
ce7b21c62562
ce7bb0e57f80
ce7c40053cd3
ce7ccf255d5a
ce7d5e45e117
ce7ded66c809
ce7e7c881231
ce7f0ba9bf8f
ce7f9acbd023
ce8029ee43ee
ce80b9111aef
ce8148345527
ce81d757f297
ce82667bf33e
ce82f5a0571d
ce8384c51e34
ce8413ea4883
ce84a30fd60b
ce853235c6cc
ce85c15c1ac6
ce865082d1f9
ce86dfa9ec67
ce876ed16a0e
ce87fdf94aef
ce888d218f0b
ce891c4a3662
ce89ab7340f4
ce8a3a9caec1
ce8ac9c67fc9
ce8b58f0b40e
ce8be81b4b8e
ce8c7746464b
ce8d0671a445
ce8d959d657b
ce8e24c989ef
ce8eb3f611a0
ce8f4322fc8f
ce8fd2504abc
ce90617dfc28
ce90f0ac10d1
ce917fda88ba
ce920f0963e2
ce929e38a249
ce932d6843ef
ce93bc9848d6
ce944bc8b0fc
ce94daf97c63
ce956a2aab0b
ce95f95c3cf4
ce96888e321e
ce9717c08a89
ce97a6f34636
ce9836266526
ce98c559e757
ce99548dcccb
ce99e3c21582
ce9a72f6c17c
ce9b022bd0ba
ce9b9161433b
ce9c20971900
ce9cafcd5209
ce9d3f03ee56
ce9dce3aede9
ce9e5d7250c0
ce9eecaa16dd
ce9f7be2403f
cea00b1acce7
cea09a53bcd5
cea1298d1009
cea1b8c6c684
cea24800e046
cea2d73b5d4e
cea366763d9f
cea3f5b18137
cea484ed2817
cea51429323f
cea5a3659faf
cea632a27069
cea6c1dfa46b
cea7511d3bb7
cea7e05b364c
cea86f99942b
cea8fed85554
cea98e1779c8
ceaa1d570186
ceaaac96ec8f
ceab3bd73ae3
ceabcb17ec83
ceac5a59016e
ceace99a79a6
cead78dc5529
ceae081e93f9
ceae97613616
ceaf26a43b80
ceafb5e7a438
ceb0452b703c
ceb0d46f9f8f
ceb163b43230
ceb1f2f9281f
ceb2823e815d
ceb311843dea
ceb3a0ca5dc6
ceb43010e0f2
ceb4bf57c76d
ceb54e9f1138
ceb5dde6be54
ceb66d2ecec0
ceb6fc77427d
ceb78bc0198b
ceb81b0953ea
ceb8aa52f19b
ceb9399cf29e
ceb9c8e756f3
ceba58321e9b
cebae77d4995
cebb76c8d7e2
cebc0614c982
cebc95611e76
cebd24add6be
cebdb3faf25a
cebe4348714a
cebed296538e
cebf61e49928
cebff1334216
cec080824e5a
cec10fd1bdf4
cec19f2190e4
cec22e71c729
cec2bdc260c6
cec34d135db9
cec3dc64be03
cec46bb681a4
cec4fb08a89d
cec58a5b32ed
cec619ae2096
cec6a9017197
cec7385525f0
cec7c7a93da3
cec856fdb8af
cec8e6529714
cec975a7d8d2
ceca04fd7deb
ceca9453865e
cecb23a9f22c
cecbb300c154
cecc4257f3d7
ceccd1af89b6
cecd610782f0
cecdf05fdf86
cece7fb89f78
cecf0f11c2c7
cecf9e6b4972
ced02dc5337a
ced0bd1f80df
ced14c7a31a2
ced1dbd545c2
ced26b30bd41
ced2fa8c981e
ced389e8d659
ced4194577f3
ced4a8a27cec
ced537ffe545
ced5c75db0fd
ced656bbe015
ced6e61a728d
ced775796865
ced804d8c19e
ced894387e39
ced923989e34
ced9b2f92191
ceda425a0850
cedad1bb5270
cedb611cfff3
cedbf07f10d9
cedc7fe18521
cedd0f445ccd
cedd9ea797dc
cede2e0b364e
cedebd6f3825
cedf4cd39d60
cedfdc3865ff
cee06b9d9203
cee0fb03216b
cee18a691439
cee219cf6a6d
cee2a9362407
cee3389d4106
cee3c804c16c
cee4576ca538
cee4e6d4ec6c
cee5763d9706
cee605a6a508
cee695101672
cee72479eb43
cee7b3e4237d
cee8434ebf1f
cee8d2b9be2a
cee96225209e
cee9f190e67c
ceea80fd0fc2
ceeb10699c73
ceeb9fd68c8e
ceec2f43e013
ceecbeb19703
ceed4e1fb15e
ceeddd8e2f24
ceee6cfd1055
ceeefc6c54f2
ceef8bdbfcfc
cef01b4c0871
cef0aabc7753
cef13a2d49a2
cef1c99e7f5d
cef259101887
cef2e882151d
cef377f47522
cef407673895
cef496da5f76
cef5264de9c6
cef5b5c1d785
cef6453628b3
cef6d4aadd50
cef7641ff55d
cef7f39570db
cef8830b4fc8
cef912819227
cef9a1f837f6
cefa316f4136
cefac0e6ade7
cefb505e7e0a
cefbdfd6b1a0
cefc6f4f48a7
cefcfec84320
cefd8e41a10d
cefe1dbb626c
cefead35873f
ceff3cb00f85
ceffcc2afb3f
cf005ba64a6d
cf00eb21fd10
cf017a9e1327
cf020a1a8cb3
cf02999769b4
cf032914aa2a
cf03b8924e16
cf0448105578
cf04d78ec051
cf05670d8ea0
cf05f68cc065
cf06860c55a2
cf07158c4e56
cf07a50caa81
cf08348d6a24
cf08c40e8d40
cf09539013d4
cf09e311fde0
cf0a72944b66
cf0b0216fc64
cf0b919a10dc
cf0c211d88ce
cf0cb0a1643a
cf0d4025a320
cf0dcfaa4580
cf0e5f2f4b5b
cf0eeeb4b4b2
cf0f7e3a8184
cf100dc0b1d1
cf109d47459a
cf112cce3ce0
cf11bc5597a1
cf124bdd55e0
cf12db65779b
cf136aedfcd4
cf13fa76e58a
cf148a0031be
cf151989e170
cf15a913f4a0
cf16389e6b4f
cf16c829457d
cf1757b4832a
cf17e7402456
cf1876cc2901
cf190658912d
cf1995e55cd9
cf1a25728c06
cf1ab5001eb3
cf1b448e14e1
cf1bd41c6e90
cf1c63ab2bc1
cf1cf33a4c74
cf1d82c9d0a9
cf1e1259b860
cf1ea1ea039a
cf1f317ab256
cf1fc10bc496
cf20509d3a59
cf20e02f13a0
cf216fc1506b
cf21ff53f0ba
cf228ee6f48e
cf231e7a5be6
cf23ae0e26c3
cf243da25526
cf24cd36e70e
cf255ccbdc7d
cf25ec613571
cf267bf6f1eb
cf270b8d11ed
cf279b239575
cf282aba7c84
cf28ba51c71b
cf2949e9753a
cf29d98186e1
cf2a6919fc0f
cf2af8b2d4c7
cf2b884c1107
cf2c17e5b0d1
cf2ca77fb423
cf2d371a1aff
cf2dc6b4e566
cf2e56501356
cf2ee5eba4d1
cf2f758799d6
cf300523f267
cf3094c0ae82
cf31245dce2a
cf31b3fb515d
cf324399381c
cf32d3378267
cf3362d6303f
cf33f27541a4
cf348214b696
cf3511b48f15
cf35a154cb22
cf3630f56abd
cf36c0966de6
cf375037d49d
cf37dfd99ee4
cf386f7bccb9
cf38ff1e5e1e
cf398ec15312
cf3a1e64ab96
cf3aae0867aa
cf3b3dac874e
cf3bcd510a83
cf3c5cf5f149
cf3cec9b3ba0
cf3d7c40e989
cf3e0be6fb03
cf3e9b8d700f
cf3f2b3448ae
cf3fbadb84df
cf404a8324a2
cf40da2b27f9
cf4169d38ee3
cf41f97c5961
cf4289258773
cf4318cf1919
cf43a8790e53
cf4438236722
cf44c7ce2385
cf455779437e
cf45e724c70d
cf4676d0ae31
cf47067cf8eb
cf479629a73c
cf4825d6b923
cf48b5842ea1
cf49453207b6
cf49d4e04462
cf4a648ee4a6
cf4af43de882
cf4b83ed4ff6
cf4c139d1b03
cf4ca34d49a8
cf4d32fddbe6
cf4dc2aed1be
cf4e52602b2f
cf4ee211e83a
cf4f71c408df
cf5001768d1e
cf50912974f8
cf5120dcc06c
cf51b0906f7c
cf5240448227
cf52cff8f86e
cf535fadd251
cf53ef630fd0
cf547f18b0ec
cf550eceb5a4
cf559e851dfa
cf562e3be9ed
cf56bdf3197d
cf574daaacab
cf57dd62a377
cf586d1afde2
cf58fcd3bbeb
cf598c8cdd93
cf5a1c4662db
cf5aac004bc2
cf5b3bba9848
cf5bcb75486f
cf5c5b305c36
cf5ceaebd39d
cf5d7aa7aea5
cf5e0a63ed4f
cf5e9a208f99
cf5f29dd9585
cf5fb99aff14
cf604958cc44
cf60d916fd17
cf6168d5918c
cf61f89489a4
cf628853e560
cf631813a4bf
cf63a7d3c7c2
cf6437944e69
cf64c75538b4
cf65571686a4
cf65e6d83839
cf66769a4d73
cf67065cc652
cf67961fa2d7
cf6825e2e302
cf68b5a686d3
cf69456a8e4a
cf69d52ef968
cf6a64f3c82e
cf6af4b8fa9a
cf6b847e90ae
cf6c14448a6a
cf6ca40ae7ce
cf6d33d1a8db
cf6dc398cd90
cf6e536055ed
cf6ee32841f5
cf6f72f091a5
cf7002b944ff
cf7092825c03
cf71224bd6b2
cf71b215b50b
cf7241dff70f
cf72d1aa9cbe
cf736175a618
cf73f141131e
cf74810ce3cf
cf7510d9182d
cf75a0a5b037
cf763072abee
cf76c0400b52
cf77500dce63
cf77dfdbf521
cf786faa7f8e
cf78ff796da8
cf798f48bf71
cf7a1f1874e8
cf7aaee88e0e
cf7b3eb90ae3
cf7bce89eb68
cf7c5e5b2f9c
cf7cee2cd780
cf7d7dfee314
cf7e0dd15259
cf7e9da4254e
cf7f2d775bf5
cf7fbd4af64d
cf804d1ef456
cf80dcf35611
cf816cc81b7e
cf81fc9d449e
cf828c72d170
cf831c48c1f5
cf83ac1f162d
cf843bf5ce19
cf84cbcce9b8
cf855ba4690b
cf85eb7c4c13
cf867b5492cf
cf870b2d3d40
cf879b064b65
cf882adfbd41
cf88bab992d1
cf894a93cc18
cf89da6e6915
cf8a6a4969c8
cf8afa24ce32
cf8b8a009652
cf8c19dcc22a
cf8ca9b951ba
cf8d39964501
cf8dc9739c00
cf8e595156b8
cf8ee92f7528
cf8f790df751
cf9008ecdd33
cf9098cc26ce
cf9128abd423
cf91b88be532
cf92486c59fb
cf92d84d327e
cf93682e6ebd
cf93f8100eb6
cf9487f2126a
cf9517d479da
cf95a7b74506
cf96379a73ee
cf96c77e0692
cf975761fcf3
cf97e7465711
cf98772b14ec
cf9907103684
cf9996f5bbda
cf9a26dba4ee
cf9ab6c1f1c0
cf9b46a8a251
cf9bd68fb6a0
cf9c66772eae
cf9cf65f0a7c
cf9d86474a0a
cf9e162fed57
cf9ea618f464
cf9f36025f32
cf9fc5ec2dc0
cfa055d6600f
cfa0e5c0f620
cfa175abeff2
cfa205974d86
cfa295830edb
cfa3256f33f3
cfa3b55bbcce
cfa44548a96b
cfa4d535f9cc
cfa56523adef
cfa5f511c5d7
cfa685004182
cfa714ef20f2
cfa7a4de6426
cfa834ce0b1e
cfa8c4be15dc
cfa954ae845f
cfa9e49f56a7
cfaa74908cb5
cfab0482268a
cfab94742424
cfac24668586
cfacb4594aae
cfad444c739d
cfadd4400053
cfae6433f0d2
cfaef4284518
cfaf841cfd27
cfb0141218fe
cfb0a407989d
cfb133fd7c06
cfb1c3f3c338
cfb253ea6e34
cfb2e3e17cf9
cfb373d8ef89
cfb403d0c5e3
cfb493c90008
cfb523c19df7
cfb5b3ba9fb2
cfb643b40538
cfb6d3adce8a
cfb763a7fba8
cfb7f3a28c92
cfb8839d8149
cfb91398d9cd
cfb9a394961e
cfba3390b63c
cfbac38d3a27
cfbb538a21e1
cfbbe3876d69
cfbc73851cbf
cfbd03832fe4
cfbd9381a6d8
cfbe2380819b
cfbeb37fc02d
cfbf437f6290
cfbfd37f68c2
cfc0637fd2c5
cfc0f380a099
cfc18381d23d
cfc2138367b2
cfc2a38560f9
cfc33387be12
cfc3c38a7efc
cfc4538da3b9
cfc4e3912c48
cfc5739518aa
cfc6039968df
cfc6939e1ce7
cfc723a334c3
cfc7b3a8b073
cfc843ae8ff7
cfc8d3b4d34f
cfc963bb7a7c
cfc9f3c2857e
cfca83c9f455
cfcb13d1c701
cfcba3d9fd83
cfcc33e297db
cfccc3eb960a
cfcd53f4f80f
cfcde3febdeb
cfce7408e79e
cfcf04137528
cfcf941e668a
cfd02429bbc4
cfd0b43574d6
cfd1444191c0
cfd1d44e1283
cfd2645af71f
cfd2f4683f94
cfd38475ebe3
cfd41483fc0c
cfd4a492700f
cfd534a147ec
cfd5c4b083a3
cfd654c02336
cfd6e4d026a3
cfd774e08ded
cfd804f15911
cfd895028812
cfd925141aef
cfd9b52611a8
cfda45386c3f
cfdad54b2ab2
cfdb655e4d02
cfdbf571d330
cfdc8585bd3c
cfdd159a0b26
cfdda5aebcef
cfde35c3d296
cfdec5d94c1c
cfdf55ef2981
cfdfe6056ac6
cfe0761c0fea
cfe1063318ef
cfe1964a85d4
cfe226625699
cfe2b67a8b3f
cfe3469323c6
cfe3d6ac202f
cfe466c58079
cfe4f6df44a5
cfe586f96cb3
cfe61713f8a4
cfe6a72ee877
cfe7374a3c2e
cfe7c765f3c7
cfe857820f45
cfe8e79e8ea5
cfe977bb71eb
cfea07d8b914
cfea97f66422
cfeb28147315
cfebb832e5ed
cfec4851bcaa
cfecd870f74d
cfed689095d6
cfedf8b09846
cfee88d0fe9b
cfef18f1c8d8
cfefa912f6fc
cff039348907
cff0c9567ef9
cff15978d8d3
cff1e99b9696
cff279beb841
cff309e23dd4
cff39a062751
cff42a2a74b7
cff4ba4f2606
cff54a743b3f
cff5da99b462
cff66abf916f
cff6fae5d267
cff78b0c7749
cff81b338017
cff8ab5aecd0
cff93b82bd75
cff9cbaaf205
cffa5bd38a82
cffaebfc86eb
cffb7c25e741
cffc0c4fab84
cffc9c79d3b4
cffd2ca45fd2
cffdbccf4fde
cffe4cfaa3d7
cffedd265bbf
cfff6d527796
cffffd7ef75b
d0008dabdb10
d0011dd922b4
d001ae06ce48
d0023e34ddcc
d002ce635140
d0035e9228a4
d003eec163f9
d0047ef10340
d0050f210677
d0059f516da1
d0062f8238bc
d006bfb367c9
d0074fe4fac9
d007e016f1bb
d00870494ca0
d009007c0b79
d00990af2e45
d00a20e2b504
d00ab1169fb8
d00b414aee60
d00bd17fa0fd
d00c61b4b78e
d00cf1ea3215
d00d82201091
d00e12565302
d00ea28cf96a
d00f32c403c8
d00fc2fb721c
d01053334467
d010e36b7aa9
d01173a414e2
d01203dd1313
d0129416753b
d01324503b5c
d013b48a6575
d01444c4f386
d014d4ffe591
d015653b3b95
d015f576f592
d01685b31389
d01715ef957a
d017a62c7b65
d0183669c54a
d018c6a7732b
d01956e58506
d019e723fadd
d01a7762d4b0
d01b07a2127e
d01b97e1b448
d01c2821ba0f
d01cb86223d3
d01d48a2f193
d01dd8e42351
d01e6925b90c
d01ef967b2c5
d01f89aa107c
d02019ecd232
d020aa2ff7e6
d0213a738199
d021cab76f4b
d0225afbc0fc
d022eb4076ad
d0237b85905e
d0240bcb0e0f
d0249c10efc1
d0252c573573
d025bc9ddf27
d0264ce4ecdb
d026dd2c5e92
d0276d74344a
d027fdbc6e04
d0288e050bc1
d0291e4e0d80
d029ae977342
d02a3ee13d07
d02acf2b6ad0
d02b5f75fc9d
d02befc0f26d
d02c800c4c42
d02d10580a1b
d02da0a42bfa
d02e30f0b1dd
d02ec13d9bc6
d02f518ae9b4
d02fe1d89ba8
d0307226b1a2
d03102752ba3
d03192c409aa
d03223134bb9
d032b362f1ce
d03343b2fbec
d033d4036a11
d03464543c3e
d034f4a57273
d03584f70cb1
d03615490af8
d036a59b6d48
d03735ee33a1
d037c6415e05
d0385694ec72
d038e6e8dee9
d039773d356b
d03a0791eff7
d03a97e70e8f
d03b283c9132
d03bb89277e0
d03c48e8c29b
d03cd93f7161
d03d69968434
d03df9edfb14
d03e8a45d600
d03f1a9e14fa
d03faaf6b801
d0403b4fbf16
d040cba92a39
d0415c02f96a
d041ec5d2caa
d0427cb7c3f9
d0430d12bf57
d0439d6e1ec4
d0442dc9e241
d044be2609cd
d0454e82956a
d045dedf8518
d0466f3cd8d6
d046ff9a90a5
d0478ff8ac85
d04820572c77
d048b0b6107b
d04941155891
d049d17504b9
d04a61d514f4
d04af2358941
d04b829661a2
d04c12f79e17
d04ca3593e9f
d04d33bb433b
d04dc41dabeb
d04e548078b0
d04ee4e3a989
d04f75473e78
d05005ab377c
d050960f9495
d051267455c5
d051b6d97b0b
d052473f0467
d052d7a4f1d9
d053680b4363
d053f871f904
d05488d912bc
d0551940908d
d055a9a87275
d0563a10b876
d056ca79628f
d0575ae270c1
d057eb4be30c
d0587bb5b971
d0590c1ff3ef
d0599c8a9287
d05a2cf59539
d05abd60fc06
d05b4dccc6ee
d05bde38f5f1
d05c6ea5890f
d05cff128048
d05d8f7fdb9e
d05e1fed9b0f
d05eb05bbe9d
d05f40ca4648
d05fd139320f
d06061a881f4
d060f21835f6
d06182884e16
d06212f8ca54
d062a369aab0
d06333daef2b
d063c44c97c4
d06454bea47d
d064e5311555
d06575a3ea4d
d06606172364
d066968ac09c
d06726fec1f4
d067b773276d
d06847e7f107
d068d85d1ec2
d06968d2b09f
d069f948a69d
d06a89bf00be
d06b1a35bf01
d06baaace166
d06c3b2467ef
d06ccb9c529b
d06d5c14a16a
d06dec8d545c
d06e7d066b73
d06f0d7fe6ae
d06f9df9c60e
d0702e740992
d070beeeb13b
d0714f69bd0a
d071dfe52cfe
d07270610118
d07300dd3959
d0739159d5bf
d07421d6d64d
d074b2543b01
d07542d203dd
d075d35030e0
d07663cec20b
d076f44db75e
d07784cd10d9
d078154cce7d
d078a5ccf049
d079364d763f
d079c6ce605e
d07a574faea7
d07ae7d1611a
d07b785377b7
d07c08d5f27e
d07c9958d171
d07d29dc148e
d07dba5fbbd6
d07e4ae3c74b
d07edb6836eb
d07f6bed0ab7
d07ffc7242af
d0808cf7ded4
d0811d7ddf26
d081ae0443a6
d0823e8b0c52
d082cf12392d
d0835f99ca35
d083f021bf6c
d08480aa18d1
d0851132d665
d085a1bbf829
d08632457e1b
d086c2cf683d
d0875359b68f
d087e3e46912
d088746f7fc4
d08904fafaa8
d0899586d9bc
d08a26131d02
d08ab69fc479
d08b472cd023
d08bd7ba3ffe
d08c6848140b
d08cf8d64c4b
d08d8964e8be
d08e19f3e965
d08eaa834e3e
d08f3b13174b
d08fcba3448d
d0905c33d602
d090ecc4cbac
d0917d56258b
d0920de7e39f
d0929e7a05e8
d0932f0c8c67
d093bf9f771c
d0945032c607
d094e0c67928
d095715a9080
d09601ef0c0f
d0969283ebd5
d09723192fd3
d097b3aed809
d0984444e476
d098d4db551c
d099657229fa
d099f6096312
d09a86a10062
d09b173901ec
d09ba7d167b0
d09c386a31ad
d09cc9035fe5
d09d599cf257
d09dea36e904
d09e7ad143ec
d09f0b6c030f
d09f9c07266e
d0a02ca2ae09
d0a0bd3e99df
d0a14ddae9f3
d0a1de779e42
d0a26f14b6cf
d0a2ffb23399
d0a3905014a1
d0a420ee59e6
d0a4b18d0369
d0a5422c112b
d0a5d2cb832b
d0a6636b596a
d0a6f40b93e8
d0a784ac32a5
d0a8154d35a2
d0a8a5ee9cdf
d0a93690685c
d0a9c732981a
d0aa57d52c18
d0aae8782458
d0ab791b80d8
d0ac09bf419a
d0ac9a63669e
d0ad2b07efe4
d0adbbacdd6d
d0ae4c522f38
d0aedcf7e546
d0af6d9dff97
d0affe447e2c
d0b08eeb6104
d0b11f92a820
d0b1b03a5381
d0b240e26326
d0b2d18ad710
d0b36233af3f
d0b3f2dcebb3
d0b483868c6d
d0b51430916d
d0b5a4dafab3
d0b63585c83f
d0b6c630fa13
d0b756dc902d
d0b7e7888a8e
d0b87834e937
d0b908e1ac28
d0b9998ed360
d0ba2a3c5ee1
d0babaea4eab
d0bb4b98a2be
d0bbdc475b19
d0bc6cf677bf
d0bcfda5f8ad
d0bd8e55dde6
d0be1f062769
d0beafb6d537
d0bf4067e74f
d0bfd1195db2
d0c061cb3861
d0c0f27d775b
d0c183301aa1
d0c213e32234
d0c2a4968e12
d0c3354a5e3e
d0c3c5fe92b6
d0c456b32b7b
d0c4e768288e
d0c5781d89ef
d0c608d34f9e
d0c69989799b
d0c72a4007e7
d0c7baf6fa81
d0c84bae516b
d0c8dc660ca4
d0c96d1e2c2d
d0c9fdd6b006
d0ca8e8f982f
d0cb1f48e4a8
d0cbb0029572
d0cc40bcaa8d
d0ccd17723fa
d0cd623201b8
d0cdf2ed43c7
d0ce83a8ea29
d0cf1464f4de
d0cfa52163e5
d0d035de373f
d0d0c69b6eec
d0d157590aec
d0d1e8170b41
d0d278d56fe9
d0d3099438e6
d0d39a536637
d0d42b12f7dd
d0d4bbd2edd8
d0d54c934828
d0d5dd5406cf
d0d66e1529cb
d0d6fed6b11d
d0d78f989cc6
d0d8205aecc5
d0d8b11da11b
d0d941e0b9c9
d0d9d2a436ce
d0da6368182b
d0daf42c5de0
d0db84f107ee
d0dc15b61654
d0dca67b8913
d0dd3741602b
d0ddc8079b9d
d0de58ce3b68
d0dee9953f8e
d0df7a5ca80d
d0e00b2474e7
d0e09beca61c
d0e12cb53bac
d0e1bd7e3598
d0e24e4793df
d0e2df115682
d0e36fdb7d81
d0e400a608dc
d0e49170f894
d0e5223c4ca9
d0e5b308051c
d0e643d421ec
d0e6d4a0a319
d0e7656d88a5
d0e7f63ad28f
d0e8870880d8
d0e917d69380
d0e9a8a50a87
d0ea3973e5ed
d0eaca4325b3
d0eb5b12c9d9
d0ebebe2d25f
d0ec7cb33f45
d0ed0d84108d
d0ed9e554635
d0ee2f26e03f
d0eebff8deaa
d0ef50cb4177
d0efe19e08a7
d0f072713439
d0f10344c42d
d0f19418b885
d0f224ed113f
d0f2b5c1ce5d
d0f34696efdf
d0f3d76c75c5
d0f468426010
d0f4f918aebf
d0f589ef61d2
d0f61ac6794b
d0f6ab9df529
d0f73c75d56d
d0f7cd4e1a17
d0f85e26c328
d0f8eeffd09e
d0f97fd9427c
d0fa10b318c0
d0faa18d536c
d0fb3267f27f
d0fbc342f5fa
d0fc541e5ddd
d0fce4fa2a29
d0fd75d65add
d0fe06b2effb
d0fe978fe981
d0ff286d4771
d0ffb94b09cb
d1004a29308f
d100db07bbbd
d1016be6ab55
d101fcc5ff59
d1028da5b7c7
d1031e85d4a1
d103af6655e7
d10440473b98
d104d12885b6
d105620a3440
d105f2ec4737
d10683cebe9b
d10714b19a6d
d107a594daab
d10836787f58
d108c75c8873
d1095840f5fc
d109e925c7f4
d10a7a0afe5a
d10b0af09930
d10b9bd69876
d10c2cbcfc2b
d10cbda3c450
d10d4e8af0e5
d10ddf7281eb
d10e705a7762
d10f0142d14a
d10f922b8fa3
d1102314b26e
d110b3fe39ab
d11144e8255a
d111d5d2757b
d11266bd2a0f
d112f7a84316
d1138893c091
d114197fa27f
d114aa6be8e0
d1153b5893b6
d115cc45a300
d1165d3316bf
d116ee20eef3
d1177f0f2b9c
d1180ffdccba
d118a0ecd24e
d11931dc3c58
d119c2cc0ad9
d11a53bc3dd0
d11ae4acd53d
d11b759dd122
d11c068f317e
d11c9780f652
d11d28731f9d
d11db965ad61
d11e4a589f9d
d11edb4bf652
d11f6c3fb180
d11ffd33d128
d1208e285548
d1211f1d3de3
d121b0128af7
d12241083c86
d122d1fe5290
d12362f4cd14
d123f3ebac14
d12484e2ef8f
d12515da9785
d125a6d2a3f8
d12637cb14e7
d126c8c3ea53
d12759bd243b
d127eab6c2a0
d1287bb0c583
d1290cab2ce3
d1299da5f8c1
d12a2ea1291e
d12abf9cbdf8
d12b5098b752
d12be195152a
d12c7291d782
d12d038efe59
d12d948c89b0
d12e258a7987
d12eb688cdde
d12f478786b6
d12fd886a40f
d130698625e9
d130fa860c44
d1318b865721
d1321c870680
d132ad881a61
d1333e8992c5
d133cf8b6fac
d134608db115
d134f1905702
d13582936173
d1361396d067
d136a49aa3df
d137359edbdc
d137c6a3785e
d13857a87964
d138e8addef0
d13979b3a901
d13a0ab9d799
d13a9bc06ab6
d13b2cc76259
d13bbdcebe83
d13c4ed67f34
d13cdfdea46c
d13d70e72e2b
d13e01f01c72
d13e92f96f41
d13f24032699
d13fb50d4278
d1404617c2e1
d140d722a7d2
d141682df14d
d141f9399f52
d1428a45b1e0
d1431b5228f8
d143ac5f049b
d1443d6c44c9
d144ce79e981
d1455f87f2c5
d145f0966094
d14681a532ef
d14712b469d6
d147a3c40549
d14834d40549
d148c5e469d6
d14956f532ef
d149e8066097
d14a7917f2cb
d14b0a29e98e
d14b9b3c44df
d14c2c4f04bf
d14cbd62292d
d14d4e75b22a
d14ddf899fb7
d14e709df1d3
d14f01b2a87f
d14f92c7c3bb
d15023dd4387
d150b4f327e5
d151460970d3
d151d7201e52
d15268373063
d152f94ea705
d1538a66823a
d1541b7ec201
d154ac97665a
d1553db06f46
d155cec9dcc6
d1565fe3aed8
d156f0fde57f
d157821880b9
d15813338088
d158a44ee4eb
d159356aade2
d159c686db6f
d15a57a36d91
d15ae8c06449
d15b79ddbf96
d15c0afb7f7a
d15c9c19a3f4
d15d2d382d05
d15dbe571aac
d15e4f766ceb
d15ee09623c1
d15f71b63f2f
d16002d6bf35
d16093f7a3d3
d1612518ed0a
d161b63a9ada
d162475cad42
d162d87f2444
d16369a1ffe0
d163fac54016
d1648be8e4e6
d1651d0cee50
d165ae315c55
d1663f562ef5
d166d07b6631
d16761a10208
d167f2c7027a
d16883ed6789
d16915143134
d169a63b5f7c
d16a3762f261
d16ac88ae9e3
d16b59b34602
d16beadc06c0
d16c7c052c1b
d16d0d2eb614
d16d9e58a4ac
d16e2f82f7e3
d16ec0adafb9
d16f51d8cc2e
d16fe3044d43
d170743032f8
d171055c7d4d
d17196892c43
d17227b63fd9
d172b8e3b810
d1734a1194e9
d173db3fd663
d1746c6e7c7f
d174fd9d873d
d1758eccf69d
d1761ffccaa0
d176b12d0346
d177425da08f
d177d38ea27c
d17864c0090c
d178f5f1d440
d17987240419
d17a18569896
d17aa98991b8
d17b3abcef7f
d17bcbf0b1eb
d17c5d24d8fd
d17cee5964b5
d17d7f8e5513
d17e10c3aa18
d17ea1f963c3
d17f332f8215
d17fc466050f
d180559cecb0
d180e6d438f9
d181780be9ea
d1820943ff83
d1829a7c79c5
d1832bb558b0
d183bcee9c44
d1844e284482
d184df625169
d185709cc2fa
d18601d79936
d1869312d41c
d187244e73ad
d187b58a77e9
d18846c6e0d0
d188d803ae63
d1896940e0a2
d189fa7e778d
d18a8bbc7325
d18b1cfad369
d18bae39985a
d18c3f78c1f8
d18cd0b85044
d18d61f8433e
d18df3389ae6
d18e8479573d
d18f15ba7841
d18fa6fbfdf5
d190383de858
d190c980376b
d1915ac2eb2d
d191ec06039f
d1927d4980c1
d1930e8d6294
d1939fd1a918
d1943116544d
d194c25b6433
d19553a0d8cb
d195e4e6b215
d196762cf011
d197077392bf
d19798ba9a20
d1982a020634
d198bb49d6fc
d1994c920c77
d199dddaa6a5
d19a6f23a588
d19b006d091f
d19b91b6d16b
d19c2300fe6c
d19cb44b9022
d19d4596868d
d19dd6e1e1ae
d19e682da185
d19ef979c612
d19f8ac64f56
d1a01c133d51
d1a0ad609002
d1a13eae476b
d1a1cffc638c
d1a2614ae465
d1a2f299c9f5
d1a383e9143f
d1a41538c340
d1a4a688d6fb
d1a537d94f70
d1a5c92a2c9d
d1a65a7b6e85
d1a6ebcd1526
d1a77d1f2082
d1a80e719099
d1a89fc4656b
d1a931179ef7
d1a9c26b3d3f
d1aa53bf4043
d1aae513a803
d1ab7668747f
d1ac07bda5b8
d1ac99133bad
d1ad2a693660
d1adbbbf95d0
d1ae4d1659fd
d1aede6d82e9
d1af6fc51092
d1b0011d02fa
d1b092755a21
d1b123ce1607
d1b1b52736ac
d1b24680bc10
d1b2d7daa635
d1b36934f519
d1b3fa8fa8be
d1b48beac123
d1b51d463e4a
d1b5aea22031
d1b63ffe66da
d1b6d15b1245
d1b762b82272
d1b7f4159760
d1b885737112
d1b916d1af86
d1b9a83052be
d1ba398f5ab8
d1bacaeec777
d1bb5c4e98f9
d1bbedaecf3f
d1bc7f0f6a4a
d1bd10706a1a
d1bda1d1ceaf
d1be33339808
d1bec495c628
d1bf55f8590d
d1bfe75b50b8
d1c078bead2a
d1c10a226e62
d1c19b869462
d1c22ceb1f28
d1c2be500eb6
d1c34fb5630b
d1c3e11b1c29
d1c472813a0f
d1c503e7bcbd
d1c5954ea434
d1c626b5f075
d1c6b81da17e
d1c74985b751
d1c7daee31ef
d1c86c571156
d1c8fdc05588
d1c98f29fe84
d1ca20940c4c
d1cab1fe7edf
d1cb4369563d
d1cbd4d49267
d1cc6640335d
d1ccf7ac3920
d1cd8918a3af
d1ce1a85730b
d1ceabf2a735
d1cf3d60402b
d1cfcece3df0
d1d0603ca083
d1d0f1ab67e3
d1d1831a9413
d1d2148a2511
d1d2a5fa1ade
d1d3376a757b
d1d3c8db34e7
d1d45a4c5923
d1d4ebbde22f
d1d57d2fd00c
d1d60ea222ba
d1d6a014da38
d1d73187f688
d1d7c2fb77a9
d1d8546f5d9d
d1d8e5e3a862
d1d9775857f9
d1da08cd6c64
d1da9a42e5a1
d1db2bb8c3b1
d1dbbd2f0695
d1dc4ea5ae4d
d1dce01cbad8
d1dd71942c38
d1de030c026d
d1de94843d76
d1df25fcdd54
d1dfb775e208
d1e048ef4b91
d1e0da6919f0
d1e16be34d26
d1e1fd5de532
d1e28ed8e214
d1e3205443ce
d1e3b1d00a5f
d1e4434c35c7
d1e4d4c8c608
d1e56645bb20
d1e5f7c31511
d1e68940d3da
d1e71abef77d
d1e7ac3d7ff8
d1e83dbc6d4d
d1e8cf3bbf7c
d1e960bb7685
d1e9f23b9268
d1ea83bc1325
d1eb153cf8be
d1eba6be4331
d1ec383ff280
d1ecc9c206ab
d1ed5b447fb1
d1edecc75d94
d1ee7e4aa053
d1ef0fce47ef
d1efa1525468
d1f032d6c5be
d1f0c45b9bf2
d1f155e0d704
d1f1e76676f3
d1f278ec7bc1
d1f30a72e56e
d1f39bf9b3fa
d1f42d80e765
d1f4bf087faf
d1f550907cd9
d1f5e218dee3
d1f673a1a5ce
d1f7052ad199
d1f796b46245
d1f8283e57d1
d1f8b9c8b240
d1f94b537190
d1f9dcde95c2
d1fa6e6a1ed6
d1fafff60ccc
d1fb91825fa6
d1fc230f1762
d1fcb49c3402
d1fd4629b585
d1fdd7b79bec
d1fe6945e737
d1fefad49767
d1ff8c63ac7b
d2001df32674
d200af830553
d20141134917
d201d2a3f1c0
d2026434ff50
d202f5c671c6
d20387584922
d20418ea8566
d204aa7d2690
d2053c102ca2
d205cda3979c
d2065f37677d
d206f0cb9c47
d207826035f9
d20813f53494
d208a58a9818
d20937206086
d209c8b68ddd
d20a5a4d201e
d20aebe41748
d20b7d7b735e
d20c0f13345e
d20ca0ab5a49
d20d3243e51f
d20dc3dcd4e0
d20e5576298e
d20ee70fe327
d20f78aa01ad
d2100a44851f
d2109bdf6d7f
d2112d7abacb
d211bf166d05
d21250b2842c
d212e24f0042
d21373ebe145
d21405892737
d2149726d218
d21528c4e1e8
d215ba6356a7
d2164c023056
d216dda16ef5
d2176f411284
d21800e11b03
d21892818873
d21924225ad4
d219b5c39226
d21a47652e6a
d21ad9072f9f
d21b6aa995c7
d21bfc4c60e0
d21c8def90ed
d21d1f9325ec
d21db1371fdf
d21e42db7ec4
d21ed480429e
d21f66256b6c
d21ff7caf92d
d2208970ebe4
d2211b17438f
d221acbe002f
d2223e6521c4
d222d00ca84f
d22361b493d0
d223f35ce447
d224850599b5
d22516aeb419
d225a8583374
d2263a0217c7
d226cbac6111
d2275d570f52
d227ef02228c
d22880ad9abe
d229125977e9
d229a405ba0d
d22a35b2612a
d22ac75f6d40
d22b590cde50
d22beabab45a
d22c7c68ef5e
d22d0e178f5d
d22d9fc69456
d22e3175fe4b
d22ec325cd3b
d22f54d60126
d22fe6869a0e
d230783797f1
d23109e8fad1
d2319b9ac2ae
d2322d4cef88
d232beff815f
d23350b27833
d233e265d406
d234741994d6
d23505cdbaa5
d23597824573
d2362937353f
d236baec8a0a
d2374ca243d5
d237de5862a0
d238700ee66b
d23901c5cf36
d239937d1d01
d23a2534cfce
d23ab6ece79b
d23b48a5646a
d23bda5e463a
d23c6c178d0c
d23cfdd138e1
d23d8f8b49b8
d23e2145bf92
d23eb3009a6e
d23f44bbda4e
d23fd6777f32
d24068338919
d240f9eff805
d2418baccbf4
d2421d6a04e9
d242af27a2e2
d24340e5a5e1
d243d2a40de5
d2446462daef
d244f6220cfe
d24587e1a415
d24619a1a031
d246ab620155
d2473d22c77f
d247cee3f2b1
d24860a582eb
d248f267782c
d2498429d276
d24a15ec91c8
d24aa7afb623
d24b39733f87
d24bcb372df5
d24c5cfb816b
d24ceec039ec
d24d80855777
d24e124ada0c
d24ea410c1ac
d24f35d70e57
d24fc79dc00d
d2505964d6ce
d250eb2c529c
d2517cf43375
d2520ebc795b
d252a085244d
d253324e344c
d253c417a958
d25455e18372
d254e7abc299
d255797666ce
d2560b417011
d2569d0cde63
d2572ed8b1c4
d257c0a4ea34
d258527187b3
d258e43e8a41
d259760bf1e0
d25a07d9be8e
d25a99a7f04d
d25b2b76871d
d25bbd4582fe
d25c4f14e3f0
d25ce0e4a9f3
d25d72b4d508
d25e0485652f
d25e96565a69
d25f2827b4b5
d25fb9f97414
d2604bcb9886
d260dd9e220c
d2616f7110a5
d26201446452
d26293181d14
d26324ec3aea
d263b6c0bdd5
d2644895a5d4
d264da6af2ea
d2656c40a514
d265fe16bc55
d2668fed38ac
d26721c41a19
d267b39b609d
d26845730c38
d268d74b1cea
d269692392b4
d269fafc6d95
d26a8cd5ad8f
d26b1eaf52a1
d26bb0895ccc
d26c4263cc0f
d26cd43ea06c
d26d6619d9e2
d26df7f57871
d26e89d17c1b
d26f1bade4df
d26fad8ab2be
d2703f67e5b7
d270d1457dcc
d27163237afb
d271f501dd47
d27286e0a4ae
d27318bfd132
d273aa9f62d2
d2743c7f598e
d274ce5fb568
d2756040765f
d275f2219c74
d276840327a6
d27715e517f7
d277a7c76d65
d27839aa27f3
d278cb8d479f
d2795d70cc6b
d279ef54b656
d27a81390561
d27b131db98b
d27ba502d2d6
d27c36e85142
d27cc8ce34ce
d27d5ab47d7c
d27dec9b2b4b
d27e7e823e3c
d27f1069b64e
d27fa2519383
d2803439d5da
d280c6227d54
d281580b89f1
d281e9f4fbb1
d2827bded295
d2830dc90e9d
d2839fb3afc9
d284319eb619
d284c38a218e
d2855575f228
d285e76227e7
d286794ec2cb
d2870b3bc2d5
d2879d292806
d2882f16f25c
d288c10521da
d28952f3b67e
d289e4e2b049
d28a76d20f3b
d28b08c1d356
d28b9ab1fc98
d28c2ca28b02
d28cbe937e95
d28d5084d751
d28de2769536
d28e7468b844
d28f065b407c
d28f984e2ddd
d2902a418069
d290bc35381f
d2914e295500
d291e01dd70c
d2927212be43
d29304080aa5
d29395fdbc34
d29427f3d2ee
d294b9ea4ed5
d2954be12fe8
d295ddd87629
d2966fd02196
d29701c83231
d29793c0a7f9
d29825b982f0
d298b7b2c315
d29949ac6868
d299dba672ea
d29a6da0e29b
d29aff9bb77c
d29b9196f18c
d29c239290cc
d29cb58e953c
d29d478afedd
d29dd987cdae
d29e6b8501b1
d29efd829ae4
d29f8f809949
d2a0217efce0
d2a0b37dc5a9
d2a1457cf3a5
d2a1d77c86d3
d2a2697c7f34
d2a2fb7cdcc8
d2a38d7d9f90
d2a41f7ec78b
d2a4b18054bb
d2a54382471e
d2a5d5849eb6
d2a667875b84
d2a6f98a7d86
d2a78b8e04bd
d2a81d91f12a
d2a8af9642ce
d2a9419af9a7
d2a9d3a015b7
d2aa65a596fd
d2aaf7ab7d7b
d2ab89b1c930
d2ac1bb87a1c
d2acadbf9040
d2ad3fc70b9d
d2add1ceec31
d2ae63d731ff
d2aef5dfdd05
d2af87e8ed45
d2b019f262be
d2b0abfc3d71
d2b13e067d5e
d2b1d0112285
d2b2621c2ce7
d2b2f4279c83
d2b38633715b
d2b4183fab6e
d2b4aa4c4abd
d2b53c594f48
d2b5ce66b90f
d2b660748812
d2b6f282bc53
d2b7849155d0
d2b816a0548b
d2b8a8afb883
d2b93abf81b9
d2b9cccfb02e
d2ba5ee043e0
d2baf0f13cd2
d2bb83029b02
d2bc15145e72
d2bca7268721
d2bd39391510
d2bdcb4c083f
d2be5d5f60ae
d2beef731e5e
d2bf8187414f
d2c0139bc981
d2c0a5b0b6f5
d2c137c609aa
d2c1c9dbc1a1
d2c25bf1dedb
d2c2ee086157
d2c3801f4915
d2c412369617
d2c4a44e485c
d2c536665fe5
d2c5c87edcb2
d2c65a97bec3
d2c6ecb10618
d2c77ecab2b3
d2c810e4c492
d2c8a2ff3bb6
d2c9351a1820
d2c9c73559d0
d2ca595100c6
d2caeb6d0d02
d2cb7d897e85
d2cc0fa6554f
d2cca1c39160
d2cd33e132b8
d2cdc5ff3958
d2ce581da541
d2ceea3c7671
d2cf7c5bacea
d2d00e7b48ac
d2d0a09b49b7
d2d132bbb00c
d2d1c4dc7baa
d2d256fdac92
d2d2e91f42c4
d2d37b413e41
d2d40d639f08
d2d49f86651b
d2d531a99079
d2d5c3cd2122
d2d655f11717
d2d6e8157259
d2d77a3a32e7
d2d80c5f58c1
d2d89e84e3e9
d2d930aad45d
d2d9c2d12a20
d2da54f7e530
d2dae71f058e
d2db79468b3a
d2dc0b6e7635
d2dc9d96c67f
d2dd2fbf7c18
d2ddc1e89700
d2de54121738
d2dee63bfcc0
d2df78664799
d2e00a90f7c2
d2e09cbc0d3b
d2e12ee78806
d2e1c1136822
d2e2533fad90
d2e2e56c584f
d2e377996861
d2e409c6ddc5
d2e49bf4b87c
d2e52e22f886
d2e5c0519de3
d2e65280a894
d2e6e4b01898
d2e776dfedf1
d2e80910289e
d2e89b40c89f
d2e92d71cdf6
d2e9bfa338a2
d2ea51d508a3
d2eae4073dfa
d2eb7639d8a7
d2ec086cd8aa
d2ec9aa03e03
d2ed2cd408b4
d2edbf0838bc
d2ee513cce1b
d2eee371c8d1
d2ef75a728e0
d2f007dcee47
d2f09a131906
d2f12c49a91e
d2f1be809e8f
d2f250b7f95a
d2f2e2efb97e
d2f37527defb
d2f4076069d3
d2f499995a06
d2f52bd2af93
d2f5be0c6a7b
d2f650468abe
d2f6e281105c
d2f774bbfb57
d2f806f74bad
d2f899330160
d2f92b6f1c70
d2f9bdab9cdc
d2fa4fe882a5
d2fae225cdcc
d2fb74637e51
d2fc06a19433
d2fc98e00f74
d2fd2b1ef013
d2fdbd5e3611
d2fe4f9de16e
d2fee1ddf22a
d2ff741e6847
d300065f43c2
d30098a0849f
d3012ae22adb
d301bd243678
d3024f66a777
d302e1a97dd6
d30373ecb997
d30406305aba
d3049874613f
d3052ab8cd26
d305bcfd9e70
d3064f42d51d
d306e188712d
d30773ce72a0
d3080614d977
d308985ba5b3
d3092aa2d752
d309bcea6e56
d30a4f326abf
d30ae17acc8d
d30b73c393c0
d30c060cc059
d30c98565258
d30d2aa049bd
d30dbceaa689
d30e4f3568bb
d30ee1809054
d30f73cc1d55
d31006180fbd
d3109864678d
d3112ab124c6
d311bcfe4766
d3124f4bcf6f
d312e199bce2
d31373e80fbd
d3140636c802
d3149885e5b1
d3152ad568c9
d315bd25514d
d3164f759f3a
d316e1c65293
d31774176b56
d3180668e986
d31898bacd20
d3192b0d1627
d319bd5fc49a
d31a4fb2d87a
d31ae20651c6
d31b745a307f
d31c06ae74a6
d31c99031e3a
d31d2b582d3d
d31dbdada1ad
d31e50037b8c
d31ee259bad9
d31f74b05f96
d320070769c2
d320995ed95d
d3212bb6ae68
d321be0ee8e3
d322506788cf
d322e2c08e2b
d3237519f8f8
d3240773c937
d32499cdfee6
d3252c289a08
d325be839a9b
d32650df00a1
d326e33acc1a
d3277596fd05
d32807f39363
d3289a508f35
d3292cadf07a
d329bf0bb733
d32a5169e361
d32ae3c87503
d32b76276c1a
d32c0886c8a5
d32c9ae68aa6
d32d2d46b21d
d32dbfa73f0a
d32e5208316c
d32ee4698945
d32f76cb4695
d330092d695c
d3309b8ff19a
d3312df2df4f
d331c056327c
d33252b9eb21
d332e51e093f
d33377828cd5
d33409e775e4
d3349c4cc46c
d3352eb2786e
d335c11891e9
d336537f10df
d336e5e5f54e
d337784d3f38
d3380ab4ee9d
d3389d1d037d
d3392f857dd8
d339c1ee5daf
d33a5457a302
d33ae6c14dd1
d33b792b5e1d
d33c0b95d3e5
d33c9e00af2a
d33d306befec
d33dc2d7962c
d33e5543a1ea
d33ee7b01326
d33f7a1ce9e0
d3400c8a2619
d3409ef7c7d1
d3413165cf08
d341c3d43bbf
d34256430df5
d342e8b245ab
d3437b21e2e2
d3440d91e599
d344a0024dd1
d34532731b8a
d345c4e44ec5
d3465755e781
d346e9c7e5bf
d3477c3a497f
d3480ead12c2
d348a1204188
d3493393d5d1
d349c607cf9d
d34a587c2eec
d34aeaf0f3c0
d34b7d661e17
d34c0fdbadf3
d34ca251a354
d34d34c7fe3a
d34dc73ebea5
d34e59b5e495
d34eec2d700b
d34f7ea56108
d350111db78a
d350a3967394
d351360f9524
d351c8891c3b
d3525b0308da
d352ed7d5b00
d3537ff812af
d35412732fe6
d354a4eeb2a5
d355376a9aed
d355c9e6e8be
d3565c639c19
d356eee0b4fd
d357815e336b
d35813dc1764
d358a65a60e6
d35938d90ff4
d359cb58248d
d35a5dd79eb0
d35af0577e60
d35b82d7c39b
d35c15586e62
d35ca7d97eb6
d35d3a5af497
d35dccdcd004
d35e5f5f10ff
d35ef1e1b787
d35f8464c39d
d36016e83540
d360a96c0c73
d3613bf04933
d361ce74eb83
d36260f9f362
d362f37f60d0
d363860533ce
d364188b6c5c
d364ab120a7a
d3653d990e29
d365d0207768
d36662a84639
d366f5307a9a
d36787b9148e
d3681a421413
d368accb792b
d3693f5543d5
d369d1df7411
d36a646a09e1
d36af6f50544
d36b8980663a
d36c1c0c2cc5
d36cae9858e3
d36d4124ea96
d36dd3b1e1dd
d36e663f3eba
d36ef8cd012b
d36f8b5b2932
d3701de9b6cf
d370b078aa01
d371430802ca
d371d597c12a
d3726827e520
d372fab86eae
d3738d495dd3
d3741fdab290
d374b26c6ce4
d37544fe8cd1
d375d7911256
d3766a23fd74
d376fcb74e2b
d3778f4b047c
d37821df2066
d378b473a1e9
d37947088907
d379d99dd5c0
d37a6c338813
d37afec9a001
d37b91601d8a
d37c23f700af
d37cb68e4970
d37d4925f7cc
d37ddbbe0bc5
d37e6e56855b
d37f00ef648e
d37f9388a95d
d380262253ca
d380b8bc63d5
d3814b56d97e
d381ddf1b4c5
d382708cf5ab
d38303289c2f
d38395c4a853
d38428611a16
d384bafdf179
d3854d9b2e7b
d385e038d11e
d38672d6d961
d38705754745
d38798141aca
d3882ab353f0
d388bd52f2b8
d3894ff2f722
d389e293612e
d38a753430dc
d38b07d5662d
d38b9a770121
d38c2d1901b8
d38cbfbb67f2
d38d525e33d1
d38de5016553
d38e77a4fc7a
d38f0a48f945
d38f9ced5bb5
d3902f9223ca
d390c2375185
d39154dce4e6
d391e782ddec
d3927a293c99
d3930cd000ec
d3939f772ae6
d394321eba87
d394c4c6afcf
d395576f0abf
d395ea17cb57
d3967cc0f197
d3970f6a7d80
d397a2146f11
d39834bec64c
d398c769832f
d3995a14a5bc
d399ecc02df3
d39a7f6c1bd4
d39b12186f60
d39ba4c52896
d39c37724777
d39cca1fcc03
d39d5ccdb63b
d39def7c061e
d39e822abbae
d39f14d9d6ea
d39fa78957d2
d3a03a393e67
d3a0cce98aaa
d3a15f9a3c99
d3a1f24b5437
d3a284fcd182
d3a317aeb47c
d3a3aa60fd24
d3a43d13ab7b
d3a4cfc6bf81
d3a5627a3936
d3a5f52e189b
d3a687e25db0
d3a71a970875
d3a7ad4c18eb
d3a840018f11
d3a8d2b76ae8
d3a9656dac70
d3a9f82453aa
d3aa8adb6096
d3ab1d92d334
d3abb04aab84
d3ac4302e987
d3acd5bb8d3d
d3ad687496a6
d3adfb2e05c2
d3ae8de7da92
d3af20a21516
d3afb35cb54f
d3b04617bb3c
d3b0d8d326de
d3b16b8ef835
d3b1fe4b2f41
d3b29107cc03
d3b323c4ce7b
d3b3b68236a9
d3b44940048e
d3b4dbfe3829
d3b56ebcd17c
d3b6017bd085
d3b6943b3547
d3b726faffc0
d3b7b9bb2ff2
d3b84c7bc5db
d3b8df3cc17e
d3b971fe22d9
d3ba04bfe9ee
d3ba978216bd
d3bb2a44a945
d3bbbd07a187
d3bc4fcaff83
d3bce28ec33a
d3bd7552ecac
d3be08177bda
d3be9adc70c2
d3bf2da1cb67
d3bfc0678bc7
d3c0532db1e4
d3c0e5f43dbd
d3c178bb2f53
d3c20b8286a6
d3c29e4a43b7
d3c331126685
d3c3c3daef11
d3c456a3dd5b
d3c4e96d3164
d3c57c36eb2c
d3c60f010ab2
d3c6a1cb8ff8
d3c734967afe
d3c7c761cbc3
d3c85a2d8249
d3c8ecf99e8e
d3c97fc62095
d3ca1293085d
d3caa56055e5
d3cb382e0930
d3cbcafc223c
d3cc5dcaa10a
d3ccf099859a
d3cd8368cfed
d3ce16388003
d3cea90895dc
d3cf3bd91179
d3cfcea9f2d9
d3d0617b39fe
d3d0f44ce6e6
d3d1871ef993
d3d219f17205
d3d2acc4503c
d3d33f979439
d3d3d26b3dfb
d3d4653f4d83
d3d4f813c2d1
d3d58ae89de5
d3d61dbddec1
d3d6b0938563
d3d7436991cd
d3d7d64003fe
d3d86916dbf7
d3d8fbee19b8
d3d98ec5bd42
d3da219dc694
d3dab47635b0
d3db474f0a94
d3dbda284542
d3dc6d01e5ba
d3dcffdbebfc
d3dd92b65808
d3de259129df
d3deb86c6180
d3df4b47feed
d3dfde240225
d3e071006b29
d3e103dd39f9
d3e196ba6e95
d3e2299808fe
d3e2bc760933
d3e34f546f36
d3e3e2333b06
d3e475126ca4
d3e507f2040f
d3e59ad20149
d3e62db26451
d3e6c0932d28
d3e753745bce
d3e7e655f043
d3e87937ea88
d3e90c1a4a9d
d3e99efd1081
d3ea31e03c36
d3eac4c3cdbc
d3eb57a7c513
d3ebea8c223b
d3ec7d70e534
d3ed10560e00
d3eda33b9c9d
d3ee3621910d
d3eec907eb4f
d3ef5beeab64
d3efeed5d14c
d3f081bd5d08
d3f114a54e97
d3f1a78da5fb
d3f23a766332
d3f2cd5f863e
d3f360490f1f
d3f3f332fdd5
d3f4861d5261
d3f519080cc2
d3f5abf32cf9
d3f63edeb306
d3f6d1ca9ee9
d3f764b6f0a4
d3f7f7a3a835
d3f88a90c59d
d3f91d7e48de
d3f9b06c31f6
d3fa435a80e6
d3fad64935ae
d3fb6938504f
d3fbfc27d0c9
d3fc8f17b71d
d3fd2208034a
d3fdb4f8b550
d3fe47e9cd31
d3fedadb4aec
d3ff6dcd2e81
d40000bf77f2
d40093b2273d
d40126a53c64
d401b998b767
d4024c8c9846
d402df80df00
d40372758b98
d404056a9e0c
d4049860165d
d4052b55f48c
d405be4c3898
d4065142e283
d406e439f24b
d407773167f2
d4080a294377
d4089d2184dc
d409301a2c20
d409c3133943
d40a560cac47
d40ae906852a
d40b7c00c3ee
d40c0efb6892
d40ca1f67318
d40d34f1e37e
d40dc7edb9c6
d40e5ae9f5f0
d40eede697fc
d40f80e39fea
d41013e10dbb
d410a6dee16f
d41139dd1b05
d411ccdbba80
d4125fdabfde
d412f2da2b1f
d41385d9fc46
d41418da3350
d414abdad040
d4153edbd314
d415d1dd3bce
d41664df0a6e
d416f7e13ef3
d4178ae3d95f
d4181de6d9b1
d418b0ea3fea
d41943ee0c0a
d419d6f23e11
d41a69f6d5ff
d41afcfbd3d6
d41b90013795
d41c2307013c
d41cb60d30cb
d41d4913c644
d41ddc1ac1a6
d41e6f2222f1
d41f0229ea26
d41f95321745
d420283aaa4f
d420bb43a343
d4214e4d0222
d421e156c6ec
d4227460f1a1
d423076b8243
d4239a7678d0
d4242d81d549
d424c08d97af
d4255399c002
d425e6a64e42
d42679b3426f
d4270cc09c8a
d4279fce5c92
d42832dc8289
d428c5eb0e6f
d42958fa0043
d429ec095806
d42a7f1915b8
d42b1229395a
d42ba539c2ec
d42c384ab26e
d42ccb5c07e0
d42d5e6dc343
d42df17fe497
d42e84926bdc
d42f17a55913
d42faab8ac3c
d4303dcc6556
d430d0e08463
d43163f50962
d431f709f454
d4328a1f453a
d4331d34fc13
d433b04b18df
d43443619ba0
d434d6788455
d435698fd2fe
d435fca7879c
d4368fbfa22f
d43722d822b8
d437b5f10936
d438490a55aa
d438dc240814
d4396f3e2075
d43a02589ecd
d43a9573831b
d43b288ecd61
d43bbbaa7d9e
d43c4ec693d4
d43ce1e31001
d43d74fff227
d43e081d3a45
d43e9b3ae85d
d43f2e58fc6d
d43fc1777677
d4405496567b
d440e7b59c79
d4417ad54871
d4420df55a64
d442a115d252
d4433436b03b
d443c757f41f
d4445a799dff
d444ed9baddb
d44580be23b4
d44613e0ff89
d446a704415a
d4473a27e929
d447cd4bf6f5
d44860706abf
d448f3954486
d44986ba844c
d44a19e02a11
d44aad0635d4
d44b402ca796
d44bd3537f57
d44c667abd18
d44cf9a260d9
d44d8cca6a9a
d44e1ff2da5c
d44eb31bb01e
d44f4644ebe1
d44fd96e8da5
d4506c98956b
d450ffc30332
d45192edd6fc
d452261910c8
d452b944b096
d4534c70b668
d453df9d223c
d45472c9f414
d45505f72bf0
d4559924c9d0
d4562c52cdb4
d456bf81379d
d45752b0078a
d457e5df3d7d
d458790ed975
d4590c3edb72
d4599f6f4376
d45a32a0117f
d45ac5d1458f
d45b5902dfa6
d45bec34dfc4
d45c7f6745ea
d45d129a1216
d45da5cd444b
d45e3900dc88
d45ecc34dacd
d45f5f693f1b
d45ff29e0972
d46085d339d2
d4611908d03c
d461ac3eccb0
d4623f752f2d
d462d2abf7b5
d46365e32648
d463f91abae5
d4648c52b58e
d4651f8b1642
d465b2c3dd02
d46645fd09ce
d466d9369ca6
d4676c70958a
d467ffaaf47c
d46892e5b97a
d4692620e486
d469b95c75a0
d46a4c986cc8
d46adfd4c9fe
d46b73118d42
d46c064eb695
d46c998c45f7
d46d2cca3b69
d46dc00896ea
d46e5347587b
d46ee686801c
d46f79c60dcd
d4700d06018f
d470a0465b63
d47133871b47
d471c6c8413d
d4725a09cd45
d472ed4bbf5f
d473808e178b
d47413d0d5ca
d474a713fa1c
d4753a578481
d475cd9b74f9
d47660dfcb85
d476f4248826
d4778769aada
d4781aaf33a3
d478adf52281
d479413b7774
d479d482327d
d47a67c9539b
d47afb10dacf
d47b8e58c819
d47c21a11b7a
d47cb4e9d4f2
d47d4832f481
d47ddb7c7a27
d47e6ec665e4
d47f0210b7ba
d47f955b6fa8
d48028a68dae
d480bbf211cd
d4814f3dfc05
d481e28a4c56
d48275d702c1
d48309241f45
d4839c71a1e4
d4842fbf8a9d
d484c30dd970
d485565c8e5f
d485e9aba969
d4867cfb2a8e
d487104b11cf
d487a39b5f2c
d48836ec12a6
d488ca3d2c3c
d4895d8eabef
d489f0e091bf
d48a8432ddac
d48b17858fb7
d48baad8a7e0
d48c3e2c2628
d48cd1800a8d
d48d64d45512
d48df82905b6
d48e8b7e1c79
d48f1ed3995c
d48fb2297c5e
d490457fc581
d490d8d674c5
d4916c2d8a29
d491ff8505ae
d49292dce754
d49326352f1c
d493b98ddd06
d4944ce6f112
d494e0406b40
d495739a4b91
d49606f49205
d4969a4f3e9c
d4972daa5156
d497c105ca35
d4985461a937
d498e7bdee5e
d4997b1a99a9
d49a0e77ab1a
d49aa1d522af
d49b3533006a
d49bc891444b
d49c5befee51
d49cef4efe7e
d49d82ae74d2
d49e160e514c
d49ea96e93ed
d49f3ccf3cb6
d49fd0304ba6
d4a06391c0bf
d4a0f6f39bff
d4a18a55dd68
d4a21db884fa
d4a2b11b92b5
d4a3447f0699
d4a3d7e2e0a6
d4a46b4720de
d4a4feabc740
d4a59210d3cc
d4a625764683
d4a6b8dc1f64
d4a74c425e71
d4a7dfa903aa
d4a873100f0e
d4a90677809f
d4a999df585b
d4aa2d479645
d4aac0b03a5b
d4ab5419449f
d4abe782b510
d4ac7aec8bae
d4ad0e56c87b
d4ada1c16b76
d4ae352c74a0
d4aec897e3f8
d4af5c03b980
d4afef6ff537
d4b082dc971d
d4b116499f34
d4b1a9b70d7a
d4b23d24e1f2
d4b2d0931c9a
d4b36401bd73
d4b3f770c47d
d4b48ae031ba
d4b51e500528
d4b5b1c03ec8
d4b64530de9a
d4b6d8a1e4a0
d4b76c1350d8
d4b7ff852343
d4b892f75be3
d4b92669fab5
d4b9b9dcffbc
d4ba4d506af8
d4bae0c43c68
d4bb7438740d
d4bc07ad11e7
d4bc9b2215f7
d4bd2e97803c
d4bdc20d50b8
d4be5583876a
d4bee8fa2452
d4bf7c712771
d4c00fe890c8
d4c0a3606056
d4c136d8961b
d4c1ca513219
d4c25dca344e
d4c2f1439cbd
d4c384bd6b64
d4c41837a044
d4c4abb23b5e
d4c53f2d3cb1
d4c5d2a8a43e
d4c666247205
d4c6f9a0a607
d4c78d1d4044
d4c8209a40bb
d4c8b417a76e
d4c94795745c
d4c9db13a787
d4ca6e9240ed
d4cb02114090
d4cb9590a66f
d4cc2910728c
d4ccbc90a4e5
d4cd50113d7c
d4cde3923c51
d4ce7713a164
d4cf0a956cb6
d4cf9e179e46
d4d0319a3615
d4d0c51d3423
d4d158a09870
d4d1ec2462fd
d4d27fa893cb
d4d3132d2ad8
d4d3a6b22826
d4d43a378bb5
d4d4cdbd5585
d4d561438597
d4d5f4ca1bea
d4d68851187f
d4d71bd87b56
d4d7af604470
d4d842e873cc
d4d8d671096c
d4d969fa054f
d4d9fd836775
d4da910d2fe0
d4db24975e8e
d4dbb821f381
d4dc4baceeb9
d4dcdf385035
d4dd72c417f7
d4de065045ff
d4de99dcda4c
d4df2d69d4df
d4dfc0f735b9
d4e05484fcda
d4e0e8132a41
d4e17ba1bdef
d4e20f30b7e5
d4e2a2c01823
d4e3364fdea9
d4e3c9e00b77
d4e45d709e8e
d4e4f10197ed
d4e58492f796
d4e61824bd88
d4e6abb6e9c4
d4e73f497c4a
d4e7d2dc751a
d4e8666fd434
d4e8fa03999a
d4e98d97c54a
d4ea212c5746
d4eab4c14f8d
d4eb4856ae21
d4ebdbec7300
d4ec6f829e2c
d4ed03192fa5
d4ed96b0276b
d4ee2a47857e
d4eebddf49df
d4ef5177748d
d4efe510058a
d4f078a8fcd5
d4f10c425a6e
d4f19fdc1e57
d4f23376488f
d4f2c710d916
d4f35aabcfed
d4f3ee472d15
d4f481e2f08c
d4f5157f1a55
d4f5a91baa6e
d4f63cb8a0d8
d4f6d055fd94
d4f763f3c0a1
d4f7f791ea01
d4f88b3079b2
d4f91ecf6fb7
d4f9b26ecc0e
d4fa460e8eb8
d4fad9aeb7b6
d4fb6d4f4707
d4fc00f03cac
d4fc949198a6
d4fd28335af4
d4fdbbd58397
d4fe4f78128f
d4fee31b07dc
d4ff76be637e
d5000a622577
d5009e064dc6
d50131aadc6b
d501c54fd167
d50258f52cba
d502ec9aee64
d50380411666
d50413e7a4c0
d504a78e9971
d5053b35f47b
d505ceddb5de
d5066285dd9a
d506f62e6baf
d50789d7601d
d5081d80bae5
d508b12a7c07
d50944d4a384
d509d87f315b
d50a6c2a258d
d50affd5801a
d50b93814102
d50c272d6847
d50cbad9f5e7
d50d4e86e9e3
d50de234443c
d50e75e204f2
d50f09902c05
d50f9d3eb975
d51030edad43
d510c49d076f
d511584cc7f9
d511ebfceee2
d5127fad7c29
d513135e6fcf
d513a70fc9d5
d5143ac18a3a
d514ce73b0ff
d51562263e24
d515f5d931aa
d516898c8b90
d5171d404bd7
d517b0f47280
d51844a8ff8a
d518d85df2f6
d5196c134cc4
d519ffc90cf4
d51a937f3387
d51b2735c07d
d51bbaecb3d6
d51c4ea40d92
d51ce25bcdb2
d51d7613f437
d51e09cc811f
d51e9d85746c
d51f313ece1e
d51fc4f88e35
d52058b2b4b2
d520ec6d4194
d521802834dc
d52213e38e8a
d522a79f4e9f
d5233b5b751b
d523cf1801fe
d52462d4f548
d524f6924ef9
d5258a500f13
d5261e0e3595
d526b1ccc27f
d527458bb5d2
d527d94b0f8e
d5286d0acfb3
d52900caf642
d529948b833b
d52a284c769e
d52abc0dd06b
d52b4fcf90a3
d52be391b746
d52c77544454
d52d0b1737cd
d52d9eda91b2
d52e329e5204
d52ec66278c2
d52f5a2705ec
d52fedebf983
d53081b15388
d531157713f9
d531a93d3ad9
d5323d03c827
d532d0cabbe3
d5336492160d
d533f859d6a6
d5348c21fdaf
d5351fea8b26
d535b3b37f0e
d536477cd965
d536db469a2d
d5376f10c165
d53802db4f0e
d53896a64328
d5392a719db3
d539be3d5eb0
d53a5209861e
d53ae5d613ff
d53b79a30853
d53c0d706319
d53ca13e2452
d53d350c4bfe
d53dc8dada1e
d53e5ca9ceb2
d53ef07929b9
d53f8448eb36
d54018191326
d540abe9a18c
d5413fba9667
d541d38bf1b8
d542675db37e
d542fb2fdbba
d5438f026a6d
d54422d55f96
d544b6a8bb36
d5454a7c7d4d
d545de50a5dc
d546722534e3
d54705fa2a61
d54799cf8658
d5482da548c7
d548c17b71af
d54955520110
d549e928f6ea
d54a7d00533e
d54b10d8160d
d54ba4b03f55
d54c3888cf18
d54ccc61c555
d54d603b220e
d54df414e542
d54e87ef0ef1
d54f1bc99f1c
d54fafa495c4
d550437ff2e8
d550d75bb688
d5516b37e0a6
d551ff147141
d55292f16859
d55326cec5f0
d553baac8a04
d5544e8ab497
d554e26945a8
d55576483d38
d5560a279b48
d5569e075fd7
d55731e78ae5
d557c5c81c74
d55859a91483
d558ed8a7313
d559816c3823
d55a154e63b5
d55aa930f5c8
d55b3d13ee5d
d55bd0f74d73
d55c64db130c
d55cf8bf3f28
d55d8ca3d1c6
d55e2088cae8
d55eb46e2a8d
d55f4853f0b5
d55fdc3a1d61
d5607020b092
d5610407aa47
d56197ef0a81
d5622bd6d140
d562bfbefe84
d56353a7924d
d563e7908c9d
d5647b79ed73
d5650f63b4cf
d565a34de2b2
d5663738771c
d566cb23720d
d5675f0ed385
d567f2fa9b86
d56886e6ca0e
d5691ad35f1f
d569aec05ab8
d56a42adbcdb
d56ad69b8586
d56b6a89b4bc
d56bfe784a7a
d56c926746c3
d56d2656a996
d56dba4672f4
d56e4e36a2dd
d56ee2273950
d56f76183650
d5700a0999da
d5709dfb63f1
d57131ed9494
d571c5e02bc4
d57259d32980
d572edc68dca
d57381ba58a1
d57415ae8a05
d574a9a321f8
d5753d982078
d575d18d8587
d57665835125
d576f9798352
d5778d701c0e
d57821671b5a
d578b55e8135
d57949564da1
d579dd4e809d
d57a71471a2a
d57b05401a48
d57b993980f7
d57c2d334e37
d57cc12d820a
d57d55281c6e
d57de9231d65
d57e7d1e84ee
d57f111a530b
d57fa51687ba
d580391322fd
d580cd1024d4
d581610d8d3f
d581f50b5c3e
d582890991d2
d5831d082dfa
d583b10730b8
d58445069a0b
d584d90669f4
d5856d06a073
d58601073d87
d58695084133
d5872909ab75
d587bd0b7c4f
d588510db3bf
d588e51051c8
d58979135668
d58a0d16c1a1
d58aa11a9372
d58b351ecbdb
d58bc9236ade
d58c5d28707a
d58cf12ddcb0
d58d8533af7f
d58e1939e8e9
d58ead4088ed
d58f41478f8c
d58fd54efcc5
d5906956d09a
d590fd5f0b0b
d5919167ac17
d5922570b3bf
d592b97a2204
d5934d83f6e5
d593e18e3263
d5947598d47f
d59509a3dd38
d5959daf4c8e
d59631bb2283
d596c5c75f16
d59759d40248
d597ede10c18
d59881ee7c88
d59915fc5397
d599aa0a9145
d59a3e193594
d59ad2284083
d59b6637b212
d59bfa478a43
d59c8e57c914
d59d22686e86
d59db6797a9b
d59e4a8aed51
d59ede9cc6a9
d59f72af06a4
d5a006c1ad42
d5a09ad4ba83
d5a12ee82e67
d5a1c2fc08ee
d5a257104a19
d5a2eb24f1e9
d5a37f3a005d
d5a4134f7576
d5a4a7655133
d5a53b7b9396
d5a5cf923c9f
d5a663a94c4d
d5a6f7c0c2a1
d5a78bd89f9c
d5a81ff0e33d
d5a8b4098d85
d5a948229e75
d5a9dc3c160b
d5aa7055f44a
d5ab04703931
d5ab988ae4c0
d5ac2ca5f6f7
d5acc0c16fd8
d5ad54dd4f61
d5ade8f99594
d5ae7d164271
d5af113355f8
d5afa550d029
d5b0396eb104
d5b0cd8cf88a
d5b161aba6bc
d5b1f5cabb98
d5b289ea3721
d5b31e0a1955
d5b3b22a6235
d5b4464b11c2
d5b4da6c27fc
d5b56e8da4e3
d5b602af8877
d5b696d1d2b8
d5b72af483a8
d5b7bf179b46
d5b8533b1992
d5b8e75efe8c
d5b97b834a36
d5ba0fa7fc8f
d5baa3cd1598
d5bb37f29550
d5bbcc187bb9
d5bc603ec8d1
d5bcf4657c9b
d5bd888c9715
d5be1cb41841
d5beb0dc001e
d5bf45044ead
d5bfd92d03ee
d5c06d561fe1
d5c1017fa287
d5c195a98bdf
d5c229d3dbeb
d5c2bdfe92aa
d5c35229b01d
d5c3e6553444
d5c47a811f1f
d5c50ead70af
d5c5a2da28f4
d5c6370747ed
d5c6cb34cd9c
d5c75f62ba01
d5c7f3910d1c
d5c887bfc6ec
d5c91beee774
d5c9b01e6eb2
d5ca444e5ca7
d5cad87eb153
d5cb6caf6cb7
d5cc00e08ed3
d5cc951217a7
d5cd29440734
d5cdbd765d79
d5ce51a91a77
d5cee5dc3e2f
d5cf7a0fc8a0
d5d00e43b9cb
d5d0a27811b0
d5d136acd04f
d5d1cae1f5a9
d5d25f1781be
d5d2f34d748e
d5d38783ce1a
d5d41bba8e61
d5d4aff1b565
d5d544294324
d5d5d86137a1
d5d66c9992da
d5d700d254d0
d5d7950b7d84
d5d829450cf6
d5d8bd7f0325
d5d951b96013
d5d9e5f423c0
d5da7a2f4e2b
d5db0e6adf55
d5dba2a6d73f
d5dc36e335e9
d5dccb1ffb52
d5dd5f5d277c
d5ddf39aba66
d5de87d8b411
d5df1c17147c
d5dfb055dbaa
d5e044950999
d5e0d8d49e49
d5e16d1499bc
d5e20154fbf2
d5e29595c4ea
d5e329d6f4a5
d5e3be188b23
d5e4525a8865
d5e4e69cec6b
d5e57adfb735
d5e60f22e8c3
d5e6a3668116
d5e737aa802e
d5e7cbeee60b
d5e86033b2ae
d5e8f478e617
d5e988be8045
d5ea1d04813a
d5eab14ae8f6
d5eb4591b778
d5ebd9d8ecc2
d5ec6e2088d3
d5ed02688bab
d5ed96b0f54c
d5ee2af9c5b5
d5eebf42fce7
d5ef538c9ae1
d5efe7d69fa5
d5f07c210b32
d5f1106bdd89
d5f1a4b716a9
d5f23902b694
d5f2cd4ebd4a
d5f3619b2aca
d5f3f5e7ff15
d5f48a353a2c
d5f51e82dc0e
d5f5b2d0e4bd
d5f6471f5437
d5f6db6e2a7e
d5f76fbd6791
d5f8040d0b72
d5f8985d1620
d5f92cad879b
d5f9c0fe5fe5
d5fa554f9efc
d5fae9a144e2
d5fb7df35197
d5fc1245c51b
d5fca6989f6d
d5fd3aebe090
d5fdcf3f8882
d5fe63939744
d5fef7e80cd7
d5ff8c3ce93a
d60020922c6e
d600b4e7d674
d601493de74b
d601dd945ef3
d60271eb3d6e
d603064282bb
d6039a9a2eda
d6042ef241cd
d604c34abb92
d60557a39c2b
d605ebfce398
d606805691d9
d60714b0a6ee
d607a90b22d7
d6083d660595
d608d1c14f29
d609661cff92
d609fa7916d0
d60a8ed594e4
d60b233279cf
d60bb78fc590
d60c4bed7828
d60ce04b9197
d60d74aa11dd
d60e0908f8fb
d60e9d6846f1
d60f31c7fbbe
d60fc6281765
d6105a8899e4
d610eee9833c
d611834ad36d
d61217ac8a78
d612ac0ea85c
d61340712d1b
d613d4d418b4
d61469376b28
d614fd9b2477
d61591ff44a1
d6162663cba6
d616bac8b988
d6174f2e0e45
d617e393c9df
d61877f9ec55
d6190c6075a8
d619a0c765d8
d61a352ebce6
d61ac9967ad2
d61b5dfe9f9b
d61bf2672b43
d61c86d01dca
d61d1b39772f
d61dafa33773
d61e440d5e97
d61ed877ec9a
d61f6ce2e17e
d620014e3d41
d62095b9ffe5
d6212a26296a
d621be92b9d0
d62252ffb118
d622e76d0f41
d6237bdad44c
d62410490039
d624a4b79308
d62539268cba
d625cd95ed50
d6266205b4c8
d626f675e325
d6278ae67865
d6281f577489
d628b3c8d791
d629483aa17f
d629dcacd251
d62a711f6a08
d62b059268a6
d62b9a05ce28
d62c2e799a91
d62cc2edcde1
d62d57626817
d62debd76933
d62e804cd137
d62f14c2a023
d62fa938d5f6
d6303daf72b2
d630d2267655
d631669de0e2
d631fb15b257
d6328f8deab5
d633240689fd
d633b87f902e
d6344cf8fd4a
d634e172d14f
d63575ed0c3f
d6360a67ae1a
d6369ee2b6e1
d637335e2692
d637c7d9fd2f
d6385c563ab8
d638f0d2df2e
d639854fea90
d63a19cd5cde
d63aae4b361a
d63b42c97643
d63bd7481d59
d63c6bc72b5e
d63d0046a050
d63d94c67c32
d63e2946bf01
d63ebdc768c0
d63f5248796e
d63fe6c9f10c
d6407b4bcf9a
d6410fce1517
d641a450c185
d64238d3d4e4
d642cd574f34
d64361db3074
d643f65f78a7
d6448ae427cb
d6451f693de1
d645b3eebaea
d64648749ee5
d646dcfae9d3
d64771819bb5
d6480608b489
d6489a903452
d6492f181b0e
d649c3a068bf
d64a58291d65
d64aecb238ff
d64b813bbb8e
d64c15c5a513
d64caa4ff58e
d64d3edaacfe
d64dd365cb65
d64e67f150c2
d64efc7d3d16
d64f91099062
d65025964aa4
d650ba236bde
d6514eb0f410
d651e33ee33b
d65277cd395d
d6530c5bf679
d653a0eb1a8e
d654357aa59c
d654ca0a97a3
d6555e9af0a4
d655f32bb0a0
d65687bcd796
d6571c4e6587
d657b0e05a72
d6584572b659
d658da05793c
d6596e98a31a
d65a032c33f4
d65a97c02bcb
d65b2c548a9f
d65bc0e9506f
d65c557e7d3d
d65cea141108
d65d7eaa0bd1
d65e13406d98
d65ea7d7365d
d65f3c6e6621
d65fd105fce4
d660659dfaa6
d660fa365f67
d6618ecf2b28
d66223685dea
d662b801f7ab
d6634c9bf86d
d663e1366030
d66475d12ef4
d6650a6c64b9
d6659f080180
d66633a40549
d666c8407015
d6675cdd41e3
d667f17a7ab3
d66886181a87
d6691ab6215e
d669af548f39
d66a43f36417
d66ad8929ffa
d66b6d3242e1
d66c01d24ccd
d66c9672bdbe
d66d2b1395b5
d66dbfb4d4b1
d66e54567ab3
d66ee8f887ba
d66f7d9afbc9
d670123dd6de
d670a6e118fa
d6713b84c21d
d671d028d248
d67264cd497b
d672f97227b6
d6738e176cf9
d67422bd1945
d674b7632c99
d6754c09a6f7
d675e0b0885f
d6767557d0d0
d67709ff804b
d6779ea796d1
d67833501461
d678c7f8f8fc
d6795ca244a3
d679f14bf754
d67a85f61112
d67b1aa091db
d67baf4b79b1
d67c43f6c893
d67cd8a27e83
d67d6d4e9b7f
d67e01fb1f89
d67e96a80aa0
d67f2b555cc5
d67fc00315f9
d68054b1363b
d680e95fbd8c
d6817e0eabec
d68212be015b
d682a76dbdda
d6833c1de169
d683d0ce6c08
d684657f5db7
d684fa30b677
d6858ee27649
d68623949d2b
d686b8472b1f
d6874cfa2025
d687e1ad7c3e
d68876613f68
d6890b1569a5
d6899fc9faf6
d68a347ef359
d68ac93452d0
d68b5dea195b
d68bf2a046fa
d68c8756dbae
d68d1c0dd776
d68db0c53a53
d68e457d0445
d68eda35354c
d68f6eedcd6a
d69003a6cc9d
d690986032e7
d6912d1a0048
d691c1d434bf
d692568ed04d
d692eb49d2f3
d69380053cb1
d69414c10d87
d694a97d4574
d6953e39e47b
d695d2f6ea9a
d69667b457d3
d696fc722c25
d69791306790
d69825ef0a16
d698baae13b5
d6994f6d8470
d699e42d5c45
d69a78ed9b35
d69b0dae4140
d69ba26f4e67
d69c3730c2aa
d69ccbf29e0a
d69d60b4e085
d69df5778a1e
d69e8a3a9ad3
d69f1efe12a6
d69fb3c1f196
d6a0488637a5
d6a0dd4ae4d1
d6a1720ff91c
d6a206d57485
d6a29b9b570e
d6a33061a0b6
d6a3c528517d
d6a459ef6964
d6a4eeb6e86b
d6a5837ece93
d6a618471bdb
d6a6ad0fd044
d6a741d8ebcf
d6a7d6a26e7b
d6a86b6c5848
d6a90036a938
d6a99501614a
d6aa29cc807f
d6aabe9806d7
d6ab5363f451
d6abe83048ef
d6ac7cfd04b1
d6ad11ca2797
d6ada697b1a2
d6ae3b65a2d0
d6aed033fb24
d6af6502ba9d
d6aff9d1e13b
d6b08ea16eff
d6b1237163e9
d6b1b841bff9
d6b24d128330
d6b2e1e3ad8d
d6b376b53f12
d6b40b8737bd
d6b4a0599791
d6b5352c5e8c
d6b5c9ff8cb0
d6b65ed321fc
d6b6f3a71e71
d6b7887b820f
d6b81d504cd6
d6b8b2257ec7
d6b946fb17e2
d6b9dbd11826
d6ba70a77f96
d6bb057e4e30
d6bb9a5583f5
d6bc2f2d20e5
d6bcc4052501
d6bd58dd9048
d6bdedb662bc
d6be828f9c5c
d6bf17693d29
d6bfac434523
d6c0411db44a
d6c0d5f88a9e
d6c16ad3c821
d6c1ffaf6cd1
d6c2948b78b0
d6c32967ebbd
d6c3be44c5f9
d6c453220765
d6c4e7ffb000
d6c57cddbfca
d6c611bc36c5
d6c6a69b14f0
d6c73b7a5a4b
d6c7d05a06d8
d6c8653a1a95
d6c8fa1a9584
d6c98efb77a5
d6ca23dcc0f7
d6cab8be717c
d6cb4da08934
d6cbe283081e
d6cc7765ee3b
d6cd0c493b8c
d6cda12cf010
d6ce36110bc8
d6cecaf58eb5
d6cf5fda78d6
d6cff4bfca2c
d6d089a582b6
d6d11e8ba276
d6d1b372296c
d6d248591798
d6d2dd406cfa
d6d372282992
d6d407104d61
d6d49bf8d867
d6d530e1caa4
d6d5c5cb2419
d6d65ab4e4c6
d6d6ef9f0caa
d6d784899bc8
d6d81974921e
d6d8ae5fefac
d6d9434bb474
d6d9d837e076
d6da6d2473b2
d6db02116e27
d6db96fecfd7
d6dc2bec98c1
d6dcc0dac8e7
d6dd55c96047
d6ddeab85ee4
d6de7fa7c4bb
d6df149791cf
d6dfa987c620
d6e03e7861ac
d6e0d3696476
d6e1685ace7d
d6e1fd4c9fc1
d6e2923ed843
d6e327317803
d6e3bc247f01
d6e45117ed3e
d6e4e60bc2ba
d6e57affff75
d6e60ff4a36f
d6e6a4e9aea9
d6e739df2122
d6e7ced4fadc
d6e863cb3bd7
d6e8f8c1e412
d6e98db8f38f
d6ea22b06a4c
d6eab7a8484c
d6eb4ca08d8d
d6ebe1993a11
d6ec76924dd6
d6ed0b8bc8df
d6eda085ab2b
d6ee357ff4ba
d6eeca7aa58c
d6ef5f75bda3
d6eff4713cfe
d6f0896d239d
d6f11e697180
d6f1b36626a9
d6f248634317
d6f2dd60c6cb
d6f3725eb1c4
d6f4075d0403
d6f49c5bbd89
d6f5315ade56
d6f5c65a6669
d6f65b5a55c4
d6f6f05aac66
d6f7855b6a50
d6f81a5c8f82
d6f8af5e1bfc
d6f944600fbf
d6f9d9626acb
d6fa6e652d20
d6fb036856bf
d6fb986be7a7
d6fc2d6fdfd9
d6fcc2743f56
d6fd5779061d
d6fdec7e342f
d6fe8183c98c
d6ff1689c634
d6ffab902a29
d7004096f569
d700d59e27f5
d7016aa5c1ce
d701ffadc2f4
d70294b62b67
d70329befb27
d703bec83235
d70453d1d091
d704e8dbd63b
d7057de64334
d70612f1177b
d706a7fc5312
d7073d07f5f7
d707d214002d
d708672071b2
d708fc2d4a87
d709913a8aad
d70a26483224
d70abb5640eb
d70b5064b704
d70be573946f
d70c7a82d92b
d70d0f928539
d70da4a2989a
d70e39b3134e
d70ecec3f554
d70f63d53eae
d70ff8e6ef5b
d7108df9075c
d711230b86b2
d711b81e6d5b
d7124d31bb59
d712e24570ac
d71377598d55
d7140c6e1152
d714a182fca6
d71536984f50
d715cbae0950
d71660c42aa6
d716f5dab354
d7178af1a358
d7182008fab4
d718b520b968
d7194a38df74
d719df516cd8
d71a746a6194
d71b0983bdaa
d71b9e9d8119
d71c33b7abe1
d71cc8d23e02
d71d5ded377e
d71df3089854
d71e88246084
d71f1d40900f
d71fb25d26f6
d720477a2537
d720dc978ad5
d72171b557ce
d72206d38c23
d7229bf227d5
d72331112ae4
d723c6309550
d7245b506719
d724f070a03f
d725859140c4
d7261ab248a6
d726afd3b7e8
d72744f58e87
d727da17cc86
d7286f3a71e4
d729045d7ea2
d7299980f2c0
d72a2ea4ce3d
d72ac3c9111b
d72b58edbb5a
d72bee12ccfa
d72c833845fb
d72d185e265d
d72dad846e21
d72e42ab1d48
d72ed7d233d0
d72f6cf9b1bc
d7300221970a
d7309749e3bb
d7312c7297d0
d731c19bb349
d73256c53626
d732ebef2067
d7338119720c
d73416442b17
d734ab6f4b87
d735409ad35c
d735d5c6c296
d7366af31937
d737001fd73e
d737954cfcac
d7382a7a8981
d738bfa87dbc
d73954d6d95f
d739ea059c6a
d73a7f34c6dd
d73b146458b8
d73ba99451fb
d73c3ec4b2a7
d73cd3f57abd
d73d6926aa3b
d73dfe584124
d73e938a3f76
d73f28bca532
d73fbdef7259
d7405322a6eb
d740e85642e7
d7417d8a464f
d74212beb123
d742a7f38363
d7433d28bd0e
d743d25e5e26
d744679466ab
d744fccad69d
d7459201adfc
d7462738ecc9
d746bc709303
d74751a8a0ac
d747e6e115c3
d7487c19f248
d7491153363d
d749a68ce1a1
d74a3bc6f474
d74ad1016eb8
d74b663c506b
d74bfb77998f
d74c90b34a23
d74d25ef6228
d74dbb2be19e
d74e5068c886
d74ee5a616e0
d74f7ae3ccac
d7501021e9ea
d750a5606e9a
d7513a9f5abe
d751cfdeae54
d752651e695e
d752fa5e8bdc
d7538f9f15ce
d75424e00734
d754ba21600f
d7554f63205e
d755e4a54823
d75679e7d75d
d7570f2ace0d
d757a46e2c32
d75839b1f1ce
d758cef61ee1
d759643ab36a
d759f97faf6a
d75a8ec512e2
d75b240addd1
d75bb9511038
d75c4e97aa18
d75ce3deab70
d75d79261440
d75e0e6de48a
d75ea3b61c4d
d75f38febb8a
d75fce47c240
d76063913071
d760f8db061c
d7618e254342
d762236fe7e3
d762b8baf3ff
d7634e066797
d763e35242aa
d764789e853a
d7650deb2f46
d765a33840cf
d7663885b9d5
d766cdd39a58
d7676321e258
d767f87091d7
d7688dbfa8d3
d769230f274e
d769b85f0d47
d76a4daf5ac0
d76ae3000fb7
d76b78512c2e
d76c0da2b025
d76ca2f49b9c
d76d3846ee93
d76dcd99a90b
d76e62eccb04
d76ef840547d
d76f8d944579
d77022e89df6
d770b83d5df5
d7714d928576
d771e2e8147a
d772783e0b01
d7730d94690b
d773a2eb2e98
d77438425ba9
d774cd99f03e
d77562f1ec57
d775f84a4ff5
d7768da31b18
d77722fc4dbf
d777b855e7ec
d7784dafe99f
d778e30a52d8
d77978652397
d77a0dc05bdc
d77aa31bfba8
d77b387802fb
d77bcdd471d6
d77c63314838
d77cf88e8622
d77d8dec2b94
d77e234a388f
d77eb8a8ad12
d77f4e07891e
d77fe366ccb4
d78078c677d3
d7810e268a7d
d781a38704b0
d78238e7e66e
d782ce492fb6
d78363aae089
d783f90cf8e8
d7848e6f78d2
d78523d26048
d785b935af4a
d7864e9965d9
d786e3fd83f4
d7877962099c
d7880ec6f6d1
d788a42c4b94
d789399207e5
d789cef82bc3
d78a645eb730
d78af9c5aa2c
d78b8f2d04b7
d78c2494c6d0
d78cb9fcf079
d78d4f6581b2
d78de4ce7a7b
d78e7a37dad5
d78f0fa1a2be
d78fa50bd239
d7903a766945
d790cfe167e2
d791654cce11
d791fab89bd2
d7929024d126
d79325916e0b
d793bafe7284
d794506bde90
d794e5d9b22f
d7957b47ed62
d79610b69029
d796a6259a84
d7973b950c73
d797d104e5f7
d79866752711
d798fbe5cfc0
d7999156e004
d79a26c857de
d79abc3a374f
d79b51ac7e56
d79be71f2cf3
d79c7c924328
d79d1205c0f4
d79da779a658
d79e3cedf354
d79ed262a7e7
d79f67d7c413
d79ffd4d47d8
d7a092c33336
d7a12839862d
d7a1bdb040be
d7a2532762e9
d7a2e89eecad
d7a37e16de0c
d7a4138f3706
d7a4a907f79b
d7a53e811fcb
d7a5d3faaf97
d7a66974a6fe
d7a6feef0601
d7a79469cca1
d7a829e4fade
d7a8bf6090b7
d7a954dc8e2d
d7a9ea58f341
d7aa7fd5bff3
d7ab1552f443
d7abaad09031
d7ac404e93be
d7acd5ccfeea
d7ad6b4bd1b5
d7ae00cb0c1f
d7ae964aae29
d7af2bcab7d3
d7afc14b291e
d7b056cc0209
d7b0ec4d4295
d7b181ceeac1
d7b21750fa90
d7b2acd37200
d7b342565112
d7b3d7d997c6
d7b46d5d461d
d7b502e15c17
d7b59865d9b4
d7b62deabef4
d7b6c3700bd8
d7b758f5c05f
d7b7ee7bdc8b
d7b88402605c
d7b919894bd1
d7b9af109eeb
d7ba449859ab
d7bada207c10
d7bb6fa9061c
d7bc0531f7cd
d7bc9abb5125
d7bd30451224
d7bdc5cf3ac9
d7be5b59cb16
d7bef0e4c30b
d7bf867022a7
d7c01bfbe9ec
d7c0b18818d9
d7c14714af6e
d7c1dca1adad
d7c2722f1395
d7c307bce127
d7c39d4b1662
d7c432d9b348
d7c4c868b7d8
d7c55df82412
d7c5f387f7f8
d7c689183388
d7c71ea8d6c5
d7c7b439e1ad
d7c849cb5441
d7c8df5d2e82
d7c974ef706f
d7ca0a821a09
d7caa0152b50
d7cb35a8a445
d7cbcb3c84e8
d7cc60d0cd38
d7ccf6657d37
d7cd8bfa94e5
d7ce21901441
d7ceb725fb4d
d7cf4cbc4a08
d7cfe2530073
d7d077ea1e8e
d7d10d81a459
d7d1a31991d4
d7d238b1e701
d7d2ce4aa3df
d7d363e3c86e
d7d3f97d54ae
d7d48f1748a1
d7d524b1a446
d7d5ba4c679e
d7d64fe792a8
d7d6e5832566
d7d77b1f1fd7
d7d810bb81fb
d7d8a6584bd4
d7d93bf57d60
d7d9d19316a1
d7da67311797
d7dafccf8043
d7db926e50a3
d7dc280d88b9
d7dcbdad2885
d7dd534d3007
d7dde8ed9f40
d7de7e8e762f
d7df142fb4d5
d7dfa9d15b33
d7e03f736948
d7e0d515df15
d7e16ab8bc9b
d7e2005c01d9
d7e295ffaecf
d7e32ba3c37e
d7e3c1483fe7
d7e456ed240a
d7e4ec926fe6
d7e58238237c
d7e617de3ecd
d7e6ad84c1d8
d7e7432bac9e
d7e7d8d2ff20
d7e86e7ab95d
d7e90422db56
d7e999cb650b
d7ea2f74567c
d7eac51dafaa
d7eb5ac77095
d7ebf071993d
d7ec861c29a3
d7ed1bc721c6
d7edb17281a8
d7ee471e4947
d7eedcca78a6
d7ef72770fc3
d7f008240ea0
d7f09dd1753c
d7f1337f4397
d7f1c92d79b3
d7f25edc178f
d7f2f48b1d2b
d7f38a3a8a89
d7f41fea5fa8
d7f4b59a9c88
d7f54b4b4129
d7f5e0fc4d8d
d7f676adc1b3
d7f70c5f9d9b
d7f7a211e147
d7f837c48cb5
d7f8cd779fe7
d7f9632b1add
d7f9f8defd96
d7fa8e934814
d7fb2447fa56
d7fbb9fd145d
d7fc4fb29629
d7fce5687fba
d7fd7b1ed112
d7fe10d58a2f
d7fea68cab12
d7ff3c4433bb
d7ffd1fc242c
d80067b47c63
d800fd6d3c62
d80193266429
d80228dff3b7
d802be99eb0d
d80354544a2c
d803ea0f1114
d8047fca3fc5
d8051585d63f
d805ab41d482
d80640fe3a8f
d806d6bb0867
d8076c783e09
d8080235db76
d80897f3e0ad
d8092db24db0
d809c371227e
d80a59305f19
d80aeef0037f
d80b84b00fb2
d80c1a7083b1
d80cb0315f7d
d80d45f2a317
d80ddbb44e7e
d80e717661b3
d80f0738dcb6
d80f9cfbbf87
d81032bf0a27
d810c882bc96
d8115e46d6d4
d811f40b58e1
d81289d042be
d8131f95946c
d813b55b4de9
d8144b216f37
d814e0e7f856
d81576aee947
d8160c764208
d816a23e029c
d81738062b01
d817cdcebb39
d8186397b343
d818f9611320
d8198f2adad0
d81a24f50a54
d81ababfa1ab
d81b508aa0d7
d81be65607d6
d81c7c21d6aa
d81d11ee0d53
d81da7baabd1
d81e3d87b224
d81ed355204d
d81f6922f64c
d81ffef13422
d82094bfd9cd
d8212a8ee750
d821c05e5ca9
d822562e39da
d822ebfe7ee3
d82381cf2bc3
d82417a0407c
d824ad71bd0d
d8254343a177
d825d915edb9
d8266ee8a1d6
d82704bbbdcb
d8279a8f419b
d82830632d45
d828c63780c9
d8295c0c3c28
d829f1e15f62
d82a87b6ea77
d82b1d8cdd68
d82bb3633835
d82c4939fade
d82cdf112563
d82d74e8b7c5
d82e0ac0b203
d82ea0991420
d82f3671de19
d82fcc4b0ff1
d8306224a9a6
d830f7feab3a
d8318dd914ad
d83223b3e5fe
d832b98f1f2f
d8334f6ac03f
d833e546c92f
d8347b2339ff
d835110012b0
d835a6dd5341
d8363cbafbb3
d836d2990c06
d8376877843a
d837fe566451
d8389435ac49
d8392a155c24
d839bff573e1
d83a55d5f381
d83aebb6db05
d83b81982a6b
d83c1779e1b6
d83cad5c00e4
d83d433e87f7
d83dd92176ef
d83e6f04cdcb
d83f04e88c8c
d83f9accb333
d84030b141bf
d840c6963832
d8415c7b968a
d841f2615cc9
d84288478aef
d8431e2e20fc
d843b4151ef1
d84449fc84cd
d844dfe45291
d84575cc883d
d8460bb525d2
d846a19e2b50
d847378798b6
d847cd716e06
d848635bab40
d848f9465063
d8498f315d71
d84a251cd269
d84abb08af4c
d84b50f4f41a
d84be6e1a0d3
d84c7cceb578
d84d12bc3209
d84da8aa1686
d84e3e9862ef
d84ed4871745
d84f6a763388
d8500065b7b9
d8509655a3d7
d8512c45f7e2
d851c236b3dc
d8525827d7c5
d852ee19639c
d853840b5762
d85419fdb317
d854aff076bc
d85545e3a250
d855dbd735d5
d85671cb314a
d85707bf94b0
d8579db46006
d85833a9934e
d858c99f2e88
d8595f9531b3
d859f58b9cd0
d85a8b826fe0
d85b2179aae2
d85bb7714dd7
d85c4d6958bf
d85ce361cb9b
d85d795aa66b
d85e0f53e92f
d85ea54d93e7
d85f3b47a693
d85fd1422135
d860673d03cb
d860fd384e57
d861933400d9
d86229301b51
d862bf2c9dbf
d86355298823
d863eb26da7f
d864812494d2
d8651722b71c
d865ad21415d
d86643203397
d866d91f8dc9
d8676f1f4ff4
d868051f7a17
d8689b200c34
d86931210649
d869c7226859
d86a5d243263
d86af3266466
d86b8928fe64
d86c1f2c005e
d86cb52f6a52
d86d4b333c41
d86de137762c
d86e773c1813
d86f0d4121f6
d86fa34693d6
d870394c6db3
d870cf52af8c
d87165595963
d871fb606b38
d8729167e50a
d873276fc6da
d873bd7810a9
d8745380c277
d874e989dc44
d8757f935e10
d876159d47dc
d876aba799a7
d87741b25373
d877d7bd753f
d8786dc8ff0c
d87903d4f0d9
d87999e14aa8
d87a2fee0c79
d87ac5fb364c
d87b5c08c820
d87bf216c1f7
d87c882523d1
d87d1e33edad
d87db4431f8d
d87e4a52b970
d87ee062bb58
d87f76732543
d8800c83f732
d880a2953127
d88138a6d320
d881ceb8dd1e
d88264cb4f22
d882fade292c
d88390f16b3c
d88427051552
d884bd19276f
d885532da192
d885e94283bd
d8867f57cdef
d887156d8029
d887ab839a6b
d888419a1cb6
d888d7b10709
d8896dc85965
d88a03e013ca
d88a99f83638
d88b3010c0b0
d88bc629b332
d88c5c430dbf
d88cf25cd056
d88d8876faf8
d88e1e918da5
d88eb4ac885d
d88f4ac7eb21
d88fe0e3b5f1
d89076ffe8ce
d8910d1c83b6
d891a33986ac
d8923956f1af
d892cf74c4bf
d8936592ffdd
d893fbb1a309
d89491d0ae43
d89527f0218b
d895be0ffce3
d89654304049
d896ea50ebbf
d8978071ff44
d89816937ad9
d898acb55e7f
d89942d7aa35
d899d8fa5dfc
d89a6f1d79d3
d89b0540fdbd
d89b9b64e9b7
d89c31893dc4
d89cc7adf9e3
d89d5dd31e14
d89df3f8aa58
d89e8a1e9eaf
d89f2044fb19
d89fb66bbf97
d8a04c92ec29
d8a0e2ba80cf
d8a178e27d89
d8a20f0ae258
d8a2a533af3c
d8a33b5ce436
d8a3d1868144
d8a467b08669
d8a4fddaf3a4
d8a59405c8f5
d8a62a31065d
d8a6c05cabdc
d8a75688b972
d8a7ecb52f20
d8a882e20ce5
d8a9190f52c3
d8a9af3d00b9
d8aa456b16c7
d8aadb9994ef
d8ab71c87b2f
d8ac07f7c98a
d8ac9e277ffe
d8ad34579e8c
d8adca882534
d8ae60b913f7
d8aef6ea6ad5
d8af8d1c29ce
d8b0234e50e3
d8b0b980e013
d8b14fb3d760
d8b1e5e736c9
d8b27c1afe4e
d8b3124f2df0
d8b3a883c5b0
d8b43eb8c58c
d8b4d4ee2d87
d8b56b23fda0
d8b6015a35d6
d8b69790d62c
d8b72dc7dea0
d8b7c3ff4f34
d8b85a3727e6
d8b8f06f68b9
d8b986a811ac
d8ba1ce122be
d8bab31a9bf2
d8bb49547d46
d8bbdf8ec6bb
d8bc75c97852
d8bd0c04920a
d8bda24013e5
d8be387bfde1
d8beceb85000
d8bf64f50a42
d8bffb322ca7
d8c0916fb730
d8c127ada9dc
d8c1bdec04ab
d8c2542ac7a0
d8c2ea69f2b8
d8c380a985f6
d8c416e98158
d8c4ad29e4e0
d8c5436ab08d
d8c5d9abe461
d8c66fed805a
d8c7062f847a
d8c79c71f0c1
d8c832b4c52f
d8c8c8f801c4
d8c95f3ba681
d8c9f57fb365
d8ca8bc42872
d8cb220905a7
d8cbb84e4b05
d8cc4e93f88c
d8cce4da0e3c
d8cd7b208c16
d8ce1167721a
d8cea7aec048
d8cf3df676a0
d8cfd43e9523
d8d06a871bd1
d8d100d00aaa
d8d1971961ae
d8d22d6320df
d8d2c3ad483c
d8d359f7d7c5
d8d3f042cf7a
d8d4868e2f5d
d8d51cd9f76d
d8d5b32627aa
d8d64972c015
d8d6dfbfc0af
d8d7760d2976
d8d80c5afa6d
d8d8a2a93392
d8d938f7d4e6
d8d9cf46de6a
d8da6596501e
d8dafbe62a02
d8db92366c16
d8dc2887165b
d8dcbed828d0
d8dd5529a377
d8ddeb7b8650
d8de81cdd15a
d8df18208496
d8dfae73a004
d8e044c723a5
d8e0db1b0f79
d8e1716f6380
d8e207c41fbb
d8e29e194429
d8e3346ed0cb
d8e3cac4c5a2
d8e4611b22ad
d8e4f771e7ed
d8e58dc91562
d8e62420ab0c
d8e6ba78a8ec
d8e750d10f03
d8e7e729dd4f
d8e87d8313d2
d8e913dcb28c
d8e9aa36b97d
d8ea409128a5
d8ead6ec0005
d8eb6d473f9d
d8ec03a2e76e
d8ec99fef776
d8ed305b6fb8
d8edc6b85033
d8ee5d1598e7
d8eef37349d4
d8ef89d162fc
d8f0202fe45e
d8f0b68ecdfa
d8f14cee1fd1
d8f1e34dd9e3
d8f279adfc31
d8f3100e86ba
d8f3a66f797f
d8f43cd0d480
d8f4d33297be
d8f56994c338
d8f5fff756f0
d8f6965a52e5
d8f72cbdb717
d8f7c3218388
d8f85985b836
d8f8efea5523
d8f9864f5a4f
d8fa1cb4c7b9
d8fab31a9d63
d8fb4980db4d
d8fbdfe78176
d8fc764e8fe0
d8fd0cb6068a
d8fda31de575
d8fe39862ca0
d8fecfeedc0d
d8ff6657f3bc
d8fffcc173ac
d900932b5bdf
d9012995ac53
d901c000650b
d902566b8606
d902ecd70f43
d903834300c5
d90419af5a8a
d904b01c1c93
d905468946e1
d905dcf6d973
d9067364d44a
d90709d33767
d907a04202c8
d90836b13670
d908cd20d25e
d9096390d692
d909fa01430d
d90a907217cf
d90b26e354d8
d90bbd54fa28
d90c53c707c0
d90cea397da0
d90d80ac5bc9
d90e171fa23a
d90ead9350f4
d90f440767f7
d90fda7be744
d91070f0ceda
d91107661ebb
d9119ddbd6e6
d9123451f75b
d912cac8801b
d913613f7127
d913f7b6ca7d
d9148e2e8c20
d91524a6b60e
d915bb1f4849
d916519842d1
d916e811a5a5
d9177e8b70c6
d9181505a435
d918ab803ff2
d91941fb43fc
d919d876b055
d91a6ef284fc
d91b056ec1f2
d91b9beb6737
d91c326874cc
d91cc8e5eab0
d91d5f63c8e4
d91df5e20f69
d91e8c60be3e
d91f22dfd563
d91fb95f54da
d9204fdf3ca3
d920e65f8cbc
d9217ce04528
d922136165e6
d922a9e2eef7
d9234064e05a
d923d6e73a10
d9246d69fc1a
d92503ed2678
d9259a70b929
d92630f4b42e
d926c7791788
d9275dfde337
d927f483173b
d9288b08b394
d929218eb842
d929b8152547
d92a4e9bfaa1
d92ae5233853
d92b7baade5a
d92c1232ecb9
d92ca8bb6370
d92d3f44427d
d92dd5cd89e3
d92e6c5739a1
d92f02e151b7
d92f996bd226
d9302ff6baee
d930c6820c0f
d9315d0dc58a
d931f399e75f
d9328a26718d
d93320b36416
d933b740befa
d9344dce8239
d934e45cadd3
d9357aeb41c9
d936117a3e1a
d936a809a2c8
d9373e996fd2
d937d529a538
d9386bba42fc
d939024b491c
d93998dcb79b
d93a2f6e8e77
d93ac600cdb1
d93b5c93754a
d93bf3268541
d93c89b9fd97
d93d204dde4c
d93db6e22761
d93e4d76d8d6
d93ee40bf2aa
d93f7aa174df
d94011375f75
d940a7cdb26b
d9413e646dc3
d941d4fb917c
d9426b931d97
d943022b1214
d94398c36ef3
d9442f5c3435
d944c5f561da
d9455c8ef7e2
d945f328f64d
d94689c35d1c
d947205e2c50
d947b6f963e7
d9484d9503e3
d948e4310c44
d9497acd7d0a
d94a116a5636
d94aa80797c7
d94b3ea541be
d94bd543541b
d94c6be1cedf
d94d0280b20a
d94d991ffd9c
d94e2fbfb196
d94ec65fcdf7
d94f5d0052c0
d94ff3a13ff1
d9508a42958b
d95120e4538e
d951b78679f9
d9524e2908ce
d952e4cc000d
d9537b6f5fb6
d954121327c9
d954a8b75847
d9553f5bf12f
d955d600f282
d9566ca65c41
d957034c2e6c
d95799f26902
d95830990c05
d958c7401774
d9595de78b4f
d959f48f6798
d95a8b37ac4f
d95b21e05973
d95bb8896f04
d95c4f32ed04
d95ce5dcd373
d95d7c872250
d95e1331d99c
d95ea9dcf958
d95f40888183
d95fd734721e
d9606de0cb2a
d961048d8ca5
d9619b3ab692
d96231e848ef
d962c89643be
d9635f44a6fe
d963f5f372b1
d9648ca2a6d5
d9652352436c
d965ba024875
d96650b2b5f2
d966e7638be2
d9677e14ca45
d96814c6711c
d968ab788068
d969422af828
d969d8ddd85c
d96a6f912106
d96b0644d224
d96b9cf8ebb9
d96c33ad6dc3
d96cca625843
d96d6117ab39
d96df7cd66a7
d96e8e838a8b
d96f253a16e7
d96fbbf10bba
d97052a86904
d970e9602ec7
d97180185d03
d97216d0f3b7
d972ad89f2e3
d97344435a8a
d973dafd2aa9
d97471b76343
d97508720456
d9759f2d0de4
d97635e87fec
d976cca45a70
d97763609d6e
d977fa1d48e8
d97890da5cde
d9792797d950
d979be55be3e
d97a55140ba9
d97aebd2c191
d97b8291dff6
d97c195166d8
d97cb0115639
d97d46d1ae17
d97ddd926e73
d97e7453974e
d97f0b1528a8
d97fa1d72282
d980389984da
d980cf5c4fb3
d981661f830b
d981fce31ee4
d98293a7233d
d9832a6b9017
d983c1306572
d98457f5a34f
d984eebb49ad
d9858581588d
d9861c47cff0
d986b30eafd5
d98749d5f83d
d987e09da928
d9887765c297
d9890e2e4489
d989a4f72f00
d98a3bc081fa
d98ad28a3d79
d98b6954617d
d98c001eee06
d98c96e9e314
d98d2db540a8
d98dc48106c2
d98e5b4d3562
d98ef219cc89
d98f88e6cc37
d9901fb4346b
d990b6820527
d9914d503e6b
d991e41ee037
d9927aedea8a
d99311bd5d67
d993a88d38cc
d9943f5d7cba
d994d62e2932
d9956cff3e33
d99603d0bbbe
d9969aa2a1d3
d9973174f073
d997c847a79d
d9985f1ac753
d998f5ee4f94
d9998cc24060
d99a239699b9
d99aba6b5b9d
d99b5140860e
d99be816190c
d99c7eec1497
d99d15c278af
d99dac994555
d99e43707a89
d99eda48184b
d99f71201e9b
d9a007f88d7a
d9a09ed164e8
d9a135aaa4e5
d9a1cc844d72
d9a2635e5e8f
d9a2fa38d83c
d9a39113ba79
d9a427ef0547
d9a4becab8a6
d9a555a6d496
d9a5ec835918
d9a68360462c
d9a71a3d9bd2
d9a7b11b5a0a
d9a847f980d5
d9a8ded81033
d9a975b70824
d9aa0c9668a9
d9aaa37631c1
d9ab3a56636e
d9abd136fdaf
d9ac68180085
d9acfef96bef
d9ad95db3fef
d9ae2cbd7c85
d9aec3a021b0
d9af5a832f71
d9aff166a5c9
d9b0884a84b7
d9b11f2ecc3d
d9b1b6137c59
d9b24cf8950d
d9b2e3de1659
d9b37ac4003d
d9b411aa52b9
d9b4a8910dce
d9b53f78317c
d9b5d65fbdc3
d9b66d47b2a4
d9b70430101e
d9b79b18d632
d9b8320204e1
d9b8c8eb9c2b
d9b95fd59c0f
d9b9f6c0048e
d9ba8daad5a9
d9bb24960f60
d9bbbb81b1b2
d9bc526dbca1
d9bce95a302d
d9bd80470c56
d9be1734511b
d9beae21fe7e
d9bf4510147f
d9bfdbfe931e
d9c072ed7a5b
d9c109dcca37
d9c1a0cc82b2
d9c237bca3cc
d9c2cead2d85
d9c3659e1fde
d9c3fc8f7ad7
d9c493813e70
d9c52a736aaa
d9c5c165ff85
d9c65858fd01
d9c6ef4c631e
d9c7864031dd
d9c81d34693e
d9c8b4290941
d9c94b1e11e7
d9c9e213832f
d9ca79095d1b
d9cb0fff9faa
d9cba6f64add
d9cc3ded5eb4
d9ccd4e4db2f
d9cd6bdcc04f
d9ce02d50e13
d9ce99cdc47d
d9cf30c6e38c
d9cfc7c06b40
d9d05eba5b9b
d9d0f5b4b49b
d9d18caf7643
d9d223aaa091
d9d2baa63386
d9d351a22f23
d9d3e89e9367
d9d47f9b6053
d9d5169895e7
d9d5ad963424
d9d644943b0a
d9d6db92aa99
d9d7729182d1
d9d80990c3b2
d9d8a0906d3e
d9d937907f74
d9d9ce90fa54
d9da6591dddf
d9dafc932a16
d9db9394def7
d9dc2a96fc84
d9dcc19982bd
d9dd589c71a2
d9ddef9fc934
d9de86a38973
d9df1da7b25e
d9dfb4ac43f7
d9e04bb13e3d
d9e0e2b6a132
d9e179bc6cd4
d9e210c2a125
d9e2a7c93e25
d9e33ed043d3
d9e3d5d7b231
d9e46cdf893f
d9e503e7c8fc
d9e59af0716a
d9e631f98288
d9e6c902fc57
d9e7600cded7
d9e7f7172a08
d9e88e21ddeb
d9e9252cfa7f
d9e9bc387fc6
d9ea53446dbf
d9eaea50c46b
d9eb815d83c9
d9ec186aabdb
d9ecaf783ca1
d9ed4686361b
d9eddd949848
d9ee74a3632a
d9ef0bb296c1
d9efa2c2330d
d9f039d2380d
d9f0d0e2a5c4
d9f167f37c30
d9f1ff04bb53
d9f29616632b
d9f32d2873bb
d9f3c43aed01
d9f45b4dceff
d9f4f26119b4
d9f58974cd21
d9f62088e946
d9f6b79d6e24
d9f74eb25bba
d9f7e5c7b209
d9f87cdd7111
d9f913f398d3
d9f9ab0a294f
d9fa42212285
d9fad9388475
d9fb70504f1f
d9fc07688285
d9fc9e811ea6
d9fd359a2382
d9fdccb3911b
d9fe63cd676f
d9fefae7a67f
d9ff92024e4d
da00291d5ed7
da00c038d81e
da015754ba23
da01ee7104e5
da02858db866
da031caad4a5
da03b3c859a2
da044ae6475f
da04e2049ddb
da0579235d16
da0610428510
da06a76215cb
da073e820f47
da07d5a27182
da086cc33c7f
da0903e4703d
da099b060cbc
da0a322811fd
da0ac94a8000
da0b606d56c6
da0bf790964e
da0c8eb43e99
da0d25d84fa7
da0dbcfcc978
da0e5421ac0d
da0eeb46f766
da0f826cab84
da101992c866
da10b0b94e0d
da1147e03c79
da11df0793aa
da12762f53a2
da130d577c5f
da13a4800de2
da143ba9082c
da14d2d26b3d
da1569fc3715
da1601266bb4
da169851091b
da172f7c0f4a
da17c6a77e42
da185dd35602
da18f4ff968a
da198c2c3fdc
da1a235951f7
da1aba86ccdc
da1b51b4b08b
da1be8e2fd04
da1c8011b248
da1d1740d056
da1dae705730
da1e45a046d4
da1edcd09f45
da1f74016082
da200b328a8a
da20a2641d60
da2139961902
da21d0c87d71
da2267fb4aad
da22ff2e80b7
da2396621f90
da242d962736
da24c4ca97ab
da255bff70ee
da25f334b301
da268a6a5de3
da2721a07195
da27b8d6ee16
da28500dd368
da28e745218b
da297e7cd87e
da2a15b4f842
da2aaced80d7
da2b4426723e
da2bdb5fcc77
da2c72998f83
da2d09d3bb60
da2da10e5011
da2e38494d94
da2ecf84b3eb
da2f66c08315
da2ffdfcbb14
da3095395be6
da312c76658d
da31c3b3d809
da325af1b35a
da32f22ff780
da33896ea47b
da3420adba4d
da34b7ed38f5
da354f2d2073
da35e66d70c8
da367dae29f4
da3714ef4bf7
da37ac30d6d2
da384372ca84
da38dab5270f
da3971f7ec73
da3a093b1aaf
da3aa07eb1c3
da3b37c2b1b2
da3bcf071a7a
da3c664bec1b
da3cfd912697
da3d94d6c9ed
da3e2c1cd61e
da3ec3634b2a
da3f5aaa2912
da3ff1f16fd5
da4089391f73
da41208137ee
da41b7c9b945
da424f12a379
da42e65bf68a
da437da5b278
da4414efd744
da44ac3a64ed
da4543855b75
da45dad0badb
da46721c8320
da470968b443
da47a0b54e46
da4838025129
da48cf4fbceb
da49669d918e
da49fdebcf10
da4a953a7574
da4b2c8984b8
da4bc3d8fcde
da4c5b28dde5
da4cf27927ce
da4d89c9da99
da4e211af647
da4eb86c7ad7
da4f4fbe684a
da4fe710bea0
da507e637dda
da5115b6a5f7
da51ad0a36f9
da52445e30df
da52dbb293aa
da5373075f59
da540a5c93ee
da54a1b23168
da55390837c9
da55d05ea70f
da5667b57f3b
da56ff0cc04e
da5796646a48
da582dbc7d2a
da58c514f8f3
da595c6ddda3
da59f3c72b3c
da5a8b20e1bd
da5b227b0126
da5bb9d58979
da5c51307ab4
da5ce88bd4d9
da5d7fe797e8
da5e1743c3e1
da5eaea058c5
da5f45fd5692
da5fdd5abd4b
da6074b88cef
da610c16c57f
da61a37566fa
da623ad47161
da62d233e4b4
da636993c0f5
da6400f40622
da649854b43c
da652fb5cb43
da65c7174b39
da665e79341c
da66f5db85ee
da678d3e40ae
da6824a1645d
da68bc04f0fc
da695368e689
da69eacd4507
da6a82320c74
da6b19973cd2
da6bb0fcd620
da6c4862d860
da6cdfc94390
da6d773017b2
da6e0e9754c5
da6ea5fefacb
da6f3d6709c3
da6fd4cf81ad
da706c38628a
da7103a1ac5b
da719b0b5f1e
da7232757ad6
da72c9dfff81
da73614aed21
da73f8b643b5
da749022033e
da75278e2bbd
da75befabd30
da765667b79a
da76edd51af9
da778542e74f
da781cb11c9b
da78b41fbade
da794b8ec218
da79e2fe3249
da7a7a6e0b73
da7b11de4d94
da7ba94ef8ad
da7c40c00cbf
da7cd83189ca
da7d6fa36fce
da7e0715becb
da7e9e8876c2
da7f35fb97b3
da7fcd6f219e
da8064e31483
da80fc577064
da8193cc353f
da822b416316
da82c2b6f9e9
da835a2cf9b7
da83f1a36282
da84891a3449
da8520916f0d
da85b80912ce
da864f811f8d
da86e6f99549
da877e727403
da8815ebbbbc
da88ad656c72
da8944df8628
da89dc5a08dd
da8a73d4f491
da8b0b504944
da8ba2cc06f8
da8c3a482dac
da8cd1c4bd60
da8d6941b615
da8e00bf17cb
da8e983ce283
da8f2fbb163c
da8fc739b2f7
da905eb8b8b4
da90f6382774
da918db7ff37
da9225383ffc
da92bcb8e9c5
da935439fc92
da93ebbb7862
da94833d5d37
da951abfab10
da95b24261ee
da9649c581d0
da96e1490ab9
da9778ccfca7
da981051579a
da98a7d61b94
da993f5b4895
da99d6e0de9c
da9a6e66ddaa
da9b05ed45bf
da9b9d7416dc
da9c34fb5101
da9ccc82f42f
da9d640b0064
da9dfb9375a3
da9e931c53ea
da9f2aa59b3b
da9fc22f4b95
daa059b964f9
daa0f143e767
daa188ced2e0
daa2205a2764
daa2b7e5e4f2
daa34f720b8c
daa3e6fe9b31
daa47e8b93e3
daa51618f5a0
daa5ada6c06a
daa64534f440
daa6dcc39124
daa774529715
daa80be20613
daa8a371de20
daa93b021f3a
daa9d292c963
daaa6a23dc9b
daab01b558e1
daab99473e37
daac30d98c9c
daacc86c4412
daad5fff6497
daadf792ee2d
daae8f26e0d4
daaf26bb3c8b
daafbe500154
dab055e52f2e
dab0ed7ac61b
dab18510c619
dab21ca72f2a
dab2b43e014d
dab34bd53c84
dab3e36ce0cd
dab47b04ee2b
dab5129d649c
dab5aa364421
dab641cf8cba
dab6d9693e69
dab77103592c
dab8089ddd05
dab8a038c9f3
dab937d41ff6
dab9cf6fdf10
daba670c0741
dabafea89888
dabb964592e6
dabc2de2f65b
dabcc580c2e8
dabd5d1ef88d
dabdf4bd9749
dabe8c5c9f1f
dabf23fc100c
dabfbb9bea13
dac0533c2d33
dac0eadcd96d
dac1827deec0
dac21a1f6d2d
dac2b1c154b5
dac34963a558
dac3e1065f15
dac478a981ee
dac5104d0de2
dac5a7f102f2
dac63f95611e
dac6d73a2866
dac76edf58cb
dac80684f24e
dac89e2af4ed
dac935d160aa
dac9cd783584
daca651f737d
dacafcc71a94
dacb946f2ac9
dacc2c17a41e
daccc3c08692
dacd5b69d225
dacdf31386d8
dace8abda4ab
dacf22682b9f
dacfba131bb3
dad051be74e8
dad0e96a373e
dad1811662b6
dad218c2f74f
dad2b06ff50b
dad3481d5be9
dad3dfcb2bea
dad47779650d
dad50f280754
dad5a6d712be
dad63e86874c
dad6d63664fe
dad76de6abd4
dad805975bcf
dad89d4874ef
dad934f9f734
dad9ccabe29f
dada645e372f
dadafc10f4e6
dadb93c41bc2
dadc2b77abc6
dadcc32ba4f0
dadd5ae00741
daddf294d2ba
dade8a4a075b
dadf21ffa524
dadfb9b5ac15
dae0516c1c2e
dae0e922f571
dae180da37dd
dae21891e372
dae2b049f831
dae34802761a
dae3dfbb5d2d
dae47774ad6b
dae50f2e66d4
dae5a6e88968
dae63ea31527
dae6d65e0a12
dae76e196829
dae805d52f6d
dae89d915fdd
dae9354df97a
dae9cd0afc44
daea64c8683c
daeafc863d61
daeb94447bb4
daec2c032336
daecc3c233e6
daed5b81adc5
daedf34190d4
daee8b01dd12
daef22c2927f
daefba83b11c
daf0524538ea
daf0ea0729e9
daf181c98418
daf2198c4778
daf2b14f740a
daf3491309ce
daf3e0d708c3
daf4789b70eb
daf510604246
daf5a8257cd3
daf63feb2093
daf6d7b12d87
daf76f77a3af
daf8073e830a
daf89f05cb9a
daf936cd7d5f
daf9ce959858
dafa665e1c87
dafafe2709ea
dafb95f06084
dafc2dba2054
dafcc584495a
dafd5d4edb96
dafdf519d709
dafe8ce53bb4
daff24b10996
daffbc7d40af
db005449e101
db00ec16ea8b
db0183e45d4d
db021bb23948
db02b3807e7d
db034b4f2cea
db03e31e4492
db047aedc573
db0512bdaf8f
db05aa8e02e5
db06425ebf76
db06da2fe543
db077201744a
db0809d36c8e
db08a1a5ce0d
db09397898c9
db09d14bccc1
db0a691f69f6
db0b00f37068
db0b98c7e018
db0c309cb905
db0cc871fb30
db0d6047a699
db0df81dbb41
db0e8ff43928
db0f27cb204e
db0fbfa270b3
db10577a2a58
db10ef524d3d
db11872ad963
db121f03cec8
db12b6dd2d6f
db134eb6f557
db13e6912680
db147e6bc0eb
db151646c497
db15ae223186
db1645fe07b8
db16ddda472c
db1775b6efe4
db180d9401df
db18a5717d1d
db193d4f61a0
db19d52daf66
db1a6d0c6672
db1b04eb86c2
db1b9ccb1057
db1c34ab0331
db1ccc8b5f52
db1d646c24b8
db1dfc4d5364
db1e942eeb57
db1f2c10ec91
db1fc3f35712
db205bd62ada
db20f3b967ea
db218b9d0e42
db2223811de2
db22bb6596ca
db23534a78fc
db23eb2fc476
db248315793a
db251afb9747
db25b2e21e9f
db264ac90f41
db26e2b0692d
db277a982c64
db28128058e6
db28aa68eeb3
db294251edcd
db29da3b5632
db2a722527e3
db2b0a0f62e1
db2ba1fa072b
db2c39e514c3
db2cd1d08ba8
db2d69bc6bdb
db2e01a8b55b
db2e9995682a
db2f31828448
db2fc97009b4
db30615df86f
db30f94c5079
db31913b11d4
db32292a3c7e
db32c119d078
db335909cdc3
db33f0fa345f
db3488eb044c
db3520dc3d8a
db35b8cde019
db3650bfebfb
db36e8b2612f
db3780a53fb5
db381898878f
db38b08c38bb
db394880533a
db39e074d70e
db3a7869c435
db3b105f1ab0
db3ba854da80
db3c404b03a5
db3cd841961f
db3d703891ee
db3e082ff712
db3ea027c58d
db3f381ffd5e
db3fd0189e85
db406811a903
db41000b1cd8
db419804fa05
db422fff4089
db42c7f9f065
db435ff50999
db43f7f08c26
db448fec780c
db4527e8cd4a
db45bfe58be2
db4657e2b3d4
db46efe0451f
db4787de3fc5
db481fdca3c5
db48b7db7120
db494fdaa7d6
db49e7da47e7
db4a7fda5154
db4b17dac41d
db4bafdba042
db4c47dce5c4
db4cdfde94a2
db4d77e0acdd
db4e0fe32e76
db4ea7e6196c
db4f3fe96dc1
db4fd7ed2b73
db506ff15284
db5107f5e2f4
db519ffadcc2
db5238003ff0
db52d0060c7e
db53680c426c
db540012e1b9
db549819ea68
db5530215c77
db55c82937e7
db5660317cb8
db56f83a2aeb
db5790434280
db58284cc377
db58c056add0
db595861018d
db59f06bbeac
db5a8876e52f
db5b20827515
db5bb88e6e5f
db5c509ad10e
db5ce8a79d21
db5d80b4d298
db5e18c27175
db5eb0d079b7
db5f48deeb5f
db5fe0edc66c
db6078fd0ae0
db61110cb8ba
db61a91ccffb
db62412d50a3
db62d93e3ab2
db63714f8e29
db6409614b08
db64a173714f
db65398600fe
db65d198fa16
db6669ac5c97
db6701c02882
db6799d45dd6
db6831e8fc94
db68c9fe04bc
db696213764f
db69fa29514c
db6a923f95b5
db6b2a564389
db6bc26d5ac8
db6c5a84db73
db6cf29cc58b
db6d8ab5190f
db6e22cdd5ff
db6ebae6fc5d
db6f53008c28
db6feb1a8561
db708334e807
db711b4fb41c
db71b36ae99f
db724b868891
db72e3a290f2
db737bbf02c2
db7413dbde02
db74abf922b1
db754416d0d1
db75dc34e862
db7674536963
db770c7253d5
db77a491a7b8
db783cb1650d
db78d4d18bd4
db796cf21c0d
db7a051315b9
db7a9d3478d7
db7b35564569
db7bcd787b6d
db7c659b1ae6
db7cfdbe23d2
db7d95e19632
db7e2e057207
db7ec629b750
db7f5e4e660f
db7ff6737e43
db808e98ffec
db8126beeb0b
db81bee53fa1
db82570bfdad
db82ef33252f
db83875ab629
db841f82b09a
db84b7ab1483
db854fd3e1e3
db85e7fd18bc
db868026b90d
db871850c2d7
db87b07b361a
db8848a612d6
db88e0d1590c
db8978fd08bb
db8a112921e5
db8aa955a489
db8b418290a8
db8bd9afe643
db8c71dda558
db8d0a0bcde9
db8da23a5ff6
db8e3a695b7f
db8ed298c084
db8f6ac88f06
db9002f8c705
db909b296882
db91335a737c
db91cb8be7f4
db9263bdc5ea
db92fbf00d5f
db939422be52
db942c55d8c5
db94c4895cb6
db955cbd4a28
db95f4f1a119
db968d26618a
db97255b8b7c
db97bd911eee
db9855c71be2
db98edfd8257
db998634524d
db9a1e6b8bc5
db9ab6a32ec0
db9b4edb3b3d
db9be713b13c
db9c7f4c90bf
db9d1785d9c5
db9dafbf8c4f
db9e47f9a85c
db9ee0342dee
db9f786f1d04
dba010aa759f
dba0a8e637be
dba141226363
dba1d95ef88e
dba2719bf73f
dba309d95f76
dba3a2173133
dba43a556c77
dba4d2941142
dba56ad31f94
dba60312976e
dba69b5278d0
dba73392c3ba
dba7cbd3782c
dba864149627
dba8fc561dab
dba994980eb9
dbaa2cda6950
dbaac51d2d71
dbab5d605b1c
dbabf5a3f251
dbac8de7f311
dbad262c5d5d
dbadbe713133
dbae56b66e95
dbaeeefc1583
dbaf874225fe
dbb01f88a004
dbb0b7cf8398
dbb15016d0b8
dbb1e85e8766
dbb280a6a7a1
dbb318ef316b
dbb3b13824c2
dbb4498181a8
dbb4e1cb481c
dbb57a157820
dbb6126011b3
dbb6aaab14d5
dbb742f68188
dbb7db4257ca
dbb8738e979d
dbb90bdb4101
dbb9a42853f6
dbba3c75d07c
dbbad4c3b693
dbbb6d12063d
dbbc0560bf79
dbbc9dafe247
dbbd35ff6ea8
dbbdce4f649c
dbbe669fc423
dbbefef08d3e
dbbf9741bfed
dbc02f935c2f
dbc0c7e56207
dbc16037d173
dbc1f88aaa74
dbc290dded0a
dbc329319936
dbc3c185aef8
dbc459da2e50
dbc4f22f173f
dbc58a8469c4
dbc622da25e0
dbc6bb304b94
dbc75386dadf
dbc7ebddd3c2
dbc88435363e
dbc91c8d0251
dbc9b4e537fe
dbca4d3dd743
dbcae596e022
dbcb7df0529a
dbcc164a2ead
dbccaea47459
dbcd46ff23a0
dbcddf5a3c82
dbce77b5befe
dbcf1011ab16
dbcfa86e00ca
dbd040cac01a
dbd0d927e905
dbd171857b8d
dbd209e377b2
dbd2a241dd74
dbd33aa0acd3
dbd3d2ffe5d0
dbd46b5f886b
dbd503bf94a4
dbd59c200a7b
dbd63480e9f1
dbd6cce23306
dbd76543e5bb
dbd7fda6020f
dbd896088803
dbd92e6b7797
dbd9c6ced0cc
dbda5f3293a1
dbdaf796c017
dbdb8ffb562f
dbdc286055e8
dbdcc0c5bf43
dbdd592b9241
dbddf191cee1
dbde89f87523
dbdf225f8509
dbdfbac6fe92
dbe0532ee1be
dbe0eb972e8f
dbe183ffe504
dbe21c69051d
dbe2b4d28eda
dbe34d3c823d
dbe3e5a6df46
dbe47e11a5f3
dbe5167cd647
dbe5aee87041
dbe6475473e1
dbe6dfc0e129
dbe7782db817
dbe8109af8ac
dbe8a908a2e9
dbe94176b6ce
dbe9d9e5345c
dbea72541b91
dbeb0ac36c70
dbeba33326f7
dbec3ba34b28
dbecd413d903
dbed6c84d087
dbee04f631b5
dbee9d67fc8e
dbef35da3112
dbefce4ccf41
dbf066bfd71b
dbf0ff3348a1
dbf197a723d3
dbf2301b68b0
dbf2c890173b
dbf361052f72
dbf3f97ab156
dbf491f09ce8
dbf52a66f227
dbf5c2ddb114
dbf65b54d9af
dbf6f3cc6bf9
dbf78c4467f1
dbf824bccd99
dbf8bd359cef
dbf955aed5f6
dbf9ee2878ac
dbfa86a28513
dbfb1f1cfb2a
dbfbb797daf2
dbfc5013246b
dbfce88ed795
dbfd810af471
dbfe19877afe
dbfeb2046b3e
dbff4a81c531
dbffe2ff88d6
dc007b7db62e
dc0113fc4d3a
dc01ac7b4df9
dc0244fab86d
dc02dd7a8c94
dc0375faca70
dc040e7b7201
dc04a6fc8346
dc053f7dfe41
dc05d7ffe2f2
dc0670823159
dc070904e976
dc07a1880b49
dc083a0b96d3
dc08d28f8c14
dc096b13eb0d
dc0a0398b3bd
dc0a9c1de625
dc0b34a38245
dc0bcd29881e
dc0c65aff7b0
dc0cfe36d0fa
dc0d96be13fe
dc0e2f45c0bc
dc0ec7cdd734
dc0f60565765
dc0ff8df4152
dc10916894f9
dc1129f2525b
dc11c27c7979
dc125b070a52
dc12f39204e7
dc138c1d6938
dc1424a93746
dc14bd356f11
dc1555c21098
dc15ee4f1bdd
dc1686dc90e0
dc171f6a6fa1
dc17b7f8b820
dc1850876a5d
dc18e9168659
dc1981a60c14
dc1a1a35fb8f
dc1ab2c654c9
dc1b4b5717c4
dc1be3e8447e
dc1c7c79daf9
dc1d150bdb35
dc1dad9e4532
dc1e463118f0
dc1edec45670
dc1f7757fdb2
dc200fec0eb6
dc20a880897c
dc2141156e06
dc21d9aabc52
dc2272407462
dc230ad69635
dc23a36d21cd
dc243c041729
dc24d49b7649
dc256d333f2e
dc2605cb71d8
dc269e640e47
dc2736fd147d
dc27cf968478
dc2868305e39
dc2900caa1c1
dc2999654f10
dc2a32006626
dc2aca9be703
dc2b6337d1a8
dc2bfbd42615
dc2c9470e44a
dc2d2d0e0c47
dc2dc5ab9e0e
dc2e5e49999d
dc2ef6e7fef6
dc2f8f86ce19
dc3028260705
dc30c0c5a9bc
dc315965b63d
dc31f2062c8a
dc328aa70ca1
dc3323485684
dc33bbea0a32
dc34548c27ac
dc34ed2eaef3
dc3585d1a006
dc361e74fae6
dc36b718bf93
dc374fbcee0e
dc37e8618656
dc388106886c
dc3919abf450
dc39b251ca03
dc3a4af80985
dc3ae39eb2d6
dc3b7c45c5f6
dc3c14ed42e6
dc3cad9529a6
dc3d463d7a37
dc3ddee63497
dc3e778f58c9
dc3f1038e6cc
dc3fa8e2dea0
dc40418d4046
dc40da380bbe
dc4172e34108
dc420b8ee025
dc42a43ae914
dc433ce75bd7
dc43d594386d
dc446e417ed7
dc4506ef2f15
dc459f9d4927
dc46384bcd0d
dc46d0fabac9
dc4769aa125a
dc480259d3c0
dc489b09fefb
dc4933ba940d
dc49cc6b92f5
dc4a651cfbb4
dc4afdcece49
dc4b96810ab6
dc4c2f33b0fa
dc4cc7e6c116
dc4d609a3b0a
dc4df94e1ed6
dc4e92026c7a
dc4f2ab723f8
dc4fc36c454e
dc505c21d07e
dc50f4d7c588
dc518d8e246c
dc522644ed2a
dc52befc1fc3
dc5357b3bc36
dc53f06bc285
dc54892432af
dc5521dd0cb5
dc55ba965097
dc56534ffe55
dc56ec0a15f0
dc5784c49768
dc581d7f82bd
dc58b63ad7ef
dc594ef696ff
dc59e7b2bfed
dc5a806f52b9
dc5b192c4f64
dc5bb1e9b5ee
dc5c4aa78657
dc5ce365c0a0
dc5d7c2464c8
dc5e14e372d0
dc5eada2eab9
dc5f4662cc82
dc5fdf23182c
dc6077e3cdb7
dc6110a4ed24
dc61a9667672
dc62422869a3
dc62daeac6b5
dc6373ad8dab
dc640c70be83
dc64a534593f
dc653df85ddd
dc65d6bccc60
dc666f81a4c7
dc670846e712
dc67a10c9342
dc6839d2a956
dc68d2992950
dc696b60132f
dc6a042766f4
dc6a9cef249f
dc6b35b74c31
dc6bce7fdda9
dc6c6748d908
dc6d00123e4e
dc6d98dc0d7b
dc6e31a64691
dc6eca70e98e
dc6f633bf674
dc6ffc076d42
dc7094d34dfa
dc712d9f989a
dc71c66c4d24
dc725f396b98
dc72f806f3f6
dc7390d4e63e
dc7429a34271
dc74c272088f
dc755b413898
dc75f410d28c
dc768ce0d66d
dc7725b14439
dc77be821bf2
dc7857535d97
dc78f0250929
dc7988f71ea9
dc7a21c99e16
dc7aba9c8770
dc7b536fdab9
dc7bec4397f1
dc7c8517bf16
dc7d1dec502b
dc7db6c14b2f
dc7e4f96b023
dc7ee86c7f06
dc7f8142b7da
dc801a195a9e
dc80b2f06752
dc814bc7ddf8
dc81e49fbe8e
dc827d780916
dc831650bd90
dc83af29dbfd
dc844803645b
dc84e0dd56ac
dc8579b7b2f0
dc8612927928
dc86ab6da952
dc8744494371
dc87dd254784
dc887601b58b
dc890ede8d87
dc89a7bbcf78
dc8a40997b5e
dc8ad977913a
dc8b7256110b
dc8c0b34fad3
dc8ca4144e90
dc8d3cf40c45
dc8dd5d433f1
dc8e6eb4c594
dc8f0795c12e
dc8fa07726c0
dc903958f64b
dc90d23b2fcd
dc916b1dd349
dc920400e0bd
dc929ce4582b
dc9335c83992
dc93ceac84f3
dc9467913a4f
dc95007659a4
dc95995be2f5
dc963241d640
dc96cb283387
dc97640efac9
dc97fcf62c07
dc9895ddc741
dc992ec5cc78
dc99c7ae3bab
dc9a609714db
dc9af9805809
dc9b926a0534
dc9c2b541c5d
dc9cc43e9d84
dc9d5d2988aa
dc9df614ddce
dc9e8f009cf1
dc9f27ecc614
dc9fc0d95936
dca059c65658
dca0f2b3bd7a
dca18ba18e9d
dca2248fc9c0
dca2bd7e6ee5
dca3566d7e0b
dca3ef5cf732
dca4884cda5b
dca5213d2786
dca5ba2ddeb4
dca6531effe5
dca6ec108b18
dca78502804f
dca81df4df8a
dca8b6e7a8c8
dca94fdadc0a
dca9e8ce7951
dcaa81c2809d
dcab1ab6f1ee
dcabb3abcd44
dcac4ca112a0
dcace596c201
dcad7e8cdb69
dcae17835ed7
dcaeb07a4c4c
dcaf4971a3c8
dcafe269654c
dcb07b6190d7
dcb1145a266a
dcb1ad532605
dcb2464c8fa8
dcb2df466355
dcb37840a10a
dcb4113b48c9
dcb4aa365a91
dcb54331d663
dcb5dc2dbc40
dcb6752a0c27
dcb70e26c618
dcb7a723ea15
dcb84021781d
dcb8d91f7031
dcb9721dd251
dcba0b1c9e7d
dcbaa41bd4b5
dcbb3d1b74fa
dcbbd61b7f4d
dcbc6f1bf3ac
dcbd081cd21a
dcbda11e1a95
dcbe3a1fcd1e
dcbed321e9b6
dcbf6c24705d
dcc005276113
dcc09e2abbd8
dcc1372e80ad
dcc1d032af92
dcc269374887
dcc3023c4b8c
dcc39b41b8a3
dcc434478fca
dcc4cd4dd103
dcc566547c4d
dcc5ff5b91aa
dcc698631119
dcc7316afa9a
dcc7ca734e2e
dcc8637c0bd5
dcc8fc853390
dcc9958ec55e
dcca2e98c140
dccac7a32736
dccb60adf741
dccbf9b93161
dccc92c4d596
dccd2bd0e3e0
dccdc4dd5c40
dcce5dea3eb6
dccef6f78b43
dccf900541e6
dcd02913629f
dcd0c221ed70
dcd15b30e258
dcd1f4404158
dcd28d500a70
dcd326603da0
dcd3bf70dae9
dcd45881e24a
dcd4f19353c5
dcd58aa52f59
dcd623b77507
dcd6bcca24cf
dcd755dd3eb1
dcd7eef0c2ad
dcd88804b0c5
dcd9211908f8
dcd9ba2dcb46
dcda5342f7b0
dcdaec588e35
dcdb856e8ed8
dcdc1e84f996
dcdcb79bce72
dcdd50b30d6b
dcdde9cab681
dcde82e2c9b5
dcdf1bfb4707
dcdfb5142e77
dce04e2d8006
dce0e7473bb4
dce180616180
dce2197bf16d
dce2b296eb79
dce34bb24fa5
dce3e4ce1df1
dce47dea565f
dce51706f8ec
dce5b024059c
dce649417c6c
dce6e25f5d5f
dce77b7da873
dce8149c5daa
dce8adbb7d03
dce946db067f
dce9dffafa1f
dcea791b57e2
dceb123c1fc8
dcebab5d51d3
dcec447eee02
dcecdda0f456
dced76c364cf
dcee0fe63f6c
dceea9098430
dcef422d3319
dcefdb514c28
dcf07475cf5d
dcf10d9abcba
dcf1a6c0143d
dcf23fe5d5e7
dcf2d90c01b9
dcf3723297b2
dcf40b5997d4
dcf4a481021e
dcf53da8d691
dcf5d6d1152d
dcf66ff9bdf1
dcf70922d0e0
dcf7a24c4df8
dcf83b76353a
dcf8d4a086a7
dcf96dcb423e
dcfa06f66801
dcfaa021f7ee
dcfb394df207
dcfbd27a564c
dcfc6ba724bd
dcfd04d45d5a
dcfd9e020024
dcfe37300d1b
dcfed05e8440
dcff698d6591
dd0002bcb111
dd009bec66bf
dd01351c869b
dd01ce4d10a6
dd02677e04df
dd0300af6348
dd0399e12be1
dd0433135ea9
dd04cc45fba2
dd05657902cb
dd05feac7425
dd0697e04faf
dd073114956b
dd07ca494559
dd08637e5f78
dd08fcb3e3ca
dd0995e9d24e
dd0a2f202b04
dd0ac856edee
dd0b618e1b0b
dd0bfac5b25c
dd0c93fdb3e0
dd0d2d361f99
dd0dc66ef586
dd0e5fa835a7
dd0ef8e1dffe
dd0f921bf48a
dd102b56734c
dd10c4915c43
dd115dccaf71
dd11f7086cd5
dd1290449470
dd1329812642
dd13c2be224b
dd145bfb888c
dd14f5395905
dd158e7793b5
dd1627b6389f
dd16c0f547c1
dd175a34c11c
dd17f374a4b1
dd188cb4f27f
dd1925f5aa87
dd19bf36ccc9
dd1a58785945
dd1af1ba4ffd
dd1b8afcb0ef
dd1c243f7c1d
dd1cbd82b187
dd1d56c6512c
dd1df00a5b0e
dd1e894ecf2c
dd1f2293ad87
dd1fbbd8f61f
dd20551ea8f4
dd20ee64c607
dd2187ab4d58
dd2220f23ee7
dd22ba399ab4
dd23538160c1
dd23ecc9910c
dd2486122b97
dd251f5b3062
dd25b8a49f6c
dd2651ee78b7
dd26eb38bc42
dd2784836a0e
dd281dce821b
dd28b71a046a
dd295065f0fa
dd29e9b247cc
dd2a82ff08e0
dd2b1c4c3437
dd2bb599c9d1
dd2c4ee7c9ae
dd2ce83633ce
dd2d81850832
dd2e1ad446da
dd2eb423efc6
dd2f4d7402f7
dd2fe6c4806c
dd3080156827
dd311966ba27
dd31b2b8766d
dd324c0a9cf8
dd32e55d2dca
dd337eb028e3
dd3418038e42
dd34b1575de9
dd354aab97d7
dd35e4003c0d
dd367d554a8a
dd3716aac350
dd37b000a65f
dd384956f3b7
dd38e2adab57
dd397c04cd41
dd3a155c5975
dd3aaeb44ff3
dd3b480cb0bb
dd3be1657bce
dd3c7abeb12b
dd3d141850d4
dd3dad725ac8
dd3e46cccf08
dd3ee027ad94
dd3f7982f66c
dd4012dea991
dd40ac3ac703
dd4145974ec2
dd41def440ce
dd4278519d28
dd4311af63d1
dd43ab0d94c7
dd44446c300d
dd44ddcb35a1
dd45772aa584
dd46108a7fb7
dd46a9eac439
dd47434b730c
dd47dcac8c2f
dd48760e0fa2
dd490f6ffd67
dd49a8d2557d
dd4a423517e4
dd4adb98449d
dd4b74fbdba8
dd4c0e5fdd06
dd4ca7c448b6
dd4d41291eb9
dd4dda8e5f0f
dd4e73f409b9
dd4f0d5a1eb6
dd4fa6c09e08
dd50402787ae
dd50d98edba9
dd5172f699f9
dd520c5ec29d
dd52a5c75598
dd533f3052e8
dd53d899ba8f
dd5472038c8b
dd550b6dc8df
dd55a4d86f89
dd563e43808b
dd56d7aefbe4
dd57711ae195
dd580a87319e
dd58a3f3ec00
dd593d6110ba
dd59d6ce9fce
dd5a703c993a
dd5b09aafd00
dd5ba319cb20
dd5c3c89039a
dd5cd5f8a66f
dd5d6f68b39e
dd5e08d92b28
dd5ea24a0d0e
dd5f3bbb594f
dd5fd52d0fec
dd606e9f30e5
dd610811bc3b
dd61a184b1ed
dd623af811fc
dd62d46bdc69
dd636de01133
dd640754b05b
dd64a0c9b9e1
dd653a3f2dc6
dd65d3b50c0a
dd666d2b54ac
dd6706a207ae
dd67a019250f
dd683990acd1
dd68d3089ef2
dd696c80fb74
dd6a05f9c257
dd6a9f72f39b
dd6b38ec8f40
dd6bd2669546
dd6c6be105af
dd6d055be07a
dd6d9ed725a7
dd6e3852d537
dd6ed1ceef2b
dd6f6b4b7381
dd7004c8623b
dd709e45bb59
dd7137c37edc
dd71d141acc3
dd726ac0450e
dd73043f47bf
dd739dbeb4d5
dd74373e8c51
dd74d0bece32
dd756a3f7a7a
dd7603c09129
dd769d42123e
dd7736c3fdba
dd77d046539e
dd7869c913ea
dd79034c3e9d
dd799ccfd3b9
dd7a3653d33d
dd7acfd83d2a
dd7b695d1180
dd7c02e2503f
dd7c9c67f969
dd7d35ee0cfc
dd7dcf748af9
dd7e68fb7361
dd7f0282c634
dd7f9c0a8372
dd803592ab1b
dd80cf1b3d31
dd8168a439b2
dd82022da09f
dd829bb771f9
dd833541adc0
dd83cecc53f4
dd8468576495
dd8501e2dfa4
dd859b6ec521
dd8634fb150d
dd86ce87cf67
dd876814f430
dd8801a28368
dd889b307d0f
dd8934bee127
dd89ce4dafae
dd8a67dce8a6
dd8b016c8c0e
dd8b9afc99e7
dd8c348d1231
dd8cce1df4ed
dd8d67af421b
dd8e0140f9ba
dd8e9ad31bcc
dd8f3465a851
dd8fcdf89f48
dd90678c00b3
dd91011fcc91
dd919ab402e3
dd923448a3a9
dd92cdddaee3
dd9367732492
dd94010904b6
dd949a9f4f4f
dd953436045e
dd95cdcd23e3
dd966764addd
dd9700fca24e
dd979a950136
dd98342dca94
dd98cdc6fe6a
dd9967609cb7
dd9a00faa57c
dd9a9a9518b9
dd9b342ff66f
dd9bcdcb3e9d
dd9c6766f144
dd9d01030e65
dd9d9a9f95ff
dd9e343c8813
dd9ecdd9e4a1
dd9f6777aba9
dda00115dd2c
dda09ab4792a
dda134537fa4
dda1cdf2f099
dda26792cc09
dda3013311f6
dda39ad3c25f
dda43474dd45
dda4ce1662a8
dda567b85289
dda6015aace7
dda69afd71c2
dda734a0a11c
dda7ce443af5
dda867e83f4c
dda9018cae22
dda99b318777
ddaa34d6cb4c
ddaace7c79a1
ddab68229276
ddac01c915cc
ddac9b7003a2
ddad35175bfa
ddadcebf1ed2
ddae68674c2c
ddaf020fe409
ddaf9bb8e667
ddb035625348
ddb0cf0c2aab
ddb168b66c92
ddb2026118fc
ddb29c0c2fea
ddb335b7b15b
ddb3cf639d51
ddb4690ff3cc
ddb502bcb4cb
ddb59c69e04f
ddb636177658
ddb6cfc576e7
ddb76973e1fd
ddb80322b798
ddb89cd1f7ba
ddb93681a263
ddb9d031b792
ddba69e23749
ddbb03932188
ddbb9d44764f
ddbc36f6359e
ddbcd0a85f76
ddbd6a5af3d6
ddbe040df2c0
ddbe9dc15c33
ddbf3775302f
ddbfd1296eb6
ddc06ade17c7
ddc104932b62
ddc19e48a988
ddc237fe923a
ddc2d1b4e577
ddc36b6ba33f
ddc40522cb94
ddc49eda5e75
ddc538925be2
ddc5d24ac3dc
ddc66c039664
ddc705bcd378
ddc79f767b1b
ddc839308d4c
ddc8d2eb0a0b
ddc96ca5f158
ddca06614335
ddcaa01cffa0
ddcb39d9269b
ddcbd395b826
ddcc6d52b441
ddcd07101aec
ddcda0cdec28
ddce3a8c27f4
ddced44ace52
ddcf6e09df42
ddd007c95ac3
ddd0a18940d6
ddd13b49917b
ddd1d50a4cb4
ddd26ecb727f
ddd3088d02dd
ddd3a24efdcf
ddd43c116354
ddd4d5d4336e
ddd56f976e1c
ddd6095b135f
ddd6a31f2336
ddd73ce39da3
ddd7d6a882a6
ddd8706dd23e
ddd90a338c6c
ddd9a3f9b131
ddda3dc0408c
dddad7873a7e
dddb714e9f08
dddc0b166e29
dddca4dea7e2
dddd3ea74c33
ddddd8705b1d
ddde7239d49f
dddf0c03b8ba
dddfa5ce076e
dde03f98c0bc
dde0d963e4a4
dde1732f7326
dde20cfb6c43
dde2a6c7cffa
dde340949e4c
dde3da61d739
dde4742f7ac2
dde50dfd88e7
dde5a7cc01a8
dde6419ae506
dde6db6a3300
dde77539eb97
dde80f0a0ecc
dde8a8da9c9e
dde942ab950e
dde9dc7cf81c
ddea764ec5c9
ddeb1020fe14
ddeba9f3a0ff
ddec43c6ae89
ddecdd9a26b2
dded776e097c
ddee114256e5
ddeeab170eef
ddef44ec319a
ddefdec1bee6
ddf07897b6d3
ddf1126e1962
ddf1ac44e693
ddf2461c1e66
ddf2dff3c0dc
ddf379cbcdf4
ddf413a445b0
ddf4ad7d280e
ddf547567511
ddf5e1302cb7
ddf67b0a4f02
ddf714e4dbf1
ddf7aebfd385
ddf8489b35bf
ddf8e277029d
ddf97c533a21
ddfa162fdc4c
ddfab00ce91c
ddfb49ea6093
ddfbe3c842b1
ddfc7da68f76
ddfd178546e3
ddfdb16468f7
ddfe4b43f5b3
ddfee523ed17
ddff7f044f24
de0018e51bda
de00b2c65339
de014ca7f542
de01e68a01f4
de02806c7950
de031a4f5b57
de03b432a808
de044e165f64
de04e7fa816b
de0581df0e1e
de061bc4057c
de06b5a96787
de074f8f343d
de07e9756ba1
de08835c0db1
de091d431a6f
de09b72a91da
de0a511273f2
de0aeafac0b9
de0b84e3782e
de0c1ecc9a52
de0cb8b62725
de0d52a01ea7
de0dec8a80d8
de0e86754db9
de0f2060854b
de0fba4c278c
de105438347f
de10ee24ac22
de1188118e77
de1221fedb7d
de12bbec9335
de1355dab59f
de13efc942bb
de1489b83a8a
de1523a79d0c
de15bd976a42
de165787a22b
de16f17844c7
de178b695218
de18255aca1d
de18bf4cacd7
de19593efa46
de19f331b26b
de1a8d24d544
de1b271862d4
de1bc10c5b1a
de1c5b00be16
de1cf4f58bc9
de1d8eeac433
de1e28e06755
de1ec2d6752e
de1f5cccedbe
de1ff6c3d107
de2090bb1f09
de212ab2d7c3
de21c4aafb36
de225ea38963
de22f89c8249
de239295e5e9
de242c8fb443
de24c689ed58
de2560849128
de25fa7f9fb2
de26947b18f8
de272e76fcfa
de27c8734bb8
de2862700531
de28fc6d2968
de29966ab85b
de2a3068b20b
de2aca671678
de2b6465e5a4
de2bfe651f8d
de2c9864c434
de2d3264d39a
de2dcc654dbf
de2e666632a3
de2f00678246
de2f9a693ca9
de30346b61cc
de30ce6df1af
de316870ec53
de32027451b7
de329c7821dd
de33367c5cc4
de33d081026d
de346a8612d8
de35048b8e05
de359e9173f5
de363897c4a7
de36d29e801d
de376ca5a656
de3806ad3753
de38a0b53314
de393abd9999
de39d4c66ae3
de3a6ecfa6f2
de3b08d94dc6
de3ba2e35f5f
de3c3ceddbbe
de3cd6f8c2e4
de3d710414cf
de3e0b0fd181
de3ea51bf8fa
de3f3f288b3b
de3fd9358843
de407342f012
de410d50c2aa
de41a75f000a
de42416da832
de42db7cbb24
de43758c38df
de440f9c2163
de44a9ac74b1
de4543bd32c9
de45ddce5bac
de4677dfef59
de4711f1edd2
de47ac045715
de4846172b24
de48e02a69ff
de497a3e13a6
de4a14522819
de4aae66a759
de4b487b9167
de4be290e641
de4c7ca6a5e9
de4d16bcd05f
de4db0d365a2
de4e4aea65b5
de4ee501d096
de4f7f19a646
de501931e6c5
de50b34a9214
de514d63a833
de51e77d2922
de52819714e2
de531bb16b72
de53b5cc2cd3
de544fe75906
de54ea02f00a
de55841ef1e0
de561e3b5e88
de56b8583603
de5752757851
de57ec932571
de5886b13d65
de5920cfc02d
de59baeeadc8
de5a550e0638
de5aef2dc97c
de5b894df795
de5c236e9083
de5cbd8f9447
de5d57b102e0
de5df1d2dc4f
de5e8bf52094
de5f2617cfb0
de5fc03ae9a3
de605a5e6e6d
de60f4825e0e
de618ea6b887
de6228cb7dd8
de62c2f0ae01
de635d164903
de63f73c4edd
de649162bf91
de652b899b1e
de65c5b0e185
de665fd892c6
de66fa00aee1
de67942935d6
de682e5227a7
de68c87b8453
de6962a54bda
de69fccf7e3d
de6a96fa1b7c
de6b31252397
de6bcb50968f
de6c657c7464
de6cffa8bd15
de6d99d570a5
de6e34028f12
de6ece30185d
de6f685e0c87
de70028c6b8f
de709cbb3576
de7136ea6a3d
de71d11a09e2
de726b4a1468
de73057a89ce
de739fab6a14
de7439dcb53a
de74d40e6b42
de756e408c2b
de76087317f6
de76a2a60ea2
de773cd97030
de77d70d3ca1
de78714173f4
de790b76162b
de79a5ab2344
de7a3fe09b42
de7ada167e23
de7b744ccbe8
de7c0e838491
de7ca8baa820
de7d42f23693
de7ddd2a2fec
de7e7762942a
de7f119b634e
de7fabd49d58
de80460e4249
de80e0485220
de817a82ccdf
de8214bdb284
de82aef90312
de834934be87
de83e370e4e4
de847dad762a
de8517ea7259
de85b227d970
de864c65ab72
de86e6a3e85c
de8780e29031
de881b21a2f0
de88b5612099
de894fa1092d
de89e9e15cac
de8a84221b17
de8b1e63446d
de8bb8a4d8af
de8c52e6d7dd
de8ced2941f8
de8d876c1700
de8e21af56f5
de8ebbf301d7
de8f563717a7
de8ff07b9864
de908ac08411
de912505daab
de91bf4b9c35
de925991c8ad
de92f3d86015
de938e1f626d
de942866cfb5
de94c2aea7ed
de955cf6eb16
de95f73f992f
de969188b23a
de972bd23636
de97c61c2524
de9860667f04
de98fab143d6
de9994fc739a
de9a2f480e52
de9ac99413fd
de9b63e0849b
de9bfe2d602d
de9c987aa6b4
de9d32c8582e
de9dcd16749d
de9e6764fc01
de9f01b3ee5a
de9f9c034ba9
dea0365313ee
dea0d0a34728
dea16af3e559
dea20544ee81
dea29f9662a0
dea339e841b6
dea3d43a8bc3
dea46e8d40c8
dea508e060c5
dea5a333ebbb
dea63d87e1a9
dea6d7dc4291
dea772310e71
dea80c86454c
dea8a6dbe720
dea94131f3ee
dea9db886bb6
deaa75df4e7a
deab10369c38
deabaa8e54f2
deac44e678a7
deacdf3f0758
dead79980105
deae13f165af
deaeae4b3555
deaf48a56ff9
deafe3001599
deb07d5b2638
deb117b6a1d4
deb1b212886e
deb24c6eda07
deb2e6cb969f
deb38128be36
deb41b8650cc
deb4b5e44e62
deb55042b6f7
deb5eaa18a8d
deb68500c924
deb71f6072bb
deb7b9c08753
deb8542106ed
deb8ee81f188
deb988e34726
deba234507c5
debabda73367
debb5809ca0c
debbf26ccbb4
debc8cd03860
debd2734100f
debdc19852c2
debe5bfd0079
debef6621935
debf90c79cf6
dec02b2d8bbc
dec0c593e587
dec15ffaaa58
dec1fa61da2f
dec294c9750d
dec32f317af1
dec3c999ebdc
dec46402c7ce
dec4fe6c0ec7
dec598d5c0c9
dec6333fddd2
dec6cdaa65e4
dec7681558fe
dec80280b721
dec89cec804d
dec93758b483
dec9d1c553c3
deca6c325e0d
decb069fd361
decba10db3c0
decc3b7bff29
deccd5eab59e
decd7059d71f
dece0ac963ab
decea5395b43
decf3fa9bde8
decfda1a8b99
ded0748bc458
ded10efd6823
ded1a96f76fd
ded243e1f0e4
ded2de54d5d9
ded378c825dc
ded4133be0ef
ded4adb00710
ded548249840
ded5e2999481
ded67d0efbd1
ded71784ce31
ded7b1fb0ba1
ded84c71b423
ded8e6e8c7b5
ded981604659
deda1bd8300e
dedab65084d5
dedb50c944af
dedbeb426f9a
dedc85bc0599
dedd203606ab
deddbab072d0
dede552b4a08
dedeefa68c55
dedf8a2239b6
dee0249e522b
dee0bf1ad5b5
dee15997c454
dee1f4151e09
dee28e92e2d3
dee3291112b3
dee3c38fadaa
dee45e0eb3b7
dee4f88e24db
dee5930e0116
dee62d8e4868
dee6c80efad2
dee762901854
dee7fd11a0ee
dee8979394a1
dee93215f36d
dee9cc98bd52
deea671bf250
deeb019f9268
deeb9c239d9a
deec36a813e6
deecd12cf54d
deed6bb241cf
deee0637f96c
deeea0be1c24
deef3b44a9f9
deefd5cba2e9
def0705306f5
def10adad61f
def1a5631065
def23febb5c8
def2da74c649
def374fe41e7
def40f8828a4
def4aa127a7f
def5449d3779
def5df285f92
def679b3f2c9
def7143ff121
def7aecc5a98
def849592f2f
def8e3e66ee7
def97e7419bf
defa19022fb9
defab390b0d4
defb4e1f9d10
defbe8aef46e
defc833eb6ee
defd1dcee491
defdb85f7d56
defe52f0813e
defeed81f04a
deff8813ca79
df0022a60fcc
df00bd38c043
df0157cbdbdf
df01f25f62a0
df028cf35485
df032787b190
df03c21c79c0
df045cb1ad17
df04f7474b93
df0591dd5536
df062c73ca00
df06c70aa9f1
df0761a1f509
df07fc39ab49
df0896d1ccb1
df09316a5941
df09cc0350fa
df0a669cb3db
df0b013681e6
df0b9bd0bb19
df0c366b5f77
df0cd1066eff
df0d6ba1e9b0
df0e063dcf8d
df0ea0da2094
df0f3b76dcc6
df0fd6140424
df1070b196ad
df110b4f9463
df11a5edfd44
df12408cd153
df12db2c108e
df1375cbbaf6
df14106bd08c
df14ab0c5150
df1545ad3d41
df15e04e9461
df167af056af
df171592842d
df17b0351cd9
df184ad820b6
df18e57b8fc1
df19801f69fd
df1a1ac3af6a
df1ab5686006
df1b500d7bd4
df1beab302d3
df1c8558f504
df1d1fff5266
df1dbaa61afb
df1e554d4ec2
df1eeff4edbb
df1f8a9cf7e8
df2025456d47
df20bfee4ddb
df215a9799a2
df21f541509d
df228feb72cd
df232a960031
df23c540f8cb
df245fec5c99
df24fa982b9e
df25954465d8
df262ff10b48
df26ca9e1bef
df27654b97cc
df27fff97ee1
df289aa7d12c
df2935568eb0
df29d005b76b
df2a6ab54b5f
df2b05654a8b
df2ba015b4f0
df2c3ac68a8d
df2cd577cb65
df2d70297775
df2e0adb8ec0
df2ea58e1145
df2f4040ff05
df2fdaf457ff
df3075a81c34
df31105c4ba5
df31ab10e652
df3245c5ec3a
df32e07b5d5f
df337b3139c0
df3415e7815e
df34b09e3439
df354b555252
df35e60cdba8
df3680c4d03c
df371b7d300f
df37b635fb20
df3850ef3170
df38eba8d2ff
df398662dfce
df3a211d57dc
df3abbd83b2b
df3b569389b9
df3bf14f4389
df3c8c0b6899
df3d26c7f8ea
df3dc184f47d
df3e5c425b52
df3ef7002d69
df3f91be6ac2
df402c7d135e
df40c73c273c
df4161fba65e
df41fcbb90c4
df42977be66d
df43323ca75a
df43ccfdd38c
df4467bf6b02
df4502816dbe
df459d43dbbe
df463806b505
df46d2c9f991
df476d8da963
df480851c47b
df48a3164ada
df493ddb3c81
df49d8a0996e
df4a736661a3
df4b0e2c9520
df4ba8f333e6
df4c43ba3df3
df4cde81b34a
df4d794993e9
df4e1411dfd2
df4eaeda9704
df4f49a3b980
df4fe46d4747
df507f374058
df511a01a4b3
df51b4cc745a
df524f97af4c
df52ea63558a
df53852f6714
df541ffbe3ea
df54bac8cc0c
df5555961f7b
df55f063de38
df568b320842
df5726009d99
df57c0cf9e3e
df585b9f0a32
df58f66ee174
df59913f2405
df5a2c0fd1e6
df5ac6e0eb15
df5b61b26f95
df5bfc845f64
df5c9756ba84
df5d322980f4
df5dccfcb2b5
df5e67d04fc7
df5f02a4582b
df5f9d78cbe0
df60384daae8
df60d322f542
df616df8aaee
df6208cecbee
df62a3a55840
df633e7c4fe6
df63d953b2e0
df64742b812e
df650f03bad1
df65a9dc5fc8
df6644b57014
df66df8eebb5
df677a68d2ab
df68154324f8
df68b01de29b
df694af90b94
df69e5d49fe3
df6a80b09f8a
df6b1b8d0a88
df6bb669e0dd
df6c5147228b
df6cec24cf90
df6d8702e7ee
df6e21e16ba5
df6ebcc05ab5
df6f579fb51e
df6ff27f7ae0
df708d5fabfd
df7128404873
df71c3215044
df725e02c370
df72f8e4a1f7
df7393c6ebd9
df742ea9a117
df74c98cc1b1
df7564704da7
df75ff5444fa
df769a38a7a9
df77351d75b6
df77d002af1f
df786ae853e7
df7905ce640c
df79a0b4df90
df7a3b9bc672
df7ad68318b3
df7b716ad653
df7c0c52ff53
df7ca73b93b2
df7d42249371
df7ddd0dfe91
df7e77f7d511
df7f12e216f2
df7fadccc434
df8048b7dcd8
df80e3a360dd
df817e8f5044
df82197bab0e
df82b468713a
df834f55a2c9
df83ea433fbc
df8485314812
df85201fbbcb
df85bb0e9ae9
df8655fde56b
df86f0ed9b51
df878bddbc9d
df8826ce494e
df88c1bf4164
df895cb0a4e0
df89f7a273c3
df8a9294ae0b
df8b2d8753bb
df8bc87a64d1
df8c636de14e
df8cfe61c933
df8d99561c80
df8e344adb35
df8ecf400553
df8f6a359ad9
df90052b9bc8
df90a0220821
df913b18dfe3
df91d610230f
df927107d1a5
df930bffeba6
df93a6f87111
df9441f161e7
df94dceabe29
df9577e485d7
df9612deb8f0
df96add95775
df9748d46167
df97e3cfd6c6
df987ecbb792
df9919c803cb
df99b4c4bb72
df9a4fc1de87
df9aeabf6d0a
df9b85bd66fb
df9c20bbcc5c
df9cbbba9d2b
df9d56b9d96a
df9df1b98119
df9e8cb99437
df9f27ba12c6
df9fc2bafcc6
dfa05dbc5236
dfa0f8be1317
dfa193c03f6a
dfa22ec2d72f
dfa2c9c5da66
dfa364c9490f
dfa3ffcd232a
dfa49ad168b9
dfa535d619ba
dfa5d0db362f
dfa66be0be18
dfa706e6b175
dfa7a1ed1047
dfa83cf3da8d
dfa8d7fb1047
dfa97302b178
dfaa0e0abe1d
dfaaa9133639
dfab441c19ca
dfabdf2568d2
dfac7a2f2351
dfad15394946
dfadb043dab3
dfae4b4ed797
dfaee65a3ff4
dfaf816613c8
dfb01c725315
dfb0b77efdda
dfb1528c1419
dfb1ed9995d0
dfb288a78302
dfb323b5dbad
dfb3bec49fd2
dfb459d3cf72
dfb4f4e36a8d
dfb58ff37123
dfb62b03e334
dfb6c614c0c0
dfb7612609c9
dfb7fc37be4e
dfb89749de4f
dfb9325c69cd
dfb9cd6f60c8
dfba6882c341
dfbb03969137
dfbb9eaacaab
dfbc39bf6f9d
dfbcd4d4800e
dfbd6fe9fbfe
dfbe0affe36d
dfbea616365b
dfbf412cf4c9
dfbfdc441eb7
dfc0775bb425
dfc11273b514
dfc1ad8c2183
dfc248a4f974
dfc2e3be3ce6
dfc37ed7ebda
dfc419f20650
dfc4b50c8c49
dfc550277dc4
dfc5eb42dac2
dfc6865ea343
dfc7217ad747
dfc7bc9776cf
dfc857b481dc
dfc8f2d1f86c
dfc98defda82
dfca290e281c
dfcac42ce13c
dfcb5f4c05e1
dfcbfa6b960c
dfcc958b91bd
dfcd30abf8f4
dfcdcbcccbb2
dfce66ee09f7
dfcf020fb3c3
dfcf9d31c917
dfd0385449f3
dfd0d3773657
dfd16e9a8e43
dfd209be51b8
dfd2a4e280b6
dfd340071b3d
dfd3db2c214e
dfd4765192e9
dfd51177700e
dfd5ac9db8be
dfd647c46cf8
dfd6e2eb8cbd
dfd77e13180e
dfd8193b0eea
dfd8b4637152
dfd94f8c3f47
dfd9eab578c7
dfda85df1dd5
dfdb21092e70
dfdbbc33aa98
dfdc575e924e
dfdcf289e592
dfdd8db5a464
dfde28e1cec5
dfdec40e64b4
dfdf5f3b6633
dfdffa68d341
dfe09596abde
dfe130c4f00c
dfe1cbf39fca
dfe26722bb19
dfe3025241f8
dfe39d823469
dfe438b2926b
dfe4d3e35bff
dfe56f149125
dfe60a4631dd
dfe6a5783e28
dfe740aab606
dfe7dbdd9977
dfe87710e87b
dfe91244a314
dfe9ad78c940
dfea48ad5b01
dfeae3e25856
dfeb7f17c141
dfec1a4d95c0
dfecb583d5d5
dfed50ba8180
dfedebf198c1
dfee87291b99
dfef22610a07
dfefbd99640c
dff058d229a9
dff0f40b5add
dff18f44f7a9
dff22a7f000d
dff2c5b9740a
dff360f4539f
dff3fc2f9ecd
dff4976b5595
dff532a777f6
dff5cde405f1
dff66920ff87
dff7045e64b7
dff79f9c3581
dff83ada71e7
dff8d61919e8
dff971582d85
dffa0c97acbd
dffaa7d79792
dffb4317ee04
dffbde58b012
dffc7999ddbd
dffd14db7706
dffdb01d7bed
dffe4b5fec71
dffee6a2c894
dfff81e61055
e0001d29c3b6
e000b86de2b5
e00153b26d54
e001eef76392
e0028a3cc571
e003258292f0
e003c0c8cc0f
e0045c0f70cf
e004f7568131
e005929dfd34
e0062de5e4d9
e006c92e3820
e0076476f709
e007ffc02195
e0089b09b7c4
e0093653b996
e009d19e270b
e00a6ce90025
e00b083444e2
e00ba37ff544
e00c3ecc114b
e00cda1898f6
e00d75658c47
e00e10b2eb3e
e00eac00b5da
e00f474eec1c
e00fe29d8e05
e0107dec9b95
e011193c14cb
e011b48bf9a9
e0124fdc4a2f
e012eb2d065c
e013867e2e32
e01421cfc1b0
e014bd21c0d7
e01558742ba7
e015f3c70220
e0168f1a4443
e0172a6df210
e017c5c20b87
e018611690a9
e018fc6b8175
e01997c0dded
e01a3316a60f
e01ace6cd9de
e01b69c37959
e01c051a847f
e01ca071fb53
e01d3bc9ddd3
e01dd7222c00
e01e727ae5db
e01f0dd40b64
e01fa92d9c9a
e0204487997f
e020dfe20213
e0217b3cd655
e02216981647
e022b1f3c1e8
e0234d4fd939
e023e8ac5c39
e02484094aeb
e0251f66a54d
e025bac46b5f
e02656229d23
e026f1813a99
e0278ce043c0
e028283fb89a
e028c39f9925
e0295effe564
e029fa609d55
e02a95c1c0fa
e02b31235052
e02bcc854b5f
e02c67e7b21f
e02d034a8494
e02d9eadc2bd
e02e3a116c9c
e02ed575822f
e02f70da0379
e0300c3ef078
e030a7a4492d
e031430a0d99
e031de703dbc
e03279d6d996
e033153de127
e033b0a55470
e0344c0d3370
e034e7757e29
e03582de349b
e0361e4756c5
e036b9b0e4a8
e037551ade45
e037f085439b
e0388bf014ac
e039275b5176
e039c2c6f9fb
e03a5e330e3b
e03af99f8e37
e03b950c79ed
e03c3079d160
e03ccbe7948e
e03d6755c379
e03e02c45e20
e03e9e336484
e03f39a2d6a5
e03fd512b484
e0407082fe21
e0410bf3b37b
e041a764d494
e04242d6616c
e042de485a02
e04379babe58
e044152d8e6d
e044b0a0ca43
e0454c1471d8
e045e788852d
e04682fd0444
e0471e71ef1b
e047b9e745b3
e048555d080d
e048f0d33629
e0498c49d007
e04a27c0d5a8
e04ac338470b
e04b5eb02431
e04bfa286d1b
e04c95a121c8
e04d311a4239
e04dcc93ce6e
e04e680dc668
e04f03882a27
e04f9f02f9aa
e0503a7e34f3
e050d5f9dc02
e0517175eed6
e0520cf26d71
e052a86f57d2
e05343ecadfa
e053df6a6fe9
e0547ae89da0
e0551667371e
e055b1e63c64
e0564d65ad72
e056e8e58a49
e0578465d2e9
e0581fe68752
e058bb67a785
e05956e93381
e059f26b2b47
e05a8ded8ed8
e05b29705e33
e05bc4f39959
e05c6077404a
e05cfbfb5307
e05d977fd18f
e05e3304bbe4
e05ece8a1205
e05f6a0fd3f2
e060059601ad
e060a11c9b34
e0613ca3a08a
e061d82b11ad
e06273b2ee9e
e0630f3b375d
e063aac3ebec
e064464d0c49
e064e1d69875
e0657d609071
e06618eaf43d
e066b475c3d9
e0675000ff46
e067eb8ca683
e0688718b991
e06922a53871
e069be322322
e06a59bf79a5
e06af54d3bfb
e06b90db6a22
e06c2c6a041d
e06cc7f909eb
e06d63887b8b
e06dff185900
e06e9aa8a249
e06f36395766
e06fd1ca7857
e0706d5c051d
e07108edfdb8
e071a4806229
e07240133270
e072dba66e8c
e073773a167f
e07412ce2a48
e074ae62a9e8
e07549f7955f
e075e58cecae
e0768122afd4
e0771cb8ded3
e077b84f79aa
e07853e68059
e078ef7df2e1
e0798b15d143
e07a26ae1b7e
e07ac246d193
e07b5ddff382
e07bf979814b
e07c95137aef
e07d30ade06e
e07dcc48b1c8
e07e67e3eefe
e07f037f980f
e07f9f1bacfd
e0803ab82dc7
e080d6551a6e
e08171f272f1
e0820d903752
e082a92e6791
e08344cd03ad
e083e06c0ba8
e0847c0b7f81
e08517ab5f39
e085b34baad0
e0864eec6246
e086ea8d859c
e087862f14d2
e08821d10fe8
e088bd7376de
e089591649b6
e089f4b9886e
e08a905d3308
e08b2c014983
e08bc7a5cbe1
e08c634aba20
e08cfef01442
e08d9a95da47
e08e363c0c30
e08ed1e2a9fb
e08f6d89b3aa
e0900931293e
e090a4d90ab5
e09140815812
e091dc2a1153
e09277d33679
e093137cc785
e093af26c476
e0944ad12d4e
e094e67c020c
e095822742b0
e0961dd2ef3c
e096b97f07ae
e097552b8c08
e097f0d87c4a
e0988c85d875
e0992833a087
e099c3e1d482
e09a5f907466
e09afb3f8034
e09b96eef7eb
e09c329edb8b
e09cce4f2b16
e09d69ffe68c
e09e05b10dec
e09ea162a137
e09f3d14a06e
e09fd8c70b90
e0a07479e29e
e0a1102d2598
e0a1abe0d47e
e0a24794ef52
e0a2e3497612
e0a37efe68c0
e0a41ab3c75c
e0a4b66991e5
e0a5521fc85d
e0a5edd66ac3
e0a6898d7918
e0a72544f35c
e0a7c0fcd98f
e0a85cb52bb3
e0a8f86de9c6
e0a9942713c9
e0aa2fe0a9bd
e0aacb9aaba2
e0ab67551978
e0ac030ff340
e0ac9ecb38f9
e0ad3a86eaa4
e0add6430842
e0ae71ff91d2
e0af0dbc8755
e0afa979e8cc
e0b04537b636
e0b0e0f5ef93
e0b17cb494e5
e0b21873a62b
e0b2b4332366
e0b34ff30c95
e0b3ebb361ba
e0b4877422d5
e0b523354fe5
e0b5bef6e8ec
e0b65ab8ede9
e0b6f67b5edc
e0b7923e3bc7
e0b82e0184a9
e0b8c9c53982
e0b965895a53
e0ba014de71d
e0ba9d12dfdf
e0bb38d8449a
e0bbd49e154d
e0bc706451fb
e0bd0c2afaa1
e0bda7f20f42
e0be43b98fdd
e0bedf817c72
e0bf7b49d503
e0c01712998e
e0c0b2dbca15
e0c14ea56697
e0c1ea6f6f15
e0c28639e390
e0c32204c407
e0c3bdd0107b
e0c4599bc8ec
e0c4f567ed5b
e0c591347dc7
e0c62d017a32
e0c6c8cee29a
e0c7649cb702
e0c8006af768
e0c89c39a3cd
e0c93808bc32
e0c9d3d84096
e0ca6fa830fb
e0cb0b788d60
e0cba74955c6
e0cc431a8a2d
e0ccdeec2a94
e0cd7abe36fe
e0ce1690af69
e0ceb26393d6
e0cf4e36e446
e0cfea0aa0b8
e0d085dec92e
e0d121b35da7
e0d1bd885e23
e0d2595dcaa3
e0d2f533a327
e0d39109e7b0
e0d42ce0983e
e0d4c8b7b4d0
e0d5648f3d68
e0d600673206
e0d69c3f92a9
e0d738185f53
e0d7d3f19803
e0d86fcb3cba
e0d90ba54d78
e0d9a77fca3d
e0da435ab30a
e0dadf3607df
e0db7b11c8bc
e0dc16edf5a2
e0dcb2ca8e91
e0dd4ea79389
e0ddea85048a
e0de8662e195
e0df22412aaa
e0dfbe1fdfc9
e0e059ff00f3
e0e0f5de8e27
e0e191be8767
e0e22d9eecb3
e0e2c97fbe0a
e0e36560fb6d
e0e40142a4dd
e0e49d24ba59
e0e539073be2
e0e5d4ea2978
e0e670cd831c
e0e70cb148ce
e0e7a8957a8e
e0e8447a185c
e0e8e05f2239
e0e97c449825
e0ea182a7a20
e0eab410c82b
e0eb4ff78245
e0ebebdea870
e0ec87c63aab
e0ed23ae38f7
e0edbf96a354
e0ee5b7f79c2
e0eef768bc42
e0ef93526ad4
e0f02f3c8578
e0f0cb270c2e
e0f16711fef8
e0f202fd5dd4
e0f29ee928c4
e0f33ad55fc7
e0f3d6c202df
e0f472af120a
e0f50e9c8d4a
e0f5aa8a749f
e0f64678c80a
e0f6e2678789
e0f77e56b31e
e0f81a464aca
e0f8b6364e8b
e0f95226be63
e0f9ee179a52
e0fa8a08e259
e0fb25fa9676
e0fbc1ecb6ac
e0fc5ddf42f9
e0fcf9d23b5f
e0fd95c59fde
e0fe31b97075
e0fecdadad26
e0ff69a255f0
e10005976ad4
e100a18cebd2
e1013d82d8eb
e101d979321e
e102756ff76c
e103116728d5
e103ad5ec65a
e1044956cffb
e104e54f45b8
e10581482792
e1061d417588
e106b93b2f9b
e107553555cc
e107f12fe81a
e1088d2ae686
e10929265110
e109c52227b9
e10a611e6a81
e10afd1b1967
e10b9918346d
e10c3515bb93
e10cd113aed9
e10d6d120e3e
e10e0910d9c5
e10ea510116c
e10f410fb535
e10fdd0fc51e
e1107910412a
e11115112958
e111b1127da7
e1124d143e1a
e112e9166aaf
e11385190368
e114211c0844
e114bd1f7943
e11559235667
e115f5279faf
e116912c551c
e1172d3176ae
e117c9370465
e118653cfe41
e11901436444
e1199d4a366c
e11a395174bb
e11ad5591f30
e11b716135cd
e11c0d69b891
e11ca972a77c
e11d457c028f
e11de185c9cb
e11e7d8ffd2e
e11f199a9cbb
e11fb5a5a871
e12051b1204f
e120edbd0458
e12189c9548a
e12225d610e7
e122c1e3396e
e1235df0ce20
e123f9fecefd
e124960d3c06
e125321c153a
e125ce2b5a9a
e1266a3b0c26
e127064b29df
e127a25bb3c5
e1283e6ca9d8
e128da7e0c18
e129768fda86
e12a12a21522
e12aaeb4bbec
e12b4ac7cee5
e12be6db4e0d
e12c82ef3964
e12d1f0390ea
e12dbb1854a1
e12e572d8487
e12ef343209e
e12f8f5928e5
e1302b6f9d5d
e130c7867e07
e131639dcae2
e131ffb583ef
e1329bcda92e
e13337e63a9f
e133d3ff3843
e1347018a21a
e1350c327824
e135a84cba62
e136446768d4
e136e082837a
e1377c9e0a55
e13818b9fd64
e138b4d65ca8
e13950f32822
e139ed105fd1
e13a892e03b6
e13b254c13d1
e13bc16a9023
e13c5d8978ac
e13cf9a8cd6c
e13d95c88e63
e13e31e8bb92
e13ece0954f8
e13f6a2a5a97
e140064bcc6f
e140a26daa80
e1413e8ff4c9
e141dab2ab4c
e14276d5ce09
e14312f95d00
e143af1d5831
e1444b41bf9d
e144e7669344
e145838bd325
e1461fb17f43
e146bbd7979c
e14757fe1c31
e147f4250d03
e148904c6a11
e1492c74335c
e149c89c68e5
e14a64c50aab
e14b00ee18af
e14b9d1792f1
e14c39417971
e14cd56bcc30
e14d71968b2e
e14e0dc1b66c
e14ea9ed4de9
e14f461951a6
e14fe245c1a3
e1507e729de0
e1511a9fe65f
e151b6cd9b1e
e15252fbbc1f
e152ef2a4961
e1538b5942e5
e1542788a8ac
e154c3b87ab5
e1555fe8b901
e155fc196390
e156984a7a62
e157347bfd79
e157d0adecd3
e1586ce04871
e15909131054
e159a546447c
e15a4179e4e9
e15addadf19b
e15b79e26a94
e15c16174fd2
e15cb24ca157
e15d4e825f22
e15deab88934
e15e86ef1f8d
e15f2326222e
e15fbf5d9117
e1605b956c48
e160f7cdb3c1
e16194066783
e162303f878e
e162cc7913e2
e16368b30c7f
e16404ed7167
e164a1284298
e1653d638015
e165d99f29db
e16675db3fed
e1671217c24a
e167ae54b0f3
e1684a920be8
e168e6cfd329
e169830e06b6
e16a1f4ca690
e16abb8bb2b8
e16b57cb2b2c
e16bf40b0fef
e16c904b60ff
e16d2c8c1e5d
e16dc8cd480b
e16e650ede06
e16f0150e051
e16f9d934eec
e17039d629d6
e170d6197110
e171725d249b
e1720ea14476
e172aae5d0a2
e173472ac91f
e173e3702dee
e1747fb5ff0e
e1751bfc3c81
e175b842e646
e1765489fc5d
e176f0d17ec8
e1778d196d85
e1782961c897
e178c5aa8ffc
e17961f3c3b5
e179fe3d63c2
e17a9a877025
e17b36d1e8dc
e17bd31ccde9
e17c6f681f4b
e17d0bb3dd03
e17da8000711
e17e444c9d76
e17ee099a031
e17f7ce70f44
e1801934eaad
e180b583326f
e18151d1e688
e181ee2106fa
e1828a7093c4
e18326c08ce7
e183c310f263
e1845f61c439
e184fbb30268
e1859804acf1
e1863456c3d4
e186d0a94712
e1876cfc36ab
e188094f929f
e188a5a35aef
e18941f78f9a
e189de4c30a1
e18a7aa13e05
e18b16f6b7c5
e18bb34c9de2
e18c4fa2f05d
e18cebf9af35
e18d8850da6a
e18e24a871fe
e18ec10075f0
e18f5d58e641
e18ff9b1c2f1
e190960b0c00
e1913264c16e
e191cebee33d
e1926b19716c
e19307746bfb
e193a3cfd2ea
e194402ba63b
e194dc87e5ed
e19578e49201
e1961541aa77
e196b19f2f4f
e1974dfd2089
e197ea5b7e26
e19886ba4827
e19923197e8a
e199bf792151
e19a5bd9307d
e19af839ac0c
e19b949a9400
e19c30fbe859
e19ccd5da917
e19d69bfd63b
e19e06226fc4
e19ea28575b3
e19f3ee8e809
e19fdb4cc6c5
e1a077b111e8
e1a11415c972
e1a1b07aed64
e1a24ce07dbd
e1a2e9467a7f
e1a385ace3a9
e1a42213b93b
e1a4be7afb37
e1a55ae2a99b
e1a5f74ac46a
e1a693b34ba2
e1a7301c3f44
e1a7cc859f51
e1a868ef6bc8
e1a90559a4ab
e1a9a1c449f8
e1aa3e2f5bb1
e1aada9ad9d7
e1ab7706c468
e1ac13731b66
e1acafdfded0
e1ad4c4d0ea8
e1ade8baaaed
e1ae8528b3a0
e1af219728c0
e1afbe060a4f
e1b05a75584d
e1b0f6e512b9
e1b193553994
e1b22fc5ccdf
e1b2cc36cc99
e1b368a838c4
e1b4051a115e
e1b4a18c566a
e1b53dff07e6
e1b5da7225d3
e1b676e5b032
e1b71359a703
e1b7afce0a45
e1b84c42d9fa
e1b8e8b81622
e1b9852dbebc
e1ba21a3d3ca
e1babe1a554c
e1bb5a914341
e1bbf7089daa
e1bc93806487
e1bd2ff897da
e1bdcc7137a1
e1be68ea43de
e1bf0563bc90
e1bfa1dda1b8
e1c03e57f356
e1c0dad2b16b
e1c1774ddbf6
e1c213c972f9
e1c2b0457672
e1c34cc1e664
e1c3e93ec2cd
e1c485bc0baf
e1c52239c109
e1c5beb7e2dc
e1c65b367128
e1c6f7b56bed
e1c79434d32c
e1c830b4a6e5
e1c8cd34e719
e1c969b593c6
e1ca0636acef
e1caa2b83293
e1cb3f3a24b3
e1cbdbbc834e
e1cc783f4e65
e1cd14c285f8
e1cdb1462a08
e1ce4dca3a95
e1ceea4eb7a0
e1cf86d3a127
e1d02358f72d
e1d0bfdeb9b1
e1d15c64e8b3
e1d1f8eb8433
e1d295728c33
e1d331fa00b2
e1d3ce81e1b1
e1d46b0a2f2f
e1d50792e92d
e1d5a41c0fac
e1d640a5a2ac
e1d6dd2fa22d
e1d779ba0e2f
e1d81644e6b3
e1d8b2d02bb8
e1d94f5bdd40
e1d9ebe7fb4a
e1da887485d7
e1db25017ce8
e1dbc18ee07b
e1dc5e1cb092
e1dcfaaaed2e
e1dd9739964d
e1de33c8abf1
e1ded0582e1a
e1df6ce81cc8
e1e0097877fc
e1e0a6093fb5
e1e1429a73f4
e1e1df2c14ba
e1e27bbe2206
e1e318509bd9
e1e3b4e38233
e1e45176d515
e1e4ee0a947f
e1e58a9ec070
e1e6273358ea
e1e6c3c85ded
e1e7605dcf79
e1e7fcf3ad8e
e1e89989f82c
e1e93620af54
e1e9d2b7d307
e1ea6f4f6344
e1eb0be7600b
e1eba87fc95e
e1ec45189f3c
e1ece1b1e1a6
e1ed7e4b909b
e1ee1ae5ac1d
e1eeb780342b
e1ef541b28c6
e1eff0b689ee
e1f08d5257a3
e1f129ee91e6
e1f1c68b38b7
e1f263284c17
e1f2ffc5cc05
e1f39c63b881
e1f43902118d
e1f4d5a0d728
e1f572400953
e1f60edfa80e
e1f6ab7fb35a
e1f748202b36
e1f7e4c10fa2
e1f8816260a0
e1f91e041e30
e1f9baa64851
e1fa5748df05
e1faf3ebe24a
e1fb908f5223
e1fc2d332e8e
e1fcc9d7778d
e1fd667c2d1f
e1fe03214f45
e1fe9fc6ddff
e1ff3c6cd94d
e1ffd9134131
e20075ba15a9
e201126156b7
e201af09045a
e2024bb11e93
e202e859a562
e203850298c8
e20421abf8c5
e204be55c558
e2055afffe83
e205f7aaa446
e2069455b6a1
e20731013594
e207cdad211f
e2086a597943
e20907063e01
e209a3b36f57
e20a40610d48
e20add0f17d3
e20b79bd8ef7
e20c166c72b7
e20cb31bc311
e20d4fcb8007
e20dec7ba998
e20e892c3fc5
e20f25dd428e
e20fc28eb1f3
e2105f408df5
e210fbf2d694
e21198a58bd0
e2123558adaa
e212d20c3c21
e2136ec03737
e2140b749eeb
e214a829733e
e21544deb42f
e215e19461c1
e2167e4a7bf1
e2171b0102c2
e217b7b7f633
e218546f5644
e218f12722f6
e2198ddf5c49
e21a2a98023e
e21ac75114d4
e21b640a940c
e21c00c47fe6
e21c9d7ed863
e21d3a399d83
e21dd6f4cf46
e21e73b06dac
e21f106c78b6
e21fad28f064
e22049e5d4b7
e220e6a325ae
e2218360e34a
e222201f0d8b
e222bcdda471
e223599ca7fe
e223f65c1830
e224931bf509
e2252fdc3e88
e225cc9cf4ae
e226695e177c
e227061fa6f1
e227a2e1a30e
e2283fa40bd3
e228dc66e141
e229792a2357
e22a15edd217
e22ab2b1ed7f
e22b4f767591
e22bec3b6a4e
e22c8900cbb4
e22d25c699c5
e22dc28cd480
e22e5f537be7
e22efc1a8ff9
e22f98e210b7
e23035a9fe20
e230d2725836
e2316f3b1ef9
e2320c045268
e232a8cdf284
e2334597ff4e
e233e26278c6
e2347f2d5eeb
e2351bf8b1bf
e235b8c47142
e23655909d73
e236f25d3654
e2378f2a3be4
e2382bf7ae24
e238c8c58d14
e2396593d8b4
e23a02629105
e23a9f31b607
e23b3c0147ba
e23bd8d1461f
e23c75a1b135
e23d127288fe
e23daf43cd79
e23e4c157ea7
e23ee8e79c88
e23f85ba271c
e240228d1e64
e240bf608260
e2415c345310
e241f9089074
e24295dd3a8e
e24332b2515c
e243cf87d4e0
e2446c5dc519
e24509342208
e245a60aebae
e24642e2220a
e246dfb9c51d
e2477c91d4e7
e248196a5168
e248b6433aa2
e249531c9093
e249eff6533d
e24a8cd0829f
e24b29ab1eba
e24bc686278e
e24c63619d1c
e24d003d7f64
e24d9d19ce65
e24e39f68a22
e24ed6d3b298
e24f73b147ca
e250108f49b7
e250ad6db860
e2514a4c93c4
e251e72bdbe5
e252840b90c2
e25320ebb25b
e253bdcc40b2
e2545aad3bc6
e254f78ea398
e25594707827
e2563152b975
e256ce356781
e2576b18824d
e25807fc09d7
e258a4dffe20
e25941c45f2a
e259dea92cf3
e25a7b8e677c
e25b18740ec6
e25bb55a22d1
e25c5240a39d
e25cef27912b
e25d8c0eeb7a
e25e28f6b28b
e25ec5dee65f
e25f62c786f5
e25fffb0944e
e2609c9a0e6b
e2613983f54b
e261d66e48ee
e26273590956
e26310443682
e263ad2fd073
e2644a1bd729
e264e7084aa4
e26583f52ae5
e26620e277eb
e266bdd031b8
e2675abe584b
e267f7aceba5
e268949bebc6
e269318b58ae
e269ce7b325e
e26a6b6b78d6
e26b085c2c16
e26ba54d4c1f
e26c423ed8f0
e26cdf30d28a
e26d7c2338ee
e26e19160c1c
e26eb6094c13
e26f52fcf8d5
e26feff11262
e2708ce598b9
e27129da8bdb
e271c6cfebc9
e27263c5b883
e27300bbf209
e2739db2985b
e2743aa9ab79
e274d7a12b65
e2757499181e
e276119171a4
e276ae8a37f8
e2774b836b1b
e277e87d0b0b
e278857717cb
e27922719159
e279bf6c77b7
e27a5c67cae4
e27af9638ae1
e27b965fb7ae
e27c335c514c
e27cd05957bb
e27d6d56cafa
e27e0a54ab0b
e27ea752f7ee
e27f4451b1a2
e27fe150d829
e2807e506b82
e2811b506bae
e281b850d8ae
e2825551b280
e282f252f927
e2838f54aca1
e2842c56ccf0
e284c9595a13
e285665c540b
e286035fbad9
e286a0638e7b
e2873d67cef4
e287da6c7c43
e28877719668
e28914771d63
e289b17d1136
e28a4e8371e0
e28aeb8a3f61
e28b889179ba
e28c259920ec
e28cc2a134f5
e28d5fa9b5d8
e28dfcb2a393
e28e99bbfe28
e28f36c5c597
e28fd3cff9df
e29070da9b01
e2910de5a8fe
e291aaf123d6
e29247fd0b89
e292e5096017
e29382162181
e2941f234fc7
e294bc30eae9
e295593ef2e8
e295f64d67c3
e296935c497c
e297306b9812
e297cd7b5386
e2986a8b7bd8
e299079c1108
e299a4ad1317
e29a41be8204
e29aded05dd1
e29b7be2a67d
e29c18f55c0a
e29cb6087e76
e29d531c0dc2
e29df03009f0
e29e8d4472fe
e29f2a5948ee
e29fc76e8bbf
e2a064843b72
e2a1019a5807
e2a19eb0e17e
e2a23bc7d7d9
e2a2d8df3b16
e2a375f70b37
e2a4130f483b
e2a4b027f223
e2a54d4108ef
e2a5ea5a8ca0
e2a687747d36
e2a7248edab1
e2a7c1a9a511
e2a85ec4dc57
e2a8fbe08083
e2a998fc9195
e2aa36190f8e
e2aad335fa6e
e2ab70535234
e2ac0d7116e3
e2acaa8f4879
e2ad47ade6f7
e2ade4ccf25d
e2ae81ec6aac
e2af1f0c4fe4
e2afbc2ca205
e2b0594d6110
e2b0f66e8d04
e2b1939025e3
e2b230b22bac
e2b2cdd49e60
e2b36af77dfe
e2b4081aca88
e2b4a53e83fe
e2b54262aa60
e2b5df873dad
e2b67cac3de7
e2b719d1ab0e
e2b7b6f78522
e2b8541dcc24
e2b8f1448012
e2b98e6ba0ef
e2ba2b932ebb
e2bac8bb2974
e2bb65e3911d
e2bc030c65b4
e2bca035a73b
e2bd3d5f55b2
e2bdda897119
e2be77b3f970
e2bf14deeeb8
e2bfb20a50f0
e2c04f36201a
e2c0ec625c36
e2c1898f0543
e2c226bc1b42
e2c2c3e99e33
e2c361178e17
e2c3fe45eaee
e2c49b74b4b9
e2c538a3eb77
e2c5d5d38f29
e2c673039fce
e2c710341d69
e2c7ad6507f8
e2c84a965f7c
e2c8e7c823f5
e2c984fa5564
e2ca222cf3c9
e2cabf5fff25
e2cb5c937776
e2cbf9c75cbf
e2cc96fbaefe
e2cd34306e35
e2cdd1659a64
e2ce6e9b338a
e2cf0bd139a9
e2cfa907acc1
e2d0463e8cd1
e2d0e375d9da
e2d180ad93dd
e2d21de5bada
e2d2bb1e4ed0
e2d358574fc1
e2d3f590bdad
e2d492ca9894
e2d53004e075
e2d5cd3f9553
e2d66a7ab72c
e2d707b64601
e2d7a4f241d3
e2d8422eaaa1
e2d8df6b806c
e2d97ca8c335
e2da19e672fb
e2dab7248fbf
e2db54631981
e2dbf1a21042
e2dc8ee17402
e2dd2c2144c0
e2ddc961827e
e2de66a22d3b
e2df03e344f9
e2dfa124c9b7
e2e03e66bb75
e2e0dba91a34
e2e178ebe5f4
e2e2162f1eb6
e2e2b372c479
e2e350b6d73e
e2e3edfb5706
e2e48b4043d0
e2e528859d9d
e2e5c5cb646e
e2e663119841
e2e700583919
e2e79d9f46f5
e2e83ae6c1d5
e2e8d82ea9b9
e2e97576fea3
e2ea12bfc092
e2eab008ef86
e2eb4d528b81
e2ebea9c9481
e2ec87e70a88
e2ed2531ed95
e2edc27d3daa
e2ee5fc8fac6
e2eefd1524ea
e2ef9a61bc15
e2f037aec049
e2f0d4fc3185
e2f1724a0fca
e2f20f985b18
e2f2ace7136f
e2f34a3638d1
e2f3e785cb3c
e2f484d5cab1
e2f522263731
e2f5bf7710bc
e2f65cc85752
e2f6fa1a0af3
e2f7976c2ba1
e2f834beb95a
e2f8d211b41f
e2f96f651bf2
e2fa0cb8f0d1
e2faaa0d32bd
e2fb4761e1b7
e2fbe4b6fdbf
e2fc820c86d5
e2fd1f627cf9
e2fdbcb8e02c
e2fe5a0fb06e
e2fef766edbf
e2ff94be9820
e3003216af91
e300cf6f3412
e3016cc825a3
e3020a218445
e302a77b4ff8
e30344d588bd
e303e2302e93
e3047f8b417b
e3051ce6c176
e305ba42ae83
e306579f08a2
e306f4fbcfd5
e3079259041c
e3082fb6a576
e308cd14b3e4
e3096a732f66
e30a07d217fd
e30aa5316da9
e30b4291306a
e30bdff16041
e30c7d51fd2d
e30d1ab30730
e30db8147e49
e30e55766278
e30ef2d8b3bf
e30f903b721d
e3102d9e9d92
e310cb02361f
e31168663bc5
e31205caae82
e312a32f8e59
e3134094db49
e313ddfa9552
e3147b60bc74
e31518c750b1
e315b62e5207
e3165395c079
e316f0fd9c05
e3178e65e4ac
e3182bce9a6e
e318c937bd4d
e31966a14d47
e31a040b4a5d
e31aa175b491
e31b3ee08be1
e31bdc4bd04e
e31c79b781d8
e31d1723a081
e31db4902c47
e31e51fd252c
e31eef6a8b30
e31f8cd85e52
e3202a469e94
e320c7b54bf5
e32165246676
e3220293ee17
e322a003e2d9
e3233d7444bb
e323dae513bf
e32478564fe3
e32515c7f92a
e325b33a0f92
e32650ac931c
e326ee1f83c9
e3278b92e199
e3282906ac8b
e328c67ae4a2
e32963ef89db
e32a01649c39
e32a9eda1bbb
e32b3c500862
e32bd9c6622d
e32c773d291e
e32d14b45d34
e32db22bfe70
e32e4fa40cd2
e32eed1c885a
e32f8a957109
e330280ec6de
e330c58889db
e3316302ba00
e332007d574c
e3329df861c1
e3333b73d95d
e333d8efbe23
e334766c1011
e33513e8cf29
e335b165fb6b
e3364ee394d6
e336ec619b6b
e33789e00f2b
e338275ef016
e338c4de3e2c
e339625df96d
e339ffde21da
e33a9d5eb772
e33b3adfba37
e33bd8612a29
e33c75e30747
e33d13655193
e33db0e8090c
e33e4e6b2db2
e33eebeebf87
e33f8972be8a
e34026f72abb
e340c47c041c
e34162014aac
e341ff86fe6b
e3429d0d1f5a
e3433a93ad79
e343d81aa8c8
e34475a21149
e3451329e6fa
e345b0b229dc
e3464e3ad9f0
e346ebc3f736
e347894d81ae
e34826d77958
e348c461de36
e34961ecb046
e349ff77ef89
e34a9d039c01
e34b3a8fb5ac
e34bd81c3c8b
e34c75a9309f
e34d133691e8
e34db0c46066
e34e4e529c19
e34eebe14502
e34f89705b21
e35026ffde76
e350c48fcf02
e35162202cc5
e351ffb0f7bf
e3529d422ff0
e3533ad3d559
e353d865e7fb
e35475f867d4
e355138b54e7
e355b11eaf32
e3564eb276b7
e356ec46ab75
e35789db4d6d
e35827705c9f
e358c505d90b
e359629bc2b2
e35a00321995
e35a9dc8ddb2
e35b3b600f0c
e35bd8f7ada1
e35c768fb972
e35d14283280
e35db1c118cb
e35e4f5a6c52
e35eecf42d18
e35f8a8e5b1a
e3602828f65b
e360c5c3feda
e361635f7498
e36200fb5795
e3629e97a7d1
e3633c34654c
e363d9d19007
e364776f2802
e365150d2d3d
e365b2ab9fb9
e366504a7f76
e366ede9cc75
e3678b8986b4
e3682929ae36
e368c6ca42fa
e369646b4500
e36a020cb449
e36a9fae90d5
e36b3d50daa4
e36bdaf391b7
e36c7896b60e
e36d163a47a9
e36db3de4688
e36e5182b2ac
e36eef278c16
e36f8cccd2c4
e3702a7286b9
e370c818a7f3
e37165bf3674
e3720366323b
e372a10d9b49
e3733eb5719e
e373dc5db53b
e3747a06661f
e37517af844c
e375b5590fc1
e3765303087e
e376f0ad6e85
e3778e5841d4
e3782c03826d
e378c9af3050
e379675b4b7d
e37a0507d3f5
e37aa2b4c9b7
e37b40622cc4
e37bde0ffd1d
e37c7bbe3ac1
e37d196ce5b1
e37db71bfded
e37e54cb8376
e37ef27b764c
e37f902bd66e
e3802ddca3de
e380cb8dde9c
e381693f86a7
e38206f19c01
e382a4a41ea9
e38342570ea1
e383e00a6be7
e3847dbe367d
e3851b726e63
e385b9271398
e38656dc261e
e386f491a5f5
e3879247931c
e3882ffded95
e388cdb4b55f
e3896b6bea7b
e38a09238ce9
e38aa6db9caa
e38b449419bd
e38be24d0423
e38c80065bdd
e38d1dc020ea
e38dbb7a534b
e38e5934f300
e38ef6f0000a
e38f94ab7a69
e3903267621c
e390d023b725
e3916de07984
e3920b9da938
e392a95b4643
e393471950a4
e393e4d7c85c
e3948296ad6c
e3952055ffd2
e395be15bf91
e3965bd5eca7
e396f9968716
e39797578ede
e398351903fe
e398d2dae678
e399709d364b
e39a0e5ff378
e39aac231dff
e39b49e6b5e0
e39be7aabb1c
e39c856f2db3
e39d23340da6
e39dc0f95af4
e39e5ebf159e
e39efc853da4
e39f9a4bd306
e3a03812d5c5
e3a0d5da45e2
e3a173a2235b
e3a2116a6e33
e3a2af332668
e3a34cfc4bfc
e3a3eac5deee
e3a4888fdf3f
e3a5265a4cef
e3a5c42527fe
e3a661f0706d
e3a6ffbc263d
e3a79d88496c
e3a83b54d9fc
e3a8d921d7ed
e3a976ef4340
e3aa14bd1bf3
e3aab28b6209
e3ab505a1581
e3abee29365b
e3ac8bf8c498
e3ad29c8c037
e3adc799293a
e3ae6569ffa1
e3af033b436c
e3afa10cf49a
e3b03edf132d
e3b0dcb19f25
e3b17a849882
e3b21857ff45
e3b2b62bd36d
e3b3540014fb
e3b3f1d4c3ef
e3b48fa9e049
e3b52d7f6a0b
e3b5cb556134
e3b6692bc5c4
e3b7070297bc
e3b7a4d9d71b
e3b842b183e4
e3b8e0899e14
e3b97e6225ae
e3ba1c3b1ab1
e3baba147d1d
e3bb57ee4cf4
e3bbf5c88a34
e3bc93a334df
e3bd317e4cf4
e3bdcf59d274
e3be6d35c560
e3bf0b1225b7
e3bfa8eef37a
e3c046cc2eaa
e3c0e4a9d745
e3c18287ed4e
e3c2206670c3
e3c2be4561a6
e3c35c24bff7
e3c3fa048bb5
e3c497e4c4e2
e3c535c56b7d
e3c5d3a67f88
e3c671880101
e3c70f69efe9
e3c7ad4c4c42
e3c84b2f160a
e3c8e9124d43
e3c986f5f1ec
e3ca24da0407
e3cac2be8392
e3cb60a3708f
e3cbfe88cafe
e3cc9c6e92df
e3cd3a54c832
e3cdd83b6af8
e3ce76227b31
e3cf1409f8dd
e3cfb1f1e3fd
e3d04fda3c91
e3d0edc30298
e3d18bac3615
e3d22995d706
e3d2c77fe56c
e3d3656a6147
e3d403554a98
e3d4a140a160
e3d53f2c659d
e3d5dd189751
e3d67b05367b
e3d718f2431d
e3d7b6dfbd37
e3d854cda4c7
e3d8f2bbf9d0
e3d990aabc52
e3da2e99ec4c
e3dacc8989bf
e3db6a7994ab
e3dc086a0d10
e3dca65af2f0
e3dd444c4649
e3dde23e071d
e3de8030356b
e3df1e22d135
e3dfbc15da7a
e3e05a09513a
e3e0f7fd3577
e3e195f1872f
e3e233e64664
e3e2d1db7316
e3e36fd10d44
e3e40dc714f0
e3e4abbd8a1a
e3e549b46cc2
e3e5e7abbce8
e3e685a37a8c
e3e7239ba5b0
e3e7c1943e52
e3e85f8d4474
e3e8fd86b816
e3e99b809937
e3ea397ae7d9
e3ead775a3fc
e3eb7570cd9f
e3ec136c64c4
e3ecb168696a
e3ed4f64db93
e3eded61bb3d
e3ee8b5f0869
e3ef295cc318
e3efc75aeb4b
e3f065598100
e3f103588439
e3f1a157f4f6
e3f23f57d338
e3f2dd581efd
e3f37b58d848
e3f41959ff17
e3f4b75b936c
e3f5555d9546
e3f5f36004a7
e3f69162e18e
e3f72f662bfb
e3f7cd69e3ef
e3f86b6e096a
e3f909729c6d
e3f9a7779cf7
e3fa457d0b0a
e3fae382e6a5
e3fb81892fc8
e3fc1f8fe674
e3fcbd970aaa
e3fd5b9e9c69
e3fdf9a69bb2
e3fe97af0885
e3ff35b7e2e2
e3ffd3c12aca
e40071cae03d
e4010fd5033c
e401addf93c6
e4024bea91dc
e402e9f5fd7e
e4038801d6ac
e404260e1d68
e404c41ad1b0
e4056227f386
e406003582e9
e4069e437fdb
e4073c51ea5a
e407da60c269
e40878700806
e409167fbb32
e409b48fdbed
e40a52a06a39
e40af0b16614
e40b8ec2cf80
e40c2cd4a67d
e40ccae6eb0a
e40d68f99d29
e40e070cbcd9
e40ea5204a1b
e40f433444ef
e40fe148ad55
e4107f5d834e
e4111d72c6da
e411bb8877fa
e412599e96ad
e412f7b522f4
e41395cc1ccf
e41433e3843f
e414d1fb5943
e41570139bdd
e4160e2c4c0c
e416ac4569d0
e4174a5ef52b
e417e878ee1c
e418869354a3
e41924ae28c2
e419c2c96a77
e41a60e519c4
e41aff0136a9
e41b9d1dc125
e41c3b3ab93a
e41cd9581ee8
e41d7775f22f
e41e1594330f
e41eb3b2e188
e41f51d1fd9b
e41feff18749
e4208e117e90
e4212c31e373
e421ca52b5f1
e4226873f609
e4230695a3be
e423a4b7bf0e
e42442da47fb
e424e0fd3e84
e4257f20a2aa
e4261d44746d
e426bb68b3cd
e427598d60cb
e427f7b27b67
e42895d803a2
e42933fdf97b
e429d2245cf3
e42a704b2e0a
e42b0e726cc0
e42bac9a1916
e42c4ac2330d
e42ce8eabaa3
e42d8713afda
e42e253d12b3
e42ec366e32c
e42f61912147
e42fffbbcd04
e4309de6e663
e4313c126d65
e431da3e6209
e432786ac450
e4331697943b
e433b4c4d1c9
e43452f27cfb
e434f12095d2
e4358f4f1c4d
e4362d7e106c
e436cbad7231
e43769dd419b
e438080d7eab
e438a63e2961
e439446f41bd
e439e2a0c7c0
e43a80d2bb6a
e43b1f051cbb
e43bbd37ebb3
e43c5b6b2853
e43cf99ed29c
e43d97d2ea8c
e43e36077026
e43ed43c6368
e43f7271c453
e44010a792e8
e440aeddcf27
e4414d147911
e441eb4b90a4
e442898315e2
e44327bb08cc
e443c5f36961
e444642c37a1
e4450265738d
e445a09f1d26
e4463ed9346b
e446dd13b95d
e4477b4eabfc
e448198a0c48
e448b7c5da43
e449560215eb
e449f43ebf41
e44a927bd646
e44b30b95afb
e44bcef74d5e
e44c6d35ad71
e44d0b747b33
e44da9b3b6a6
e44e47f35fc9
e44ee633769d
e44f8473fb21
e45022b4ed57
e450c0f64d3f
e4515f381ad8
e451fd7a5624
e4529bbcff22
e4533a0015d3
e453d8439a37
e45476878c4e
e45514cbec19
e455b310b998
e4565155f4cc
e456ef9b9db3
e4578de1b450
e4582c2838a2
e458ca6f2aa9
e45968b68a66
e45a06fe57d9
e45aa5469302
e45b438f3be2
e45be1d85279
e45c8021d6c7
e45d1e6bc8cd
e45dbcb6288a
e45e5b00f600
e45ef94c312e
e45f9797da15
e46035e3f0b4
e460d430750d
e461727d6720
e46210cac6ed
e462af189473
e4634d66cfb5
e463ebb578b1
e4648a048f68
e465285413da
e465c6a40608
e46664f465f2
e46703453399
e467a1966efc
e4683fe8181c
e468de3a2ef9
e4697c8cb393
e46a1adfa5ec
e46ab9330602
e46b5786d3d7
e46bf5db0f6a
e46c942fb8bc
e46d3284cfce
e46dd0da549f
e46e6f304730
e46f0d86a781
e46fabdd7592
e4704a34b165
e470e88c5af8
e47186e4724c
e472253cf763
e472c395ea3b
e47361ef4ad5
e47400491932
e4749ea35552
e4753cfdff35
e475db5916db
e47679b49c45
e47718108f73
e477b66cf065
e47854c9bf1c
e478f326fb97
e4799184a5d8
e47a2fe2bddf
e47ace4143ab
e47b6ca0373d
e47c0aff9896
e47ca95f67b5
e47d47bfa49b
e47de6204f49
e47e848167be
e47f22e2edfb
e47fc144e200
e4805fa743ce
e480fe0a1364
e4819c6d50c4
e4823ad0fbed
e482d93514df
e48377999b9c
e48415fe9022
e484b463f273
e48552c9c290
e485f1300077
e4868f96ac29
e4872dfdc5a8
e487cc654cf2
e4886acd4209
e4890935a4ec
e489a79e759c
e48a4607b41a
e48ae4716065
e48b82db7a7e
e48c21460264
e48cbfb0f81a
e48d5e1c5b9e
e48dfc882cf1
e48e9af46c13
e48f39611905
e48fd7ce33c7
e490763bbc59
e49114a9b2bb
e491b31816ef
e4925186e8f3
e492eff628c9
e4938e65d670
e4942cd5f1e9
e494cb467b35
e49569b77253
e4960828d744
e496a69aaa09
e497450ceaa0
e497e37f990c
e49881f2b54b
e49920663f5f
e499beda3748
e49a5d4e9d05
e49afbc37098
e49b9a38b200
e49c38ae613f
e49cd7247e53
e49d759b093e
e49e141201ff
e49eb2896897
e49f51013d07
e49fef797f4f
e4a08df22f6e
e4a12c6b4d66
e4a1cae4d936
e4a2695ed2df
e4a307d93a61
e4a3a6540fbc
e4a444cf52f1
e4a4e34b0400
e4a581c722ea
e4a62043afae
e4a6bec0aa4d
e4a75d3e12c7
e4a7fbbbe91c
e4a89a3a2d4e
e4a938b8df5b
e4a9d737ff45
e4aa75b78d0c
e4ab143788af
e4abb2b7f230
e4ac5138c98f
e4acefba0ecb
e4ad8e3bc1e5
e4ae2cbde2de
e4aecb4071b6
e4af69c36e6d
e4b00846d903
e4b0a6cab178
e4b1454ef7ce
e4b1e3d3ac04
e4b28258ce1a
e4b320de5e12
e4b3bf645bea
e4b45deac7a4
e4b4fc71a140
e4b59af8e8be
e4b639809e1e
e4b6d808c160
e4b776915286
e4b8151a518f
e4b8b3a3be7b
e4b9522d994b
e4b9f0b7e200
e4ba8f429898
e4bb2dcdbd16
e4bbcc594f78
e4bc6ae54fc0
e4bd0971bded
e4bda7fe9a01
e4be468be3fa
e4bee5199bda
e4bf83a7c1a1
e4c02236554f
e4c0c0c556e4
e4c15f54c661
e4c1fde4a3c6
e4c29c74ef13
e4c33b05a849
e4c3d996cf67
e4c47828646f
e4c516ba6761
e4c5b54cd83c
e4c653dfb701
e4c6f27303b0
e4c79106be4b
e4c82f9ae6d0
e4c8ce2f7d40
e4c96cc4819c
e4ca0b59f3e4
e4caa9efd418
e4cb48862239
e4cbe71cde46
e4cc85b40840
e4cd244ba028
e4cdc2e3a5fd
e4ce617c19c0
e4cf0014fb71
e4cf9eae4b11
e4d03d4808a0
e4d0dbe2341e
e4d17a7ccd8b
e4d21917d4e9
e4d2b7b34a36
e4d3564f2d73
e4d3f4eb7ea1
e4d493883dc0
e4d532256ad0
e4d5d0c305d2
e4d66f610ec5
e4d70dff85ab
e4d7ac9e6a83
e4d84b3dbd4e
e4d8e9dd7e0b
e4d9887dacbc
e4da271e4961
e4dac5bf53fa
e4db6460cc86
e4dc0302b307
e4dca1a5077d
e4dd4047c9e8
e4dddeeafa49
e4de7d8e989f
e4df1c32a4eb
e4dfbad71f2d
e4e0597c0766
e4e0f8215d96
e4e196c721bd
e4e2356d53dc
e4e2d413f3f2
e4e372bb0200
e4e411627e07
e4e4b00a6806
e4e54eb2bffe
e4e5ed5b85f0
e4e68c04b9db
e4e72aae5bc0
e4e7c9586b9f
e4e86802e978
e4e906add54c
e4e9a5592f1c
e4ea4404f6e6
e4eae2b12cac
e4eb815dd06f
e4ec200ae22d
e4ecbeb861e8
e4ed5d664fa0
e4edfc14ab55
e4ee9ac37507
e4ef3972acb7
e4efd8225265
e4f076d26611
e4f11582e7bc
e4f1b433d766
e4f252e5350f
e4f2f19700b8
e4f390493a60
e4f42efbe209
e4f4cdaef7b2
e4f56c627b5b
e4f60b166d06
e4f6a9caccb2
e4f7487f9a5f
e4f7e734d60f
e4f885ea7fc0
e4f924a09774
e4f9c3571d2b
e4fa620e10e5
e4fb00c572a2
e4fb9f7d4263
e4fc3e358028
e4fcdcee2bf1
e4fd7ba745bf
e4fe1a60cd92
e4feb91ac36a
e4ff57d52747
e4fff68ff92a
e500954b3913
e5013406e702
e501d2c302f9
e502717f8cf6
e503103c84fa
e503aef9eb06
e5044db7bf1a
e504ec760135
e5058b34b15a
e50629f3cf87
e506c8b35bbd
e507677355fc
e5080633be45
e508a4f49498
e50943b5d8f5
e509e2778b5d
e50a8139abd0
e50b1ffc3a4d
e50bbebf36d7
e50c5d82a16b
e50cfc467a0c
e50d9b0ac0b9
e50e39cf7573
e50ed894983a
e50f775a290e
e510162027ef
e510b4e694df
e51153ad6fdc
e511f274b8e8
e512913c7002
e5133004952b
e513cecd2864
e5146d9629ad
e5150c5f9905
e515ab29766d
e51649f3c1e6
e516e8be7b70
e5178789a30a
e518265538b7
e518c5213c74
e51963edae44
e51a02ba8e26
e51aa187dc1b
e51b40559823
e51bdf23c23d
e51c7df25a6b
e51d1cc160ad
e51dbb90d503
e51e5a60b76e
e51ef93107ed
e51f9801c681
e52036d2f32a
e520d5a48de9
e521747696bd
e52213490da8
e522b21bf2a9
e52350ef45c1
e523efc306f0
e5248e973637
e5252d6bd395
e525cc40df0b
e5266b165899
e52709ec4040
e527a8c295ff
e528479959d8
e528e6708bca
e52985482bd6
e52a242039fc
e52ac2f8b63c
e52b61d1a097
e52c00aaf90d
e52c9f84bf9e
e52d3e5ef44a
e52ddd399712
e52e7c14a7f7
e52f1af026f8
e52fb9cc1415
e53058a86f50
e530f78538a8
e5319662701d
e532354015b0
e532d41e2962
e53372fcab32
e53411db9b21
e534b0baf92f
e5354f9ac55c
e535ee7affa9
e5368d5ba816
e5372c3cbea3
e537cb1e4351
e5386a003620
e53908e29710
e539a7c56622
e53a46a8a355
e53ae58c4eaa
e53b84706822
e53c2354efbc
e53cc239e579
e53d611f495a
e53e00051b5e
e53e9eeb5b86
e53f3dd209d2
e53fdcb92643
e5407ba0b0d8
e5411a88a993
e541b9711073
e5425859e578
e542f74328a3
e543962cd9f5
e5443516f96d
e544d401870c
e54572ec82d3
e54611d7ecc0
e546b0c3c4d6
e5474fb00b13
e547ee9cbf79
e5488d89e207
e5492c7772bf
e549cb65719f
e54a6a53dea9
e54b0942b9dd
e54ba832033b
e54c4721bac4
e54ce611e077
e54d85027455
e54e23f3765f
e54ec2e4e694
e54f61d6c4f5
e55000c91183
e5509fbbcc3c
e5513eaef523
e551dda28c37
e5527c969178
e5531b8b04e7
e553ba7fe684
e5545975364f
e554f86af449
e55597612072
e5563657baca
e556d54ec351
e55774463a08
e558133e1eef
e558b2367207
e559512f3350
e559f02862c9
e55a8f220074
e55b2e1c0c50
e55bcd16865e
e55c6c116e9e
e55d0b0cc511
e55daa0889b7
e55e4904bc8f
e55ee8015d9b
e55f86fe6cdb
e56025fbea4f
e560c4f9d5f7
e56163f82fd3
e56202f6f7e5
e562a1f62e2b
e56340f5d2a7
e563dff5e559
e5647ef66641
e5651df7555f
e565bcf8b2b4
e5665bfa7e40
e566fafcb803
e56799ff5ffe
e56839027630
e568d805fa9b
e5697709ed3e
e56a160e4e1a
e56ab5131d2f
e56b54185a7d
e56bf31e0605
e56c92241fc7
e56d312aa7c3
e56dd0319df9
e56e6f39026b
e56f0e40d517
e56fad4915ff
e5704c51c523
e570eb5ae283
e5718a646e1f
e572296e67f8
e572c878d00d
e5736783a660
e574068eeaf1
e574a59a9dbf
e57544a6becb
e575e3b34e16
e57682c04ba0
e57721cdb768
e577c0db9170
e5785fe9d9b7
e578fef8903f
e5799e07b506
e57a3d17480e
e57adc274957
e57b7b37b8e1
e57c1a4896ad
e57cb959e2ba
e57d586b9d09
e57df77dc59a
e57e96905c6e
e57f35a36185
e57fd4b6d4df
e58073cab67d
e58112df065e
e581b1f3c484
e5825108f0ed
e582f01e8b9c
e5838f349490
e5842e4b0bc8
e584cd61f147
e5856c79450b
e5860b910716
e586aaa93766
e58749c1d5fe
e587e8dae2dd
e58887f45e03
e589270e4771
e589c6289f27
e58a65436525
e58b045e996c
e58ba37a3bfb
e58c42964cd4
e58ce1b2cbf6
e58d80cfb962
e58e1fed1518
e58ebf0adf18
e58f5e291763
e58ffd47bdf9
e5909c66d2db
e5913b865607
e591daa64780
e59279c6a745
e59318e77556
e593b808b1b4
e594572a5c5f
e594f64c7557
e595956efc9d
e5963491f231
e596d3b55614
e59772d92844
e59811fd68c4
e598b1221793
e599504734b1
e599ef6cc01f
e59a8e92b9dd
e59b2db921eb
e59bccdff84a
e59c6c073cfa
e59d0b2eeffb
e59daa57114e
e59e497fa0f2
e59ee8a89ee9
e59f87d20b32
e5a026fbe5ce
e5a0c6262ebc
e5a16550e5fe
e5a2047c0b94
e5a2a3a79f7e
e5a342d3a1bc
e5a3e200124e
e5a4812cf135
e5a5205a3e71
e5a5bf87fa03
e5a65eb623eb
e5a6fde4bc28
e5a79d13c2bc
e5a83c4337a6
e5a8db731ae7
e5a97aa36c80
e5aa19d42c70
e5aab9055ab7
e5ab5836f757
e5abf7690250
e5ac969b7ba1
e5ad35ce634b
e5add501b94e
e5ae74357dab
e5af1369b061
e5afb29e5172
e5b051d360de
e5b0f108dea4
e5b1903ecac5
e5b22f752542
e5b2ceabee1a
e5b36de3254f
e5b40d1acadf
e5b4ac52decd
e5b54b8b6117
e5b5eac451be
e5b689fdb0c3
e5b729377e25
e5b7c871b9e6
e5b867ac6405
e5b906e77c83
e5b9a623035f
e5ba455ef89b
e5bae49b5c37
e5bb83d82e32
e5bc23156e8e
e5bcc2531d4a
e5bd61913a67
e5be00cfc5e5
e5bea00ebfc4
e5bf3f4e2805
e5bfde8dfea7
e5c07dce43ad
e5c11d0ef714
e5c1bc5018df
e5c25b91a90c
e5c2fad3a79e
e5c39a161493
e5c43958efeb
e5c4d89c39a9
e5c577dff1cb
e5c617241852
e5c6b668ad3e
e5c755adb090
e5c7f4f32247
e5c894390265
e5c9337f50e9
e5c9d2c60dd4
e5ca720d3926
e5cb1154d2df
e5cbb09cdb00
e5cc4fe55189
e5ccef2e367a
e5cd8e7789d4
e5ce2dc14b96
e5cecd0b7bc2
e5cf6c561a57
e5d00ba12756
e5d0aaeca2be
e5d14a388c92
e5d1e984e4cf
e5d288d1ab78
e5d3281ee08c
e5d3c76c840c
e5d466ba95f7
e5d50609164e
e5d5a5580512
e5d644a76243
e5d6e3f72de0
e5d7834767eb
e5d822981064
e5d8c1e9274a
e5d9613aac9f
e5da008ca062
e5da9fdf0294
e5db3f31d335
e5dbde851246
e5dc7dd8bfc6
e5dd1d2cdbb6
e5ddbc816617
e5de5bd65ee8
e5defb2bc62a
e5df9a819bde
e5e039d7e003
e5e0d92e9299
e5e17885b3a2
e5e217dd431d
e5e2b735410b
e5e3568dad6c
e5e3f5e68840
e5e4953fd188
e5e534998943
e5e5d3f3af73
e5e6734e4418
e5e712a94731
e5e7b204b8bf
e5e8516098c3
e5e8f0bce73c
e5e99019a42c
e5ea2f76cf91
e5eaced4696d
e5eb6e3271c1
e5ec0d90e88b
e5ecacefcdcd
e5ed4c4f2186
e5edebaee3b8
e5ee8b0f1462
e5ef2a6fb385
e5efc9d0c121
e5f069323d36
e5f1089427c4
e5f1a7f680cd
e5f24759484f
e5f2e6bc7e4c
e5f3862022c4
e5f4258435b7
e5f4c4e8b726
e5f5644da710
e5f603b30576
e5f6a318d258
e5f7427f0db7
e5f7e1e5b793
e5f8814ccfec
e5f920b456c2
e5f9c01c4c17
e5fa5f84afe9
e5fafeed8239
e5fb9e56c309
e5fc3dc07257
e5fcdd2a9025
e5fd7c951c72
e5fe1c00173f
e5febb6b808c
e5ff5ad75859
e5fffa439ea8
e60099b05377
e601391d76c8
e601d88b089a
e60277f908ef
e603176777c5
e603b6d6551f
e6045645a0fb
e604f5b55b5a
e6059525843d
e60634961ba3
e606d407218e
e607737895fd
e60812ea78f0
e608b25cca69
e60951cf8a66
e609f142b8ea
e60a90b655f3
e60b302a6182
e60bcf9edb98
e60c6f13c434
e60d0e891b58
e60dadfee103
e60e4d751535
e60eecebb7f0
e60f8c62c932
e6102bda48fd
e610cb523752
e6116aca942f
e6120a435f95
e612a9bc9986
e61349364200
e613e8b05905
e614882ade95
e61527a5d2af
e615c7213555
e616669d0686
e61706194643
e617a595f48c
e61845131161
e618e4909cc4
e619840e96b3
e61a238cff30
e61ac30bd63a
e61b628b1bd2
e61c020acff8
e61ca18af2ad
e61d410b83f1
e61de08c83c4
e61e800df227
e61f1f8fcf19
e61fbf121a9b
e6205e94d4ad
e620fe17fd50
e6219d9b9484
e6223d1f9a49
e622dca40ea0
e6237c28f189
e6241bae4303
e624bb340311
e6255aba31b0
e625fa40cee3
e62699c7daa9
e627394f5503
e627d8d73df1
e628785f9573
e62917e85b89
e629b7719034
e62a56fb3375
e62af685454b
e62b960fc5b6
e62c359ab4b8
e62cd5261250
e62d74b1de7e
e62e143e1943
e62eb3cac2a0
e62f5357da94
e62ff2e56120
e63092735644
e6313201ba00
e631d1908c55
e632711fcd44
e63310af7ccb
e633b03f9aec
e6344fd027a7
e634ef6122fc
e6358ef28cec
e6362e846576
e636ce16ac9c
e6376da9625d
e6380d3c86ba
e638acd019b2
e6394c641b47
e639ebf88b79
e63a8b8d6a47
e63b2b22b7b3
e63bcab873bc
e63c6a4e9e63
e63d09e537a8
e63da97c3f8c
e63e4913b60e
e63ee8ab9b2f
e63f8843eef0
e64027dcb150
e640c775e250
e641670f81f0
e64206a99031
e642a6440d12
e64345def895
e643e57a52b9
e64485161b7e
e64524b252e6
e645c44ef8f0
e64663ec0d9d
e647038990ec
e647a32782df
e64842c5e375
e648e264b2af
e6498203f08d
e64a21a39d0f
e64ac143b836
e64b60e44202
e64c00853a74
e64ca026a18b
e64d3fc87747
e64ddf6abbaa
e64e7f0d6eb4
e64f1eb09064
e64fbe5420bc
e6505df81fba
e650fd9c8d61
e6519d4169af
e6523ce6b4a6
e652dc8c6e45
e6537c32968e
e6541bd92d7f
e654bb80331a
e6555b27a75f
e655facf8a4d
e6569a77dbe6
e6573a209c2a
e657d9c9cb19
e658797368b3
e659191d74f9
e659b8c7efea
e65a5872d988
e65af81e31d2
e65b97c9f8c9
e65c37762e6d
e65cd722d2bf
e65d76cfe5be
e65e167d676b
e65eb62b57c6
e65f55d9b6d0
e65ff5888489
e6609537c0f1
e66134e76c09
e661d49785d0
e66274480e47
e66313f9056f
e663b3aa6b47
e664535c3fd1
e664f30e830b
e66592c134f7
e66632745595
e666d227e4e6
e66771dbe2e8
e66811904f9e
e668b1452b07
e66950fa7523
e669f0b02df2
e66a90665576
e66b301cebae
e66bcfd3f09a
e66c6f8b643b
e66d0f434692
e66daefb979e
e66e4eb45760
e66eee6d85d7
e66f8e272306
e6702de12eea
e670cd9ba986
e6716d5692d9
e6720d11eae4
e672accdb1a6
e6734c89e721
e673ec468b54
e6748c039e40
e6752bc11fe5
e675cb7f1044
e6766b3d6f5c
e6770afc3d2e
e677aabb79ba
e6784a7b2501
e678ea3b3f02
e67989fbc7bf
e67a29bcbf38
e67ac97e256c
e67b693ffa5c
e67c09023e08
e67ca8c4f072
e67d48881198
e67de84ba17b
e67e880fa01c
e67f27d40d7b
e67fc798e998
e680675e3474
e6810723ee0e
e681a6ea1667
e68246b0ad80
e682e677b358
e683863f27f1
e68426070b49
e684c5cf5d62
e68565981e3c
e68605614dd8
e686a52aec34
e68744f4f953
e687e4bf7533
e688848a5fd6
e6892455b93c
e689c4218164
e68a63edb850
e68b03ba5dff
e68ba3877272
e68c4354f5aa
e68ce322e7a5
e68d82f14866
e68e22c017ec
e68ec28f5637
e68f625f0347
e690022f1f1e
e690a1ffa9bb
e69141d0a31e
e691e1a20b48
e6928173e23a
e693214627f3
e693c118dc73
e69460ebffbc
e69500bf91cd
e695a09392a7
e6964068024a
e696e03ce0b6
e69780122deb
e6981fe7e9eb
e698bfbe14b4
e6995f94ae48
e699ff6bb6a7
e69a9f432dd1
e69b3f1b13c6
e69bdef36887
e69c7ecc2c14
e69d1ea55e6d
e69dbe7eff93
e69e5e590f85
e69efe338e45
e69f9e0e7bd2
e6a03de9d82d
e6a0ddc5a356
e6a17da1dd4d
e6a21d7e8613
e6a2bd5b9da8
e6a35d39240d
e6a3fd171940
e6a49cf57d44
e6a53cd45018
e6a5dcb391bc
e6a67c934231
e6a71c736177
e6a7bc53ef8f
e6a85c34ec78
e6a8fc165833
e6a99bf832c0
e6aa3bda7c20
e6aadbbd3453
e6ab7ba05b59
e6ac1b83f133
e6acbb67f5e0
e6ad5b4c6961
e6adfb314bb7
e6ae9b169ce1
e6af3afc5ce0
e6afdae28bb4
e6b07ac9295f
e6b11ab035de
e6b1ba97b135
e6b25a7f9b61
e6b2fa67f464
e6b39a50bc3f
e6b43a39f2f1
e6b4da23987a
e6b57a0dacdb
e6b619f83015
e6b6b9e32227
e6b759ce8312
e6b7f9ba52d6
e6b899a69174
e6b939933eec
e6b9d9805b3d
e6ba796de669
e6bb195be06f
e6bbb94a4951
e6bc5939210e
e6bcf92867a6
e6bd99181d1a
e6be3908416b
e6bed8f8d498
e6bf78e9d6a1
e6c018db4788
e6c0b8cd274c
e6c158bf75ee
e6c1f8b2336d
e6c298a55fcb
e6c33898fb08
e6c3d88d0523
e6c478817e1e
e6c5187665f8
e6c5b86bbcb2
e6c65861824b
e6c6f857b6c6
e6c7984e5a21
e6c838456c5c
e6c8d83ced7a
e6c97834dd78
e6ca182d3c59
e6cab8260a1c
e6cb581f46c1
e6cbf818f249
e6cc98130cb4
e6cd380d9602
e6cdd8088e34
e6ce7803f54a
e6cf17ffcb45
e6cfb7fc1024
e6d057f8c3e8
e6d0f7f5e691
e6d197f3781f
e6d237f17893
e6d2d7efe7ed
e6d377eec62e
e6d417ee1355
e6d4b7edcf64
e6d557edfa59
e6d5f7ee9436
e6d697ef9cfc
e6d737f114a9
e6d7d7f2fb3e
e6d877f550bd
e6d917f81524
e6d9b7fb4875
e6da57feeab0
e6daf802fbd4
e6db98077be3
e6dc380c6add
e6dcd811c8c1
e6dd78179591
e6de181dd14c
e6deb8247bf2
e6df582b9585
e6dff8331e04
e6e0983b1570
e6e138437bc9
e6e1d84c510f
e6e278559543
e6e3185f4864
e6e3b8696a74
e6e45873fb73
e6e4f87efb60
e6e5988a6a3c
e6e638964807
e6e6d8a294c2
e6e778af506e
e6e818bc7b09
e6e8b8ca1495
e6e958d81d12
e6e9f8e69480
e6ea98f57ae0
e6eb3904d031
e6ebd9149475
e6ec7924c7ab
e6ed193569d3
e6edb9467aef
e6ee5957fafe
e6eef969ea00
e6ef997c47f6
e6f0398f14e1
e6f0d9a250c0
e6f179b5fb94
e6f219ca155c
e6f2b9de9e1b
e6f359f395cf
e6f3fa08fc79
e6f49a1ed219
e6f53a3516b0
e6f5da4bca3d
e6f67a62ecc2
e6f71a7a7e3f
e6f7ba927eb3
e6f85aaaee1f
e6f8fac3cc84
e6f99add19e1
e6fa3af6d638
e6fadb110188
e6fb7b2b9bd1
e6fc1b46a514
e6fcbb621d51
e6fd5b7e0489
e6fdfb9a5abc
e6fe9bb71fea
e6ff3bd45413
e6ffdbf1f738
e7007c100959
e7011c2e8a76
e701bc4d7a90
e7025c6cd9a6
e702fc8ca7ba
e7039cace4cc
e7043ccd90db
e704dceeabe8
e7057d1035f4
e7061d322eff
e706bd549708
e7075d776e11
e707fd9ab419
e7089dbe6921
e7093de28d2a
e709de072033
e70a7e2c223d
e70b1e519347
e70bbe777354
e70c5e9dc262
e70cfec48072
e70d9eebad84
e70e3f134999
e70edf3b54b1
e70f7f63cecc
e7101f8cb7eb
e710bfb6100d
e7115fdfd734
e712000a0d5f
e712a034b28e
e713405fc6c3
e713e08b49fd
e71480b73c3d
e71520e39d82
e715c1106dce
e716613dad20
e717016b5b7a
e717a19978da
e71841c80541
e718e1f700b1
e71982266b28
e71a225644a8
e71ac2868d30
e71b62b744c2
e71c02e86b5c
e71ca31a0100
e71d434c05ae
e71de37e7966
e71e83b15c29
e71f23e4adf6
e71fc4186ece
e720644c9eb1
e72104813da1
e721a4b64b9c
e72244ebc8a3
e722e521b4b7
e72385580fd8
e724258eda05
e724c5c61341
e72565fdbb8a
e7260635d2e1
e726a66e5946
e72746a74eba
e727e6e0b33d
e728871a86cf
e7292754c971
e729c78f7b23
e72a67ca9be4
e72b08062bb6
e72ba8422a99
e72c487e988d
e72ce8bb7593
e72d88f8c1aa
e72e29367cd2
e72ec974a70e
e72f69b3405b
e73009f248bc
e730aa31c02f
e7314a71a6b7
e731eab1fc51
e7328af2c100
e7332b33f4c4
e733cb75979c
e7346bb7a989
e7350bfa2a8b
e735ac3d1aa2
e7364c8079d0
e736ecc44814
e7378d08856e
e7382d4d31df
e738cd924d67
e7396dd7d806
e73a0e1dd1bd
e73aae643a8c
e73b4eab1273
e73beef25973
e73c8f3a0f8c
e73d2f8234be
e73dcfcac909
e73e7013cc6e
e73f105d3eed
e73fb0a72087
e74050f1713b
e740f13c310a
e74191875ff5
e74231d2fdfb
e742d21f0b1d
e743726b875b
e74412b872b5
e744b305cd2c
e745535396c1
e745f3a1cf73
e74693f07742
e747343f8e2f
e747d48f143b
e74874df0965
e749152f6dae
e749b5804117
e74a55d1839f
e74af6233546
e74b9675560e
e74c36c7e5f6
e74cd71ae4ff
e74d776e5328
e74e17c23073
e74eb8167ce0
e74f586b386f
e74ff8c0631f
e7509915fcf2
e751396c05e8
e751d9c27e02
e7527a19653e
e7531a70bb9e
e753bac88122
e7545b20b5cb
e754fb795998
e7559bd26c8a
e7563c2beea1
e756dc85dfde
e7577ce04040
e7581d3b0fc9
e758bd964e78
e7595df1fc4d
e759fe4e194a
e75a9eaaa56e
e75b3f07a0ba
e75bdf650b2d
e75c7fc2e4c9
e75d20212d8d
e75dc07fe57a
e75e60df0c90
e75f013ea2d0
e75fa19ea839
e76041ff1ccc
e760e260008a
e76182c15372
e76223231585
e762c38546c4
e76363e7e72e
e764044af6c3
e764a4ae7585
e76545126373
e765e576c08e
e76685db8cd6
e7672640c84c
e767c6a672ef
e768670c8cc0
e769077315bf
e769a7da0dec
e76a48417549
e76ae8a94bd5
e76b89119190
e76c297a467a
e76cc9e36a95
e76d6a4cfde0
e76e0ab7005c
e76eab217209
e76f4b8c52e7
e76febf7a2f6
e7708c636238
e7712ccf90ab
e771cd3c2e51
e7726da93b2a
e7730e16b736
e773ae84a275
e7744ef2fce8
e774ef61c68e
e7758fd0ff69
e7763040a779
e776d0b0bebd
e77771214537
e77811923ae5
e778b2039fca
e779527573e5
e779f2e7b736
e77a935a69be
e77b33cd8b7d
e77bd4411c73
e77c74b51ca0
e77d15298c06
e77db59e6aa3
e77e5613b879
e77ef6897588
e77f96ffa1d0
e78037763d51
e780d7ed480c
e7817864c201
e78218dcab31
e782b955039a
e78359cdcb3f
e783fa47021f
e7849ac0a83a
e7853b3abd91
e785dbb54224
e7867c3035f4
e7871cab9900
e787bd276b49
e7885da3acd0
e788fe205d94
e7899e9d7d96
e78a3f1b0cd6
e78adf990b55
e78b80177912
e78c2096560f
e78cc115a24b
e78d61955dc6
e78e02158882
e78ea296227e
e78f43172bba
e78fe398a438
e790841a8bf7
e791249ce2f7
e791c51fa939
e79265a2debd
e79306268383
e793a6aa978c
e794472f1ad8
e794e7b40d68
e79588396f3b
e79628bf4052
e796c94580ad
e79769cc304d
e7980a534f31
e798aadadd5b
e7994b62daca
e799ebeb477f
e79a8c74237a
e79b2cfd6ebb
e79bcd872943
e79c6e115311
e79d0e9bec27
e79daf26f485
e79e4fb26c2a
e79ef03e5317
e79f90caa94d
e7a031576ecc
e7a0d1e4a393
e7a1727247a4
e7a213005aff
e7a2b38edda4
e7a3541dcf92
e7a3f4ad30cc
e7a4953d0150
e7a535cd411f
e7a5d65df03a
e7a676ef0ea0
e7a717809c53
e7a7b8129952
e7a858a5059d
e7a8f937e136
e7a999cb2c1b
e7aa3a5ee64f
e7aadaf30fd0
e7ab7b87a89f
e7ac1c1cb0bd
e7acbcb22829
e7ad5d480ee5
e7adfdde64f0
e7ae9e752a4b
e7af3f0c5ef5
e7afdfa402f0
e7b0803c163b
e7b120d498d8
e7b1c16d8ac5
e7b26206ec04
e7b302a0bc95
e7b3a33afc77
e7b443d5abad
e7b4e470ca34
e7b5850c580f
e7b625a8553d
e7b6c644c1bf
e7b766e19d95
e7b8077ee8be
e7b8a81ca33c
e7b948bacd10
e7b9e9596638
e7ba89f86eb5
e7bb2a97e688
e7bbcb37cdb1
e7bc6bd82431
e7bd0c78ea07
e7bdad1a1f34
e7be4dbbc3b8
e7beee5dd794
e7bf8f005ac7
e7c02fa34d53
e7c0d046af37
e7c170ea8074
e7c2118ec109
e7c2b23370f8
e7c352d89041
e7c3f37e1ee3
e7c494241ce0
e7c534ca8a37
e7c5d57166ea
e7c67618b2f7
e7c716c06e5f
e7c7b7689924
e7c858113344
e7c8f8ba3cc1
e7c99963b59a
e7ca3a0d9dd0
e7cadab7f564
e7cb7b62bc55
e7cc1c0df2a4
e7ccbcb99851
e7cd5d65ad5c
e7cdfe1231c6
e7ce9ebf2590
e7cf3f6c88b8
e7cfe01a5b40
e7d080c89d28
e7d121774e71
e7d1c2266f1a
e7d262d5ff23
e7d30385fe8e
e7d3a4366d5b
e7d444e74b89
e7d4e5989919
e7d5864a560b
e7d626fc8261
e7d6c7af1e19
e7d768622934
e7d80915a3b3
e7d8a9c98d96
e7d94a7de6dd
e7d9eb32af88
e7da8be7e799
e7db2c9d8f0e
e7dbcd53a5e9
e7dc6e0a2c29
e7dd0ec121cf
e7ddaf7886dc
e7de50305b4f
e7def0e89f29
e7df91a1526b
e7e0325a7513
e7e0d3140724
e7e173ce089c
e7e21488797d
e7e2b54359c7
e7e355fea97a
e7e3f6ba6896
e7e49776971b
e7e53833350b
e7e5d8f04264
e7e679adbf29
e7e71a6bab57
e7e7bb2a06f2
e7e85be8d1f7
e7e8fca80c68
e7e99d67b645
e7ea3e27cf8f
e7eadee85845
e7eb7fa95068
e7ec206ab7f8
e7ecc12c8ef6
e7ed61eed562
e7ee02b18b3b
e7eea374b083
e7ef4438453a
e7efe4fc4960
e7f085c0bcf5
e7f126859ffa
e7f1c74af26f
e7f26810b454
e7f308d6e5a9
e7f3a99d8670
e7f44a6496a7
e7f4eb2c1650
e7f58bf4056b
e7f62cbc63f8
e7f6cd8531f7
e7f76e4e6f68
e7f80f181c4d
e7f8afe238a5
e7f950acc470
e7f9f177bfb0
e7fa92432a63
e7fb330f048b
e7fbd3db4e28
e7fc74a8073a
e7fd15752fc1
e7fdb642c7bd
e7fe5710cf30
e7fef7df4619
e7ff98ae2c79
e800397d824f
e800da4d479d
e8017b1d7c62
e8021bee209f
e802bcbf3454
e8035d90b781
e803fe62aa27
e8049f350c46
e8054007ddde
e805e0db1ef0
e80681aecf7c
e8072282ef82
e807c3577f02
e808642c7dfe
e8090501ec74
e809a5d7ca66
e80a46ae17d3
e80ae784d4bd
e80b885c0122
e80c29339d05
e80cca0ba864
e80d6ae42341
e80e0bbd0d9a
e80eac966772
e80f4d7030c8
e80fee4a699d
e8108f2511f0
e811300029c2
e811d0dbb113
e81271b7a7e4
e81312940e35
e813b370e406
e814544e2958
e814f52bde2a
e815960a027e
e81636e89653
e816d7c799aa
e81778a70c83
e8181986eede
e818ba6740bc
e8195b48021d
e819fc293301
e81a9d0ad369
e81b3dece354
e81bdecf62c4
e81c7fb251b8
e81d2095b031
e81dc1797e2f
e81e625dbbb2
e81f034268bb
e81fa427854a
e820450d115f
e820e5f30cfa
e82186d9781d
e82227c052c7
e822c8a79cf8
e823698f56b1
e8240a777ff2
e824ab6018bc
e8254c49210e
e825ed3298e9
e8268e1c804d
e8272f06d73c
e827cff19db3
e82870dcd3b6
e82911c87942
e829b2b48e5a
e82a53a112fc
e82af48e072a
e82b957b6ae4
e82c36693e29
e82cd75780fb
e82d7846335a
e82e19355545
e82eba24e6be
e82f5b14e7c4
e82ffc055858
e8309cf6387a
e8313de7882b
e831ded9476a
e8327fcb7638
e83320be1496
e833c1b12283
e83462a4a000
e83503988d0e
e835a48ce9ac
e8364581b5da
e836e676f19a
e837876c9cec
e8382862b7cf
e838c9594244
e8396a503c4b
e83a0b47a5e6
e83aac3f7f13
e83b4d37c7d3
e83bee308027
e83c8f29a80f
e83d30233f8b
e83dd11d469b
e83e7217bd40
e83f1312a37a
e83fb40df94a
e8405509beaf
e840f605f3ab
e8419702983c
e84237ffac64
e842d8fd3023
e84379fb2379
e8441af98667
e844bbf858ec
e8455cf79b0a
e845fdf74cc0
e8469ef76e0f
e8473ff7fef6
e847e0f8ff77
e84881fa6f92
e84922fc4f46
e849c3fe9e95
e84a65015d7e
e84b06048c02
e84ba7082a21
e84c480c37db
e84ce910b531
e84d8a15a223
e84e2b1afeb2
e84ecc20cadd
e84f6d2706a5
e8500e2db20a
e850af34cd0d
e851503c57ae
e851f14451ed
e852924cbbca
e85333559546
e853d45ede61
e8547568971b
e8551672bf75
e855b77d576f
e85658885f09
e856f993d644
e8579a9fbd1f
e8583bac139c
e858dcb8d9ba
e8597dc60f7a
e85a1ed3b4dc
e85abfe1c9e1
e85b60f04e88
e85c01ff42d2
e85ca30ea6bf
e85d441e7a50
e85de52ebd84
e85e863f705d
e85f275092db
e85fc86224fd
e860697426c4
e8610a869831
e861ab997943
e8624cacc9fb
e862edc08a5a
e8638ed4ba5f
e8642fe95a0b
e864d0fe695e
e8657213e859
e8661329d6fc
e866b4403547
e8675557033a
e867f66e40d6
e8689785ee1a
e869389e0b09
e869d9b697a0
e86a7acf93e2
e86b1be8ffce
e86bbd02db64
e86c5e1d26a6
e86cff37e192
e86da0530c2a
e86e416ea66e
e86ee28ab05d
e86f83a729f9
e87024c41342
e870c5e16c37
e87166ff34da
e872081d6d2a
e872a93c1529
e8734a5b2cd5
e873eb7ab430
e8748c9aab39
e8752dbb11f2
e875cedbe85a
e8766ffd2e72
e877111ee439
e877b24109b1
e87853639eda
e878f486a3b3
e87995aa183e
e87a36cdfc7a
e87ad7f25067
e87b79171407
e87c1a3c475a
e87cbb61ea5e
e87d5c87fd16
e87dfdae7f82
e87e9ed571a1
e87f3ffcd373
e87fe124a4fa
e880824ce636
e88123759726
e881c49eb7cb
e88265c84826
e88306f24837
e883a81cb7fd
e8844947977a
e884ea72e6ad
e8858b9ea598
e8862ccad439
e886cdf77293
e8876f2480a4
e8881051fe6d
e888b17febee
e88952ae4929
e889f3dd161c
e88a950c52c9
e88b363bff2f
e88bd76c1b4f
e88c789ca72a
e88d19cda2bf
e88dbaff0e0f
e88e5c30e91a
e88efd6333e0
e88f9e95ee63
e8903fc918a1
e890e0fcb29c
e8918230bc53
e892236535c8
e892c49a1ef9
e89365cf77e9
e89407054096
e894a83b7901
e8954972212b
e895eaa93914
e8968be0c0bb
e8972d18b823
e897ce511f49
e8986f89f630
e89910c33cd7
e899b1fcf33f
e89a53371968
e89af471af51
e89b95acb4fd
e89c36e82a6a
e89cd8240f99
e89d7960648b
e89e1a9d293f
e89ebbda5db7
e89f5d1801f2
e89ffe5615f0
e8a09f9499b3
e8a140d38d39
e8a1e212f084
e8a28352c394
e8a324930669
e8a3c5d3b904
e8a46714db64
e8a508566d8b
e8a5a9986f77
e8a64adae12b
e8a6ec1dc2a5
e8a78d6113e7
e8a82ea4d4f0
e8a8cfe905c1
e8a9712da65a
e8aa1272b6bc
e8aab3b836e6
e8ab54fe26da
e8abf6448697
e8ac978b561e
e8ad38d2956e
e8adda1a4489
e8ae7b62636f
e8af1caaf21f
e8afbdf3f09b
e8b05f3d5ee2
e8b100873cf5
e8b1a1d18ad4
e8b2431c487f
e8b2e46775f7
e8b385b3133c
e8b426ff204f
e8b4c84b9d2f
e8b5699889dd
e8b60ae5e659
e8b6ac33b2a4
e8b74d81eebd
e8b7eed09aa6
e8b8901fb65e
e8b9316f41e6
e8b9d2bf3d3e
e8ba740fa866
e8bb1560835f
e8bbb6b1ce29
e8bc580388c4
e8bcf955b331
e8bd9aa84d6f
e8be3bfb5780
e8bedd4ed163
e8bf7ea2bb19
e8c01ff714a2
e8c0c14bddff
e8c162a1172f
e8c203f6c033
e8c2a54cd90b
e8c346a361b8
e8c3e7fa5a3a
e8c48951c291
e8c52aa99abd
e8c5cc01e2bf
e8c66d5a9a98
e8c70eb3c246
e8c7b00d59cc
e8c851676128
e8c8f2c1d85c
e8c9941cbf68
e8ca3578164b
e8cad6d3dd06
e8cb7830139a
e8cc198cba07
e8ccbae9d04d
e8cd5c47566d
e8cdfda54c66
e8ce9f03b239
e8cf406287e7
e8cfe1c1cd6f
e8d0832182d2
e8d12481a810
e8d1c5e23d2a
e8d267434220
e8d308a4b6f2
e8d3aa069ba0
e8d44b68f02b
e8d4eccbb493
e8d58e2ee8d9
e8d62f928cfc
e8d6d0f6a0fd
e8d7725b24dd
e8d813c0189b
e8d8b5257c38
e8d9568b4fb4
e8d9f7f1930f
e8da9958464b
e8db3abf6966
e8dbdc26fc62
e8dc7d8eff3f
e8dd1ef771fc
e8ddc060549b
e8de61c9a71c
e8df0333697e
e8dfa49d9bc3
e8e046083dea
e8e0e7734ff4
e8e188ded1e1
e8e22a4ac3b1
e8e2cbb72565
e8e36d23f6fe
e8e40e91387a
e8e4affee9db
e8e5516d0b21
e8e5f2db9c4d
e8e6944a9d5e
e8e735ba0e55
e8e7d729ef31
e8e8789a3ff5
e8e91a0b009f
e8e9bb7c3130
e8ea5cedd1a9
e8eafe5fe209
e8eb9fd26251
e8ec41455282
e8ece2b8b29b
e8ed842c829d
e8ee25a0c288
e8eec715725c
e8ef688a921b
e8f00a0021c3
e8f0ab762156
e8f14cec90d3
e8f1ee63703c
e8f28fdabf90
e8f331527ecf
e8f3d2caadfb
e8f474434d12
e8f515bc5c16
e8f5b735db07
e8f658afc9e5
e8f6fa2a28b1
e8f79ba4f76a
e8f83d203611
e8f8de9be4a7
e8f98018032b
e8fa2194919e
e8fac3119000
e8fb648efe52
e8fc060cdc94
e8fca78b2ac6
e8fd4909e8e8
e8fdea8916fb
e8fe8c08b4ff
e8ff2d88c2f5
e8ffcf0940dc
e900708a2eb5
e901120b8c81
e901b38d5a3f
e902550f97f0
e902f6924594
e9039815632b
e9043998f0b7
e904db1cee36
e9057ca15baa
e9061e263912
e906bfab8670
e907613143c3
e90802b7710b
e908a43e0e4a
e90945c51b7e
e909e74c98a9
e90a88d485cb
e90b2a5ce2e4
e90bcbe5aff5
e90c6d6eecfd
e90d0ef899fd
e90db082b6f6
e90e520d43e7
e90ef39840d1
e90f9523adb4
e91036af8a91
e910d83bd768
e91179c89439
e9121b55c104
e912bce35dca
e9135e716a8c
e913ffffe748
e914a18ed400
e915431e30b5
e915e4adfd65
e916863e3a12
e91727cee6bc
e917c9600363
e9186af19008
e9190c838caa
e919ae15f94b
e91a4fa8d5ea
e91af13c2287
e91b92cfdf24
e91c34640bc0
e91cd5f8a85c
e91d778db4f7
e91e19233193
e91ebab91e2f
e91f5c4f7acc
e91ffde6476a
e9209f7d840a
e921411530ab
e921e2ad4d4e
e9228445d9f4
e92325ded69d
e923c7784348
e92469121ff6
e9250aac6ca8
e925ac47295e
e9264de25619
e926ef7df2d7
e9279119ff9b
e92832b67c63
e928d4536931
e92975f0c604
e92a178e92de
e92ab92ccfbe
e92b5acb7ca4
e92bfc6a9991
e92c9e0a2686
e92d3faa2381
e92de14a9085
e92e82eb6d91
e92f248cbaa5
e92fc62e77c2
e93067d0a4e8
e93109734217
e931ab164f50
e9324cb9cc93
e932ee5db9e0
e93390021738
e93431a6e49a
e934d34c2208
e93574f1cf81
e9361697ed06
e936b83e7a96
e93759e57834
e937fb8ce5dd
e9389d34c394
e9393edd1158
e939e085cf2a
e93a822efd09
e93b23d89af7
e93bc582a8f3
e93c672d26fe
e93d08d81518
e93daa837341
e93e4c2f417a
e93eeddb7fc3
e93f8f882e1c
e94031354c86
e940d2e2db01
e9417490d98d
e942163f482b
e942b7ee26da
e943599d759c
e943fb4d3470
e9449cfd6356
e9453eae0250
e945e05f115d
e9468210907d
e94723c27fb2
e947c574defb
e9486727ae58
e94908daedca
e949aa8e9d52
e94a4c42bcee
e94aedf74ca1
e94b8fac4c6a
e94c3161bc48
e94cd3179c3e
e94d74cdec4b
e94e1684ac6f
e94eb83bdcaa
e94f59f37cfd
e94ffbab8d69
e9509d640ded
e9513f1cfe8a
e951e0d65f40
e9528290300f
e953244a70f8
e953c60521fb
e95467c04318
e955097bd450
e955ab37d5a3
e9564cf44711
e956eeb1289b
e957906e7a40
e958322c3c02
e958d3ea6de0
e95975a90fdb
e95a176821f2
e95ab927a428
e95b5ae7967a
e95bfca7f8eb
e95c9e68cb7a
e95d402a0e28
e95de1ebc0f4
e95e83ade3e0
e95f257076eb
e95fc7337a16
e96068f6ed60
e9610abad0cc
e961ac7f2458
e9624e43e805
e962f0091bd3
e96391cebfc3
e9643394d3d5
e964d55b5809
e96577224c5f
e96618e9b0d8
e966bab18575
e9675c79ca34
e967fe427f18
e968a00ba420
e96941d5394b
e969e39f3e9c
e96a8569b411
e96b273499ac
e96bc8ffef6c
e96c6acbb552
e96d0c97eb5f
e96dae649191
e96e5031a7eb
e96ef1ff2e6b
e96f93cd2513
e970359b8be3
e970d76a62da
e9717939a9fa
e9721b096142
e972bcd988b4
e9735eaa204e
e974007b2812
e974a24ca000
e975441e8818
e975e5f0e05a
e97687c3a8c7
e9772996e15f
e977cb6a8a22
e9786d3ea311
e9790f132c2c
e979b0e82573
e97a52bd8ee6
e97af4936887
e97b9669b254
e97c38406c4f
e97cda179678
e97d7bef30ce
e97e1dc73b54
e97ebf9fb607
e97f6178a0ea
e9800351fbfc
e980a52bc73e
e981470602af
e981e8e0ae51
e9828abbca23
e9832c975625
e983ce735259
e984704fbebf
e985122c9b56
e985b409e81f
e98655e7a51a
e986f7c5d248
e98799a46fa9
e9883b837d3d
e988dd62fb04
e9897f42e900
e98a2123472f
e98ac3041593
e98b64e5542c
e98c06c702f9
e98ca8a921fc
e98d4a8bb135
e98dec6eb0a3
e98e8e522048
e98f30360024
e98fd21a5036
e99073ff107f
e99115e44100
e991b7c9e1b9
e99259aff2aa
e992fb9673d3
e9939d7d6534
e9943f64c6cf
e994e14c98a3
e9958334dab1
e996251d8cf8
e996c706af7a
e99768f04236
e9980ada452d
e998acc4b85f
e9994eaf9bcd
e999f09aef76
e99a9286b35c
e99b3472e77d
e99bd65f8bdb
e99c784ca077
e99d1a3a254f
e99dbc281a65
e99e5e167fb9
e99f0005554b
e99fa1f49b1b
e9a043e4512a
e9a0e5d47779
e9a187c50e06
e9a229b614d3
e9a2cba78be1
e9a36d99732e
e9a40f8bcabc
e9a4b17e928b
e9a55371ca9c
e9a5f56572ed
e9a697598b81
e9a7394e1456
e9a7db430d6e
e9a87d3876c9
e9a91f2e5067
e9a9c1249a48
e9aa631b546c
e9ab05127ed5
e9aba70a1981
e9ac49022473
e9aceafa9fa9
e9ad8cf38b24
e9ae2eece6e5
e9aed0e6b2eb
e9af72e0ef38
e9b014db9bcb
e9b0b6d6b8a4
e9b158d245c5
e9b1face432d
e9b29ccab0dc
e9b33ec78ed3
e9b3e0c4dd13
e9b482c29b9b
e9b524c0ca6b
e9b5c6bf6985
e9b668be78e8
e9b70abdf895
e9b7acbde88c
e9b84ebe48cd
e9b8f0bf1959
e9b992c05a30
e9ba34c20b52
e9bad6c42cbf
e9bb78c6be78
e9bc1ac9c07e
e9bcbccd32d0
e9bd5ed1156e
e9be00d5685a
e9bea2da2b93
e9bf44df5f19
e9bfe6e502ee
e9c088eb1711
e9c12af19b82
e9c1ccf89043
e9c26efff552
e9c31107cab1
e9c3b3101060
e9c45518c65f
e9c4f721ecae
e9c5992b834e
e9c63b358a3f
e9c6dd400181
e9c77f4ae915
e9c8215640fa
e9c8c3620932
e9c9656e41bd
e9ca077aea9a
e9caa98803ca
e9cb4b958d4e
e9cbeda38726
e9cc8fb1f151
e9cd31c0cbd1
e9cdd3d016a6
e9ce75dfd1d0
e9cf17effd4e
e9cfba009923
e9d05c11a54d
e9d0fe2321cd
e9d1a0350ea4
e9d242476bd2
e9d2e45a3957
e9d3866d7733
e9d428812566
e9d4ca9543f2
e9d56ca9d2d6
e9d60ebed213
e9d6b0d441a9
e9d752ea2197
e9d7f50071e0
e9d897173282
e9d9392e637e
e9d9db4604d5
e9da7d5e1686
e9db1f769893
e9dbc18f8afb
e9dc63a8edbe
e9dd05c2c0dd
e9dda7dd0459
e9de49f7b831
e9deec12dc66
e9df8e2e70f9
e9e0304a75e8
e9e0d266eb36
e9e17483d0e1
e9e216a126eb
e9e2b8beed54
e9e35add241b
e9e3fcfbcb42
e9e49f1ae2c9
e9e5413a6aaf
e9e5e35a62f6
e9e6857acb9d
e9e7279ba4a5
e9e7c9bcee0e
e9e86bdea7d8
e9e90e00d205
e9e9b0236c93
e9ea52467783
e9eaf469f2d7
e9eb968dde8d
e9ec38b23aa6
e9ecdad70723
e9ed7cfc4404
e9ee1f21f149
e9eec1480ef3
e9ef636e9d01
e9f005959b74
e9f0a7bd0a4d
e9f149e4e98b
e9f1ec0d3930
e9f28e35f93a
e9f3305f29ab
e9f3d288ca84
e9f474b2dbc3
e9f516dd5d6a
e9f5b9084f79
e9f65b33b1ef
e9f6fd5f84cf
e9f79f8bc817
e9f841b87bc8
e9f8e3e59fe2
e9f986133466
e9fa28413954
e9faca6faeac
e9fb6c9e946f
e9fc0ecdea9c
e9fcb0fdb135
e9fd532de839
e9fdf55e8fa9
e9fe978fa785
e9ff39c12fce
e9ffdbf32883
ea007e2591a5
ea0120586b34
ea01c28bb531
ea0264bf6f9c
ea0306f39a75
ea03a92835bd
ea044b5d4174
ea04ed92bd99
ea058fc8aa2e
ea0631ff0733
ea06d435d4a8
ea07766d128d
ea0818a4c0e2
ea08badcdfa9
ea095d156ee1
ea09ff4e6e8b
ea0aa187dea6
ea0b43c1bf33
ea0be5fc1033
ea0c8836d1a6
ea0d2a72038c
ea0dccada5e5
ea0e6ee9b8b2
ea0f11263bf3
ea0fb3632fa8
ea1055a093d2
ea10f7de6871
ea119a1cad85
ea123c5b630e
ea12de9a890d
ea1380da1f83
ea14231a266f
ea14c55a9dd1
ea15679b85ab
ea1609dcddfc
ea16ac1ea6c4
ea174e60e005
ea17f0a389be
ea1892e6a3ef
ea19352a2e99
ea19d76e29bc
ea1a79b29559
ea1b1bf77170
ea1bbe3cbe01
ea1c60827b0c
ea1d02c8a891
ea1da50f4692
ea1e4756550e
ea1ee99dd406
ea1f8be5c379
ea202e2e2369
ea20d076f3d6
ea2172c034bf
ea221509e625
ea22b7540809
ea23599e9a6a
ea23fbe99d4a
ea249e3510a7
ea254080f484
ea25e2cd48df
ea26851a0dba
ea2727674314
ea27c9b4e8ee
ea286c02ff49
ea290e518623
ea29b0a07d7f
ea2a52efe55c
ea2af53fbdba
ea2b97900699
ea2c39e0bffb
ea2cdc31e9df
ea2d7e838446
ea2e20d58f2f
ea2ec3280a9c
ea2f657af68c
ea3007ce5300
ea30aa221ff9
ea314c765d75
ea31eecb0b77
ea32912029fd
ea333375b909
ea33d5cbb89b
ea34782228b2
ea351a790950
ea35bcd05a74
ea365f281c1f
ea3701804e52
ea37a3d8f10c
ea384632044d
ea38e88b8817
ea398ae57c69
ea3a2d3fe144
ea3acf9ab6a8
ea3b71f5fc95
ea3c1451b30c
ea3cb6adda0c
ea3d590a7197
ea3dfb6779ad
ea3e9dc4f24d
ea3f4022db79
ea3fe281352f
ea4084dfff72
ea41273f3a41
ea41c99ee59c
ea426bff0183
ea430e5f8df8
ea43b0c08afa
ea445321f88a
ea44f583d6a7
ea4597e62553
ea463a48e48d
ea46dcac1456
ea477f0fb4ae
ea482173c595
ea48c3d8470c
ea49663d3913
ea4a08a29bab
ea4aab086ed3
ea4b4d6eb28c
ea4befd566d6
ea4c923c8bb2
ea4d34a42120
ea4dd70c271f
ea4e79749db2
ea4f1bdd84d7
ea4fbe46dc8f
ea5060b0a4da
ea51031addb9
ea51a585872d
ea5247f0a134
ea52ea5c2bd0
ea538cc82701
ea542f3492c7
ea54d1a16f22
ea55740ebc14
ea56167c799b
ea56b8eaa7b9
ea575b59466e
ea57fdc855ba
ea58a037d59d
ea5942a7c617
ea59e518272a
ea5a8788f8d5
ea5b29fa3b18
ea5bcc6bedf4
ea5c6ede116a
ea5d1150a578
ea5db3c3aa21
ea5e56371f64
ea5ef8ab0541
ea5f9b1f5bb9
ea603d9422cc
ea60e0095a7a
ea61827f02c3
ea6224f51ba9
ea62c76ba52b
ea6369e29f49
ea640c5a0a04
ea64aed1e55c
ea65514a3152
ea65f3c2ede5
ea66963c1b17
ea6738b5b8e7
ea67db2fc755
ea687daa4663
ea692025360f
ea69c2a0965c
ea6a651c6748
ea6b0798a8d4
ea6baa155b01
ea6c4c927dce
ea6cef10113d
ea6d918e154d
ea6e340c89ff
ea6ed68b6f52
ea6f790ac548
ea701b8a8be1
ea70be0ac31d
ea71608b6afc
ea72030c837e
ea72a58e0ca4
ea734810066e
ea73ea9270dd
ea748d154bf1
ea752f9897a9
ea75d21c5407
ea7674a0810b
ea7717251eb4
ea77b9aa2d04
ea785c2fabfa
ea78feb59b98
ea79a13bfbdc
ea7a43c2ccc8
ea7ae64a0e5c
ea7b88d1c098
ea7c2b59e37c
ea7ccde27709
ea7d706b7b3f
ea7e12f4f01f
ea7eb57ed5a8
ea7f58092bdb
ea7ffa93f2b8
ea809d1f2a3f
ea813faad272
ea81e236eb50
ea8284c374d9
ea8327506f0e
ea83c9ddd9ef
ea846c6bb57c
ea850efa01b6
ea85b188be9d
ea865417ec32
ea86f6a78a74
ea8799379963
ea883bc81901
ea88de59094e
ea8980ea6a49
ea8a237c3bf4
ea8ac60e7e4e
ea8b68a13157
ea8c0b345511
ea8cadc7e97b
ea8d505bee96
ea8df2f06461
ea8e95854ade
ea8f381aa20d
ea8fdab069ed
ea907d46a280
ea911fdd4bc5
ea91c27465bc
ea92650bf067
ea9307a3ebc5
ea93aa3c57d7
ea944cd5349d
ea94ef6e8217
ea9592084046
ea9634a26f2a
ea96d73d0ec3
ea9779d81f12
ea981c73a016
ea98bf0f91d0
ea9961abf441
ea9a0448c769
ea9aa6e60b48
ea9b4983bfde
ea9bec21e52c
ea9c8ec07b31
ea9d315f81ef
ea9dd3fef966
ea9e769ee196
ea9f193f3a7e
ea9fbbe00420
eaa05e813e7c
eaa10122e992
eaa1a3c50563
eaa2466791ee
eaa2e90a8f34
eaa38badfd36
eaa42e51dbf3
eaa4d0f62b6c
eaa5739aeba2
eaa616401c94
eaa6b8e5be42
eaa75b8bd0ae
eaa7fe3253d8
eaa8a0d947bf
eaa94380ac64
eaa9e62881c8
eaaa88d0c7ea
eaab2b797ecc
eaabce22a66c
eaac70cc3ecc
eaad137647ec
eaadb620c1cd
eaae58cbac6e
eaaefb7707cf
eaaf9e22d3f2
eab040cf10d6
eab0e37bbe7c
eab18628dce4
eab228d66c0f
eab2cb846bfc
eab36e32dcac
eab410e1be1f
eab4b3911056
eab55640d350
eab5f8f1070f
eab69ba1ab93
eab73e52c0db
eab7e10446e8
eab883b63dbb
eab92668a553
eab9c91b7db1
eaba6bcec6d6
eabb0e8280c1
eabbb136ab74
eabc53eb46ed
eabcf6a0532e
eabd9955d037
eabe3c0bbe08
eabedec21ca2
eabf8178ec04
eac024302c2f
eac0c6e7dd24
eac1699ffee2
eac20c58916a
eac2af1194bd
eac351cb08da
eac3f484edc2
eac4973f4376
eac539fa09f4
eac5dcb5413f
eac67f70e956
eac7222d0239
eac7c4e98be9
eac867a68666
eac90a63f1b0
eac9ad21cdc8
eaca4fe01aae
eacaf29ed862
eacb955e06e5
eacc381da637
eaccdaddb657
eacd7d9e3748
eace205f2908
eacec3208b98
eacf65e25ef8
ead008a4a32a
ead0ab67582c
ead14e2a7dff
ead1f0ee14a4
ead293b21c1c
ead336769465
ead3d93b7d81
ead47c00d76f
ead51ec6a231
ead5c18cddc7
ead664538a30
ead7071aa76d
ead7a9e2357e
ead84caa3464
ead8ef72a420
ead9923b84b0
eada3504d616
eadad7ce9852
eadb7a98cb64
eadc1d636f4d
eadcc02e840c
eadd62fa09a3
eade05c60011
eadea8926756
eadf4b5f3f74
eadfee2c886a
eae090fa4239
eae133c86ce0
eae1d6970861
eae2796614bc
eae31c3591f0
eae3bf057fff
eae461d5dee8
eae504a6aeab
eae5a777ef4a
eae64a49a0c5
eae6ed1bc31b
eae78fee564d
eae832c15a5b
eae8d594cf46
eae97868b50e
eaea1b3d0bb3
eaeabe11d335
eaeb60e70b96
eaec03bcb4d4
eaeca692cef1
eaed496959ed
eaedec4055c8
eaee8f17c282
eaef31efa01c
eaefd4c7ee96
eaf077a0adf0
eaf11a79de2b
eaf1bd537f46
eaf2602d9143
eaf303081422
eaf3a5e307e2
eaf448be6c84
eaf4eb9a4209
eaf58e768870
eaf631533fbb
eaf6d43067e9
eaf7770e00fa
eaf819ec0aef
eaf8bcca85c9
eaf95fa97187
eafa0288ce2a
eafaa5689bb3
eafb4848da21
eafbeb298974
eafc8e0aa9ae
eafd30ec3ace
eafdd3ce3cd5
eafe76b0afc2
eaff19939397
eaffbc76e854
eb005f5aadf9
eb01023ee486
eb01a5238bfb
eb024808a459
eb02eaee2da1
eb038dd427d1
eb0430ba92ec
eb04d3a16ef1
eb057688bbe0
eb06197079b9
eb06bc58a87e
eb075f41482e
eb08022a58ca
eb08a513da51
eb0947fdccc5
eb09eae83025
eb0a8dd30472
eb0b30be49ac
eb0bd3a9ffd4
eb0c769626e9
eb0d1982beec
eb0dbc6fc7de
eb0e5f5d41be
eb0f024b2c8e
eb0fa539884c
eb10482854fb
eb10eb179299
eb118e074127
eb1230f760a5
eb12d3e7f115
eb1376d8f276
eb1419ca64c8
eb14bcbc480b
eb155fae9c41
eb1602a16169
eb16a5949784
eb1748883e91
eb17eb7c5692
eb188e70df86
eb193165d96f
eb19d45b444b
eb1a7751201c
eb1b1a476ce2
eb1bbd3e2a9c
eb1c6035594c
eb1d032cf8f2
eb1da625098e
eb1e491d8b20
eb1eec167da9
eb1f8f0fe128
eb203209b59f
eb20d503fb0d
eb2177feb173
eb221af9d8d2
eb22bdf57128
eb2360f17a78
eb2403edf4c0
eb24a6eae002
eb2549e83c3e
eb25ece60973
eb268fe447a3
eb2732e2f6cd
eb27d5e216f3
eb2878e1a813
eb291be1aa2f
eb29bee21d47
eb2a61e3015b
eb2b04e4566b
eb2ba7e61c78
eb2c4ae85382
eb2cedeafb89
eb2d90ee148e
eb2e33f19e91
eb2ed6f59992
eb2f79fa0592
eb301cfee291
eb30c004308e
eb316309ef8c
eb3206101f89
eb32a916c086
eb334c1dd283
eb33ef255582
eb34922d4981
eb353535ae81
eb35d83e8483
eb367b47cb87
eb371e51838e
eb37c15bac97
eb38646646a2
eb39077151b1
eb39aa7ccdc3
eb3a4d88bad9
eb3af09518f3
eb3b93a1e812
eb3c36af2835
eb3cd9bcd95d
eb3d7ccafb8b
eb3e1fd98ebe
eb3ec2e892f7
eb3f65f80836
eb400907ee7b
eb40ac1845c8
eb414f290e1b
eb41f23a4776
eb42954bf1d9
eb43385e0d44
eb43db7099b7
eb447e839733
eb45219705b8
eb45c4aae546
eb4667bf35dd
eb470ad3f77f
eb47ade92a2a
eb4850fecde0
eb48f414e2a1
eb49972b686d
eb4a3a425f45
eb4add59c728
eb4b8071a017
eb4c2389ea13
eb4cc6a2a51b
eb4d69bbd130
eb4e0cd56e53
eb4eafef7c82
eb4f5309fbc0
eb4ff624ec0c
eb5099404d67
eb513c5c1fd0
eb51df786348
eb52829517d0
eb5325b23d67
eb53c8cfd40e
eb546beddbc6
eb550f0c548e
eb55b22b3e67
eb56554a9952
eb56f86a654e
eb579b8aa25c
eb583eab507c
eb58e1cc6fae
eb5984edfff3
eb5a2810014b
eb5acb3273b7
eb5b6e555736
eb5c1178abc9
eb5cb49c7171
eb5d57c0a82d
eb5dfae54ffe
eb5e9e0a68e4
eb5f412ff2e0
eb5fe455edf1
eb60877c5a19
eb612aa33757
eb61cdca85ac
eb6270f24518
eb63141a759b
eb63b7431736
eb645a6c29e9
eb64fd95adb4
eb65a0bfa298
eb6643ea0894
eb66e714dfaa
eb678a4027d9
eb682d6be122
eb68d0980b86
eb6973c4a703
eb6a16f1b39b
eb6aba1f314f
eb6b5d4d201d
eb6c007b8008
eb6ca3aa510e
eb6d46d99330
eb6dea09466f
eb6e8d396acb
eb6f306a0044
eb6fd39b06db
eb7076cc7e8f
eb7119fe6762
eb71bd30c152
eb7260638c62
eb730396c890
eb73a6ca75de
eb7449fe944c
eb74ed3323d9
eb7590682487
eb76339d9655
eb76d6d37944
eb777a09cd54
eb781d409285
eb78c077c8d9
eb7963af704e
eb7a06e788e6
eb7aaa2012a0
eb7b4d590d7e
eb7bf092797f
eb7c93cc56a3
eb7d3706a4eb
eb7dda416458
eb7e7d7c94e9
eb7f20b8369f
eb7fc3f4497a
eb806730cd7a
eb810a6dc2a0
eb81adab28ec
eb8250e9005f
eb82f42748f8
eb83976602b8
eb843aa52da0
eb84dde4c9af
eb858124d6e6
eb8624655545
eb86c7a644cc
eb876ae7a57d
eb880e297756
eb88b16bba59
eb8954ae6e86
eb89f7f193dd
eb8a9b352a5e
eb8b3e793209
eb8be1bdaae0
eb8c850294e2
eb8d2847f010
eb8dcb8dbc69
eb8e6ed3f9ee
eb8f121aa8a0
eb8fb561c87f
eb9058a9598b
eb90fbf15bc5
eb919f39cf2c
eb924282b3c1
eb92e5cc0984
eb938915d076
eb942c600897
eb94cfaab1e7
eb9572f5cc67
eb9616415817
eb96b98d54f6
eb975cd9c307
eb980026a248
eb98a373f2ba
eb9946c1b45d
eb99ea0fe732
eb9a8d5e8b39
eb9b30ada073
eb9bd3fd26df
eb9c774d1e7e
eb9d1a9d8750
eb9dbdee6156
eb9e613fac90
eb9f049168fe
eb9fa7e396a0
eba04b363577
eba0ee894583
eba191dcc6c4
eba23530b93b
eba2d8851ce8
eba37bd9f1cc
eba41f2f37e6
eba4c284ef37
eba565db17bf
eba60931b17e
eba6ac88bc76
eba74fe038a6
eba7f338260e
eba8969084ae
eba939e95488
eba9dd42959b
ebaa809c47e8
ebab23f66b6f
ebabc7510030
ebac6aac062c
ebad0e077d62
ebadb16365d4
ebae54bfbf81
ebaef81c8a6a
ebaf9b79c690
ebb03ed773f1
ebb0e2359290
ebb18594226b
ebb228f32384
ebb2cc5295da
ebb36fb2796e
ebb41312ce41
ebb4b6739452
ebb559d4cba2
ebb5fd367432
ebb6a0988e00
ebb743fb190f
ebb7e75e155d
ebb88ac182ed
ebb92e2561bc
ebb9d189b1cd
ebba74ee731f
ebbb1853a5b3
ebbbbbb94989
ebbc5f1f5ea1
ebbd0285e4fb
ebbda5ecdc98
ebbe49544579
ebbeecbc1f9d
ebbf90246b05
ebc0338d27b1
ebc0d6f655a1
ebc17a5ff4d6
ebc21dca0550
ebc2c134870f
ebc3649f7a14
ebc4080ade5f
ebc4ab76b3f0
ebc54ee2fac8
ebc5f24fb2e6
ebc695bcdc4c
ebc7392a76f9
ebc7dc9882ee
ebc88007002b
ebc92375eeb0
ebc9c6e54e7e
ebca6a551f96
ebcb0dc561f6
ebcbb13615a0
ebcc54a73a94
ebccf818d0d2
ebcd9b8ad85a
ebce3efd512e
ebcee2703b4d
ebcf85e396b7
ebd02957636c
ebd0cccba16e
ebd1704050bd
ebd213b57158
ebd2b72b033f
ebd35aa10675
ebd3fe177af8
ebd4a18e60c8
ebd54505b7e7
ebd5e87d8055
ebd68bf5ba11
ebd72f6e651c
ebd7d2e78177
ebd876610f22
ebd919db0e1c
ebd9bd557e67
ebda60d06003
ebdb044bb2f0
ebdba7c7772e
ebdc4b43acbd
ebdceec0539f
ebdd923d6bd2
ebde35baf558
ebded938f031
ebdf7cb75c5d
ebe0203639dd
ebe0c3b588b0
ebe1673548d7
ebe20ab57a53
ebe2ae361d23
ebe351b73149
ebe3f538b6c3
ebe498baad93
ebe53c3d15b9
ebe5dfbfef35
ebe683433a08
ebe726c6f631
ebe7ca4b23b2
ebe86dcfc28a
ebe91154d2ba
ebe9b4da5441
ebea58604722
ebeafbe6ab5a
ebeb9f6d80ec
ebec42f4c7d7
ebece67c801b
ebed8a04a9ba
ebee2d8d44b2
ebeed1165105
ebef749fceb3
ebf01829bdbc
ebf0bbb41e20
ebf15f3eefe1
ebf202ca32fd
ebf2a655e775
ebf349e20d4a
ebf3ed6ea47c
ebf490fbad0b
ebf5348926f8
ebf5d8171243
ebf67ba56eec
ebf71f343cf3
ebf7c2c37c59
ebf866532d1e
ebf909e34f43
ebf9ad73e2c7
ebfa5104e7ab
ebfaf4965df0
ebfb98284595
ebfc3bba9e9b
ebfcdf4d6903
ebfd82e0a4cc
ebfe267451f6
ebfeca087083
ebff6d9d0073
ec00113201c5
ec00b4c7747a
ec01585d5893
ec01fbf3ae0f
ec029f8a74f0
ec034321ad34
ec03e6b956de
ec048a5171ec
ec052de9fe5f
ec05d182fc38
ec06751c6b77
ec0718b64c1c
ec07bc509e28
ec085feb619a
ec0903869673
ec09a7223cb4
ec0a4abe545c
ec0aee5add6d
ec0b91f7d7e5
ec0c359543c6
ec0cd9332111
ec0d7cd16fc4
ec0e20702fe1
ec0ec40f6168
ec0f67af0459
ec100b4f18b4
ec10aeef9e7a
ec11529095ab
ec11f631fe48
ec1299d3d850
ec133d7623c4
ec13e118e0a5
ec1484bc0ef2
ec15285faeac
ec15cc03bfd3
ec166fa84268
ec17134d366b
ec17b6f29bdb
ec185a9872ba
ec18fe3ebb08
ec19a1e574c5
ec1a458c9ff2
ec1ae9343c8e
ec1b8cdc4a9a
ec1c3084ca16
ec1cd42dbb03
ec1d77d71d60
ec1e1b80f12f
ec1ebf2b3670
ec1f62d5ed22
ec2006811547
ec20aa2caede
ec214dd8b9e7
ec21f1853664
ec2295322454
ec2338df83b8
ec23dc8d548f
ec24803b96db
ec2523ea4a9c
ec25c7996fd1
ec266b49067c
ec270ef90e9c
ec27b2a98832
ec28565a733e
ec28fa0bcfc0
ec299dbd9dba
ec2a416fdd2a
ec2ae5228e11
ec2b88d5b071
ec2c2c894448
ec2cd03d4998
ec2d73f1c060
ec2e17a6a8a1
ec2ebb5c025b
ec2f5f11cd8e
ec3002c80a3c
ec30a67eb864
ec314a35d806
ec31eded6922
ec3291a56bba
ec33355ddfcd
ec33d916c55c
ec347cd01c67
ec352089e4ee
ec35c4441ef2
ec3667feca72
ec370bb9e770
ec37af7575eb
ec38533175e4
ec38f6ede75b
ec399aaaca50
ec3a3e681ec5
ec3ae225e4b8
ec3b85e41c2a
ec3c29a2c51d
ec3ccd61df8f
ec3d71216b81
ec3e14e168f4
ec3eb8a1d7e8
ec3f5c62b85d
ec4000240a54
ec40a3e5cdcc
ec4147a802c7
ec41eb6aa944
ec428f2dc143
ec4332f14ac6
ec43d6b545cc
ec447a79b256
ec451e3e9063
ec45c203dff5
ec4665c9a10b
ec47098fd3a7
ec47ad5677c7
ec48511d8d6d
ec48f4e51499
ec4998ad0d4b
ec4a3c757783
ec4ae03e5342
ec4b8407a088
ec4c27d15f55
ec4ccb9b8faa
ec4d6f663187
ec4e133144ec
ec4eb6fcc9da
ec4f5ac8c050
ec4ffe952850
ec50a26201d9
ec51462f4ced
ec51e9fd098a
ec528dcb37b1
ec533199d763
ec53d568e8a1
ec5479386b69
ec551d085fbd
ec55c0d8c59e
ec5664a99d0a
ec57087ae603
ec57ac4ca089
ec58501ecc9c
ec58f3f16a3c
ec5997c4796b
ec5a3b97fa27
ec5adf6bec72
ec5b8340504b
ec5c271525b4
ec5ccaea6cac
ec5d6ec02533
ec5e12964f4a
ec5eb66ceaf2
ec5f5a43f82a
ec5ffe1b76f3
ec60a1f3674e
ec6145cbc939
ec61e9a49cb7
ec628d7de1c6
ec6331579868
ec63d531c09d
ec64790c5a65
ec651ce765c0
ec65c0c2e2ae
ec66649ed131
ec67087b3148
ec67ac5802f3
ec6850354633
ec68f412fb09
ec6997f12174
ec6a3bcfb974
ec6adfaec30b
ec6b838e3e38
ec6c276e2afc
ec6ccb4e8957
ec6d6f2f5949
ec6e13109ad3
ec6eb6f24df5
ec6f5ad472af
ec6ffeb70901
ec70a29a10ed
ec71467d8a71
ec71ea61758f
ec728e45d247
ec73322aa099
ec73d60fe085
ec7479f5920c
ec751ddbb52e
ec75c1c249ec
ec7665a95045
ec770990c83a
ec77ad78b1cb
ec7851610cf9
ec78f549d9c3
ec799933182b
ec7a3d1cc830
ec7ae106e9d3
ec7b84f17d14
ec7c28dc81f3
ec7cccc7f872
ec7d70b3e08f
ec7e14a03a4b
ec7eb88d05a7
ec7f5c7a42a3
ec800067f140
ec80a456117c
ec814844a35a
ec81ec33a6d9
ec8290231bf9
ec83341302bb
ec83d8035b1f
ec847bf42526
ec851fe560cf
ec85c3d70e1c
ec8667c92d0b
ec870bbbbd9e
ec87afaebfd5
ec8853a233b1
ec88f7961931
ec899b8a7056
ec8a3f7f3920
ec8ae374738f
ec8b876a1fa4
ec8c2b603d5f
ec8ccf56ccc1
ec8d734dcdca
ec8e17454079
ec8ebb3d24d0
ec8f5f357ace
ec90032e4274
ec90a7277bc3
ec914b2126ba
ec91ef1b435a
ec929315d1a3
ec933710d195
ec93db0c4332
ec947f082678
ec9523047b69
ec95c7014205
ec966afe7a4b
ec970efc243d
ec97b2fa3fda
ec9856f8cd24
ec98faf7cc19
ec999ef73cbc
ec9a42f71f0b
ec9ae6f77307
ec9b8af838b1
ec9c2ef97008
ec9cd2fb190e
ec9d76fd33c2
ec9e1affc024
ec9ebf02be36
ec9f63062df7
eca0070a0f67
eca0ab0e6288
eca14f132759
eca1f3185dda
eca2971e060c
eca33b241ff0
eca3df2aab85
eca48331a8cb
eca5273917c4
eca5cb40f86f
eca66f494acd
eca713520ede
eca7b75b44a2
eca85b64ec1a
eca8ff6f0545
eca9a3799025
ecaa47848cba
ecaaeb8ffb03
ecab8f9bdb02
ecac33a82cb6
ecacd7b4f020
ecad7bc2253f
ecae1fcfcc16
ecaec3dde4a3
ecaf67ec6ee7
ecb00bfb6ae2
ecb0b00ad895
ecb1541ab800
ecb1f82b0923
ecb29c3bcbff
ecb3404d0093
ecb3e45ea6e1
ecb48870bee8
ecb52c8348a9
ecb5d0964425
ecb674a9b15a
ecb718bd904a
ecb7bcd1e0f6
ecb860e6a35c
ecb904fbd77e
ecb9a9117d5c
ecba4d2794f7
ecbaf13e1e4e
ecbb95551962
ecbc396c8633
ecbcdd8464c1
ecbd819cb50d
ecbe25b57718
ecbec9ceaae1
ecbf6de85068
ecc0120267af
ecc0b61cf0b4
ecc15a37eb7a
ecc1fe5357ff
ecc2a26f3645
ecc3468b864b
ecc3eaa84812
ecc48ec57b9b
ecc532e320e4
ecc5d70137f0
ecc67b1fc0be
ecc71f3ebb4e
ecc7c35e27a0
ecc8677e05b6
ecc90b9e558f
ecc9afbf172c
ecca53e04a8d
eccaf801efb2
eccb9c24069c
eccc40468f4a
eccce46989be
eccd888cf5f7
ecce2cb0d3f6
ecced0d523bb
eccf74f9e546
ecd0191f1898
ecd0bd44bdb2
ecd1616ad492
ecd205915d3a
ecd2a9b857aa
ecd34ddfc3e3
ecd3f207a1e4
ecd4962ff1ae
ecd53a58b341
ecd5de81e69d
ecd682ab8bc4
ecd726d5a2b4
ecd7cb002b6f
ecd86f2b25f4
ecd913569245
ecd9b7827061
ecda5baec049
ecdaffdb81fc
ecdba408b57c
ecdc48365ac9
ecdcec6471e2
ecdd9092fac8
ecde34c1f57c
ecded8f161fe
ecdf7d21404e
ece02151906c
ece0c582525a
ece169b38616
ece20de52ba1
ece2b21742fc
ece35649cc27
ece3fa7cc723
ece49eb033ef
ece542e4128c
ece5e71862fa
ece68b4d2539
ece72f82594b
ece7d3b7ff2e
ece877ee16e4
ece91c24a06d
ece9c05b9bc8
ecea649308f8
eceb08cae7fa
ecebad0338d1
ecec513bfb7c
ececf5752ffc
eced99aed650
ecee3de8ee7a
eceee2237879
ecef865e744e
ecf02a99e1f9
ecf0ced5c17b
ecf1731212d3
ecf2174ed602
ecf2bb8c0b09
ecf35fc9b1e7
ecf40407ca9e
ecf4a846552d
ecf54c855194
ecf5f0c4bfd4
ecf695049fed
ecf73944f1e0
ecf7dd85b5ad
ecf881c6eb54
ecf9260892d5
ecf9ca4aac31
ecfa6e8d3768
ecfb12d0347b
ecfbb713a369
ecfc5b578433
ecfcff9bd6da
ecfda3e09b5d
ecfe4825d1bd
ecfeec6b79fa
ecff90b19415
ed0034f8200d
ed00d93f1de4
ed017d868d99
ed0221ce6f2d
ed02c616c2a0
ed036a5f87f3
ed040ea8bf25
ed04b2f26837
ed05573c8329
ed05fb870ffc
ed069fd20eb0
ed07441d7f45
ed07e86961bc
ed088cb5b614
ed0931027c4f
ed09d54fb46c
ed0a799d5e6c
ed0b1deb7a4f
ed0bc23a0815
ed0c668907bf
ed0d0ad8794d
ed0daf285cc0
ed0e5378b217
ed0ef7c97952
ed0f9c1ab274
ed10406c5d7a
ed10e4be7a67
ed1189110939
ed122d6409f3
ed12d1b77c93
ed13760b611a
ed141a5fb788
ed14beb47fde
ed156309ba1c
ed16075f6643
ed16abb58452
ed17500c144a
ed17f463162b
ed1898ba89f6
ed193d126fab
ed19e16ac74a
ed1a85c390d3
ed1b2a1ccc47
ed1bce7679a6
ed1c72d098f1
ed1d172b2a27
ed1dbb862d4a
ed1e5fe1a258
ed1f043d8954
ed1fa899e23c
ed204cf6ad12
ed20f153e9d5
ed2195b19886
ed223a0fb925
ed22de6e4bb3
ed2382cd502f
ed24272cc69b
ed24cb8caef6
ed256fed0940
ed26144dd57b
ed26b8af13a6
ed275d10c3c2
ed280172e5ce
ed28a5d579cc
ed294a387fbc
ed29ee9bf79d
ed2a92ffe171
ed2b37643d37
ed2bdbc90af0
ed2c802e4a9c
ed2d2493fc3b
ed2dc8fa1fcf
ed2e6d60b556
ed2f11c7bcd1
ed2fb62f3642
ed305a9721a7
ed30feff7f01
ed31a3684e51
ed3247d18f97
ed32ec3b42d3
ed3390a56806
ed34350fff30
ed34d97b0850
ed357de68368
ed3622527078
ed36c6becf80
ed376b2ba080
ed380f98e379
ed38b406986b
ed395874bf56
ed39fce3583b
ed3aa1526319
ed3b45c1dff2
ed3bea31cec6
ed3c8ea22f94
ed3d3313025d
ed3dd7844722
ed3e7bf5fde3
ed3f2068269f
ed3fc4dac158
ed40694dce0e
ed410dc14cc1
ed41b2353d71
ed4256a9a01e
ed42fb1e74ca
ed439f93bb74
ed444409741c
ed44e87f9ec3
ed458cf63b69
ed46316d4a0f
ed46d5e4cab5
ed477a5cbd5a
ed481ed52200
ed48c34df8a7
ed4967c7414e
ed4a0c40fbf7
ed4ab0bb28a2
ed4b5535c74f
ed4bf9b0d7fd
ed4c9e2c5aaf
ed4d42a84f63
ed4de724b61a
ed4e8ba18ed5
ed4f301ed994
ed4fd49c9656
ed50791ac51d
ed511d9965e9
ed51c21878ba
ed526697fd90
ed530b17f46c
ed53af985d4e
ed5454193836
ed54f89a8524
ed559d1c441a
ed56419e7516
ed56e621181a
ed578aa42d26
ed582f27b43a
ed58d3abad57
ed597830187c
ed5a1cb4f5aa
ed5ac13a44e1
ed5b65c00622
ed5c0a46396e
ed5caeccdec3
ed5d5353f623
ed5df7db7f8e
ed5e9c637b04
ed5f40ebe885
ed5fe574c813
ed6089fe19ac
ed612e87dd52
ed61d3121304
ed62779cbac4
ed631c27d491
ed63c0b3606c
ed64653f5e54
ed6509cbce4b
ed65ae58b051
ed6652e60465
ed66f773ca89
ed679c0202bc
ed684090acff
ed68e51fc952
ed6989af57b6
ed6a2e3f582a
ed6ad2cfcaaf
ed6b7760af46
ed6c1bf205ee
ed6cc083cea9
ed6d65160975
ed6e09a8b655
ed6eae3bd547
ed6f52cf664c
ed6ff7636965
ed709bf7de92
ed71408cc5d3
ed71e5221f28
ed7289b7ea92
ed732e4e2812
ed73d2e4d7a6
ed74777bf950
ed751c138d11
ed75c0ab92e7
ed7665440ad5
ed7709dcf4d9
ed77ae7650f4
ed7853101f27
ed78f7aa5f72
ed799c4511d5
ed7a40e03650
ed7ae57bcce5
ed7b8a17d592
ed7c2eb45059
ed7cd3513d39
ed7d77ee9c34
ed7e1c8c6d48
ed7ec12ab078
ed7f65c965c2
ed800a688d28
ed80af0826a9
ed8153a83246
ed81f848afff
ed829ce99fd5
ed83418b01c7
ed83e62cd5d7
ed848acf1c04
ed852f71d44f
ed85d414feb8
ed8678b89b3f
ed871d5ca9e4
ed87c2012aa9
ed8866a61d8d
ed890b4b8291
ed89aff159b4
ed8a5497a2f8
ed8af93e5e5c
ed8b9de58be1
ed8c428d2b87
ed8ce7353d4f
ed8d8bddc138
ed8e3086b744
ed8ed5301f71
ed8f79d9f9c2
ed901e844635
ed90c32f04cc
ed9167da3586
ed920c85d864
ed92b131ed67
ed9355de748d
ed93fa8b6dd9
ed949f38d94a
ed9543e6b6e0
ed95e895069c
ed968d43c87f
ed9731f2fc87
ed97d6a2a2b6
ed987b52bb0d
ed992003458a
ed99c4b4422f
ed9a6965b0fc
ed9b0e1791f2
ed9bb2c9e50f
ed9c577caa56
ed9cfc2fe1c6
ed9da0e38b5f
ed9e4597a722
ed9eea4c3510
ed9f8f013527
eda033b6a769
eda0d86c8bd7
eda17d22e26f
eda221d9ab34
eda2c690e624
eda36b489340
eda41000b289
eda4b4b943ff
eda5597247a2
eda5fe2bbd73
eda6a2e5a571
eda7479fff9e
eda7ec5acbf8
eda891160a82
eda935d1bb3b
eda9da8dde23
edaa7f4a733a
edab24077a82
edabc8c4f3fa
edac6d82dfa2
edad12413d7b
edadb7000d86
edae5bbf4fc2
edaf007f0430
edafa53f2ad0
edb049ffc3a2
edb0eec0cea7
edb193824be0
edb238443b4b
edb2dd069cea
edb381c970be
edb4268cb6c5
edb4cb506f01
edb570149972
edb614d93618
edb6b99e44f4
edb75e63c606
edb80329b94d
edb8a7f01ecc
edb94cb6f681
edb9f17e406d
edba9645fc90
edbb3b0e2aeb
edbbdfd6cb7e
edbc849fde4a
edbd2969634e
edbdce335a8b
edbe72fdc401
edbf17c89fb1
edbfbc93ed9a
edc0615fadbe
edc1062be01c
edc1aaf884b5
edc24fc59b89
edc2f4932499
edc399611fe4
edc43e2f8d6b
edc4e2fe6d2f
edc587cdbf2f
edc62c9d836c
edc6d16db9e7
edc7763e629f
edc81b0f7d95
edc8bfe10ac9
edc964b30a3b
edca09857bed
edcaae585fdd
edcb532bb60d
edcbf7ff7e7d
edcc9cd3b92c
edcd41a8661c
edcde67d854d
edce8b5316bf
edcf30291a72
edcfd4ff9066
edd079d6789d
edd11eadd315
edd1c3859fd1
edd2685ddecf
edd30d369010
edd3b20fb394
edd456e9495d
edd4fbc35169
edd5a09dcbba
edd64578b84f
edd6ea54172a
edd78f2fe849
edd8340c2baf
edd8d8e8e15a
edd97dc6094b
edda22a3a383
eddac781b002
eddb6c602ec8
eddc113f1fd6
eddcb61e832b
eddd5afe58c9
edddffdea0ae
eddea4bf5add
eddf49a08754
eddfee822615
ede093643720
ede13846ba74
ede1dd29b013
ede2820d17fc
ede326f0f230
ede3cbd53eaf
ede470b9fd7a
ede5159f2e91
ede5ba84d1f3
ede65f6ae7a2
ede704516f9e
ede7a93869e7
ede84e1fd67d
ede8f307b561
ede997f00693
edea3cd8ca13
edeae1c1ffe2
edeb86aba7ff
edec2b95c26c
edecd0804f28
eded756b4e35
edee1a56bf91
edeebf42a33d
edef642ef93b
edf0091bc189
edf0ae08fc29
edf152f6a91b
edf1f7e4c85e
edf29cd359f4
edf341c25ddd
edf3e6b1d418
edf48ba1bca7
edf530921789
edf5d582e4bf
edf67a742449
edf71f65d628
edf7c457fa5b
edf8694a90e4
edf90e3d99c1
edf9b33114f5
edfa5825027f
edfafd19625f
edfba20e3495
edfc47037923
edfcebf93007
edfd90ef5944
edfe35e5f4d8
edfedadd02c4
edff7fd48309
ee0024cc75a7
ee00c9c4da9d
ee016ebdb1ee
ee0213b6fb98
ee02b8b0b79c
ee035daae5fa
ee0402a586b3
ee04a7a099c7
ee054c9c1f36
ee05f1981701
ee0696948127
ee073b915daa
ee07e08eac8a
ee08858c6dc6
ee092a8aa15f
ee09cf894756
ee0a74885fab
ee0b1987ea5d
ee0bbe87e76e
ee0c638856de
ee0d088938ad
ee0dad8a8cdb
ee0e528c5368
ee0ef78e8c56
ee0f9c9137a4
ee1041945552
ee10e697e561
ee118b9be7d1
ee1230a05ca3
ee12d5a543d7
ee137aaa9d6c
ee141fb06965
ee14c4b6a7bf
ee1569bd587d
ee160ec47b9e
ee16b3cc1123
ee1758d4190c
ee17fddc9359
ee18a2e5800a
ee1947eedf21
ee19ecf8b09c
ee1a9202f47d
ee1b370daac4
ee1bdc18d371
ee1c81246e85
ee1d26307bff
ee1dcb3cfbe0
ee1e7049ee29
ee1f155752d9
ee1fba6529f1
ee205f737372
ee2104822f5b
ee21a9915dad
ee224ea0fe68
ee22f3b1118d
ee2398c1971b
ee243dd28f14
ee24e2e3f977
ee2587f5d645
ee262d08257e
ee26d21ae723
ee27772e1b33
ee281c41c1af
ee28c155da97
ee29666a65ec
ee2a0b7f63ae
ee2ab094d3dd
ee2b55aab67a
ee2bfac10b85
ee2c9fd7d2fd
ee2d44ef0ce5
ee2dea06b93b
ee2e8f1ed800
ee2f34376935
ee2fd9506cd9
ee307e69e2ed
ee312383cb72
ee31c89e2667
ee326db8f3cd
ee3312d433a5
ee33b7efe5ee
ee345d0c0aa9
ee350228a1d6
ee35a745ab76
ee364c632788
ee36f181160e
ee37969f7707
ee383bbe4a74
ee38e0dd9055
ee3985fd48aa
ee3a2b1d7374
ee3ad03e10b3
ee3b755f2067
ee3c1a80a291
ee3cbfa29731
ee3d64c4fe47
ee3e09e7d7d4
ee3eaf0b23d7
ee3f542ee252
ee3ff9531344
ee409e77b6ad
ee41439ccc8f
ee41e8c254ea
ee428de84fbd
ee43330ebd09
ee43d8359cce
ee447d5cef0d
ee452284b3c6
ee45c7aceaf9
ee466cd594a7
ee4711feb0cf
ee47b7283f73
ee485c524092
ee49017cb42d
ee49a6a79a45
ee4a4bd2f2d8
ee4af0febde9
ee4b962afb76
ee4c3b57ab81
ee4ce084ce09
ee4d85b26310
ee4e2ae06a95
ee4ed00ee498
ee4f753dd11a
ee501a6d301c
ee50bf9d019d
ee5164cd459d
ee5209fdfc1e
ee52af2f2520
ee535460c0a2
ee53f992cea5
ee549ec54f2a
ee5543f84230
ee55e92ba7b8
ee568e5f7fc3
ee573393ca50
ee57d8c88761
ee587dfdb6f4
ee592333590b
ee59c8696da6
ee5a6d9ff4c5
ee5b12d6ee69
ee5bb80e5a91
ee5c5d46393f
ee5d027e8a71
ee5da7b74e2a
ee5e4cf08469
ee5ef22a2d2e
ee5f97644879
ee603c9ed64c
ee60e1d9d6a6
ee6187154987
ee622c512ef1
ee62d18d86e2
ee6376ca515d
ee641c078e60
ee64c1453dec
ee6566836001
ee660bc1f4a0
ee66b100fbca
ee675640757e
ee67fb8061bc
ee68a0c0c085
ee69460191da
ee69eb42d5bb
ee6a90848c27
ee6b35c6b51f
ee6bdb0950a5
ee6c804c5eb7
ee6d258fdf56
ee6dcad3d282
ee6e7018383d
ee6f155d1085
ee6fbaa25b5c
ee705fe818c2
ee71052e48b6
ee71aa74eb3a
ee724fbc004e
ee72f50387f2
ee739a4b8226
ee743f93eeea
ee74e4dcce3f
ee758a262026
ee762f6fe49e
ee76d4ba1ba8
ee777a04c544
ee781f4fe172
ee78c49b7034
ee7969e77188
ee7a0f33e570
ee7ab480cbeb
ee7b59ce24fa
ee7bff1bf09e
ee7ca46a2ed6
ee7d49b8dfa4
ee7def080306
ee7e945798fe
ee7f39a7a18c
ee7fdef81cb0
ee8084490a6a
ee81299a6abc
ee81ceec3da4
ee82743e8324
ee8319913b3b
ee83bee465eb
ee8464380333
ee85098c1313
ee85aee0958d
ee8654358aa0
ee86f98af24c
ee879ee0cc92
ee8844371973
ee88e98dd8ed
ee898ee50b03
ee8a343cafb4
ee8ad994c700
ee8b7eed50e9
ee8c24464d6d
ee8cc99fbc8d
ee8d6ef99e4a
ee8e1453f2a5
ee8eb9aeb99c
ee8f5f09f331
ee9004659f64
ee90a9c1be35
ee914f1e4fa5
ee91f47b53b4
ee9299d8ca62
ee933f36b3af
ee93e4950f9c
ee9489f3de29
ee952f531f57
ee95d4b2d325
ee967a12f995
ee971f7392a5
ee97c4d49e58
ee986a361cac
ee990f980da3
ee99b4fa713c
ee9a5a5d4778
ee9affc09057
ee9ba5244bda
ee9c4a887a00
ee9cefed1acb
ee9d95522e3a
ee9e3ab7b44e
ee9ee01dad07
ee9f85841865
eea02aeaf669
eea0d0524713
eea175ba0a64
eea21b22405a
eea2c08ae8f8
eea365f4043d
eea40b5d922a
eea4b0c792bf
eea5563205fb
eea5fb9cebe0
eea6a108446e
eea746740fa5
eea7ebe04d86
eea8914cfe10
eea936ba2144
eea9dc27b723
eeaa8195bfac
eeab27043ae0
eeabcc7328bf
eeac71e2894a
eead17525c81
eeadbcc2a264
eeae62335af4
eeaf07a48630
eeafad16241a
eeb0528834b1
eeb0f7fab7f6
eeb19d6dade8
eeb242e1168a
eeb2e854f1d9
eeb38dc93fd8
eeb4333e0087
eeb4d8b333e4
eeb57e28d9f2
eeb6239ef2b0
eeb6c9157e1f
eeb76e8c7c3e
eeb81403ed0f
eeb8b97bd091
eeb95ef426c5
eeba046cefaa
eebaa9e62b43
eebb4f5fd98e
eebbf4d9fa8c
eebc9a548e3d
eebd3fcf94a3
eebde54b0dbc
eebe8ac6f989
eebf3043580b
eebfd5c02942
eec07b3d6d2e
eec120bb23cf
eec1c6394d27
eec26bb7e934
eec31136f7f8
eec3b6b67973
eec45c366da5
eec501b6d48e
eec5a737ae2f
eec64cb8fa88
eec6f23ab999
eec797bceb63
eec83d3f8fe6
eec8e2c2a722
eec988463118
eeca2dca2dc7
eecad34e9d31
eecb78d37f55
eecc1e58d434
eeccc3de9bce
eecd6964d623
eece0eeb8334
eeceb472a302
eecf59fa358b
eecfff823ad2
eed0a50ab2d5
eed14a939d95
eed1f01cfb13
eed295a6cb4f
eed33b310e4a
eed3e0bbc402
eed48646ec7a
eed52bd287b1
eed5d15e95a7
eed676eb165d
eed71c7809d3
eed7c205700a
eed867934901
eed90d2194b9
eed9b2b05332
eeda583f846d
eedafdcf286b
eedba35f3f2a
eedc48efc8ac
eedcee80c4f1
eedd941233f9
eede39a415c4
eededf366a53
eedf84c931a7
eee02a5c6bbe
eee0cff0189b
eee17584383d
eee21b18caa4
eee2c0adcfd0
eee3664347c3
eee40bd9327c
eee4b16f8ffb
eee557066042
eee5fc9da350
eee6a2355925
eee747cd81c2
eee7ed661d27
eee892ff2b55
eee93898ac4b
eee9de32a00b
eeea83cd0694
eeeb2967dfe7
eeebcf032c03
eeec749eeaea
eeed1a3b1c9c
eeedbfd7c119
eeee6574d861
eeef0b126274
eeefb0b05f54
eef0564eceff
eef0fbedb178
eef1a18d06bc
eef2472ccecf
eef2eccd09ae
eef3926db75b
eef4380ed7d7
eef4ddb06b20
eef583527139
eef628f4ea20
eef6ce97d5d7
eef7743b345d
eef819df05b4
eef8bf8349da
eef9652800d1
eefa0acd2a99
eefab072c732
eefb5618d69d
eefbfbbf58d9
eefca1664de8
eefd470db5c9
eefdecb5907c
eefe925dde03
eeff38069e5d
eeffddafd18b
ef008359778c
ef0129039062
ef01ceae1c0d
ef0274591a8c
ef031a048be1
ef03bfb0700b
ef04655cc70b
ef050b0990e1
ef05b0b6cd8e
ef0656647d11
ef06fc129f6c
ef07a1c1349e
ef0847703ca7
ef08ed1fb789
ef0992cfa543
ef0a388005d6
ef0ade30d941
ef0b83e21f86
ef0c2993d8a4
ef0ccf46049c
ef0d74f8a36f
ef0e1aabb51c
ef0ec05f39a4
ef0f66133106
ef100bc79b45
ef10b17c785f
ef115731c855
ef11fce78b27
ef12a29dc0d6
ef1348546963
ef13ee0b84cc
ef1493c31313
ef15397b1438
ef15df33883b
ef1684ec6f1d
ef172aa5c8de
ef17d05f957d
ef187619d4fd
ef191bd4875c
ef19c18fac9b
ef1a674b44ba
ef1b0d074fbb
ef1bb2c3cd9c
ef1c5880be5f
ef1cfe3e2203
ef1da3fbf889
ef1e49ba41f2
ef1eef78fe3d
ef1f95382d6b
ef203af7cf7c
ef20e0b7e471
ef2186786c4a
ef222c396707
ef22d1fad4a8
ef2377bcb52e
ef241d7f0899
ef24c341cee9
ef256905081f
ef260ec8b43c
ef26b48cd33e
ef275a516527
ef28001669f7
ef28a5dbe1af
ef294ba1cc4e
ef29f16829d4
ef2a972efa43
ef2b3cf63d9b
ef2be2bdf3db
ef2c88861d04
ef2d2e4eb917
ef2dd417c814
ef2e79e149fa
ef2f1fab3ecb
ef2fc575a687
ef306b40812e
ef31110bcec0
ef31b6d78f3d
ef325ca3c2a7
ef33027068fc
ef33a83d823f
ef344e0b0e6e
ef34f3d90d8a
ef3599a77f94
ef363f76648b
ef36e545bc71
ef378b158745
ef3830e5c508
ef38d6b675ba
ef397c87995b
ef3a22592fec
ef3ac82b396d
ef3b6dfdb5de
ef3c13d0a53f
ef3cb9a40792
ef3d5f77dcd6
ef3e054c250b
ef3eab20e032
ef3f50f60e4c
ef3ff6cbaf57
ef409ca1c356
ef4142784a47
ef41e84f442c
ef428e26b105
ef4333fe90d2
ef43d9d6e393
ef447fafa948
ef452588e1f3
ef45cb628d93
ef46713cac28
ef4717173db4
ef47bcf24235
ef4862cdb9ad
ef4908a9a41c
ef49ae860182
ef4a5462d1df
ef4afa401535
ef4ba01dcb82
ef4c45fbf4c7
ef4cebda9106
ef4d91b9a03d
ef4e3799226e
ef4edd791798
ef4f83597fbc
ef50293a5ada
ef50cf1ba8f3
ef5174fd6a07
ef521adf9e16
ef52c0c24520
ef5366a55f26
ef540c88ec29
ef54b26cec27
ef5558515f23
ef55fe36451b
ef56a41b9e11
ef574a016a05
ef57efe7a8f6
ef5895ce5ae6
ef593bb57fd5
ef59e19d17c2
ef5a878522ae
ef5b2d6da09a
ef5bd3569186
ef5c793ff572
ef5d1f29cc5f
ef5dc514164c
ef5e6afed33b
ef5f10ea032a
ef5fb6d5a61c
ef605cc1bc0f
ef6102ae4505
ef61a89b40fe
ef624e88aff9
ef62f47691f8
ef639a64e6fa
ef644053af01
ef64e642ea0b
ef658c32981a
ef663222b92e
ef66d8134d46
ef677e045465
ef6823f5ce89
ef68c9e7bbb3
ef696fda1be4
ef6a15ccef1b
ef6abbc03559
ef6b61b3ee9f
ef6c07a81aec
ef6cad9cba41
ef6d5391cc9e
ef6df9875204
ef6e9f7d4a73
ef6f4573b5eb
ef6feb6a946d
ef709161e5f8
ef713759aa8d
ef71dd51e22d
ef72834a8cd8
ef732943aa8e
ef73cf3d3b4f
ef7475373f1b
ef751b31b5f4
ef75c12c9fd9
ef766727fccb
ef770d23ccc9
ef77b3200fd5
ef78591cc5ee
ef78ff19ef16
ef79a5178b4b
ef7a4b159a8f
ef7af1141ce1
ef7b97131243
ef7c3d127ab4
ef7ce3125635
ef7d8912a4c6
ef7e2f136667
ef7ed5149b19
ef7f7b1642dc
ef8021185db0
ef80c71aeb96
ef816d1dec8e
ef8213216098
ef82b92547b4
ef835f29a1e4
ef84052e6f26
ef84ab33af7c
ef85513962e6
ef85f73f8963
ef869d4622f6
ef87434d2f9d
ef87e954af58
ef888f5ca22a
ef8935650811
ef89db6de10e
ef8a81772d21
ef8b2780ec4a
ef8bcd8b1e8b
ef8c7395c3e3
ef8d19a0dc52
ef8dbfac67d9
ef8e65b86679
ef8f0bc4d830
ef8fb1d1bd01
ef9057df14eb
ef90fdecdfee
ef91a3fb1e0a
ef924a09cf41
ef92f018f392
ef9396288afe
ef943c389584
ef94e2491326
ef95885a03e4
ef962e6b67bd
ef96d47d3eb2
ef977a8f88c4
ef9820a245f3
ef98c6b5763f
ef996cc919a9
ef9a12dd3030
ef9ab8f1b9d5
ef9b5f06b698
ef9c051c267b
ef9cab32097c
ef9d51485f9d
ef9df75f28dd
ef9e9d76653d
ef9f438e14bd
ef9fe9a6375e
efa08fbecd20
efa135d7d603
efa1dbf15207
efa2820b412e
efa32825a376
efa3ce4078e1
efa4745bc16e
efa51a777d1f
efa5c093abf3
efa666b04deb
efa70ccd6306
efa7b2eaeb46
efa85908e6ab
efa8ff275534
efa9a54636e3
efaa4b658bb7
efaaf18553b1
efab97a58ed1
efac3dc63d18
eface3e75e85
efad8a08f31a
efae302afad6
efaed64d75ba
efaf7c7063c6
efb02293c4fa
efb0c8b79957
efb16edbe0dc
efb215009b8b
efb2bb25c964
efb3614b6a67
efb407717e93
efb4ad9805eb
efb553bf006d
efb5f9e66e1a
efb6a00e4ef3
efb74636a2f8
efb7ec5f6a28
efb89288a485
efb938b2520f
efb9dedc72c6
efba850706aa
efbb2b320dbc
efbbd15d87fc
efbc7789756a
efbd1db5d606
efbdc3e2a9d2
efbe6a0ff0cd
efbf103daaf7
efbfb66bd851
efc05c9a78db
efc102c98c96
efc1a8f91381
efc24f290d9e
efc2f5597aec
efc39b8a5b6b
efc441bbaf1d
efc4e7ed7601
efc58e1fb018
efc634525d61
efc6da857dde
efc780b9118f
efc826ed1873
efc8cd21928b
efc973567fd8
efca198be05a
efcabfc1b411
efcb65f7fafe
efcc0c2eb520
efccb265e278
efcd589d8307
efcdfed596cc
efcea50e1dc9
efcf4b4717fc
efcff1808568
efd097ba660b
efd13df4b9e6
efd1e42f80fa
efd28a6abb47
efd330a668ce
efd3d6e2898d
efd47d1f1d87
efd5235c24ba
efd5c9999f28
efd66fd78cd1
efd71615edb5
efd7bc54c1d4
efd86294092f
efd908d3c3c6
efd9af13f199
efda555492a9
efdafb95a6f6
efdba1d72e80
efdc48192948
efdcee5b974d
efdd949e7891
efde3ae1cd13
efdee12594d4
efdf8769cfd4
efe02dae7e14
efe0d3f39f93
efe17a393452
efe2207f3c52
efe2c6c5b792
efe36d0ca614
efe4135407d6
efe4b99bdcda
efe55fe42521
efe6062ce0a9
efe6ac760f74
efe752bfb182
efe7f909c6d3
efe89f544f68
efe9459f4b40
efe9ebeaba5c
efea92369cbd
efeb3882f263
efebdecfbb4e
efec851cf77e
efed2b6aa6f3
efedd1b8c9af
efee78075fb1
efef1e5668fa
efefc4a5e589
eff06af5d560
eff11146387e
eff1b7970ee4
eff25de85893
eff3043a1589
eff3aa8c45c9
eff450dee952
eff4f7320024
eff59d858a40
eff643d987a6
eff6ea2df856
eff79082dc51
eff836d83397
eff8dd2dfe28
eff983843c05
effa29daed2d
effad03211a2
effb7689a964
effc1ce1b472
effcc33a32ce
effd69932477
effe0fec896e
effeb64661b2
efff5ca0ad46
f00002fb6c28
f000a9569e59
f0014fb243d9
f001f60e5ca9
f0029c6ae8c9
f00342c7e83a
f003e9255afb
f0048f83410d
f00535e19a70
f005dc406724
f006829fa72b
f00728ff5a83
f007cf5f812e
f00875c01b2c
f0091c21287d
f009c282a922
f00a68e49d1a
f00b0f470466
f00bb5a9df06
f00c5c0d2cfc
f00d0270ee46
f00da8d522e5
f00e4f39cada
f00ef59ee625
f00f9c0474c6
f010426a76be
f010e8d0ec0c
f0118f37d4b2
f012359f30af
f012dc070004
f013826f42b1
f01428d7f8b7
f014cf412215
f01575aabecc
f0161c14cedc
f016c27f5247
f01768ea490b
f0180f55b329
f018b5c190a2
f0195c2de176
f01a029aa5a5
f01aa907dd30
f01b4f758816
f01bf5e3a659
f01c9c5237f8
f01d42c13cf4
f01de930b54d
f01e8fa0a104
f01f36110018
f01fdc81d28a
f02082f3185a
f0212964d189
f021cfd6fe18
f02276499e05
f0231cbcb152
f023c33037ff
f02469a4320c
f02510189f79
f025b68d8048
f0265d02d478
f02703789c09
f027a9eed6fc
f02850658550
f028f6dca708
f0299d543c22
f02a43cc449f
f02aea44c07f
f02b90bdafc3
f02c3737126c
f02cddb0e878
f02d842b31e9
f02e2aa5eebf
f02ed1211efa
f02f779cc29a
f0301e18d9a1
f030c495640d
f0316b1261e0
f032118fd31a
f032b80db7bb
f0335e8c0fc3
f034050adb33
f034ab8a1a0b
f0355209cc4b
f035f889f1f4
f0369f0a8b06
f037458b9782
f037ec0d1767
f038928f0ab5
f0393911716e
f039df944b92
f03a86179920
f03b2c9b5a19
f03bd31f8e7e
f03c79a4364f
f03d2029518c
f03dc6aee035
f03e6d34e24b
f03f13bb57ce
f03fba4240be
f04060c99d1c
f04107516ce8
f041add9b022
f042546266cb
f042faeb90e3
f043a1752e69
f04447ff3f60
f044ee89c3c6
f0459514bb9d
f0463ba026e3
f046e22c059b
f04788b857c4
f0482f451d5e
f048d5d2566a
f0497c6002e8
f04a22ee22d8
f04ac97cb63b
f04b700bbd10
f04c169b3759
f04cbd2b2516
f04d63bb8647
f04e0a4c5aec
f04eb0dda305
f04f576f5e93
f04ffe018d96
f050a494300f
f0514b2745fe
f051f1bacf62
f052984ecc3d
f0533ee33c8f
f053e5782058
f0548c0d7798
f05532a34250
f055d9398080
f0567fd03228
f05726675748
f057ccfeefe2
f0587396fbf5
f0591a2f7b81
f059c0c86e87
f05a6761d508
f05b0dfbaf02
f05bb495fc78
f05c5b30bd68
f05d01cbf1d4
f05da86799bc
f05e4f03b520
f05ef5a04400
f05f9c3d465d
f06042dabc37
f060e978a58e
f06190170262
f06236b5d2b5
f062dd551686
f06383f4cdd5
f0642a94f8a3
f064d13596f0
f06577d6a8bd
f0661e782e0a
f066c51a26d6
f0676bbc9324
f068125f72f1
f068b902c640
f0695fa68d10
f06a064ac762
f06aacef7536
f06b5394968c
f06bfa3a2b65
f06ca0e033c0
f06d4786af9f
f06dee2d9f01
f06e94d501e8
f06f3b7cd852
f06fe2252241
f07088cddfb5
f0712f7710ad
f071d620b52b
f0727ccacd2f
f073237558b9
f073ca2057c9
f07470cbca60
f0751777b07e
f075be240a23
f07664d0d750
f0770b7e1805
f077b22bcc42
f07858d9f407
f078ff888f56
f079a6379e2d
f07a4ce7208e
f07af3971679
f07b9a477fee
f07c40f85ced
f07ce7a9ad77
f07d8e5b718c
f07e350da92d
f07edbc05459
f07f82737311
f08029270555
f080cfdb0b26
f081768f8484
f0821d44716f
f082c3f9d1e8
f0836aafa5ef
f0841165ed83
f084b81ca8a7
f0855ed3d759
f086058b799a
f086ac438f6a
f08752fc18cb
f087f9b515bb
f088a06e863c
f08947286a4d
f089ede2c1ef
f08a949d8d23
f08b3b58cbe8
f08be2147e3f
f08c88d0a429
f08d2f8d3da5
f08dd64a4ab4
f08e7d07cb56
f08f23c5bf8b
f08fca842755
f090714302b2
f091180251a4
f091bec2142b
f09265824a46
f0930c42f3f7
f093b304113e
f09459c5a21b
f0950087a68e
f095a74a1e98
f0964e0d0a38
f096f4d06970
f0979b943c3f
f098425882a7
f098e91d3ca6
f0998fe26a3e
f09a36a80b6f
f09add6e2039
f09b8434a89c
f09c2afba499
f09cd1c31430
f09d788af762
f09e1f534e2e
f09ec61c1896
f09f6ce55698
f0a013af0836
f0a0ba792d70
f0a16143c647
f0a2080ed2ba
f0a2aeda52ca
f0a355a64677
f0a3fc72adc1
f0a4a33f88a9
f0a54a0cd730
f0a5f0da9955
f0a697a8cf19
f0a73e77787b
f0a7e546957d
f0a88c16261f
f0a932e62a61
f0a9d9b6a243
f0aa80878dc6
f0ab2758ecea
f0abce2abfaf
f0ac74fd0616
f0ad1bcfc01e
f0adc2a2edc9
f0ae69768f16
f0af104aa406
f0afb71f2c99
f0b05df428d0
f0b104c998ab
f0b1ab9f7c29
f0b25275d34c
f0b2f94c9e14
f0b3a023dc80
f0b446fb8e92
f0b4edd3b44a
f0b594ac4da7
f0b63b855aab
f0b6e25edb56
f0b78938cfa7
f0b8301337a0
f0b8d6ee1340
f0b97dc96288
f0ba24a52578
f0bacb815c10
f0bb725e0652
f0bc193b243c
f0bcc018b5d0
f0bd66f6bb0d
f0be0dd533f5
f0beb4b42087
f0bf5b9380c3
f0c0027354ab
f0c0a9539c3e
f0c15034577c
f0c1f7158667
f0c29df728fd
f0c344d93f40
f0c3ebbbc930
f0c4929ec6cd
f0c539823818
f0c5e0661d10
f0c6874a75b7
f0c72e2f420c
f0c7d514820f
f0c87bfa35c2
f0c922e05d24
f0c9c9c6f836
f0ca70ae06f7
f0cb17958969
f0cbbe7d7f8c
f0cc6565e960
f0cd0c4ec6e4
f0cdb338181b
f0ce5a21dd03
f0cf010c159d
f0cfa7f6c1ea
f0d04ee1e1ea
f0d0f5cd759c
f0d19cb97d02
f0d243a5f81c
f0d2ea92e6ea
f0d39180496d
f0d4386e1fa4
f0d4df5c6990
f0d5864b2731
f0d62d3a5888
f0d6d429fd95
f0d77b1a1658
f0d8220aa2d2
f0d8c8fba302
f0d96fed16ea
f0da16defe89
f0dabdd159e0
f0db64c428f0
f0dc0bb76bb7
f0dcb2ab2238
f0dd599f4c71
f0de0093ea64
f0dea788fc11
f0df4e7e8177
f0dff5747a98
f0e09c6ae773
f0e14361c80a
f0e1ea591c5c
f0e29150e469
f0e338492032
f0e3df41cfb7
f0e4863af2f9
f0e52d3489f8
f0e5d42e94b4
f0e67b29132d
f0e722240564
f0e7c91f6b5a
f0e8701b450d
f0e91717927f
f0e9be1453b1
f0ea651188a1
f0eb0c0f3152
f0ebb30d4dc2
f0ec5a0bddf2
f0ed010ae1e3
f0eda80a5995
f0ee4f0a4509
f0eef60aa43d
f0ef9d0b7734
f0f0440cbded
f0f0eb0e7868
f0f19210a6a6
f0f2391348a7
f0f2e0165e6c
f0f38719e7f4
f0f42e1de540
f0f4d5225651
f0f57c273b26
f0f6232c93c0
f0f6ca326020
f0f77138a045
f0f8183f5430
f0f8bf467be1
f0f9664e1759
f0fa0d562698
f0fab45ea99e
f0fb5b67a06b
f0fc02710b00
f0fca97ae95e
f0fd50853b83
f0fdf7900172
f0fe9e9b3b29
f0ff45a6e8aa
f0ffecb309f5
f10093bf9f09
f1013acca7e8
f101e1da2492
f10288e81506
f1032ff67946
f103d7055151
f1047e149d28
f10525245ccb
f105cc34903b
f10673453778
f1071a565281
f107c167e158
f1086879e3fd
f1090f8c5a70
f109b69f44b2
f10a5db2a2c2
f10b04c674a1
f10babdaba4f
f10c52ef73cd
f10cfa04a11b
f10da11a4239
f10e48305728
f10eef46dfe8
f10f965ddc79
f1103d754cdb
f110e48d310f
f1118ba58916
f11232be54ef
f112d9d7949a
f11380f14819
f114280b6f6b
f114cf260a91
f1157641198b
f1161d5c9c59
f116c47892fc
f1176b94fd74
f11812b1dbc1
f118b9cf2de4
f11960ecf3dc
f11a080b2dab
f11aaf29db50
f11b5648fccd
f11bfd689220
f11ca4889b4b
f11d4ba9184e
f11df2ca0928
f11e99eb6ddb
f11f410d4667
f11fe82f92cc
f1208f52530b
f12136758723
f121dd992f15
f12284bd4ae1
f1232be1da88
f123d306de09
f1247a2c5567
f1252152409f
f125c8789fb4
f1266f9f72a4
f12716c6b971
f127bdee741b
f1286516a2a2
f1290c3f4507
f129b3685b49
f12a5a91e56a
f12b01bbe368
f12ba8e65546
f12c50113b02
f12cf73c949e
f12d9e686219
f12e4594a374
f12eecc158b0
f12f93ee81cc
f1303b1c1ec9
f130e24a2fa7
f1318978b467
f13230a7ad09
f132d7d7198c
f1337f06f9f3
f13426374e3c
f134cd681668
f13574995277
f1361bcb026a
f136c2fd2641
f1376a2fbdfd
f1381162c99d
f138b8964922
f1395fca3c8d
f13a06fea3dd
f13aae337f13
f13b5568ce2f
f13bfc9e9131
f13ca3d4c81b
f13d4b0b72ec
f13df24291a4
f13e997a2444
f13f40b22acc
f13fe7eaa53c
f1408f239395
f141365cf5d8
f141dd96cc03
f14284d11619
f1432c0bd418
f143d3470601
f1447a82abd6
f14521bec595
f145c8fb533f
f146703854d5
f1471775ca57
f147beb3b3c5
f14865f2111f
f1490d30e267
f149b470279b
f14a5bafe0bd
f14b02f00dcd
f14baa30aeca
f14c5171c3b6
f14cf8b34c91
f14d9ff5495b
f14e4737ba14
f14eee7a9ebd
f14f95bdf755
f1503d01c3de
f150e4460458
f1518b8ab8c2
f15232cfe11e
f152da157d6b
f153815b8daa
f15428a211db
f154cfe909ff
f15577307615
f1561e78561f
f156c5c0aa1c
f1576d09720c
f1581452adf1
f158bb9c5dca
f15962e68198
f15a0a31195a
f15ab17c2512
f15b58c7a4c0
f15c00139863
f15ca75ffffd
f15d4eacdb8d
f15df5fa2b14
f15e9d47ee92
f15f44962608
f15febe4d175
f1609333f0db
f1613a838439
f161e1d38b90
f162892406e0
f1633074f629
f163d7c6596c
f1647f1830a9
f165266a7be0
f165cdbd3b12
f16675106e3f
f1671c641567
f167c3b8308b
f1686b0cbfaa
f1691261c2c6
f169b9b739de
f16a610d24f3
f16b08638405
f16bafba5715
f16c57119e22
f16cfe69592e
f16da5c18838
f16e4d1a2b40
f16ef4734248
f16f9bcccd4f
f1704326cc55
f170ea813f5c
f17191dc2663
f1723937816a
f172e0935073
f17387ef937c
f1742f4c4a87
f174d6a97594
f1757e0714a3
f176256527b5
f176ccc3aec9
f1777422a9e1
f1781b8218fc
f178c2e1fc1b
f1796a42533d
f17a11a31e64
f17ab9045d90
f17b606610c1
f17c07c837f7
f17caf2ad333
f17d568de274
f17dfdf165bc
f17ea5555d0a
f17f4cb9c860
f17ff41ea7bc
f1809b83fb20
f18142e9c28c
f181ea4ffe00
f18291b6ad7c
f183391dd102
f183e0856890
f18487ed7427
f1852f55f3c9
f185d6bee774
f1867e284f2a
f18725922aea
f187ccfc7ab5
f18874673e8c
f1891bd2766e
f189c33e225c
f18a6aaa4256
f18b1216d65d
f18bb983de71
f18c60f15a92
f18d085f4ac0
f18dafcdaefc
f18e573c8746
f18efeabd39f
f18fa61b9406
f1904d8bc87c
f190f4fc7102
f1919c6d8d97
f19243df1e3d
f192eb5122f2
f19392c39bb9
f1943a368890
f194e1a9e978
f195891dbe73
f1963092077e
f196d806c49d
f1977f7bf5cd
f19826f19b11
f198ce67b467
f19975de41d1
f19a1d55434f
f19ac4ccb8e1
f19b6c44a287
f19c13bd0042
f19cbb35d212
f19d62af17f7
f19e0a28d1f2
f19eb1a30003
f19f591da22a
f1a00098b868
f1a0a81442bc
f1a14f904128
f1a1f70cb3ac
f1a29e899a47
f1a34606f4fa
f1a3ed84c3c6
f1a4950306ab
f1a53c81bda9
f1a5e400e8c0
f1a68b8087f1
f1a733009b3c
f1a7da8122a1
f1a882021e21
f1a929838dbc
f1a9d1057172
f1aa7887c944
f1ab200a9532
f1abc78dd53c
f1ac6f118963
f1ad1695b1a6
f1adbe1a4e07
f1ae659f5e85
f1af0d24e321
f1afb4aadbdb
f1b05c3148b4
f1b103b829ab
f1b1ab3f7ec2
f1b252c747f8
f1b2fa4f854d
f1b3a1d836c3
f1b449615c59
f1b4f0eaf60f
f1b5987503e7
f1b63fff85df
f1b6e78a7bfa
f1b78f15e636
f1b836a1c495
f1b8de2e1716
f1b985baddb9
f1ba2d481881
f1bad4d5c76b
f1bb7c63ea79
f1bc23f281ac
f1bccb818d03
f1bd73110c7e
f1be1aa1001f
f1bec23167e5
f1bf69c243d1
f1c0115393e2
f1c0b8e5581a
f1c160779079
f1c2080a3cfe
f1c2af9d5dab
f1c35730f280
f1c3fec4fb7c
f1c4a65978a0
f1c54dee69ed
f1c5f583cf63
f1c69d19a902
f1c744aff6ca
f1c7ec46b8bc
f1c893ddeed9
f1c93b75991f
f1c9e30db791
f1ca8aa64a2d
f1cb323f50f5
f1cbd9d8cbe8
f1cc8172bb07
f1cd290d1e53
f1cdd0a7f5cb
f1ce78434170
f1cf1fdf0143
f1cfc77b3543
f1d06f17dd70
f1d116b4f9cc
f1d1be528a57
f1d265f08f10
f1d30d8f07f8
f1d3b52df510
f1d45ccd5657
f1d5046d2bcf
f1d5ac0d7577
f1d653ae3350
f1d6fb4f6559
f1d7a2f10b94
f1d84a932601
f1d8f235b49f
f1d999d8b770
f1da417c2e73
f1dae92019aa
f1db90c47913
f1dc38694cb0
f1dce00e9481
f1dd87b45086
f1de2f5a80bf
f1ded701252e
f1df7ea83dd1
f1e0264fcaaa
f1e0cdf7cbb8
f1e175a040fc
f1e21d492a77
f1e2c4f28829
f1e36c9c5a11
f1e41446a031
f1e4bbf15a88
f1e5639c8918
f1e60b482bdf
f1e6b2f442df
f1e75aa0ce18
f1e8024dcd8a
f1e8a9fb4136
f1e951a9291b
f1e9f957853b
f1eaa1065595
f1eb48b59a2a
f1ebf06552fa
f1ec98158005
f1ed3fc6214c
f1ede77736cf
f1ee8f28c08e
f1ef36dabe8a
f1efde8d30c3
f1f086401739
f1f12df371ed
f1f1d5a740df
f1f27d5b840e
f1f325103b7d
f1f3ccc5672a
f1f4747b0717
f1f51c311b42
f1f5c3e7a3ae
f1f66b9ea05a
f1f713561146
f1f7bb0df673
f1f862c64fe1
f1f90a7f1d91
f1f9b2385f82
f1fa59f215b5
f1fb01ac402a
f1fba966dee2
f1fc5121f1dd
f1fcf8dd791b
f1fda099749d
f1fe4855e463
f1fef012c86d
f1ff97d020bb
f2003f8ded4e
f200e74c2e26
f2018f0ae344
f20236ca0ca8
f202de89aa52
f2038649bc42
f2042e0a4278
f204d5cb3cf6
f2057d8cabbb
f206254e8ec8
f206cd10e61d
f20774d3b1ba
f2081c96f1a0
f208c45aa5ce
f2096c1ece46
f20a13e36b08
f20abba87c13
f20b636e0169
f20c0b33fb08
f20cb2fa68f3
f20d5ac14b29
f20e0288a1ab
f20eaa506c78
f20f5218ab91
f20ff9e15ef6
f210a1aa86a9
f211497422a8
f211f13e32f5
f2129908b78f
f21340d3b077
f213e89f1dad
f214906aff33
f21538375507
f215e0041f2a
f21687d15d9d
f2172f9f105f
f217d76d3772
f2187f3bd2d5
f219270ae289
f219ceda668e
f21a76aa5ee5
f21b1e7acb8d
f21bc64bac87
f21c6e1d01d4
f21d15eecb74
f21dbdc10966
f21e6593bbac
f21f0d66e245
f21fb53a7d32
f2205d0e8c74
f22104e3100a
f221acb807f5
f222548d7435
f222fc6354cb
f223a439a9b7
f2244c1072f8
f224f3e7b091
f2259bbf6280
f226439788c6
f226eb702363
f22793493258
f2283b22b5a6
f228e2fcad4b
f2298ad71949
f22a32b1f9a1
f22ada8d4e51
f22b8269175b
f22c2a4554c0
f22cd222067e
f22d79ff2c97
f22e21dcc70b
f22ec9bad5d9
f22f71995904
f2301978508a
f230c157bc6d
f23169379cac
f2321117f147
f232b8f8ba40
f23360d9f796
f23408bba94a
f234b09dcf5c
f235588069cc
f2360063789b
f236a846fbc8
f237502af356
f237f80f5f42
f2389ff43f8f
f23947d9943c
f239efbf5d49
f23a97a59ab7
f23b3f8c4c87
f23be77372b8
f23c8f5b0d4a
f23d37431c3f
f23ddf2b9f97
f23e87149751
f23f2efe036e
f23fd6e7e3ee
f2407ed238d2
f24126bd021a
f241cea83fc7
f2427693f1d8
f2431e80184e
f243c66cb32a
f2446e59c26b
f24516474612
f245be353e1f
f2466623aa92
f2470e128b6d
f247b601e0ae
f2485df1aa57
f24905e1e868
f249add29ae1
f24a55c3c1c3
f24afdb55d0d
f24ba5a76cc0
f24c4d99f0dd
f24cf58ce963
f24d9d805654
f24e457437ae
f24eed688d73
f24f955d57a4
f2503d52963f
f250e5484946
f2518d3e70b9
f25235350c98
f252dd2c1ce4
f2538523a19c
f2542d1b9ac2
f254d5140855
f2557d0cea56
f256250640c5
f256cd000ba2
f25774fa4aee
f2581cf4feaa
f258c4f026d4
f2596cebc36e
f25a14e7d478
f25abce459f3
f25b64e153de
f25c0cdec23a
f25cb4dca507
f25d5cdafc46
f25e04d9c7f7
f25eacd9081a
f25f54d8bcb0
f25ffcd8e5b8
f260a4d98333
f2614cda9522
f261f4dc1b85
f2629cde165c
f26344e085a7
f263ece36967
f26494e6c19c
f2653cea8e46
f265e4eecf66
f2668cf384fc
f26734f8af08
f267dcfe4d8b
f26885046084
f2692d0ae7f5
f269d511e3de
f26a7d19543e
f26b25213917
f26bcd299268
f26c75326032
f26d1d3ba275
f26dc5455932
f26e6d4f8468
f26f155a2418
f26fbd653843
f2706570c0e8
f2710d7cbe09
f271b5892fa5
f2725d9615bc
f27305a37050
f273adb13f5f
f27455bf82ec
f274fdce3af5
f275a5dd677c
f2764ded0880
f276f5fd1e02
f2779e0da802
f278461ea680
f278ee30197e
f279964200fa
f27a3e545cf6
f27ae6672d72
f27b8e7a726e
f27c368e2bea
f27cdea259e7
f27d86b6fc65
f27e2ecc1364
f27ed6e19ee5
f27f7ef79ee8
f280270e136d
f280cf24fc75
f281773c59ff
f2821f542c0d
f282c76c729e
f2836f852db4
f284179e5d4d
f284bfb8016b
f28567d21a0e
f2860feca736
f286b807a8e3
f28760231f16
f288083f09cf
f288b05b690f
f28958783cd5
f28a00958522
f28aa8b341f7
f28b50d17353
f28bf8f01937
f28ca10f33a3
f28d492ec299
f28df14ec616
f28e996f3e1e
f28f41902aae
f28fe9b18bc9
f29091d3616d
f29139f5ab9d
f291e2186a57
f2928a3b9d9c
f293325f456c
f293da8361c9
f29482a7f2b1
f2952accf826
f295d2f27227
f2967b1860b5
f297233ec3d1
f297cb659b7b
f298738ce7b2
f2991bb4a877
f299c3dcddcc
f29a6c0587af
f29b142ea621
f29bbc583923
f29c648240b5
f29d0cacbcd6
f29db4d7ad89
f29e5d0312cc
f29f052eeca0
f29fad5b3b06
f2a05587fdfd
f2a0fdb53587
f2a1a5e2e1a3
f2a24e110251
f2a2f63f9793
f2a39e6ea168
f2a4469e1fd0
f2a4eece12cd
f2a596fe7a5d
f2a63f2f5683
f2a6e760a73d
f2a78f926c8c
f2a837c4a671
f2a8dff754ec
f2a9882a77fd
f2aa305e0fa4
f2aad8921be3
f2ab80c69cb8
f2ac28fb9225
f2acd130fc29
f2ad7966dac6
f2ae219d2dfb
f2aec9d3f5c8
f2af720b322f
f2b01a42e32f
f2b0c27b08c8
f2b16ab3a2fc
f2b212ecb1ca
f2b2bb263532
f2b363602d35
f2b40b9a99d4
f2b4b3d57b0e
f2b55c10d0e4
f2b6044c9b56
f2b6ac88da64
f2b754c58e0f
f2b7fd02b658
f2b8a540533d
f2b94d7e64c1
f2b9f5bceae3
f2ba9dfbe5a3
f2bb463b5501
f2bbee7b38ff
f2bc96bb919c
f2bd3efc5ed8
f2bde73da0b5
f2be8f7f5732
f2bf37c1824f
f2bfe004220d
f2c08847366d
f2c1308abf6e
f2c1d8cebd11
f2c281132f56
f2c32958163d
f2c3d19d71c8
f2c479e341f5
f2c5222986c6
f2c5ca70403b
f2c672b76e53
f2c71aff1110
f2c7c3472872
f2c86b8fb479
f2c913d8b525
f2c9bc222a76
f2ca646c146e
f2cb0cb6730c
f2cbb5014650
f2cc5d4c8e3b
f2cd05984ace
f2cdade47c08
f2ce563121ea
f2cefe7e3c74
f2cfa6cbcba6
f2d04f19cf82
f2d0f7684806
f2d19fb73534
f2d24806970c
f2d2f0566d8d
f2d398a6b8b9
f2d440f77890
f2d4e948ad12
f2d5919a563f
f2d639ec7418
f2d6e23f069c
f2d78a920dcd
f2d832e589ab
f2d8db397a35
f2d9838ddf6d
f2da2be2b952
f2dad43807e5
f2db7c8dcb26
f2dc24e40315
f2dccd3aafb4
f2dd7591d101
f2de1de966fe
f2dec64171ab
f2df6e99f108
f2e016f2e515
f2e0bf4c4dd3
f2e167a62b41
f2e210007d62
f2e2b85b4433
f2e360b67fb7
f2e409122fed
f2e4b16e54d6
f2e559caee71
f2e60227fcc0
f2e6aa857fc2
f2e752e37778
f2e7fb41e3e2
f2e8a3a0c501
f2e94c001ad5
f2e9f45fe55d
f2ea9cc0249b
f2eb4520d88f
f2ebed820139
f2ec95e39e99
f2ed3e45b0b0
f2ede6a8377e
f2ee8f0b3303
f2ef376ea340
f2efdfd28835
f2f08836e1e2
f2f1309bb048
f2f1d900f367
f2f28166ab3f
f2f329ccd7d0
f2f3d233791b
f2f47a9a8f21
f2f5230219e1
f2f5cb6a195b
f2f673d28d91
f2f71c3b7682
f2f7c4a4d42f
f2f86d0ea698
f2f91578edbe
f2f9bde3a9a0
f2fa664eda3f
f2fb0eba7f9c
f2fbb72699b6
f2fc5f93288e
f2fd08002c24
f2fdb06da479
f2fe58db918d
f2ff0149f360
f2ffa9b8c9f3
f30052281546
f300fa97d558
f301a3080a2c
f3024b78b3c0
f302f3e9d215
f3039c5b652b
f30444cd6d04
f304ed3fe99e
f30595b2dafb
f3063e26411a
f306e69a1bfd
f3078f0e6ba3
f3083783300c
f308dff8693a
f309886e172b
f30a30e439e2
f30ad95ad15d
f30b81d1dd9d
f30c2a495ea4
f30cd2c1546f
f30d7b39bf02
f30e23b29e5a
f30ecc2bf27a
f30f74a5bb60
f3101d1ff90e
f310c59aab84
f3116e15d2c2
f31216916ec8
f312bf0d7f97
f313678a052f
f3141006ff90
f314b8846ebb
f315610252b0
f3160980ab6f
f316b1ff78f9
f3175a7ebb4e
f31802fe726e
f318ab7e9e59
f31953ff3f11
f319fc805495
f31aa501dee5
f31b4d83de02
f31bf60651ec
f31c9e893aa3
f31d470c9829
f31def906a7c
f31e9814b19e
f31f40996d8e
f31fe91e9e4e
f32091a443dd
f3213a2a5e3c
f321e2b0ed6a
f3228b37f169
f32333bf6a39
f323dc4757d9
f32484cfba4b
f3252d58918e
f325d5e1dda3
f3267e6b9e8a
f32726f5d444
f327cf807ed1
f328780b9e31
f32920973264
f329c9233b6b
f32a71afb946
f32b1a3cabf6
f32bc2ca137a
f32c6b57efd4
f32d13e64102
f32dbc750707
f32e650441e1
f32f0d93f192
f32fb6241619
f3305eb4af78
f3310745bdad
f331afd740ba
f3325869389f
f33300fba55c
f333a98e86f2
f3345221dd61
f334fab5a8a9
f335a349e8ca
f3364bde9dc5
f336f473c79a
f3379d096649
f338459f79d4
f338ee360239
f33996ccff7a
f33a3f647196
f33ae7fc588f
f33b9094b463
f33c392d8515
f33ce1c6caa3
f33d8a60850f
f33e32fab458
f33edb95587f
f33f84307184
f3402ccbff68
f340d568022b
f3417e0479cd
f34226a1664e
f342cf3ec7af
f34377dc9df1
f344207ae912
f344c919a915
f34571b8ddf8
f3461a5887bd
f346c2f8a664
f3476b9939ed
f348143a4258
f348bcdbbfa5
f349657db1d6
f34a0e2018ea
f34ab6c2f4e1
f34b5f6645bd
f34c080a0b7c
f34cb0ae4621
f34d5952f5aa
f34e01f81a18
f34eaa9db36c
f34f5343c1a5
f34ffbea44c5
f350a4913ccb
f3514d38a9b8
f351f5e08b8c
f3529e88e248
f3534731adeb
f353efdaee76
f3549884a3e9
f355412ece45
f355e9d96d8b
f356928481b9
f3573b300ad1
f357e3dc08d3
f3588c887bbf
f35935356396
f359dde2c058
f35a86909205
f35b2f3ed89d
f35bd7ed9421
f35c809cc492
f35d294c69ef
f35dd1fc8438
f35e7aad136f
f35f235e1793
f35fcc0f90a5
f36074c17ea5
f3611d73e193
f361c626b970
f3626eda063c
f363178dc7f7
f363c041fea2
f36468f6aa3d
f36511abcac8
f365ba616044
f36663176ab0
f3670bcdea0e
f367b484de5e
f3685d3c479f
f36905f425d2
f369aeac78f8
f36a57654111
f36b001e7e1c
f36ba8d8301b
f36c5192570e
f36cfa4cf2f5
f36da30803d1
f36e4bc389a1
f36ef47f8466
f36f9d3bf420
f37045f8d8d0
f370eeb63276
f37197740112
f372403244a5
f372e8f0fd2f
f37391b02ab0
f3743a6fcd29
f374e32fe499
f3758bf07102
f37634b17263
f376dd72e8bd
f3778634d410
f3782ef7345c
f378d7ba09a2
f379807d53e3
f37a2941131e
f37ad2054753
f37b7ac9f083
f37c238f0eaf
f37ccc54a1d7
f37d751aa9fa
f37e1de1271a
f37ec6a81936
f37f6f6f8050
f38018375c66
f380c0ffad7a
f38169c8738c
f3821291ae9d
f382bb5b5eab
f383642583b9
f3840cf01dc6
f384b5bb2cd2
f3855e86b0de
f3860752a9ea
f386b01f17f6
f38758ebfb03
f38801b95312
f388aa872021
f38953556233
f389fc241946
f38aa4f3455b
f38b4dc2e674
f38bf692fc8f
f38c9f6387ad
f38d483487cf
f38df105fcf5
f38e99d7e71f
f38f42aa464e
f38feb7d1a82
f390945063ba
f3913d2421f9
f391e5f8553d
f3928eccfd87
f39337a21ad7
f393e077ad2f
f394894db48d
f395322430f3
f395dafb2260
f39683d288d6
f3972caa6453
f397d582b4da
f3987e5b7a69
f3992734b502
f399d00e64a4
f39a78e88951
f39b21c32307
f39bca9e31c8
f39c7379b594
f39d1c55ae6b
f39dc5321c4e
f39e6e0eff3c
f39f16ec5737
f39fbfca243e
f3a068a86652
f3a111871d72
f3a1ba6649a1
f3a26345eadd
f3a30c260127
f3a3b5068c7f
f3a45de78ce6
f3a506c9025c
f3a5afaaece2
f3a6588d4c77
f3a70170211c
f3a7aa536ad1
f3a853372997
f3a8fc1b5d6e
f3a9a5000655
f3aa4de5244f
f3aaf6cab75a
f3ab9fb0bf78
f3ac48973ca7
f3acf17e2eea
f3ad9a659640
f3ae434d72a9
f3aeec35c426
f3af951e8ab7
f3b03e07c65d
f3b0e6f17717
f3b18fdb9ce6
f3b238c637cb
f3b2e1b147c5
f3b38a9cccd5
f3b43388c6fb
f3b4dc753638
f3b585621a8c
f3b62e4f73f7
f3b6d73d427a
f3b7802b8614
f3b8291a3ec7
f3b8d2096c92
f3b97af90f76
f3ba23e92774
f3baccd9b48a
f3bb75cab6bb
f3bc1ebc2e05
f3bcc7ae1a6a
f3bd70a07bea
f3be19935284
f3bec2869e3a
f3bf6b7a5f0c
f3c0146e94fa
f3c0bd634004
f3c16658602a
f3c20f4df56e
f3c2b843ffcf
f3c3613a7f4d
f3c40a3173e9
f3c4b328dda4
f3c55c20bc7d
f3c605191075
f3c6ae11d98c
f3c7570b17c2
f3c80004cb18
f3c8a8fef38f
f3c951f99125
f3c9faf4a3dd
f3caa3f02bb6
f3cb4cec28b0
f3cbf5e89acb
f3cc9ee58209
f3cd47e2de69
f3cdf0e0afec
f3ce99def692
f3cf42ddb25a
f3cfebdce347
f3d094dc8958
f3d13ddca48c
f3d1e6dd34e5
f3d28fde3a64
f3d338dfb507
f3d3e1e1a4d0
f3d48ae409be
f3d533e6e3d3
f3d5dcea330e
f3d685edf770
f3d72ef230f9
f3d7d7f6dfaa
f3d880fc0382
f3d92a019c82
f3d9d307aaab
f3da7c0e2dfc
f3db25152677
f3dbce1c941a
f3dc772476e7
f3dd202ccedf
f3ddc9359c00
f3de723ede4c
f3df1b4895c3
f3dfc452c265
f3e06d5d6433
f3e116687b2c
f3e1bf740752
f3e2688008a4
f3e3118c7f23
f3e3ba996acf
f3e463a6cba9
f3e50cb4a1b0
f3e5b5c2ece5
f3e65ed1ad49
f3e707e0e2db
f3e7b0f08d9d
f3e85a00ad8d
f3e9031142ae
f3e9ac224cfe
f3ea5533cc7f
f3eafe45c130
f3eba7582b12
f3ec506b0a26
f3ecf97e5e6b
f3eda29227e2
f3ee4ba6668b
f3eef4bb1a66
f3ef9dd04375
f3f046e5e1b6
f3f0effbf52b
f3f199127dd4
f3f242297bb1
f3f2eb40eec2
f3f39458d708
f3f43d713484
f3f4e68a0734
f3f58fa34f1a
f3f638bd0c36
f3f6e1d73e89
f3f78af1e612
f3f8340d02d2
f3f8dd2894c9
f3f986449bf8
f3fa2f61185f
f3fad87e09fe
f3fb819b70d6
f3fc2ab94ce6
f3fcd3d79e30
f3fd7cf664b3
f3fe2615a070
f3fecf355167
f3ff78557798
f40021761305
f400ca9723ac
f40173b8a98f
f4021cdaa4ad
f402c5fd1508
f4036f1ffa9f
f40418435572
f404c1672583
f4056a8b6ad0
f40613b0255c
f406bcd55525
f40765fafa2d
f4080f211473
f408b847a3f8
f409616ea8bc
f40a0a9622c0
f40ab3be1204
f40b5ce67688
f40c060f504c
f40caf389f51
f40d58626397
f40e018c9d1f
f40eaab74be8
f40f53e26ff3
f40ffd0e0941
f410a63a17d2
f4114f669ba5
f411f89394bc
f412a1c10317
f4134aeee6b5
f413f41d3f98
f4149d4c0dbf
f415467b512b
f415efab09dd
f41698db37d4
f417420bdb11
f417eb3cf394
f418946e815e
f4193da0846e
f419e6d2fcc6
f41a9005ea65
f41b39394d4c
f41be26d257b
f41c8ba172f2
f41d34d635b2
f41dde0b6dbb
f41e87411b0e
f41f30773daa
f41fd9add590
f42082e4e2c1
f4212c1c653c
f421d5545d02
f4227e8cca13
f42327c5ac70
f423d0ff0419
f4247a38d10e
f42523731350
f425ccadcadf
f42675e8f7ba
f4271f2499e3
f427c860b15a
f428719d3e20
f4291ada4033
f429c417b795
f42a6d55a447
f42b16940648
f42bbfd2dd98
f42c69122a39
f42d1251ec2a
f42dbb92236b
f42e64d2cffe
f42f0e13f1e2
f42fb7558917
f4306097959f
f43109da1779
f431b31d0ea5
f4325c607b24
f43305a45cf7
f433aee8b41d
f434582d8096
f4350172c264
f435aab87987
f43653fea5fe
f436fd4547ca
f437a68c5eec
f4384fd3eb64
f438f91bed31
f439a2646455
f43a4bad50d0
f43af4f6b2a2
f43b9e4089cb
f43c478ad64c
f43cf0d59825
f43d9a20cf56
f43e436c7bdf
f43eecb89dc2
f43f960534fe
f4403f524193
f440e89fc382
f44191edbacc
f4423b3c2770
f442e48b096f
f4438dda60c9
f444372a2d7e
f444e07a6f8f
f44589cb26fd
f446331c53c7
f446dc6df5ed
f44785c00d71
f4482f129a52
f448d8659c90
f44981b9142d
f44a2b0d0128
f44ad4616382
f44b7db63b3b
f44c270b8852
f44cd0614aca
f44d79b782a1
f44e230e2fd9
f44ecc655271
f44f75bcea6b
f4501f14f7c5
f450c86d7a81
f45171c6729e
f4521b1fe01e
f452c479c301
f4536dd41b46
f454172ee8ee
f454c08a2bf9
f45569e5e469
f4561342123c
f456bc9eb574
f45765fbce10
f4580f595c12
f458b8b75f79
f4596215d845
f45a0b74c677
f45ab4d42a10
f45b5e34030f
f45c07945176
f45cb0f51543
f45d5a564e78
f45e03b7fd15
f45ead1a211a
f45f567cba87
f45fffdfc95e
f460a9434d9d
f46152a74746
f461fc0bb659
f462a5709ad6
f4634ed5f4bd
f463f83bc40f
f464a1a208cc
f4654b08c2f4
f465f46ff288
f4669dd79788
f467473fb1f5
f467f0a841ce
f4689a114714
f469437ac1c7
f469ece4b1e8
f46a964f1776
f46b3fb9f273
f46be92542df
f46c929108b9
f46d3bfd4403
f46de569f4bc
f46e8ed71ae5
f46f3844b67e
f46fe1b2c787
f4708b214e01
f471349049ed
f471ddffbb4a
f472876fa218
f47330dffe58
f473da50d00b
f47483c21731
f4752d33d3c9
f475d6a605d5
f4768018ad55
f477298bca48
f477d2ff5cb0
f4787c73648c
f47925e7e1dd
f479cf5cd4a4
f47a78d23ce0
f47b22481a91
f47bcbbe6db9
f47c75353658
f47d1eac746d
f47dc82427fa
f47e719c50fe
f47f1b14ef79
f47fc48e036d
f4806e078cd9
f48117818bbe
f481c0fc001c
f4826a76e9f3
f48313f24944
f483bd6e1e0f
f48466ea6854
f48510672814
f485b9e45d4f
f48663620805
f4870ce02837
f487b65ebde4
f4885fddc90e
f489095d49b4
f489b2dd3fd8
f48a5c5dab78
f48b05de8c96
f48baf5fe331
f48c58e1af4b
f48d0263f0e3
f48dabe6a7fa
f48e5569d491
f48efeed76a6
f48fa8718e3b
f49051f61b50
f490fb7b1de6
f491a50095fc
f4924e868394
f492f80ce6ac
f493a193bf46
f4944b1b0d63
f494f4a2d101
f4959e2b0a22
f49647b3b8c6
f496f13cdced
f4979ac67698
f498445085c6
f498eddb0a79
f499976604b0
f49a40f1746c
f49aea7d59ad
f49b9409b474
f49c3d9684c0
f49ce723ca93
f49d90b185eb
f49e3a3fb6cb
f49ee3ce5d31
f49f8d5d791f
f4a036ed0a95
f4a0e07d1193
f4a18a0d8e19
f4a2339e8027
f4a2dd2fe7bf
f4a386c1c4df
f4a43054178a
f4a4d9e6dfbe
f4a5837a1d7c
f4a62d0dd0c5
f4a6d6a1f999
f4a7803697f8
f4a829cbabe3
f4a8d3613559
f4a97cf7345c
f4aa268da8eb
f4aad0249306
f4ab79bbf2af
f4ac2353c7e5
f4acccec12a9
f4ad7684d2fb
f4ae201e08db
f4aec9b7b44a
f4af7351d548
f4b01cec6bd5
f4b0c68777f2
f4b17022f99f
f4b219bef0dc
f4b2c35b5daa
f4b36cf84009
f4b4169597f8
f4b4c033657a
f4b569d1a88d
f4b613706133
f4b6bd0f8f6a
f4b766af3335
f4b8104f4c93
f4b8b9efdb84
f4b96390e009
f4ba0d325a23
f4bab6d449d0
f4bb6076af12
f4bc0a1989ea
f4bcb3bcda56
f4bd5d60a059
f4be0704dbf1
f4beb0a98d20
f4bf5a4eb3e5
f4c003f45041
f4c0ad9a6235
f4c15740e9c0
f4c200e7e6e3
f4c2aa8f599e
f4c3543741f2
f4c3fddf9fdf
f4c4a7887365
f4c55131bc84
f4c5fadb7b3d
f4c6a485af91
f4c74e30597f
f4c7f7db7907
f4c8a1870e2b
f4c94b3318ea
f4c9f4df9945
f4ca9e8c8f3b
f4cb4839facf
f4cbf1e7dbfe
f4cc9b9632cb
f4cd4544ff36
f4cdeef4413d
f4ce98a3f8e3
f4cf42542627
f4cfec04c90a
f4d095b5e18c
f4d13f676fac
f4d1e919736d
f4d292cbeccd
f4d33c7edbcd
f4d3e632406e
f4d48fe61ab0
f4d5399a6a93
f4d5e34f3017
f4d68d046b3e
f4d736ba1c06
f4d7e0704270
f4d88a26de7e
f4d933ddf02e
f4d9dd957782
f4da874d747a
f4db3105e715
f4dbdabecf55
f4dc84782d3a
f4dd2e3200c3
f4ddd7ec49f2
f4de81a708c6
f4df2b623d40
f4dfd51de761
f4e07eda0728
f4e128969c96
f4e1d253a7ab
f4e27c112868
f4e325cf1ecc
f4e3cf8d8ad9
f4e4794c6c8e
f4e5230bc3ec
f4e5cccb90f3
f4e6768bd3a3
f4e7204c8bfd
f4e7ca0dba02
f4e873cf5db0
f4e91d91770a
f4e9c754060e
f4ea71170abe
f4eb1ada8519
f4ebc49e7520
f4ec6e62dad4
f4ed1827b634
f4edc1ed0741
f4ee6bb2cdfc
f4ef15790a63
f4efbf3fbc79
f4f06906e43d
f4f112ce81b0
f4f1bc9694d1
f4f2665f1da2
f4f310281c22
f4f3b9f19052
f4f463bb7a32
f4f50d85d9c2
f4f5b750af03
f4f6611bf9f5
f4f70ae7ba99
f4f7b4b3f0ee
f4f85e809cf6
f4f9084dbeaf
f4f9b21b561c
f4fa5be9633b
f4fb05b7e60e
f4fbaf86de94
f4fc59564cce
f4fd032630bd
f4fdacf68a60
f4fe56c759b8
f4ff00989ec5
f4ffaa6a5987
f500543c8a00
f500fe0f302f
f501a7e24c14
f50251b5ddb0
f502fb89e503
f503a55e620e
f5044f3354d0
f504f908bd4a
f505a2de9b7d
f5064cb4ef69
f506f68bb90d
f507a062f86b
f5084a3aad83
f508f412d855
f5099deb78e1
f50a47c48f27
f50af19e1b29
f50b9b781ce5
f50c4552945e
f50cef2d8192
f50d9908e483
f50e42e4bd30
f50eecc10b9a
f50f969dcfc1
f510407b09a5
f510ea58b948
f5119436dea8
f5123e1579c7
f512e7f48aa5
f51391d41142
f5143bb40d9e
f514e5947fbb
f5158f756797
f5163956c533
f516e3389890
f5178d1ae1af
f51836fda08e
f518e0e0d52f
f5198ac47f92
f51a34a89fb8
f51ade8d35a0
f51b8872414b
f51c3257c2b9
f51cdc3db9eb
f51d862426e0
f51e300b099a
f51ed9f26218
f51f83da305c
f5202dc27464
f520d7ab2e32
f52181945dc5
f5222b7e031f
f522d5681e3f
f5237f52af26
f524293db5d4
f524d3293249
f5257d152486
f52627018c8b
f526d0ee6a59
f5277adbbdef
f52824c9874e
f528ceb7c676
f52978a67b68
f52a2295a624
f52acc8546aa
f52b76755cfb
f52c2065e917
f52cca56eafe
f52d744862b0
f52e1e3a502e
f52ec82cb379
f52f721f8c8f
f5301c12db73
f530c606a024
f5316ffadaa2
f53219ef8aee
f532c3e4b108
f5336dda4cf1
f53417d05ea8
f534c1c6e62f
f5356bbde384
f53615b556aa
f536bfad3f9f
f53769a59e64
f538139e72fb
f538bd97bd62
f53967917d9b
f53a118bb3a5
f53abb865f81
f53b6581812f
f53c0f7d18b0
f53cb9792603
f53d6375a92a
f53e0d72a225
f53eb77010f3
f53f616df595
f5400b6c500c
f540b56b2058
f5415f6a6678
f542096a226e
f542b36a543a
f5435d6afbdc
f544076c1954
f544b16daca3
f5455b6fb5c9
f546057234c7
f546af75299c
f54759789449
f548037c74ce
f548ad80cb2c
f54957859763
f54a018ad973
f54aab90915c
f54b5596bf20
f54bff9d62be
f54ca9a47c36
f54d53ac0b89
f54dfdb410b7
f54ea7bc8bc1
f54f51c57ca6
f54ffbcee368
f550a5d8c006
f5514fe31281
f551f9eddad9
f552a3f9190e
f5534e04cd21
f553f810f713
f554a21d96e2
f5554c2aac90
f555f638381d
f556a046398a
f5574a54b0d6
f557f4639e02
f5589e73010e
f5594882d9fb
f559f29328c9
f55a9ca3ed78
f55b46b52808
f55bf0c6d87b
f55c9ad8fed0
f55d44eb9b07
f55deefead21
f55e9912351e
f55f432632fe
f55fed3aa6c3
f560974f906b
f5614164eff8
f561eb7ac56a
f562959110c0
f5633fa7d1fc
f563e9bf091e
f56493d6b626
f5653deed914
f565e80771e9
f566922080a4
f5673c3a0547
f567e653ffd2
f568906e7045
f5693a89569f
f569e4a4b2e3
f56a8ec0850f
f56b38dccd25
f56be2f98b24
f56c8d16bf0c
f56d373468df
f56de152889d
f56e8b711e45
f56f359029d9
f56fdfafab58
f57089cfa2c2
f57133f01019
f571de10f35c
f57288324c8c
f57332541ba9
f573dc7660b3
f57486991bab
f57530bc4c91
f575dadff365
f57685041028
f5772f28a2da
f577d94dab7b
f57883732a0c
f5792d991e8c
f579d7bf88fd
f57a81e6695f
f57b2c0dbfb1
f57bd6358bf4
f57c805dce29
f57d2a868650
f57dd4afb469
f57e7ed95875
f57f29037273
f57fd32e0264
f5807d590849
f58127848421
f581d1b075ee
f5827bdcddaf
f5832609bb65
f583d0370f0f
f5847a64d8af
f58524931845
f585cec1cdd1
f58678f0f953
f58723209acb
f587cd50b23b
f58877813fa2
f58921b24300
f589cbe3bc56
f58a7615aba5
f58b204810ec
f58bca7aec2c
f58c74ae3d65
f58d1ee20497
f58dc91641c4
f58e734af4ea
f58f1d801e0b
f58fc7b5bd27
f59071ebd23e
f5911c225d50
f591c6595e5e
f5927090d568
f5931ac8c26e
f593c5012571
f5946f39fe71
f59519734d6f
f595c3ad126a
f5966de74d63
f5971821fe5a
f597c25d2550
f5986c98c245
f59916d4d539
f599c1115e2d
f59a6b4e5d20
f59b158bd214
f59bbfc9bd08
f59c6a081dfd
f59d1446f4f4
f59dbe8641eb
f59e68c604e5
f59f13063de1
f59fbd46ecdf
f5a0678811e0
f5a111c9ace4
f5a1bc0bbdeb
f5a2664e44f6
f5a310914205
f5a3bad4b519
f5a465189e31
f5a50f5cfd4e
f5a5b9a1d270
f5a663e71d99
f5a70e2cdec7
f5a7b87315fb
f5a862b9c336
f5a90d00e678
f5a9b7487fc1
f5aa61908f11
f5ab0bd9146a
f5abb6220fcb
f5ac606b8134
f5ad0ab568a6
f5adb4ffc621
f5ae5f4a99a6
f5af0995e334
f5afb3e1a2cd
f5b05e2dd870
f5b1087a841e
f5b1b2c7a5d6
f5b25d153d9b
f5b307634b6b
f5b3b1b1cf46
f5b45c00c92f
f5b506503924
f5b5b0a01f26
f5b65af07b35
f5b705414d52
f5b7af92957d
f5b859e453b6
f5b9043687fd
f5b9ae893254
f5ba58dc52ba
f5bb032fe92f
f5bbad83f5b4
f5bc57d8784a
f5bd022d70f0
f5bdac82dfa6
f5be56d8c46e
f5bf012f1f48
f5bfab85f033
f5c055dd3730
f5c10034f43f
f5c1aa8d2762
f5c254e5d097
f5c2ff3eefe0
f5c3a998853d
f5c453f290ad
f5c4fe4d1232
f5c5a8a809cc
f5c65303777a
f5c6fd5f5b3e
f5c7a7bbb517
f5c852188507
f5c8fc75cb0c
f5c9a6d38728
f5ca5131b95c
f5cafb9061a6
f5cba5ef8008
f5cc504f1481
f5ccfaaf1f13
f5cda50f9fbe
f5ce4f709681
f5cef9d2035d
f5cfa433e653
f5d04e963f63
f5d0f8f90e8c
f5d1a35c53d0
f5d24dc00f2f
f5d2f82440a9
f5d3a288e83e
f5d44cee05ef
f5d4f75399bc
f5d5a1b9a3a5
f5d64c2023ab
f5d6f68719ce
f5d7a0ee860e
f5d84b56686c
f5d8f5bec0e8
f5d9a0278f82
f5da4a90d43a
f5daf4fa8f12
f5db9f64c008
f5dc49cf671f
f5dcf43a8455
f5dd9ea617ab
f5de49122122
f5def37ea0b9
f5df9deb9672
f5e04859024c
f5e0f2c6e448
f5e19d353c66
f5e247a40aa6
f5e2f2134f09
f5e39c83098f
f5e446f33a39
f5e4f163e106
f5e59bd4fdf7
f5e64646910d
f5e6f0b89a47
f5e79b2b19a6
f5e8459e0f2b
f5e8f0117ad5
f5e99a855ca5
f5ea44f9b49b
f5eaef6e82b8
f5eb99e3c6fb
f5ec44598166
f5eceecfb1f9
f5ed994658b3
f5ee43bd7595
f5eeee3508a0
f5ef98ad11d4
f5f043259131
f5f0ed9e86b7
f5f19817f267
f5f24291d442
f5f2ed0c2c46
f5f39786fa75
f5f442023ed0
f5f4ec7df956
f5f596fa2a07
f5f64176d0e4
f5f6ebf3edee
f5f796718124
f5f840ef8a88
f5f8eb6e0a18
f5f995ecffd7
f5fa406c6bc3
f5faeaec4ddd
f5fb956ca626
f5fc3fed749e
f5fcea6eb945
f5fd94f0741c
f5fe3f72a522
f5fee9f54c59
f5ff947869c0
f6003efbfd58
f600e9800721
f6019404871c
f6023e897d48
f602e90ee9a6
f6039394cc37
f6043e1b24fb
f604e8a1f3f1
f6059329391b
f6063db0f479
f606e839260a
f60792c1cdd0
f6083d4aebcb
f608e7d47ffa
f609925e8a5f
f60a3ce90af9
f60ae77401ca
f60b91ff6ed0
f60c3c8b520e
f60ce717ab82
f60d91a47b2d
f60e3c31c110
f60ee6bf7d2a
f60f914daf7d
f6103bdc5809
f610e66b76cd
f61190fb0bca
f6123b8b1701
f612e61b9871
f61390ac901c
f6143b3dfe01
f614e5cfe220
f61590623c7b
f6163af50d11
f616e58853e3
f617901c10f1
f6183ab0443b
f618e544edc2
f6198fda0d85
f61a3a6fa387
f61ae505afc5
f61b8f9c3242
f61c3a332afd
f61ce4ca99f6
f61d8f627f2e
f61e39fadaa6
f61ee493ac5d
f61f8f2cf454
f62039c6b28b
f620e460e702
f6218efb91bb
f6223996b2b4
f622e43249ef
f6238ece576c
f624396adb2b
f624e407d52c
f6258ea54570
f62639432bf7
f626e3e188c2
f6278e805bd0
f628391fa522
f628e3bf64b8
f6298e5f9a93
f62a390046b3
f62ae3a16919
f62b8e4301c4
f62c38e510b5
f62ce38795ec
f62d8e2a916a
f62e38ce032e
f62ee371eb3a
f62f8e16498d
f63038bb1e29
f630e360690c
f6318e062a38
f63238ac61ad
f632e3530f6b
f6338dfa3372
f63438a1cdc3
f634e349de5e
f6358df26544
f636389b6274
f636e344d5f0
f6378deebfb7
f63838991fc9
f638e343f628
f6398def42d3
f63a389b05ca
f63ae3473f0f
f63b8df3eea1
f63c38a11480
f63ce34eb0ad
f63d8dfcc329
f63e38ab4bf3
f63ee35a4b0c
f63f8e09c075
f64038b9ac2d
f640e36a0e34
f6418e1ae68c
f64238cc3535
f642e37dfa2e
f6438e303579
f64438e2e714
f644e3960f02
f6458e49ad42
f64638fdc1d4
f646e3b24cb9
f6478e674df1
f648391cc57d
f648e3d2b35c
f6498e89178f
f64a393ff216
f64ae3f742f3
f64b8eaf0a24
f64c396747aa
f64ce41ffb86
f64d8ed925b8
f64e3992c641
f64ee44cdd20
f64f8f076a56
f65039c26de3
f650e47de7c7
f6518f39d804
f65239f63e98
f652e4b31b86
f6538f706ecc
f6543a2e386b
f654e4ec7864
f6558fab2eb6
f6563a6a5b63
f656e529fe6a
f6578fea17cc
f6583aaaa788
f658e56bada1
f659902d2a15
f65a3aef1ce5
f65ae5b18611
f65b9074659a
f65c3b37bb80
f65ce5fb87c4
f65d90bfca65
f65e3b848364
f65ee649b2c1
f65f910f587d
f6603bd57498
f660e69c0712
f66191630feb
f6623c2a8f25
f662e6f284be
f66391baf0b9
f6643c83d314
f664e74d2bd0
f6659216faee
f6663ce1406d
f666e7abfc4f
f66792772e93
f6683d42d73a
f668e80ef644
f66992db8bb1
f66a3da89783
f66ae87619b8
f66b93441251
f66c3e128150
f66ce8e166b3
f66d93b0c27b
f66e3e8094aa
f66ee950dd3e
f66f94219c39
f6703ef2d19a
f670e9c47d62
f67194969f91
f6723f693828
f672ea3c4727
f673950fcc8e
f6743fe3c85d
f674eab83a96
f675958d2338
f67640628243
f676eb3857b8
f677960ea397
f67840e565e0
f678ebbc9e95
f67996944db4
f67a416c733f
f67aec450f36
f67b971e2198
f67c41f7aa67
f67cecd1a9a3
f67d97ac1f4c
f67e42870b62
f67eed626de6
f67f983e46d8
f680431a9638
f680edf75c07
f68198d49845
f68243b24af2
f682ee90740e
f683996f139b
f684444e2997
f684ef2db605
f6859a0db8e3
f68644ee3232
f686efcf21f3
f6879ab08826
f688459264cb
f688f074b7e2
f6899b57816d
f68a463ac16a
f68af11e77db
f68b9c02a4bf
f68c46e74818
f68cf1cc61e5
f68d9cb1f226
f68e4797f8dd
f68ef27e7609
f68f9d6569ab
f690484cd3c3
f690f334b451
f6919e1d0b56
f6924905d8d2
f692f3ef1cc5
f6939ed8d730
f69449c30812
f694f4adaf6d
f6959f98cd41
f6964a84618d
f696f5706c53
f697a05ced92
f6984b49e54b
f698f637537e
f699a125382c
f69a4c139354
f69af70264f8
f69ba1f1ad17
f69c4ce16bb2
f69cf7d1a0c9
f69da2c24c5c
f69e4db36e6c
f69ef8a506f9
f69fa3971604
f6a04e899b8c
f6a0f97c9793
f6a1a4700a17
f6a24f63f31b
f6a2fa58529d
f6a3a54d289f
f6a450427520
f6a4fb383821
f6a5a62e71a3
f6a6512521a5
f6a6fc1c4828
f6a7a713e52c
f6a8520bf8b2
f6a8fd0482ba
f6a9a7fd8344
f6aa52f6fa50
f6aafdf0e7df
f6aba8eb4bf2
f6ac53e62688
f6acfee177a1
f6ada9dd3f3f
f6ae54d97d61
f6aeffd63208
f6afaad35d35
f6b055d0fee6
f6b100cf171d
f6b1abcda5db
f6b256ccab1e
f6b301cc26e9
f6b3accc193a
f6b457cc8213
f6b502cd6173
f6b5adceb75c
f6b658d083cd
f6b703d2c6c6
f6b7aed58048
f6b859d8b054
f6b904dc56e9
f6b9afe07408
f6ba5ae507b1
f6bb05ea11e5
f6bbb0ef92a3
f6bc5bf589ed
f6bd06fbf7c2
f6bdb202dc23
f6be5d0a3711
f6bf0812088a
f6bfb31a5091
f6c05e230f25
f6c1092c4446
f6c1b435eff4
f6c25f401231
f6c30a4aaafd
f6c3b555ba57
f6c460614040
f6c50b6d3cb8
f6c5b679afc0
f6c661869958
f6c70c93f981
f6c7b7a1d03a
f6c862b01d84
f6c90dbee15f
f6c9b8ce1bcc
f6ca63ddcccb
f6cb0eedf45c
f6cbb9fe9280
f6cc650fa736
f6cd10213280
f6cdbb33345d
f6ce6645acce
f6cf11589bd4
f6cfbc6c016e
f6d0677fdd9c
f6d112943060
f6d1bda8f9b9
f6d268be39a8
f6d313d3f02d
f6d3beea1d49
f6d46a00c0fb
f6d51517db44
f6d5c02f6c25
f6d66b47739e
f6d7165ff1ae
f6d7c178e657
f6d86c925198
f6d917ac3373
f6d9c2c68be7
f6da6de15af4
f6db18fca09b
f6dbc4185cdd
f6dc6f348fb9
f6dd1a513930
f6ddc56e5943
f6de708beff1
f6df1ba9fd3b
f6dfc6c88121
f6e071e77ba3
f6e11d06ecc3
f6e1c826d47f
f6e2734732d9
f6e31e6807d1
f6e3c9895367
f6e474ab159b
f6e51fcd4e6f
f6e5caeffde1
f6e6761323f3
f6e72136c0a4
f6e7cc5ad3f6
f6e8777f5de8
f6e922a45e7a
f6e9cdc9d5ae
f6ea78efc383
f6eb241627f9
f6ebcf3d0312
f6ec7a6454cd
f6ed258c1d2a
f6edd0b45c2b
f6ee7bdd11ce
f6ef27063e16
f6efd22fe101
f6f07d59fa90
f6f128848ac4
f6f1d3af919d
f6f27edb0f1b
f6f32a07033f
f6f3d5336e09
f6f480604f78
f6f52b8da78e
f6f5d6bb764b
f6f681e9bbaf
f6f72d1877bb
f6f7d847aa6e
f6f8837753c9
f6f92ea773cd
f6f9d9d80a79
f6fa850917cf
f6fb303a9bce
f6fbdb6c9676
f6fc869f07c9
f6fd31d1efc6
f6fddd054e6d
f6fe883923c0
f6ff336d6fbe
f6ffdea23267
f70089d76bbc
f701350d1bbe
f701e043426c
f7028b79dfc7
f70336b0f3d0
f703e1e87e86
f7048d207fea
f7053858f7fc
f705e391e6bc
f7068ecb4c2b
f7073a05284a
f707e53f7b18
f708907a4496
f7093bb584c4
f709e6f13ba2
f70a922d6931
f70b3d6a0d71
f70be8a72863
f70c93e4ba06
f70d3f22c25c
f70dea614163
f70e95a0371e
f70f40dfa38b
f70fec1f86ac
f710975fe080
f71142a0b109
f711ede1f845
f7129923b637
f7134465eadd
f713efa89639
f7149aebb84a
f715462f5111
f715f173608e
f7169cb7e6c2
f71747fce3ac
f717f342574e
f7189e8841a7
f71949cea2b9
f719f5157a82
f71aa05cc904
f71b4ba48e3e
f71bf6ecca32
f71ca2357cdf
f71d4d7ea646
f71df8c84667
f71ea4125d43
f71f4f5cead9
f71ffaa7ef2a
f720a5f36a37
f721513f5bff
f721fc8bc483
f722a7d8a3c4
f7235325f9c1
f723fe73c67b
f724a9c209f3
f7255510c428
f726005ff51b
f726abaf9ccc
f72756ffbb3c
f7280250506b
f728ada15c59
f72958f2df07
f72a0444d874
f72aaf9748a2
f72b5aea2f90
f72c063d8d3f
f72cb19161b0
f72d5ce5ace1
f72e083a6ed5
f72eb38fa78a
f72f5ee55702
f7300a3b7d3d
f730b5921a3b
f73160e92dfc
f7320c40b881
f732b798b9ca
f73362f131d8
f7340e4a20aa
f734b9a38641
f73564fd629e
f7361057b5c0
f736bbb27fa8
f737670dc056
f738126977cc
f738bdc5a608
f73969224b0b
f73a147f66d6
f73abfdcf968
f73b6b3b02c3
f73c169982e7
f73cc1f879d3
f73d6d57e789
f73e18b7cc08
f73ec4182751
f73f6f78f964
f7401ada4242
f740c63c01ea
f741719e385e
f7421d00e59d
f742c86409a8
f74373c7a47f
f7441f2bb622
f744ca903e92
f74575f53dcf
f746215ab3d9
f746ccc0a0b1
f74778270458
f748238ddecc
f748cef5300f
f7497a5cf821
f74a25c53703
f74ad12decb4
f74b7c971935
f74c2800bc86
f74cd36ad6a8
f74d7ed5679b
f74e2a406f5f
f74ed5abedf5
f74f8117e35c
f7502c844f96
f750d7f132a2
f751835e8c81
f7522ecc5d34
f752da3aa4b9
f75385a96313
f75431189841
f754dc884443
f75587f8671a
f756336900c6
f756deda1147
f7578a4b989e
f75835bd96cb
f758e1300bcf
f7598ca2f7a9
f75a38165a5b
f75ae38a33e3
f75b8efe8444
f75c3a734b7c
f75ce5e8898d
f75d915e3e76
f75e3cd46a39
f75ee84b0cd4
f75f93c22649
f7603f39b698
f760eab1bdc2
f761962a3bc6
f76241a330a5
f762ed1c9c5f
f76398967ef4
f7644410d866
f764ef8ba8b3
f7659b06efdd
f7664682ade4
f766f1fee2c8
f7679d7b8e8a
f76848f8b129
f768f4764aa6
f7699ff45b02
f76a4b72e23d
f76af6f1e057
f76ba2715550
f76c4df14128
f76cf971a3e1
f76da4f27d7b
f76e5073cdf4
f76efbf5954f
f76fa777d38c
f77052fa88a9
f770fe7db4a9
f771aa01578b
f77255857150
f773010a01f8
f773ac8f0983
f774581487f1
f775039a7d44
f775af20e97a
f7765aa7cc95
f777062f2696
f777b1b6f77b
f7785d3f3f46
f77908c7fdf6
f779b451338d
f77a5fdae00a
f77b0b65036e
f77bb6ef9db9
f77c627aaeec
f77d0e063706
f77db9923609
f77e651eabf4
f77f10ab98c7
f77fbc38fc84
f78067c6d72a
f781135528ba
f781bee3f133
f7826a733097
f7831602e6e6
f783c1931420
f7846d23b845
f78518b4d356
f785c4466552
f7866fd86e3b
f7871b6aee11
f787c6fde4d3
f78872915283
f7891e253720
f789c9b992ab
f78a754e6524
f78b20e3ae8c
f78bcc796ee3
f78c780fa629
f78d23a6545e
f78dcf3d7983
f78e7ad51599
f78f266d289e
f78fd205b295
f7907d9eb37c
f79129382b56
f791d4d21a20
f792806c7fdd
f7932c075c8c
f793d7a2b02e
f794833e7ac4
f7952edabc4c
f795da7774c8
f7968614a438
f79731b24a9c
f797dd5067f5
f79888eefc43
f799348e0787
f799e02d89c0
f79a8bcd82ef
f79b376df314
f79be30eda2f
f79c8eb03842
f79d3a520d4c
f79de5f4594d
f79e91971c46
f79f3d3a5638
f79fe8de0722
f7a094822f04
f7a14026cde0
f7a1ebcbe3b6
f7a297717085
f7a34317744e
f7a3eebdef12
f7a49a64e0d1
f7a5460c498a
f7a5f1b4293f
f7a69d5c7ff0
f7a749054d9d
f7a7f4ae9246
f7a8a0584dec
f7a94c02808f
f7a9f7ad2a2f
f7aaa3584acd
f7ab4f03e269
f7abfaaff103
f7aca65c769c
f7ad52097334
f7adfdb6e6cb
f7aea964d162
f7af551332f8
f7b000c20b8f
f7b0ac715b26
f7b1582121bf
f7b203d15f58
f7b2af8213f3
f7b35b333f90
f7b406e4e22f
f7b4b296fbd1
f7b55e498c75
f7b609fc941d
f7b6b5b012c8
f7b761640877
f7b80d18752a
f7b8b8cd58e1
f7b96482b39d
f7ba1038855e
f7babbeece25
f7bb67a58df1
f7bc135cc4c4
f7bcbf14729c
f7bd6acc977c
f7be16853362
f7bec23e4650
f7bf6df7d045
f7c019b1d143
f7c0c56c4948
f7c171273857
f7c21ce29e6e
f7c2c89e7b8e
f7c3745acfb8
f7c420179aec
f7c4cbd4dd2b
f7c577929674
f7c62350c6c7
f7c6cf0f6e26
f7c77ace8c91
f7c8268e2207
f7c8d24e2e89
f7c97e0eb218
f7ca29cfacb4
f7cad5911e5d
f7cb81530713
f7cc2d1566d7
f7ccd8d83da9
f7cd849b8b8a
f7ce305f5079
f7cedc238c78
f7cf87e83f86
f7d033ad69a3
f7d0df730ad1
f7d18b39230f
f7d236ffb25d
f7d2e2c6b8bd
f7d38e8e362e
f7d43a562ab0
f7d4e61e9645
f7d591e778ec
f7d63db0d2a5
f7d6e97aa372
f7d79544eb51
f7d8410faa45
f7d8ecdae04c
f7d998a68d67
f7da4472b197
f7daf03f4cdc
f7db9c0c5f36
f7dc47d9e8a6
f7dcf3a7e92b
f7dd9f7660c6
f7de4b454f78
f7def714b541
f7dfa2e49221
f7e04eb4e619
f7e0fa85b128
f7e1a656f34f
f7e25228ac8f
f7e2fdfadce7
f7e3a9cd8459
f7e455a0a2e4
f7e501743888
f7e5ad484547
f7e6591cc920
f7e704f1c413
f7e7b0c73622
f7e85c9d1f4c
f7e908737f92
f7e9b44a56f3
f7ea6021a571
f7eb0bf96b0c
f7ebb7d1a7c3
f7ec63aa5b98
f7ed0f83868a
f7edbb5d289a
f7ee673741c8
f7ef1311d215
f7efbeecd981
f7f06ac8580c
f7f116a44db7
f7f1c280ba81
f7f26e5d9e6b
f7f31a3af976
f7f3c618cba2
f7f471f714ef
f7f51dd5d55d
f7f5c9b50cee
f7f67594bba0
f7f72174e174
f7f7cd557e6c
f7f879369286
f7f925181dc4
f7f9d0fa2026
f7fa7cdc99ab
f7fb28bf8a55
f7fbd4a2f224
f7fc8086d117
f7fd2c6b2730
f7fdd84ff46f
f7fe843538d3
f7ff301af45e
f7ffdc012710
f80087e7d0e8
f80133cef1e7
f801dfb68a0f
f8028b9e995e
f80337871fd5
f803e3701d75
f8048f59923e
f8053b437e30
f805e72de14b
f8069318bb90
f8073f040d00
f807eaefd59a
f80896dc155e
f80942c8cc4e
f809eeb5fa69
f80a9aa39fb1
f80b4691bc24
f80bf2804fc3
f80c9e6f5a90
f80d4a5edc89
f80df64ed5b0
f80ea23f4604
f80f4e302d87
f80ffa218c38
f810a6136217
f8115205af26
f811fdf87364
f812a9ebaed1
f81355df616f
f81401d38b3c
f814adc82c3b
f81559bd446a
f81605b2d3cb
f816b1a8da5d
f8175d9f5821
f81809964d17
f818b58db940
f81961859c9c
f81a0d7df72b
f81ab976c8ed
f81b657011e3
f81c1169d20e
f81cbd64096d
f81d695eb800
f81e1559ddc9
f81ec1557ac8
f81f6d518efc
f820194e1a66
f820c54b1d06
f821714896de
f8221d4687ec
f822c944f032
f8237543cfb0
f82421432665
f824cd42f453
f8257943397a
f8262543f5d9
f826d1452972
f8277d46d445
f8282948f651
f828d54b8f98
f829814ea01a
f82a2d5227d6
f82ad95626ce
f82b855a9d01
f82c315f8a70
f82cdd64ef1c
f82d896acb04
f82e35711e29
f82ee177e88b
f82f8d7f2a2a
f8303986e308
f830e58f1323
f8319197ba7d
f8323da0d916
f832e9aa6eee
f83395b47c06
f83441bf005d
f834edc9fbf5
f83599d56ecd
f83645e158e5
f836f1edba3f
f8379dfa92da
f8384a07e2b7
f838f615a9d6
f839a223e837
f83a4e329ddb
f83afa41cac2
f83ba6516eec
f83c52618a5a
f83cfe721d0c
f83daa832702
f83e5694a83d
f83f02a6a0bc
f83faeb91081
f8405acbf78c
f84106df55dd
f841b2f32b74
f8425f077851
f8430b1c3c75
f843b73177e1
f84463472a94
f8450f5d548f
f845bb73f5d2
f846678b0e5d
f84713a29e32
f847bfbaa54f
f8486bd323b6
f84917ec1967
f849c4058662
f84a701f6aa7
f84b1c39c637
f84bc8549913
f84c746fe339
f84d208ba4ac
f84dcca7dd6a
f84e78c48d75
f84f24e1b4cc
f84fd0ff5371
f8507d1d6963
f851293bf6a2
f851d55afb30
f852817a770c
f8532d9a6a36
f853d9bad4b0
f85485dbb678
f85531fd0f91
f855de1edff9
f8568a4127b2
f8573663e6bb
f857e2871d15
f8588eaacac0
f8593aceefbd
f859e6f38c0c
f85a93189fac
f85b3f3e2aa0
f85beb642ce6
f85c978aa67f
f85d43b1976c
f85defd8ffad
f85e9c00df42
f85f4829362b
f85ff4520469
f860a07b49fc
f8614ca506e5
f861f8cf3b23
f862a4f9e6b8
f863512509a3
f863fd50a3e4
f864a97cb57d
f86555a93e6d
f86601d63eb4
f866ae03b654
f8675a31a54c
f86806600b9c
f868b28ee946
f8695ebe3e49
f86a0aee0aa5
f86ab71e4e5c
f86b634f096d
f86c0f803bd8
f86cbbb1e59e
f86d67e406c0
f86e14169f3d
f86ec049af16
f86f6c7d364b
f87018b134dd
f870c4e5aacb
f871711a9817
f8721d4ffcc0
f872c985d8c7
f87375bc2c2d
f87421f2f6f0
f874ce2a3913
f8757a61f295
f876269a2376
f876d2d2cbb6
f8777f0beb57
f8782b458259
f878d77f90bb
f87983ba167e
f87a2ff513a2
f87adc308829
f87b886c7411
f87c34a8d75c
f87ce0e5b209
f87d8d230419
f87e3960cd8d
f87ee59f0e64
f87f91ddc69f
f8803e1cf63f
f880ea5c9d43
f881969cbbac
f88242dd517a
f882ef1e5eae
f8839b5fe348
f88447a1df48
f884f3e452af
f885a0273d7c
f8864c6a9fb1
f886f8ae794d
f887a4f2ca51
f888513792bd
f888fd7cd292
f889a9c289d0
f88a5608b876
f88b024f5e86
f88bae967c00
f88c5ade10e4
f88d07261d33
f88db36ea0ec
f88e5fb79c10
f88f0c010ea0
f88fb84af89c
f89064955a03
f89110e032d7
f891bd2b8318
f89269774ac5
f89315c389e0
f893c2104069
f8946e5d6e5f
f8951aab13c4
f895c6f93098
f8967347c4da
f8971f96d08c
f897cbe653ae
f89878364e3f
f8992486c041
f899d0d7a9b3
f89a7d290a96
f89b297ae2ea
f89bd5cd32b0
f89c821ff9e8
f89d2e733892
f89ddac6eeae
f89e871b1c3e
f89f336fc140
f89fdfc4ddb6
f8a08c1a71a0
f8a138707cfe
f8a1e4c6ffd0
f8a2911dfa17
f8a33d756bd3
f8a3e9cd5505
f8a49625b5ad
f8a5427e8dca
f8a5eed7dd5e
f8a69b31a469
f8a7478be2ea
f8a7f3e698e3
f8a8a041c654
f8a94c9d6b3d
f8a9f8f9879e
f8aaa5561b78
f8ab51b326cb
f8abfe10a997
f8acaa6ea3dc
f8ad56cd159c
f8ae032bfed6
f8aeaf8b5f8a
f8af5beb37ba
f8b0084b8765
f8b0b4ac4e8b
f8b1610d8d2d
f8b20d6f434c
f8b2b9d170e7
f8b3663415fe
f8b412973294
f8b4befac6a6
f8b56b5ed236
f8b617c35545
f8b6c4284fd2
f8b7708dc1de
f8b81cf3ab69
f8b8c95a0c73
f8b975c0e4fe
f8ba22283508
f8bace8ffc93
f8bb7af83b9e
f8bc2760f22b
f8bcd3ca2039
f8bd8033c5c9
f8be2c9de2db
f8bed908776f
f8bf85738386
f8c031df071f
f8c0de4b023d
f8c18ab774dd
f8c237245f02
f8c2e391c0ab
f8c38fff99d9
f8c43c6dea8c
f8c4e8dcb2c4
f8c5954bf282
f8c641bba9c5
f8c6ee2bd88f
f8c79a9c7ee0
f8c8470d9cb7
f8c8f37f3215
f8c99ff13efc
f8ca4c63c36a
f8caf8d6bf60
f8cba54a32de
f8cc51be1de6
f8ccfe328077
f8cdaaa75a91
f8ce571cac35
f8cf03927563
f8cfb008b61b
f8d05c7f6e5f
f8d108f69e2d
f8d1b56e4587
f8d261e6646d
f8d30e5efadf
f8d3bad808dd
f8d467518e68
f8d513cb8b80
f8d5c0460025
f8d66cc0ec58
f8d7193c5019
f8d7c5b82b68
f8d872347e46
f8d91eb148b4
f8d9cb2e8ab0
f8da77ac443c
f8db242a7558
f8dbd0a91e04
f8dc7d283e41
f8dd29a7d60f
f8ddd627e56e
f8de82a86c5e
f8df2f296ae1
f8dfdbaae0f6
f8e0882cce9d
f8e134af33d7
f8e1e13210a5
f8e28db56506
f8e33a3930fa
f8e3e6bd7483
f8e493422fa1
f8e53fc76253
f8e5ec4d0c9b
f8e698d32e77
f8e74559c7ea
f8e7f1e0d8f3
f8e89e686192
f8e94af061c8
f8e9f778d995
f8eaa401c8fa
f8eb508b2ff6
f8ebfd150e8a
f8eca99f64b7
f8ed562a327c
f8ee02b577db
f8eeaf4134d3
f8ef5bcd6964
f8f0085a158f
f8f0b4e73955
f8f16174d4b6
f8f20e02e7b1
f8f2ba917248
f8f36720747a
f8f413afee48
f8f4c03fdfb3
f8f56cd048ba
f8f61961295e
f8f6c5f2819f
f8f77284517e
f8f81f1698fb
f8f8cba95816
f8f9783c8ecf
f8fa24d03d27
f8fad164631f
f8fb7df900b6
f8fc2a8e15ed
f8fcd723a2c4
f8fd83b9a73b
f8fe30502354
f8fedce7170d
f8ff897e8268
f90036166565
f900e2aec003
f9018f479244
f9023be0dc28
f902e87a9daf
f9039514d6da
f90441af87a8
f904ee4ab01a
f9059ae65030
f906478267ec
f906f41ef74c
f907a0bbfe51
f9084d597cfd
f908f9f7734e
f909a695e145
f90a5334c6e3
f90affd42428
f90bac73f915
f90c591445a9
f90d05b509e5
f90db25645c9
f90e5ef7f956
f90f0b9a248b
f90fb83cc76a
f91064dfe1f2
f91111837425
f911be277e01
f9126acbff88
f9131770f8ba
f913c4166997
f91470bc5220
f9151d62b254
f915ca098a34
f91676b0d9c1
f9172358a0fb
f917d000dfe2
f9187ca99676
f9192952c4b8
f919d5fc6aa8
f91a82a68847
f91b2f511d94
f91bdbfc2a90
f91c88a7af3c
f91d3553ab98
f91de2001fa3
f91e8ead0b5f
f91f3b5a6ecb
f91fe80849e9
f92094b69cb8
f92141656738
f921ee14a96a
f9229ac4634f
f923477494e7
f923f4253e31
f924a0d65f2e
f9254d87f7e0
f925fa3a0845
f926a6ec905e
f927539f902c
f928005307af
f928ad06f6e7
f92959bb5dd4
f92a06703c78
f92ab32592d1
f92b5fdb60e1
f92c0c91a6a8
f92cb9486426
f92d65ff995c
f92e12b74649
f92ebf6f6aef
f92f6c28074d
f93018e11b64
f930c59aa734
f9317254aabd
f9321f0f2600
f932cbca18fd
f933788583b5
f93425416627
f934d1fdc054
f9357eba923d
f9362b77dbe1
f936d8359d42
f93784f3d65e
f93831b28738
f938de71afce
f9398b315022
f93a37f16833
f93ae4b1f803
f93b9172ff90
f93c3e347edd
f93ceaf675e8
f93d97b8e4b2
f93e447bcb3c
f93ef13f2986
f93f9e02ff91
f9404ac74d5b
f940f78c12e7
f941a4515034
f94251170542
f942fddd3212
f943aaa3d6a5
f944576af2fa
f94504328712
f945b0fa92ed
f9465dc3168b
f9470a8c11ed
f947b7558514
f948641f6ffe
f94910e9d2ae
f949bdb4ad23
f94a6a7fff5d
f94b174bc95d
f94bc4180b23
f94c70e4c4af
f94d1db1f602
f94dca7f9f1c
f94e774dbffe
f94f241c58a7
f94fd0eb6918
f9507dbaf152
f9512a8af154
f951d75b691f
f952842c58b3
f95330fdc012
f953ddcf9f3a
f9548aa1f62c
f9553774c4e9
f955e4480b71
f956911bc9c4
f9573defffe3
f957eac4adce
f9589799d385
f959446f7108
f959f1458659
f95a9e1c1377
f95b4af31862
f95bf7ca951b
f95ca4a289a2
f95d517af5f8
f95dfe53da1c
f95eab2d3610
f95f580709d3
f96004e15566
f960b1bc18c9
f9615e9753fd
f9620b730701
f962b84f31d7
f963652bd47e
f9641208eef6
f964bee68141
f9656bc48b5e
f96618a30d4e
f966c5820711
f967726178a7
f9681f416211
f968cc21c34f
f96979029c61
f96a25e3ed48
f96ad2c5b604
f96b7fa7f696
f96c2c8aaefd
f96cd96ddf39
f96d8651874d
f96e3335a737
f96ee01a3ef7
f96f8cff4e8f
f97039e4d5ff
f970e6cad547
f97193b14c66
f97240983b5f
f972ed7fa230
f9739a6780da
f974474fd75e
f974f438a5bc
f975a121ebf4
f9764e0baa07
f976faf5dff4
f977a7e08dbd
f97854cbb361
f97901b750e1
f979aea3663d
f97a5b8ff375
f97b087cf88b
f97bb56a757d
f97c62586a4d
f97d0f46d6fa
f97dbc35bb86
f97e692517f0
f97f1614ec39
f97fc3053861
f9806ff5fc68
f9811ce7384f
f981c9d8ec16
f98276cb17bd
f98323bdbb45
f983d0b0d6ae
f9847da469f8
f9852a987524
f985d78cf832
f9868481f322
f987317765f5
f987de6d50ab
f9888b63b344
f989385a8dc1
f989e551e021
f98a9249aa66
f98b3f41ec90
f98bec3aa69e
f98c9933d892
f98d462d826b
f98df327a42a
f98ea0223dcf
f98f4d1d4f5a
f98ffa18d8cd
f990a714da27
f99154115368
f992010e4491
f992ae0bada2
f9935b098e9c
f9940807e77e
f994b506b84a
f995620600ff
f9960f05c19e
f996bc05fa26
f9976906aa9a
f9981607d2f8
f998c3097341
f999700b8b75
f99a1d0e1b95
f99aca1123a2
f99b7714a39a
f99c24189b80
f99cd11d0b52
f99d7e21f312
f99e2b2752bf
f99ed82d2a5a
f99f853379e4
f9a0323a415c
f9a0df4180c3
f9a18c49381a
f9a239516760
f9a2e65a0e96
f9a393632dbc
f9a4406cc4d3
f9a4ed76d3db
f9a59a815ad4
f9a6478c59bf
f9a6f497d09b
f9a7a1a3bf6a
f9a84eb0262b
f9a8fbbd04df
f9a9a8ca5b87
f9aa55d82a21
f9ab02e670b0
f9abaff52f33
f9ac5d0465aa
f9ad0a141416
f9adb7243a78
f9ae6434d8ce
f9af1145ef1b
f9afbe577d5d
f9b06b698396
f9b1187c01c6
f9b1c58ef7ed
f9b272a2660b
f9b31fb64c21
f9b3cccaaa2f
f9b479df8036
f9b526f4ce35
f9b5d40a942d
f9b68120d21f
f9b72e37880a
f9b7db4eb5ef
f9b888665bcf
f9b9357e79a9
f9b9e2970f7e
f9ba8fb01d4f
f9bb3cc9a31b
f9bbe9e3a0e3
f9bc96fe16a7
f9bd44190468
f9bdf1346a26
f9be9e5047e1
f9bf4b6c9d9a
f9bff8896b51
f9c0a5a6b105
f9c152c46eb9
f9c1ffe2a46b
f9c2ad01521d
f9c35a2077ce
f9c40740157f
f9c4b4602b30
f9c56180b8e1
f9c60ea1be94
f9c6bbc33c47
f9c768e531fc
f9c816079fb3
f9c8c32a856c
f9c9704de328
f9ca1d71b8e6
f9caca9606a7
f9cb77bacc6c
f9cc24e00a34
f9ccd205c001
f9cd7f2bedd2
f9ce2c5293a8
f9ced979b182
f9cf86a14762
f9d033c95548
f9d0e0f1db34
f9d18e1ad926
f9d23b444f1f
f9d2e86e3d1f
f9d39598a326
f9d442c38135
f9d4efeed74c
f9d59d1aa56b
f9d64a46eb93
f9d6f773a9c4
f9d7a4a0dffe
f9d851ce8e42
f9d8fefcb48f
f9d9ac2b52e7
f9da595a6949
f9db0689f7b7
f9dbb3b9fe2f
f9dc60ea7cb3
f9dd0e1b7343
f9ddbb4ce1df
f9de687ec888
f9df15b1273e
f9dfc2e3fe00
f9e070174cd0
f9e11d4b13ae
f9e1ca7f529b
f9e277b40995
f9e324e9389f
f9e3d21edfb7
f9e47f54fee0
f9e52c8b9617
f9e5d9c2a55f
f9e686fa2cb8
f9e734322c21
f9e7e16aa39b
f9e88ea39327
f9e93bdcfac4
f9e9e916da73
f9ea96513235
f9eb438c020a
f9ebf0c749f1
f9ec9e0309ec
f9ed4b3f41fb
f9edf87bf21d
f9eea5b91a54
f9ef52f6baa0
f9f00034d300
f9f0ad736376
f9f15ab26c02
f9f207f1eca3
f9f2b531e55b
f9f362725629
f9f40fb33f0e
f9f4bcf4a00b
f9f56a36791f
f9f61778ca4b
f9f6c4bb938f
f9f771fed4ec
f9f81f428e61
f9f8cc86bff0
f9f979cb6999
f9fa27108b5b
f9fad4562537
f9fb819c372e
f9fc2ee2c140
f9fcdc29c36d
f9fd89713db6
f9fe36b9301a
f9fee4019a9a
f9ff914a7d37
fa003e93d7f1
fa00ebddaac7
fa019927f5bc
fa024672b8cd
fa02f3bdf3fd
fa03a109a74c
fa044e55d2b9
fa04fba27645
fa05a8ef91f1
fa06563d25bc
fa07038b31a8
fa07b0d9b5b3
fa085e28b1e0
fa090b78262d
fa09b8c8129c
fa0a6618772c
fa0b136953df
fa0bc0baa8b3
fa0c6e0c75ab
fa0d1b5ebac5
fa0dc8b17803
fa0e7604ad64
fa0f23585ae9
fa0fd0ac8093
fa107e011e61
fa112b563454
fa11d8abc26c
fa128601c8aa
fa133358470d
fa13e0af3d97
fa148e06ac48
fa153b5e931f
fa15e8b6f21d
fa16960fc943
fa1743691891
fa17f0c2e007
fa189e1d1fa6
fa194b77d76d
fa19f8d3075d
fa1aa62eaf77
fa1b538acfbb
fa1c00e76829
fa1cae4478c1
fa1d5ba20184
fa1e09000273
fa1eb65e7b8c
fa1f63bd6cd1
fa20111cd643
fa20be7cb7e1
fa216bdd11ab
fa22193de3a3
fa22c69f2dc8
fa237400f01b
fa2421632a9b
fa24cec5dd4a
fa257c290828
fa26298cab35
fa26d6f0c671
fa27845559dd
fa2831ba6578
fa28df1fe944
fa298c85e541
fa2a39ec596e
fa2ae75345cd
fa2b94baaa5e
fa2c42228720
fa2cef8adc15
fa2d9cf3a93c
fa2e4a5cee96
fa2ef7c6ac24
fa2fa530e1e5
fa30529b8fd9
fa310006b602
fa31ad725460
fa325ade6af2
fa33084af9ba
fa33b5b800b7
fa3463257fea
fa3510937753
fa35be01e6f3
fa366b70cec9
fa3718e02ed7
fa37c650071c
fa3873c05799
fa392131204e
fa39cea2613b
fa3a7c141a61
fa3b29864bc1
fa3bd6f8f559
fa3c846c172c
fa3d31dfb138
fa3ddf53c37f
fa3e8cc84e00
fa3f3a3d50bd
fa3fe7b2cbb5
fa409528bee9
fa41429f2a59
fa41f0160e05
fa429d8d69ed
fa434b053e13
fa43f87d8a76
fa44a5f64f17
fa45536f8bf6
fa4600e94113
fa46ae636e6e
fa475bde1409
fa48095931e3
fa48b6d4c7fc
fa496450d655
fa4a11cd5cef
fa4abf4a5bc9
fa4b6cc7d2e4
fa4c1a45c241
fa4cc7c429df
fa4d754309be
fa4e22c261e0
fa4ed0423245
fa4f7dc27aec
fa502b433bd7
fa50d8c47505
fa5186462677
fa5233c8502d
fa52e14af227
fa538ece0c67
fa543c519eeb
fa54e9d5a9b5
fa55975a2cc5
fa5644df281b
fa56f2649bb7
fa579fea879a
fa584d70ebc5
fa58faf7c836
fa59a87f1cef
fa5a5606e9f1
fa5b038f2f3b
fa5bb117eccd
fa5c5ea122a9
fa5d0c2ad0ce
fa5db9b4f73c
fa5e673f95f5
fa5f14caacf8
fa5fc2563c46
fa606fe243de
fa611d6ec3c3
fa61cafbbbf2
fa6278892c6e
fa6326171536
fa63d3a5764a
fa6481344fac
fa652ec3a15b
fa65dc536b57
fa6689e3ada2
fa673774683a
fa67e5059b21
fa6892974657
fa69402969dd
fa69edbc05b2
fa6a9b4f19d6
fa6b48e2a64b
fa6bf676ab11
fa6ca40b2827
fa6d51a01d8f
fa6dff358b48
fa6eaccb7153
fa6f5a61cfb0
fa7007f8a660
fa70b58ff562
fa716327bcb8
fa7210bffc61
fa72be58b45e
fa736bf1e4af
fa74198b8d54
fa74c725ae4e
fa7574c0479e
fa76225b5942
fa76cff6e33d
fa777d92e58d
fa782b2f6034
fa78d8cc5332
fa798669be87
fa7a3407a233
fa7ae1a5fe37
fa7b8f44d292
fa7c3ce41f47
fa7cea83e453
fa7d982421b9
fa7e45c4d779
fa7ef3660591
fa7fa107ac04
fa804ea9cad1
fa80fc4c61f9
fa81a9ef717c
fa825792f95a
fa830536f994
fa83b2db722a
fa846080631b
fa850e25cc6a
fa85bbcbae15
fa866972081e
fa871718da84
fa87c4c02548
fa887267e86b
fa89201023ec
fa89cdb8d7cb
fa8a7b62040a
fa8b290ba8a9
fa8bd6b5c5a7
fa8c84605b06
fa8d320b68c5
fa8ddfb6eee5
fa8e8d62ed66
fa8f3b0f6448
fa8fe8bc538d
fa909669bb33
fa9144179b3c
fa91f1c5f3a8
fa929f74c476
fa934d240da9
fa93fad3cf3f
fa94a8840939
fa955634bb97
fa9603e5e65b
fa96b1978983
fa975f49a511
fa980cfc3904
fa98baaf455e
fa996862ca1e
fa9a1616c744
fa9ac3cb3cd2
fa9b71802ac7
fa9c1f359123
fa9ccceb6fe8
fa9d7aa1c715
fa9e285896aa
fa9ed60fdea9
fa9f83c79f11
faa0317fd7e2
faa0df38891e
faa18cf1b2c4
faa23aab54d4
faa2e8656f4f
faa396200236
faa443db0d88
faa4f1969146
faa59f528d70
faa64d0f0207
faa6facbef0b
faa7a889547c
faa85647325b
faa9040588a7
faa9b1c45762
faaa5f839e8b
faab0d435e23
faabbb03962a
faac68c446a1
faad16856f87
faadc44710de
faae72092aa5
faaf1fcbbcdd
faafcd8ec786
fab07b524aa0
fab12916462d
fab1d6daba2b
fab2849fa69c
fab332650b7f
fab3e02ae8d6
fab48df13ea0
fab53bb80cde
fab5e97f5390
fab6974712b6
fab7450f4a51
fab7f2d7fa61
fab8a0a122e7
fab94e6ac3e2
fab9fc34dd53
fabaa9ff6f3b
fabb57ca7999
fabc0595fc6e
fabcb361f7bb
fabd612e6b7f
fabe0efb57bb
fabebcc8bc6f
fabf6a96999c
fac01864ef42
fac0c633bd62
fac1740303fb
fac221d2c30e
fac2cfa2fa9b
fac37d73aaa3
fac42b44d325
fac4d9167423
fac586e88d9d
fac634bb1f92
fac6e28e2a04
fac79061acf2
fac83e35a85d
fac8ec0a1c45
fac999df08ab
faca47b46d8e
facaf58a4af0
facba360a0d0
facc51376f2f
faccff0eb60e
facdace6756b
face5abead49
facf08975da7
facfb6708685
fad0644a27e4
fad1122441c4
fad1bffed425
fad26dd9df09
fad31bb5626e
fad3c9915e56
fad4776dd2c0
fad5254abfae
fad5d328251f
fad681060314
fad72ee4598d
fad7dcc3288a
fad88aa2700c
fad938823012
fad9e662689f
fada944319b1
fadb42244349
fadbf005e567
fadc9de8000c
fadd4bca9338
faddf9ad9eeb
fadea7912326
fadf55751fe9
fae003599534
fae0b13e8308
fae15f23e964
fae20d09c84a
fae2baf01fba
fae368d6efb4
fae416be3837
fae4c4a5f946
fae5728e32df
fae62076e503
fae6ce600fb4
fae77c49b2ef
fae82a33ceb8
fae8d81e630c
fae986096fee
faea33f4f55d
faeae1e0f359
faeb8fcd69e3
faec3dba58fb
faeceba7c0a2
faed9995a0d8
faee4783f99c
faeef572caf1
faefa36214d5
faf05151d749
faf0ff42124d
faf1ad32c5e3
faf25b23f209
faf3091596c1
faf3b707b40b
faf464fa49e6
faf512ed5855
faf5c0e0df56
faf66ed4dee9
faf71cc95711
faf7cabe47cc
faf878b3b11b
faf926a992ff
faf9d49fed77
fafa8296c084
fafb308e0c27
fafbde85d05f
fafc8c7e0d2d
fafd3a76c292
fafde86ff08d
fafe9669971f
faff4463b649
fafff25e4e0a
fb00a0595e63
fb014e54e754
fb01fc50e8df
fb02aa4d6302
fb03584a55be
fb040647c114
fb04b445a503
fb056244018d
fb061042d6b2
fb06be422472
fb076c41eacc
fb081a4229c3
fb08c842e155
fb0976441183
fb0a2445ba4e
fb0ad247dbb6
fb0b804a75bb
fb0c2e4d885d
fb0cdc51139e
fb0d8a55177c
fb0e385993f9
fb0ee65e8915
fb0f9463f6d0
fb104269dd2a
fb10f0703c24
fb119e7713bf
fb124c7e63fa
fb12fa862cd5
fb13a88e6e52
fb1456972870
fb1504a05b30
fb15b2aa0692
fb1660b42a96
fb170ebec73d
fb17bcc9dc88
fb186ad56a75
fb1918e17107
fb19c6edf03c
fb1a74fae816
fb1b23085894
fb1bd11641b8
fb1c7f24a380
fb1d2d337def
fb1ddb42d103
fb1e89529cbe
fb1f3762e120
fb1fe5739e28
fb209384d3d8
fb214196822f
fb21efa8a92f
fb229dbb48d6
fb234bce6127
fb23f9e1f220
fb24a7f5fbc3
fb25560a7e0f
fb26041f7905
fb26b234eca5
fb27604ad8f0
fb280e613de6
fb28bc781b87
fb296a8f71d3
fb2a18a740cc
fb2ac6bf8871
fb2b74d848c2
fb2c22f181c0
fb2cd10b336b
fb2d7f255dc4
fb2e2d4000cb
fb2edb5b1c80
fb2f8976b0e3
fb303792bdf5
fb30e5af43b6
fb3193cc4227
fb3241e9b948
fb32f007a919
fb339e26119a
fb344c44f2cc
fb34fa644caf
fb35a8841f44
fb3656a46a8a
fb3704c52e82
fb37b2e66b2d
fb386108208b
fb390f2a4e9b
fb39bd4cf560
fb3a6b7014d7
fb3b1993ad03
fb3bc7b7bde3
fb3c75dc4778
fb3d240149c2
fb3dd226c4c2
fb3e804cb877
fb3f2e7324e2
fb3fdc9a0a03
fb408ac167db
fb4138e93e6b
fb41e7118db1
fb42953a55af
fb4343639665
fb43f18d4fd3
fb449fb781fa
fb454de22cda
fb45fc0d5074
fb46aa38ecc6
fb47586501d3
fb4806918f9a
fb48b4be961c
fb4962ec1558
fb4a111a0d50
fb4abf487e04
fb4b6d776773
fb4c1ba6c99e
fb4cc9d6a486
fb4d7806f82b
fb4e2637c48e
fb4ed46909ad
fb4f829ac78b
fb5030ccfe27
fb50deffad81
fb518d32d59a
fb523b667672
fb52e99a900a
fb5397cf2262
fb5446042d79
fb54f439b152
fb55a26fadeb
fb5650a62345
fb56fedd1160
fb57ad14783e
fb585b4c57dd
fb590984b03f
fb59b7bd8164
fb5a65f6cb4c
fb5b14308df7
fb5bc26ac966
fb5c70a57d99
fb5d1ee0aa91
fb5dcd1c504d
fb5e7b586ece
fb5f29950615
fb5fd7d21621
fb60860f9ef4
fb61344da08c
fb61e28c1aec
fb6290cb0e12
fb633f0a7a00
fb63ed4a5eb5
fb649b8abc33
fb6549cb9279
fb65f80ce187
fb66a64ea95f
fb675490e9ff
fb6802d3a36a
fb68b116d59e
fb695f5a809d
fb6a0d9ea466
fb6abbe340fa
fb6b6a28565a
fb6c186de485
fb6cc6b3eb7c
fb6d74fa6b3f
fb6e234163cf
fb6ed188d52b
fb6f7fd0bf55
fb702e19224d
fb70dc61fe12
fb718aab52a6
fb7238f52008
fb72e73f6639
fb73958a2539
fb7443d55d09
fb74f2210da8
fb75a06d3718
fb764eb9d958
fb76fd06f46a
fb77ab54884c
fb7859a294ff
fb7907f11a85
fb79b64018dd
fb7a648f9007
fb7b12df8004
fb7bc12fe8d4
fb7c6f80ca77
fb7d1dd224ef
fb7dcc23f83a
fb7e7a76445a
fb7f28c9094e
fb7fd71c4718
fb80856ffdb7
fb8133c42d2c
fb81e218d577
fb82906df698
fb833ec39090
fb83ed19a35f
fb849b702f05
fb8549c73383
fb85f81eb0d9
fb86a676a708
fb8754cf160f
fb880327fdef
fb88b1815ea9
fb895fdb383c
fb8a0e358aa9
fb8abc9055f0
fb8b6aeb9a13
fb8c19475710
fb8cc7a38ce8
fb8d76003b9c
fb8e245d632c
fb8ed2bb0398
fb8f81191ce1
fb902f77af07
fb90ddd6ba0a
fb918c363deb
fb923a963aa9
fb92e8f6b046
fb9397579ec1
fb9445b9061c
fb94f41ae655
fb95a27d3f6e
fb9650e01167
fb96ff435c40
fb97ada71ffa
fb985c0b5c95
fb990a701210
fb99b8d5406d
fb9a673ae7ad
fb9b15a107ce
fb9bc407a0d2
fb9c726eb2b8
fb9d20d63d82
fb9dcf3e412f
fb9e7da6bdc0
fb9f2c0fb335
fb9fda79218f
fba088e308ce
fba1374d68f1
fba1e5b841fa
fba2942393e9
fba3428f5ebe
fba3f0fba279
fba49f685f1b
fba54dd594a4
fba5fc434315
fba6aab16a6d
fba759200aad
fba8078f23d6
fba8b5feb5e8
fba9646ec0e2
fbaa12df44c6
fbaac1504194
fbab6fc1b74b
fbac1e33a5ed
fbaccca60d7a
fbad7b18edf1
fbae298c4754
fbaed80019a3
fbaf867464de
fbb034e92905
fbb0e35e6618
fbb191d41c19
fbb2404a4b07
fbb2eec0f2e2
fbb39d3813ac
fbb44bafad64
fbb4fa27c00a
fbb5a8a04b9f
fbb657195024
fbb70592cd98
fbb7b40cc3fc
fbb862873351
fbb911021b96
fbb9bf7d7ccb
fbba6df956f3
fbbb1c75aa0b
fbbbcaf27616
fbbc796fbb12
fbbd27ed7902
fbbdd66bafe4
fbbe84ea5fb9
fbbf33698882
fbbfe1e92a3f
fbc0906944f0
fbc13ee9d895
fbc1ed6ae52f
fbc29bec6abf
fbc34a6e6944
fbc3f8f0e0be
fbc4a773d12f
fbc555f73a97
fbc6047b1cf5
fbc6b2ff784a
fbc761844c97
fbc8100999db
fbc8be8f6018
fbc96d159f4d
fbca1b9c577b
fbcaca2388a1
fbcb78ab32c2
fbcc273355dc
fbccd5bbf1f0
fbcd844506fe
fbce32ce9508
fbcee1589c0c
fbcf8fe31c0c
fbd03e6e1507
fbd0ecf986ff
fbd19b8571f3
fbd24a11d5e3
fbd2f89eb2d1
fbd3a72c08bb
fbd455b9d7a4
fbd504481f8b
fbd5b2d6e070
fbd661661a53
fbd70ff5cd36
fbd7be85f918
fbd86d169df9
fbd91ba7bbdb
fbd9ca3952bc
fbda78cb629f
fbdb275deb82
fbdbd5f0ed67
fbdc8484684d
fbdd33185c35
fbdde1acc920
fbde9041af0d
fbdf3ed70dfd
fbdfed6ce5f0
fbe09c0336e7
fbe14a9a00e2
fbe1f93143e1
fbe2a7c8ffe4
fbe3566134ec
fbe404f9e2fa
fbe4b3930a0d
fbe5622caa26
fbe610c6c345
fbe6bf61556b
fbe76dfc6098
fbe81c97e4cc
fbe8cb33e207
fbe979d0584a
fbea286d4795
fbead70aafe9
fbeb85a89145
fbec3446ebab
fbece2e5bf1a
fbed91850b93
fbee4024d117
fbeeeec50fa4
fbef9d65c73d
fbf04c06f7e0
fbf0faa8a18f
fbf1a94ac44a
fbf257ed6010
fbf3069074e4
fbf3b53402c4
fbf463d809b1
fbf5127c89ab
fbf5c12182b3
fbf66fc6f4ca
fbf71e6cdfee
fbf7cd134422
fbf87bba2164
fbf92a6177b6
fbf9d9094717
fbfa87b18f89
fbfb365a510b
fbfbe5038b9d
fbfc93ad3f41
fbfd42576bf6
fbfdf10211bc
fbfe9fad3095
fbff4e58c880
fbfffd04d97d
fc00abb1638e
fc015a5e66b1
fc02090be2e9
fc02b7b9d834
fc0366684694
fc0415172e08
fc04c3c68e92
fc0572766830
fc062126bae4
fc06cfd786ae
fc077e88cb8f
fc082d3a8986
fc08dbecc093
fc098a9f70b9
fc0a395299f5
fc0ae8063c4a
fc0b96ba57b7
fc0c456eec3c
fc0cf423f9da
fc0da2d98091
fc0e518f8062
fc0f0045f94d
fc0faefceb52
fc105db45672
fc110c6c3aac
fc11bb249802
fc1269dd6e73
fc131896be00
fc13c75086a9
fc14760ac86e
fc1524c58351
fc15d380b750
fc16823c646d
fc1730f88aa8
fc17dfb52a01
fc188e724278
fc193d2fd40e
fc19ebeddec3
fc1a9aac6298
fc1b496b5f8c
fc1bf82ad5a1
fc1ca6eac4d6
fc1d55ab2d2c
fc1e046c0ea2
fc1eb32d693b
fc1f61ef3cf5
fc2010b189d1
fc20bf744fcf
fc216e378ef0
fc221cfb4734
fc22cbbf789c
fc237a842327
fc24294946d6
fc24d80ee3aa
fc2586d4f9a2
fc26359b88bf
fc26e4629102
fc27932a126a
fc2841f20cf9
fc28f0ba80ad
fc299f836d89
fc2a4e4cd38b
fc2afd16b2b5
fc2babe10b06
fc2c5aabdc7f
fc2d09772721
fc2db842eaeb
fc2e670f27de
fc2f15dbddfa
fc2fc4a90d40
fc307376b5b0
fc312244d74a
fc31d113720f
fc327fe285ff
fc332eb2131a
fc33dd821960
fc348c5298d2
fc353b239171
fc35e9f5033c
fc3698c6ee34
fc374799525a
fc37f66c2fad
fc38a53f862d
fc39541355dc
fc3a02e79eba
fc3ab1bc60c6
fc3b60919c01
fc3c0f67506c
fc3cbe3d7e07
fc3d6d1424d2
fc3e1beb44ce
fc3ecac2ddfa
fc3f799af058
fc4028737be6
fc40d74c80a7
fc418625fe9a
fc4234fff5c0
fc42e3da6618
fc4392b54fa3
fc444190b262
fc44f06c8e54
fc459f48e37b
fc464e25b1d6
fc46fd02f966
fc47abe0ba2b
fc485abef425
fc49099da755
fc49b87cd3bb
fc4a675c7958
fc4b163c982b
fc4bc51d3036
fc4c73fe4177
fc4d22dfcbf1
fc4dd1c1cfa2
fc4e80a44c8c
fc4f2f8742af
fc4fde6ab20a
fc508d4e9a9f
fc513c32fc6e
fc51eb17d777
fc5299fd2bba
fc5348e2f937
fc53f7c93ff0
fc54a6afffe4
fc5555973914
fc56047eeb7f
fc56b3671727
fc57624fbc0c
fc581138da2e
fc58c022718c
fc596f0c8229
fc5a1df70c03
fc5acce20f1c
fc5b7bcd8b73
fc5c2ab9810a
fc5cd9a5efdf
fc5d8892d7f4
fc5e37803949
fc5ee66e13df
fc5f955c67b5
fc60444b34cc
fc60f33a7b24
fc61a22a3abd
fc62511a7399
fc63000b25b6
fc63aefc5117
fc645dedf5ba
fc650ce013a0
fc65bbd2aaca
fc666ac5bb38
fc6719b944ea
fc67c8ad47e0
fc6877a1c41c
fc692696b99c
fc69d58c2862
fc6a8482106e
fc6b337871c0
fc6be26f4c58
fc6c9166a038
fc6d405e6d5e
fc6def56b3cc
fc6e9e4f7382
fc6f4d48ac80
fc6ffc425ec6
fc70ab3c8a55
fc715a372f2d
fc7209324d4f
fc72b82de4ba
fc736729f570
fc7416267f70
fc74c52382bb
fc757420ff50
fc76231ef532
fc76d21d645f
fc77811c4cd8
fc78301bae9d
fc78df1b89af
fc798e1bde0f
fc7a3d1cabbb
fc7aec1df2b5
fc7b9b1fb2fe
fc7c4a21ec95
fc7cf9249f7a
fc7da827cbaf
fc7e572b7132
fc7f062f9006
fc7fb5342829
fc806439399d
fc81133ec462
fc81c244c877
fc82714b45de
fc8320523c97
fc83cf59aca1
fc847e6195fe
fc852d69f8ae
fc85dc72d4b0
fc868b7c2a06
fc873a85f8af
fc87e99040ad
fc88989b01fe
fc8947a63ca4
fc89f6b1f0a0
fc8aa5be1df0
fc8b54cac496
fc8c03d7e492
fc8cb2e57de4
fc8d61f3908d
fc8e11021c8d
fc8ec01121e4
fc8f6f20a092
fc901e309899
fc90cd4109f7
fc917c51f4af
fc922b6358bf
fc92da753628
fc9389878ceb
fc94389a5d08
fc94e7ada67e
fc9596c16950
fc9645d5a57c
fc96f4ea5b04
fc97a3ff89e7
fc9853153225
fc99022b53c0
fc99b141eeb8
fc9a6059030c
fc9b0f7090be
fc9bbe8897cd
fc9c6da1183a
fc9d1cba1204
fc9dcbd3852e
fc9e7aed71b6
fc9f2a07d79d
fc9fd922b6e4
fca0883e0f8b
fca13759e191
fca1e6762cf8
fca29592f1c0
fca344b02fe9
fca3f3cde774
fca4a2ec1860
fca5520ac2ae
fca60129e65f
fca6b0498372
fca75f6999e9
fca80e8a29c3
fca8bdab3300
fca96cccb5a2
fcaa1beeb1a8
fcaacb112713
fcab7a3415e2
fcac29577e18
fcacd87b5fb2
fcad879fbab3
fcae36c48f1b
fcaee5e9dce9
fcaf950fa41e
fcb04435e4ba
fcb0f35c9ebe
fcb1a283d22a
fcb251ab7efe
fcb300d3a53b
fcb3affc44e1
fcb45f255df0
fcb50e4ef069
fcb5bd78fc4c
fcb66ca38199
fcb71bce8051
fcb7caf9f874
fcb87a25ea02
fcb9295254fc
fcb9d87f3961
fcba87ac9733
fcbb36da6e72
fcbbe608bf1d
fcbc95378936
fcbd4466ccbc
fcbdf39689b0
fcbea2c6c013
fcbf51f76fe4
fcc001289924
fcc0b05a3bd3
fcc15f8c57f2
fcc20ebeed80
fcc2bdf1fc7f
fcc36d2584ef
fcc41c5986cf
fcc4cb8e0220
fcc57ac2f6e4
fcc629f86518
fcc6d92e4cbf
fcc78864add9
fcc8379b8866
fcc8e6d2dc65
fcc9960aa9d8
fcca4542f0bf
fccaf47bb11a
fccba3b4eaea
fccc52ee9e2f
fccd0228cae8
fccdb1637117
fcce609e90bc
fccf0fda29d7
fccfbf163c69
fcd06e52c871
fcd11d8fcdf1
fcd1cccd4ce7
fcd27c0b4556
fcd32b49b73d
fcd3da88a29c
fcd489c80774
fcd53907e5c5
fcd5e8483d90
fcd697890ed4
fcd746ca5992
fcd7f60c1dcb
fcd8a54e5b7f
fcd9549112ad
fcda03d44357
fcdab317ed7d
fcdb625c111f
fcdc11a0ae3d
fcdcc0e5c4d8
fcdd702b54f0
fcde1f715e85
fcdeceb7e198
fcdf7dfede29
fce02d465439
fce0dc8e43c7
fce18bd6acd4
fce23b1f8f61
fce2ea68eb6d
fce399b2c0f9
fce448fd1006
fce4f847d893
fce5a7931aa1
fce656ded630
fce7062b0b42
fce7b577b9d5
fce864c4e1ea
fce914128382
fce9c3609e9d
fcea72af333c
fceb21fe415e
fcebd14dc903
fcec809dca2e
fced2fee44dd
fceddf3f3910
fcee8e90a6c9
fcef3de28e08
fcefed34eecd
fcf09c87c917
fcf14bdb1ce9
fcf1fb2eea41
fcf2aa833121
fcf359d7f188
fcf4092d2b77
fcf4b882deee
fcf567d90bee
fcf6172fb277
fcf6c686d289
fcf775de6c24
fcf825367f4a
fcf8d48f0bf9
fcf983e81233
fcfa334191f8
fcfae29b8b48
fcfb91f5fe24
fcfc4150ea8c
fcfcf0ac507f
fcfda0083000
fcfe4f64890d
fcfefec15ba7
fcffae1ea7cf
fd005d7c6d84
fd010cdaacc8
fd01bc39659a
fd026b9897fb
fd031af843ec
fd03ca58696b
fd0479b9087b
fd05291a211a
fd05d87bb34a
fd0687ddbf0b
fd073740445d
fd07e6a34341
fd089606bbb6
fd09456aadbd
fd09f4cf1957
fd0aa433fe83
fd0b53995d43
fd0c02ff3596
fd0cb265877d
fd0d61cc52f7
fd0e11339807
fd0ec09b56ab
fd0f70038ee4
fd101f6c40b2
fd10ced56c16
fd117e3f1111
fd122da92fa1
fd12dd13c7c9
fd138c7ed987
fd143bea64dd
fd14eb5669ca
fd159ac2e850
fd164a2fe06e
fd16f99d5224
fd17a90b3d74
fd185879a25d
fd1907e880df
fd19b757d8fc
fd1a66c7aab3
fd1b1637f604
fd1bc5a8baf1
fd1c7519f979
fd1d248bb19c
fd1dd3fde35c
fd1e83708eb8
fd1f32e3b3b0
fd1fe2575246
fd2091cb6a79
fd21413ffc49
fd21f0b507b7
fd22a02a8cc4
fd234fa08b6f
fd23ff1703b9
fd24ae8df5a3
fd255e05612c
fd260d7d4655
fd26bcf5a51e
fd276c6e7d88
fd281be7cf93
fd28cb619b3f
fd297adbe08d
fd2a2a569f7c
fd2ad9d1d80e
fd2b894d8a42
fd2c38c9b61a
fd2ce8465b94
fd2d97c37ab2
fd2e47411374
fd2ef6bf25da
fd2fa63db1e5
fd3055bcb794
fd31053c36e9
fd31b4bc2fe3
fd32643ca284
fd3313bd8eca
fd33c33ef4b7
fd3472c0d44a
fd3522432d85
fd35d1c60068
fd3681494cf2
fd3730cd1324
fd37e05152ff
fd388fd60c83
fd393f5b3fb0
fd39eee0ec86
fd3a9e671307
fd3b4dedb331
fd3bfd74cd06
fd3cacfc6085
fd3d5c846db0
fd3e0c0cf486
fd3ebb95f508
fd3f6b1f6f36
fd401aa96311
fd40ca33d098
fd4179beb7cd
fd42294a18af
fd42d8d5f33e
fd438862477c
fd4437ef1568
fd44e77c5d03
fd45970a1e4d
fd4646985947
fd46f6270df0
fd47a5b63c49
fd485545e453
fd4904d6060d
fd49b466a179
fd4a63f7b696
fd4b13894564
fd4bc31b4de5
fd4c72add018
fd4d2240cbfe
fd4dd1d44196
fd4e816830e2
fd4f30fc99e2
fd4fe0917c96
fd509026d8fe
fd513fbcaf1b
fd51ef52feed
fd529ee9c874
fd534e810bb1
fd53fe18c8a4
fd54adb0ff4e
fd555d49afae
fd560ce2d9c5
fd56bc7c7d93
fd576c169b19
fd581bb13257
fd58cb4c434d
fd597ae7cdfc
fd5a2a83d264
fd5ada205085
fd5b89bd4860
fd5c395ab9f4
fd5ce8f8a543
fd5d98970a4d
fd5e4835e911
fd5ef7d54191
fd5fa77513cd
fd6057155fc4
fd6106b62578
fd61b65764e8
fd6265f91e15
fd63159b5100
fd63c53dfda8
fd6474e1240e
fd652484c432
fd65d428de15
fd6683cd71b7
fd6733727f17
fd67e3180638
fd6892be0718
fd69426481b9
fd69f20b761a
fd6aa1b2e43c
fd6b515acc1f
fd6c01032dc4
fd6cb0ac092b
fd6d60555e54
fd6e0fff2d3f
fd6ebfa975ed
fd6f6f54385f
fd701eff7494
fd70ceab2a8d
fd717e575a4a
fd722e0403cb
fd72ddb12711
fd738d5ec41d
fd743d0cdaee
fd74ecbb6b85
fd759c6a75e2
fd764c19fa05
fd76fbc9f7f0
fd77ab7a6fa1
fd785b2b611a
fd790adccc5b
fd79ba8eb164
fd7a6a411035
fd7b19f3e8cf
fd7bc9a73b32
fd7c795b075f
fd7d290f4d56
fd7dd8c40d16
fd7e887946a1
fd7f382ef9f7
fd7fe7e52718
fd80979bce04
fd814752eebc
fd81f70a8941
fd82a6c29d91
fd83567b2baf
fd8406343399
fd84b5edb551
fd8565a7b0d7
fd861562262a
fd86c51d154d
fd8774d87e3d
fd88249460fd
fd88d450bd8d
fd89840d93ec
fd8a33cae41b
fd8ae388ae1a
fd8b9346f1ea
fd8c4305af8b
fd8cf2c4e6fe
fd8da2849842
fd8e5244c359
fd8f02056841
fd8fb1c686fd
fd9061881f8b
fd91114a31ed
fd91c10cbe22
fd9270cfc42b
fd9320934409
fd93d0573dbc
fd94801bb143
fd952fe09ea0
fd95dfa605d2
fd968f6be6db
fd973f3241b9
fd97eef9166f
fd989ec064fb
fd994e882d5f
fd99fe506f9a
fd9aae192bad
fd9b5de26199
fd9c0dac115d
fd9cbd763afa
fd9d6d40de70
fd9e1d0bfbc0
fd9eccd792ea
fd9f7ca3a3ee
fda02c702ecd
fda0dc3d3387
fda18c0ab21c
fda23bd8aa8d
fda2eba71cd9
fda39b760902
fda44b456f08
fda4fb154eea
fda5aae5a8aa
fda65ab67c47
fda70a87c9c2
fda7ba59911b
fda86a2bd253
fda919fe8d6a
fda9c9d1c260
fdaa79a57135
fdab297999eb
fdabd94e3c80
fdac892358f7
fdad38f8ef4e
fdade8ceff86
fdae98a589a0
fdaf487c8d9b
fdaff8540b79
fdb0a82c033a
fdb1580474dd
fdb207dd6063
fdb2b7b6c5cd
fdb36790a51b
fdb4176afe4d
fdb4c745d164
fdb577211e5f
fdb626fce53f
fdb6d6d92605
fdb786b5e0b1
fdb836931543
fdb8e670c3bc
fdb9964eec1b
fdba462d8e61
fdbaf60caa8f
fdbba5ec40a5
fdbc55cc50a3
fdbd05acda89
fdbdb58dde58
fdbe656f5c10
fdbf155153b2
fdbfc533c53e
fdc07516b0b3
fdc124fa1613
fdc1d4ddf55e
fdc284c24e94
fdc334a721b5
fdc3e48c6ec2
fdc4947235bc
fdc5445876a1
fdc5f43f3174
fdc6a4266633
fdc7540e14e0
fdc803f63d7b
fdc8b3dee004
fdc963c7fc7b
fdca13b192e1
fdcac39ba336
fdcb73862d7a
fdcc237131ae
fdccd35cafd2
fdcd8348a7e7
fdce333519ec
fdcee32205e2
fdcf930f6bca
fdd042fd4ba4
fdd0f2eba56f
fdd1a2da792d
fdd252c9c6dd
fdd302b98e81
fdd3b2a9d018
fdd4629a8ba2
fdd5128bc121
fdd5c27d7094
fdd6726f99fc
fdd722623d58
fdd7d2555aaa
fdd88248f1f2
fdd9323d0330
fdd9e2318e64
fdda9226938e
fddb421c12b0
fddbf2120bc9
fddca2087eda
fddd51ff6be2
fdde01f6d2e3
fddeb1eeb3dd
fddf61e70ed0
fde011dfe3bc
fde0c1d932a1
fde171d2fb81
fde221cd3e5a
fde2d1c7fb2f
fde381c331fe
fde431bee2c9
fde4e1bb0d8f
fde591b7b251
fde641b4d110
fde6f1b269cb
fde7a1b07c83
fde851af0938
fde901ae0feb
fde9b1ad909c
fdea61ad8b4b
fdeb11adfff9
fdebc1aeeea5
fdec71b05751
fded21b239fd
fdedd1b496a8
fdee81b76d54
fdef31babe00
fdefe1be88ad
fdf091c2cd5b
fdf141c78c0b
fdf1f1ccc4bd
fdf2a1d27771
fdf351d8a427
fdf401df4ae1
fdf4b1e66b9e
fdf561ee065e
fdf611f61b22
fdf6c1fea9ea
fdf77207b2b7
fdf822113589
fdf8d21b325f
fdf98225a93c
fdfa32309a1e
fdfae23c0506
fdfb9247e9f5
fdfc425448eb
fdfcf26121e8
fdfda26e74ed
fdfe527c41f9
fdff028a890e
fdffb2994a2b
fe0062a88550
fe0112b83a7f
fe01c2c869b8
fe0272d912fa
fe0322ea3647
fe03d2fbd39e
fe04830deaff
fe0533207c6c
fe05e33387e5
fe0693470d69
fe07435b0cf9
fe07f36f8696
fe08a3847a40
fe095399e7f6
fe0a03afcfbb
fe0ab3c6318d
fe0b63dd0d6d
fe0c13f4635b
fe0cc40c3359
fe0d74247d65
fe0e243d4181
fe0ed4567fac
fe0f847037e8
fe10348a6a34
fe10e4a51691
fe1194c03cff
fe1244dbdd7f
fe12f4f7f810
fe13a5148cb3
fe1455319b69
fe15054f2431
fe15b56d270d
fe16658ba3fc
fe1715aa9aff
fe17c5ca0c15
fe1875e9f740
fe19260a5c80
fe19d62b3bd5
fe1a864c9540
fe1b366e68c0
fe1be690b656
fe1c96b37e02
fe1d46d6bfc5
fe1df6fa7ba0
fe1ea71eb191
fe1f5743619a
fe2007688bbc
fe20b78e2ff6
fe2167b44e48
fe2217dae6b3
fe22c801f938
fe23782985d7
fe2428518c8f
fe24d87a0d62
fe2588a3084f
fe2638cc7d58
fe26e8f66c7c
fe279920d5bb
fe28494bb917
fe28f977168f
fe29a9a2ee23
fe2a59cf3fd5
fe2b09fc0ba4
fe2bba295190
fe2c6a57119b
fe2d1a854bc3
fe2dcab4000b
fe2e7ae32e71
fe2f2b12d6f7
fe2fdb42f99d
fe308b739662
fe313ba4ad48
fe31ebd63e4e
fe329c084975
fe334c3acebe
fe33fc6dce28
fe34aca147b4
fe355cd53b62
fe360d09a933
fe36bd3e9127
fe376d73f33e
fe381da9cf79
fe38cde025d8
fe397e16f65b
fe3a2e4e4103
fe3ade8605cf
fe3b8ebe44c1
fe3c3ef6fdd9
fe3cef303116
fe3d9f69de7a
fe3e4fa40604
fe3effdea7b5
fe3fb019c38d
fe406055598d
fe41109169b5
fe41c0cdf405
fe42710af87e
fe432148771f
fe43d1866fea
fe4481c4e2de
fe453203cffc
fe45e2433745
fe46928318b8
fe4742c37456
fe47f3044a1f
fe48a3459a13
fe4953876434
fe4a03c9a881
fe4ab40c66fa
fe4b644f9fa0
fe4c14935273
fe4cc4d77f74
fe4d751c26a3
fe4e25614800
fe4ed5a6e38b
fe4f85ecf946
fe503633892f
fe50e67a9348
fe5196c21791
fe52470a160a
fe52f7528eb3
fe53a79b818e
fe5457e4ee99
fe55082ed5d6
fe55b8793745
fe5668c412e6
fe57190f68ba
fe57c95b38c0
fe5879a782f9
fe5929f44766
fe59da418607
fe5a8a8f3edc
fe5b3add71e5
fe5beb2c1f24
fe5c9b7b4697
fe5d4bcae840
fe5dfc1b041e
fe5eac6b9a33
fe5f5cbcaa7e
fe600d0e3500
fe60bd6039b9
fe616db2b8aa
fe621e05b1d2
fe62ce592533
fe637ead12cc
fe642f017a9e
fe64df565ca8
fe658fabb8ed
fe6640018f6b
fe66f057e023
fe67a0aeab15
fe685105f043
fe69015dafab
fe69b1b5e94f
fe6a620e9d2f
fe6b1267cb4a
fe6bc2c173a3
fe6c731b9637
fe6d23763309
fe6dd3d14a19
fe6e842cdb66
fe6f3488e6f1
fe6fe4e56cbb
fe7095426cc3
fe71459fe70a
fe71f5fddb91
fe72a65c4a58
fe7356bb335e
fe74071a96a5
fe74b77a742d
fe7567dacbf6
fe76183b9e00
fe76c89cea4c
fe7778feb0da
fe782960f1aa
fe78d9c3acbd
fe798a26e213
fe7a3a8a91ac
fe7aeaeebb8a
fe7b9b535fab
fe7c4bb87e10
fe7cfc1e16ba
fe7dac8429aa
fe7e5ceab6de
fe7f0d51be59
fe7fbdb94019
fe806e213c1f
fe811e89b26d
fe81cef2a301
fe827f5c0ddd
fe832fc5f300
fe83e030526c
fe84909b2c1f
fe854106801c
fe85f1724e61
fe86a1de96f0
fe87524b59c8
fe8802b896ea
fe88b3264e57
fe896394800e
fe8a14032c11
fe8ac472525e
fe8b74e1f2f8
fe8c25520ddd
fe8cd5c2a30e
fe8d8633b28d
fe8e36a53c58
fe8ee7174070
fe8f9789bed6
fe9047fcb78a
fe90f8702a8d
fe91a8e417de
fe9259587f7e
fe9309cd616d
fe93ba42bdac
fe946ab8943b
fe951b2ee51a
fe95cba5b04a
fe967c1cf5ca
fe972c94b59c
fe97dd0cefc0
fe988d85a435
fe993dfed2fd
fe99ee787c18
fe9a9ef29f85
fe9b4f6d3d45
fe9bffe8555a
fe9cb063e7c2
fe9d60dff47e
fe9e115c7b8f
fe9ec1d97cf5
fe9f7256f8b0
fea022d4eec1
fea0d3535f27
fea183d249e4
fea23451aef8
fea2e4d18e62
fea39551e824
fea445d2bc3d
fea4f6540aae
fea5a6d5d377
fea657581699
fea707dad414
fea7b85e0be8
fea868e1be15
fea91965ea9d
fea9c9ea917e
feaa7a6fb2bb
feab2af54e52
feabdb7b6444
feac8c01f492
fead3c88ff3c
feaded108442
feae9d9883a4
feaf4e20fd63
feaffea9f180
feb0af335ffa
feb15fbd48d2
feb21047ac08
feb2c0d2899d
feb3715de190
feb421e9b3e3
feb4d2760095
feb58302c7a7
feb63390091a
feb6e41dc4ed
feb794abfb20
feb8453aabb5
feb8f5c9d6ab
feb9a6597c04
feba56e99bbe
febb077a35db
febbb80b4a5a
febc689cd93d
febd192ee284
febdc9c1662e
febe7a54643c
febf2ae7dcaf
febfdb7bcf87
fec08c103cc4
fec13ca52466
fec1ed3a866e
fec29dd062dc
fec34e66b9b1
fec3fefd8aed
fec4af94d68f
fec5602c9c99
fec610c4dd0b
fec6c15d97e6
fec771f6cd28
fec822907cd4
fec8d32aa6e8
fec983c54b66
feca34606a4e
fecae4fc03a0
fecb9598175c
fecc4634a583
feccf6d1ae16
fecda76f3113
fece580d2e7d
fecf08aba653
fecfb94a9895
fed069ea0543
fed11a89ec5f
fed1cb2a4de9
fed27bcb29e0
fed32c6c8045
fed3dd0e5119
fed48db09c5c
fed53e53620d
fed5eef6a22e
fed69f9a5cbf
fed7503e91c0
fed800e34131
fed8b1886b13
fed9622e0f66
feda12d42e2b
fedac37ac761
fedb7421db0a
fedc24c96924
fedcd57171b2
fedd8619f4b3
fede36c2f227
fedee76c6a0f
fedf98165c6a
fee048c0c93b
fee0f96bb080
fee1aa17123a
fee25ac2ee69
fee30b6f450e
fee3bc1c162a
fee46cc961bb
fee51d7727c4
fee5ce256843
fee67ed4233a
fee72f8358a8
fee7e033088f
fee890e332ee
fee94193d7c6
fee9f244f716
feeaa2f690e0
feeb53a8a524
feec045b33e2
feecb50e3d1a
feed65c1c0cd
feee1675befb
feeec72a37a5
feef77df2aca
fef02894986b
fef0d94a8088
fef18a00e322
fef23ab7c039
fef2eb6f17ce
fef39c26e9e0
fef44cdf3670
fef4fd97fd7f
fef5ae513f0c
fef65f0afb18
fef70fc531a4
fef7c07fe2af
fef8713b0e3a
fef921f6b446
fef9d2b2d4d2
fefa836f6fe0
fefb342c856e
fefbe4ea157e
fefc95a82011
fefd4666a525
fefdf725a4bd
fefea7e51ed7
feff58a51375
ff0009658296
ff00ba266c3b
ff016ae7d065
ff021ba9af13
ff02cc6c0846
ff037d2edbff
ff042df22a3d
ff04deb5f301
ff058f7a364c
ff06403ef41d
ff06f1042c75
ff07a1c9df54
ff0852900cbb
ff090356b4aa
ff09b41dd722
ff0a64e57422
ff0b15ad8bab
ff0bc6761dbd
ff0c773f2a59
ff0d2808b17f
ff0dd8d2b32f
ff0e899d2f6a
ff0f3a68262f
ff0feb339780
ff109bff835d
ff114ccbe9c5
ff11fd98caba
ff12ae66263c
ff135f33fc4a
ff1410024ce6
ff14c0d1180f
ff1571a05dc6
ff1622701e0c
ff16d34058e0
ff1784110e43
ff1834e23e36
ff18e5b3e8b7
ff1996860dc9
ff1a4758ad6c
ff1af82bc79e
ff1ba8ff5c62
ff1c59d36bb7
ff1d0aa7f59d
ff1dbb7cfa16
ff1e6c527921
ff1f1d2872be
ff1fcdfee6ee
ff207ed5d5b2
ff212fad3f09
ff21e08522f4
ff22915d8173
ff2342365a87
ff23f30fae2f
ff24a3e97c6d
ff2554c3c541
ff26059e88aa
ff26b679c6aa
ff2767557f40
ff281831b26e
ff28c90e6032
ff2979eb888e
ff2a2ac92b82
ff2adba7490e
ff2b8c85e133
ff2c3d64f3f0
ff2cee448147
ff2d9f248937
ff2e50050bc2
ff2f00e608e6
ff2fb1c780a5
ff3062a972ff
ff31138bdff4
ff31c46ec785
ff32755229b2
ff332636067a
ff33d71a5de0
ff3487ff2fe2
ff3538e47c81
ff35e9ca43be
ff369ab08599
ff374b974212
ff37fc7e792a
ff38ad662ae0
ff395e4e5736
ff3a0f36fe2b
ff3ac0201fc0
ff3b7109bbf5
ff3c21f3d2cb
ff3cd2de6442
ff3d83c9705a
ff3e34b4f713
ff3ee5a0f86e
ff3f968d746c
ff40477a6b0c
ff40f867dc4f
ff41a955c835
ff425a442ebe
ff430b330fec
ff43bc226bbd
ff446d124233
ff451e02934e
ff45cef35f0e
ff467fe4a574
ff4730d6667f
ff47e1c8a231
ff4892bb5889
ff4943ae8988
ff49f4a2352e
ff4aa5965b7c
ff4b568afc72
ff4c0780180f
ff4cb875ae55
ff4d696bbf44
ff4e1a624add
ff4ecb59511e
ff4f7c50d20a
ff502d48cd9f
ff50de4143e0
ff518f3a34cb
ff524033a061
ff52f12d86a2
ff53a227e790
ff545322c329
ff55041e1970
ff55b519ea62
ff5666163603
ff571712fc50
ff57c8103d4b
ff58790df8f5
ff592a0c2f4d
ff59db0ae054
ff5a8c0a0c0a
ff5b3d09b26f
ff5bee09d384
ff5c9f0a6f4a
ff5d500b85c0
ff5e010d16e6
ff5eb20f22be
ff5f6311a947
ff601414aa82
ff60c5182670
ff61761c1d0f
ff6227208e62
ff62d8257a67
ff63892ae120
ff643a30c28d
ff64eb371eae
ff659c3df584
ff664d45470e
ff66fe4d134d
ff67af555a42
ff68605e1bed
ff691167584d
ff69c2710f65
ff6a737b4133
ff6b2485edb8
ff6bd59114f4
ff6c869cb6e8
ff6d37a8d395
ff6de8b56afa
ff6e99c27d17
ff6f4ad009ee
ff6ffbde117e
ff70acec93c8
ff715dfb90cc
ff720f0b088b
ff72c01afb04
ff73712b6839
ff74223c5029
ff74d34db2d4
ff75845f903c
ff763571e860
ff76e684bb41
ff77979808df
ff7848abd13a
ff78f9c01454
ff79aad4d22b
ff7a5bea0ac1
ff7b0cffbe15
ff7bbe15ec29
ff7c6f2c94fc
ff7d2043b88e
ff7dd15b56e1
ff7e82736ff5
ff7f338c03c9
ff7fe4a5125e
ff8095be9bb4
ff8146d89fcd
ff81f7f31ea7
ff82a90e1844
ff835a298ca3
ff840b457bc6
ff84bc61e5ac
ff856d7eca56
ff861e9c29c4
ff86cfba03f6
ff8780d858ed
ff8831f728a9
ff88e316732a
ff8994363872
ff8a4556787f
ff8af6773353
ff8ba79868ed
ff8c58ba194f
ff8d09dc4478
ff8dbafeea68
ff8e6c220b21
ff8f1d45a6a2
ff8fce69bcec
ff907f8e4dff
ff9130b359db
ff91e1d8e081
ff9292fee1f1
ff9344255e2c
ff93f54c5531
ff94a673c702
ff95579bb39d
ff9608c41b05
ff96b9ecfd38
ff976b165a38
ff981c403205
ff98cd6a849e
ff997e955205
ff9a2fc09a3a
ff9ae0ec5d3d
ff9b92189b0e
ff9c434553ae
ff9cf472871d
ff9da5a0355b
ff9e56ce5e69
ff9f07fd0247
ff9fb92c20f6
ffa06a5bba75
ffa11b8bcec5
ffa1ccbc5de7
ffa27ded67da
ffa32f1eec9f
ffa3e050ec37
ffa4918366a2
ffa542b65bdf
ffa5f3e9cbf0
ffa6a51db6d5
ffa756521c8d
ffa80786fd1a
ffa8b8bc587c
ffa969f22eb3
ffaa1b287fbf
ffaacc5f4ba0
ffab7d969258
ffac2ece53e6
fface006904b
ffad913f4787
ffae4278799a
ffaef3b22685
ffafa4ec4e48
ffb05626f0e4
ffb107620e58
ffb1b89da6a5
ffb269d9b9cb
ffb31b1647cb
ffb3cc5350a6
ffb47d90d45a
ffb52eced2e9
ffb5e00d4c54
ffb6914c4099
ffb7428bafba
ffb7f3cb99b8
ffb8a50bfe91
ffb9564cde48
ffba078e38db
ffbab8d00e4c
ffbb6a125e9a
ffbc1b5529c6
ffbccc986fd1
ffbd7ddc30bb
ffbe2f206c83
ffbee065232b
ffbf91aa54b2
ffc042f0011a
ffc0f4362862
ffc1a57cca8a
ffc256c3e794
ffc3080b7f7f
ffc3b953924b
ffc46a9c1ffa
ffc51be5288b
ffc5cd2eabfe
ffc67e78aa55
ffc72fc3238f
ffc7e10e17ac
ffc8925986ae
ffc943a57094
ffc9f4f1d55e
ffcaa63eb50e
ffcb578c0fa3
ffcc08d9e51d
ffccba28357e
ffcd6b7700c5
ffce1cc646f3
ffcece160807
ffcf7f664403
ffd030b6fae7
ffd0e2082cb2
ffd19359d966
ffd244ac0103
ffd2f5fea388
ffd3a751c0f7
ffd458a55950
ffd509f96c93
ffd5bb4dfabf
ffd66ca303d7
ffd71df887da
ffd7cf4e86c7
ffd880a500a1
ffd931fbf567
ffd9e3536518
ffda94ab4fb7
ffdb4603b543
ffdbf75c95bb
ffdca8b5f122
ffdd5a0fc776
ffde0b6a18b9
ffdebcc4e4eb
ffdf6e202c0b
ffe01f7bee1b
ffe0d0d82b1a
ffe18234e30a
ffe2339215e9
ffe2e4efc3ba
ffe3964dec7b
ffe447ac902e
ffe4f90baed2
ffe5aa6b4868
ffe65bcb5cf1
ffe70d2bec6c
ffe7be8cf6db
ffe86fee7c3c
ffe921507c91
ffe9d2b2f7db
ffea8415ee18
ffeb35795f4a
ffebe6dd4b71
ffec9841b28e
ffed49a694a0
ffedfb0bf1a8
ffeeac71c9a7
ffef5dd81c9c
fff00f3eea88
fff0c0a6336b
fff1720df746
fff223763619
fff2d4deefe4
fff3864824a8
fff437b1d465
fff4e91bff1b
fff59a86a4cb
fff64bf1c575
fff6fd5d6119
fff7aec977b8
fff860360951
fff911a315e6
fff9c3109d77
fffa747ea004
fffb25ed1d8c
fffbd75c1612
fffc88cb8995
fffd3a3b7814
fffdebabe192
fffe9d1cc60d
ffff4e8e2587
