0	0	128
0	1	0
0	2	0
0	3	0
0	4	0
0	5	0
0	6	0
0	7	0
0	8	0
0	9	0
0	10	0
0	11	0
0	12	0
0	13	0
0	14	0
0	15	0
0	16	0
0	17	0
0	18	0
0	19	0
0	20	0
0	21	0
0	22	0
0	23	0
0	24	0
0	25	0
0	26	0
0	27	0
0	28	0
0	29	0
0	30	0
0	31	0
0	32	0
0	33	0
0	34	0
0	35	0
0	36	0
0	37	0
0	38	0
0	39	0
0	40	0
0	41	0
0	42	0
0	43	0
0	44	0
0	45	0
0	46	0
0	47	0
0	48	0
0	49	0
0	50	0
0	51	0
0	52	0
0	53	0
0	54	0
0	55	0
0	56	0
0	57	0
0	58	0
0	59	0
0	60	0
0	61	0
0	62	0
0	63	0
0	64	0
0	65	0
0	66	0
0	67	0
0	68	0
0	69	0
0	70	0
0	71	0
0	72	0
0	73	0
0	74	0
0	75	0
0	76	0
0	77	0
0	78	0
0	79	0
0	80	0
0	81	0
0	82	0
0	83	0
0	84	0
0	85	0
0	86	0
0	87	0
0	88	0
0	89	0
0	90	0
0	91	0
0	92	0
0	93	0
0	94	0
0	95	0
0	96	0
0	97	0
0	98	0
0	99	0
0	100	0
0	101	0
0	102	0
0	103	0
0	104	0
0	105	0
0	106	0
0	107	0
0	108	0
0	109	0
0	110	0
0	111	0
0	112	0
0	113	0
0	114	0
0	115	0
0	116	0
0	117	0
0	118	0
0	119	0
0	120	0
0	121	0
0	122	0
0	123	0
0	124	0
0	125	0
0	126	0
0	127	0
0	128	128
0	129	0
0	130	0
0	131	0
0	132	0
0	133	0
0	134	0
0	135	0
0	136	0
0	137	0
0	138	0
0	139	0
0	140	0
0	141	0
0	142	0
0	143	0
0	144	0
0	145	0
0	146	0
0	147	0
0	148	0
0	149	0
0	150	0
0	151	0
0	152	0
0	153	0
0	154	0
0	155	0
0	156	0
0	157	0
0	158	0
0	159	0
0	160	0
0	161	0
0	162	0
0	163	0
0	164	0
0	165	0
0	166	0
0	167	0
0	168	0
0	169	0
0	170	0
0	171	0
0	172	0
0	173	0
0	174	0
0	175	0
0	176	0
0	177	0
0	178	0
0	179	0
0	180	0
0	181	0
0	182	0
0	183	0
0	184	0
0	185	0
0	186	0
0	187	0
0	188	0
0	189	0
0	190	0
0	191	0
0	192	0
0	193	0
0	194	0
0	195	0
0	196	0
0	197	0
0	198	0
0	199	0
0	200	0
0	201	0
0	202	0
0	203	0
0	204	0
0	205	0
0	206	0
0	207	0
0	208	0
0	209	0
0	210	0
0	211	0
0	212	0
0	213	0
0	214	0
0	215	0
0	216	0
0	217	0
0	218	0
0	219	0
0	220	0
0	221	0
0	222	0
0	223	0
0	224	0
0	225	0
0	226	0
0	227	0
0	228	0
0	229	0
0	230	0
0	231	0
0	232	0
0	233	0
0	234	0
0	235	0
0	236	0
0	237	0
0	238	0
0	239	0
0	240	0
0	241	0
0	242	0
0	243	0
0	244	0
0	245	0
0	246	0
0	247	0
0	248	0
0	249	0
0	250	0
0	251	0
0	252	0
0	253	0
0	254	0
0	255	0
1	0	128
1	1	64
1	2	32
1	3	21
1	4	16
1	5	13
1	6	11
1	7	9
1	8	8
1	9	7
1	10	6
1	11	6
1	12	5
1	13	5
1	14	5
1	15	4
1	16	4
1	17	4
1	18	4
1	19	3
1	20	3
1	21	3
1	22	3
1	23	3
1	24	3
1	25	3
1	26	2
1	27	2
1	28	2
1	29	2
1	30	2
1	31	2
1	32	2
1	33	2
1	34	2
1	35	2
1	36	2
1	37	2
1	38	2
1	39	2
1	40	2
1	41	2
1	42	2
1	43	1
1	44	1
1	45	1
1	46	1
1	47	1
1	48	1
1	49	1
1	50	1
1	51	1
1	52	1
1	53	1
1	54	1
1	55	1
1	56	1
1	57	1
1	58	1
1	59	1
1	60	1
1	61	1
1	62	1
1	63	1
1	64	1
1	65	1
1	66	1
1	67	1
1	68	1
1	69	1
1	70	1
1	71	1
1	72	1
1	73	1
1	74	1
1	75	1
1	76	1
1	77	1
1	78	1
1	79	1
1	80	1
1	81	1
1	82	1
1	83	1
1	84	1
1	85	1
1	86	1
1	87	1
1	88	1
1	89	1
1	90	1
1	91	1
1	92	1
1	93	1
1	94	1
1	95	1
1	96	1
1	97	1
1	98	1
1	99	1
1	100	1
1	101	1
1	102	1
1	103	1
1	104	1
1	105	1
1	106	1
1	107	1
1	108	1
1	109	1
1	110	1
1	111	1
1	112	1
1	113	1
1	114	1
1	115	1
1	116	1
1	117	1
1	118	1
1	119	1
1	120	1
1	121	1
1	122	1
1	123	1
1	124	1
1	125	1
1	126	1
1	127	1
1	128	128
1	129	255
1	130	255
1	131	255
1	132	255
1	133	255
1	134	255
1	135	255
1	136	255
1	137	255
1	138	255
1	139	255
1	140	255
1	141	255
1	142	255
1	143	255
1	144	255
1	145	255
1	146	255
1	147	255
1	148	255
1	149	255
1	150	255
1	151	255
1	152	255
1	153	255
1	154	255
1	155	255
1	156	255
1	157	255
1	158	255
1	159	255
1	160	255
1	161	255
1	162	255
1	163	255
1	164	255
1	165	255
1	166	255
1	167	255
1	168	255
1	169	255
1	170	255
1	171	255
1	172	255
1	173	255
1	174	255
1	175	255
1	176	255
1	177	255
1	178	255
1	179	255
1	180	255
1	181	255
1	182	255
1	183	255
1	184	255
1	185	255
1	186	255
1	187	255
1	188	255
1	189	255
1	190	255
1	191	255
1	192	255
1	193	255
1	194	255
1	195	255
1	196	255
1	197	255
1	198	255
1	199	255
1	200	255
1	201	255
1	202	255
1	203	255
1	204	255
1	205	255
1	206	255
1	207	255
1	208	255
1	209	255
1	210	255
1	211	255
1	212	255
1	213	255
1	214	254
1	215	254
1	216	254
1	217	254
1	218	254
1	219	254
1	220	254
1	221	254
1	222	254
1	223	254
1	224	254
1	225	254
1	226	254
1	227	254
1	228	254
1	229	254
1	230	254
1	231	253
1	232	253
1	233	253
1	234	253
1	235	253
1	236	253
1	237	253
1	238	252
1	239	252
1	240	252
1	241	252
1	242	251
1	243	251
1	244	251
1	245	250
1	246	250
1	247	249
1	248	248
1	249	247
1	250	245
1	251	243
1	252	240
1	253	235
1	254	224
1	255	192
2	0	128
2	1	96
2	2	64
2	3	43
2	4	32
2	5	26
2	6	21
2	7	18
2	8	16
2	9	14
2	10	13
2	11	12
2	12	11
2	13	10
2	14	9
2	15	9
2	16	8
2	17	8
2	18	7
2	19	7
2	20	6
2	21	6
2	22	6
2	23	6
2	24	5
2	25	5
2	26	5
2	27	5
2	28	5
2	29	4
2	30	4
2	31	4
2	32	4
2	33	4
2	34	4
2	35	4
2	36	4
2	37	3
2	38	3
2	39	3
2	40	3
2	41	3
2	42	3
2	43	3
2	44	3
2	45	3
2	46	3
2	47	3
2	48	3
2	49	3
2	50	3
2	51	3
2	52	2
2	53	2
2	54	2
2	55	2
2	56	2
2	57	2
2	58	2
2	59	2
2	60	2
2	61	2
2	62	2
2	63	2
2	64	2
2	65	2
2	66	2
2	67	2
2	68	2
2	69	2
2	70	2
2	71	2
2	72	2
2	73	2
2	74	2
2	75	1
2	76	1
2	77	1
2	78	1
2	79	1
2	80	1
2	81	1
2	82	1
2	83	1
2	84	1
2	85	1
2	86	1
2	87	1
2	88	1
2	89	1
2	90	1
2	91	1
2	92	1
2	93	1
2	94	1
2	95	1
2	96	1
2	97	1
2	98	1
2	99	1
2	100	1
2	101	1
2	102	1
2	103	1
2	104	1
2	105	1
2	106	1
2	107	1
2	108	1
2	109	1
2	110	1
2	111	1
2	112	1
2	113	1
2	114	1
2	115	1
2	116	1
2	117	1
2	118	1
2	119	1
2	120	1
2	121	1
2	122	1
2	123	1
2	124	1
2	125	1
2	126	1
2	127	1
2	128	128
2	129	255
2	130	255
2	131	255
2	132	255
2	133	255
2	134	255
2	135	255
2	136	255
2	137	255
2	138	255
2	139	255
2	140	255
2	141	255
2	142	255
2	143	255
2	144	255
2	145	255
2	146	255
2	147	255
2	148	255
2	149	255
2	150	255
2	151	255
2	152	255
2	153	255
2	154	255
2	155	255
2	156	255
2	157	255
2	158	255
2	159	255
2	160	255
2	161	255
2	162	255
2	163	255
2	164	255
2	165	255
2	166	255
2	167	255
2	168	255
2	169	255
2	170	255
2	171	255
2	172	255
2	173	255
2	174	255
2	175	255
2	176	255
2	177	255
2	178	255
2	179	255
2	180	255
2	181	255
2	182	254
2	183	254
2	184	254
2	185	254
2	186	254
2	187	254
2	188	254
2	189	254
2	190	254
2	191	254
2	192	254
2	193	254
2	194	254
2	195	254
2	196	254
2	197	254
2	198	254
2	199	254
2	200	254
2	201	254
2	202	254
2	203	254
2	204	254
2	205	253
2	206	253
2	207	253
2	208	253
2	209	253
2	210	253
2	211	253
2	212	253
2	213	253
2	214	253
2	215	253
2	216	253
2	217	253
2	218	253
2	219	253
2	220	252
2	221	252
2	222	252
2	223	252
2	224	252
2	225	252
2	226	252
2	227	252
2	228	251
2	229	251
2	230	251
2	231	251
2	232	251
2	233	250
2	234	250
2	235	250
2	236	250
2	237	249
2	238	249
2	239	248
2	240	248
2	241	247
2	242	247
2	243	246
2	244	245
2	245	244
2	246	243
2	247	242
2	248	240
2	249	238
2	250	235
2	251	230
2	252	224
2	253	213
2	254	192
2	255	160
3	0	128
3	1	104
3	2	80
3	3	64
3	4	48
3	5	38
3	6	32
3	7	27
3	8	24
3	9	21
3	10	19
3	11	17
3	12	16
3	13	15
3	14	14
3	15	13
3	16	12
3	17	11
3	18	11
3	19	10
3	20	10
3	21	9
3	22	9
3	23	8
3	24	8
3	25	8
3	26	7
3	27	7
3	28	7
3	29	7
3	30	6
3	31	6
3	32	6
3	33	6
3	34	6
3	35	5
3	36	5
3	37	5
3	38	5
3	39	5
3	40	5
3	41	5
3	42	5
3	43	4
3	44	4
3	45	4
3	46	4
3	47	4
3	48	4
3	49	4
3	50	4
3	51	4
3	52	4
3	53	4
3	54	4
3	55	3
3	56	3
3	57	3
3	58	3
3	59	3
3	60	3
3	61	3
3	62	3
3	63	3
3	64	3
3	65	3
3	66	3
3	67	3
3	68	3
3	69	3
3	70	3
3	71	2
3	72	2
3	73	2
3	74	2
3	75	2
3	76	2
3	77	2
3	78	2
3	79	2
3	80	2
3	81	2
3	82	2
3	83	2
3	84	2
3	85	2
3	86	2
3	87	2
3	88	2
3	89	2
3	90	2
3	91	2
3	92	2
3	93	2
3	94	2
3	95	2
3	96	2
3	97	1
3	98	1
3	99	1
3	100	1
3	101	1
3	102	1
3	103	1
3	104	1
3	105	1
3	106	1
3	107	1
3	108	1
3	109	1
3	110	1
3	111	1
3	112	1
3	113	1
3	114	1
3	115	1
3	116	1
3	117	1
3	118	1
3	119	1
3	120	1
3	121	1
3	122	1
3	123	1
3	124	1
3	125	1
3	126	1
3	127	1
3	128	128
3	129	255
3	130	255
3	131	255
3	132	255
3	133	255
3	134	255
3	135	255
3	136	255
3	137	255
3	138	255
3	139	255
3	140	255
3	141	255
3	142	255
3	143	255
3	144	255
3	145	255
3	146	255
3	147	255
3	148	255
3	149	255
3	150	255
3	151	255
3	152	255
3	153	255
3	154	255
3	155	255
3	156	255
3	157	255
3	158	255
3	159	255
3	160	254
3	161	254
3	162	254
3	163	254
3	164	254
3	165	254
3	166	254
3	167	254
3	168	254
3	169	254
3	170	254
3	171	254
3	172	254
3	173	254
3	174	254
3	175	254
3	176	254
3	177	254
3	178	254
3	179	254
3	180	254
3	181	254
3	182	254
3	183	254
3	184	254
3	185	254
3	186	253
3	187	253
3	188	253
3	189	253
3	190	253
3	191	253
3	192	253
3	193	253
3	194	253
3	195	253
3	196	253
3	197	253
3	198	253
3	199	253
3	200	253
3	201	253
3	202	252
3	203	252
3	204	252
3	205	252
3	206	252
3	207	252
3	208	252
3	209	252
3	210	252
3	211	252
3	212	252
3	213	252
3	214	251
3	215	251
3	216	251
3	217	251
3	218	251
3	219	251
3	220	251
3	221	251
3	222	250
3	223	250
3	224	250
3	225	250
3	226	250
3	227	249
3	228	249
3	229	249
3	230	249
3	231	248
3	232	248
3	233	248
3	234	247
3	235	247
3	236	246
3	237	246
3	238	245
3	239	245
3	240	244
3	241	243
3	242	242
3	243	241
3	244	240
3	245	239
3	246	237
3	247	235
3	248	232
3	249	229
3	250	224
3	251	218
3	252	208
3	253	192
3	254	176
3	255	152
4	0	128
4	1	112
4	2	96
4	3	75
4	4	64
4	5	51
4	6	43
4	7	37
4	8	32
4	9	28
4	10	26
4	11	23
4	12	21
4	13	20
4	14	18
4	15	17
4	16	16
4	17	15
4	18	14
4	19	13
4	20	13
4	21	12
4	22	12
4	23	11
4	24	11
4	25	10
4	26	10
4	27	9
4	28	9
4	29	9
4	30	9
4	31	8
4	32	8
4	33	8
4	34	8
4	35	7
4	36	7
4	37	7
4	38	7
4	39	7
4	40	6
4	41	6
4	42	6
4	43	6
4	44	6
4	45	6
4	46	6
4	47	5
4	48	5
4	49	5
4	50	5
4	51	5
4	52	5
4	53	5
4	54	5
4	55	5
4	56	5
4	57	4
4	58	4
4	59	4
4	60	4
4	61	4
4	62	4
4	63	4
4	64	4
4	65	4
4	66	4
4	67	4
4	68	4
4	69	3
4	70	3
4	71	3
4	72	3
4	73	3
4	74	3
4	75	3
4	76	3
4	77	3
4	78	3
4	79	3
4	80	3
4	81	3
4	82	3
4	83	3
4	84	2
4	85	2
4	86	2
4	87	2
4	88	2
4	89	2
4	90	2
4	91	2
4	92	2
4	93	2
4	94	2
4	95	2
4	96	2
4	97	2
4	98	2
4	99	2
4	100	2
4	101	2
4	102	1
4	103	1
4	104	1
4	105	1
4	106	1
4	107	1
4	108	1
4	109	1
4	110	1
4	111	1
4	112	1
4	113	1
4	114	1
4	115	1
4	116	1
4	117	1
4	118	1
4	119	1
4	120	1
4	121	1
4	122	1
4	123	1
4	124	1
4	125	1
4	126	1
4	127	1
4	128	128
4	129	255
4	130	255
4	131	255
4	132	255
4	133	255
4	134	255
4	135	255
4	136	255
4	137	255
4	138	255
4	139	255
4	140	255
4	141	255
4	142	255
4	143	255
4	144	255
4	145	255
4	146	255
4	147	255
4	148	255
4	149	255
4	150	255
4	151	255
4	152	255
4	153	255
4	154	255
4	155	254
4	156	254
4	157	254
4	158	254
4	159	254
4	160	254
4	161	254
4	162	254
4	163	254
4	164	254
4	165	254
4	166	254
4	167	254
4	168	254
4	169	254
4	170	254
4	171	254
4	172	254
4	173	253
4	174	253
4	175	253
4	176	253
4	177	253
4	178	253
4	179	253
4	180	253
4	181	253
4	182	253
4	183	253
4	184	253
4	185	253
4	186	253
4	187	253
4	188	252
4	189	252
4	190	252
4	191	252
4	192	252
4	193	252
4	194	252
4	195	252
4	196	252
4	197	252
4	198	252
4	199	252
4	200	251
4	201	251
4	202	251
4	203	251
4	204	251
4	205	251
4	206	251
4	207	251
4	208	251
4	209	251
4	210	250
4	211	250
4	212	250
4	213	250
4	214	250
4	215	250
4	216	250
4	217	249
4	218	249
4	219	249
4	220	249
4	221	249
4	222	248
4	223	248
4	224	248
4	225	248
4	226	247
4	227	247
4	228	247
4	229	247
4	230	246
4	231	246
4	232	245
4	233	245
4	234	244
4	235	244
4	236	243
4	237	243
4	238	242
4	239	241
4	240	240
4	241	239
4	242	238
4	243	236
4	244	235
4	245	233
4	246	230
4	247	228
4	248	224
4	249	219
4	250	213
4	251	205
4	252	192
4	253	181
4	254	160
4	255	144
5	0	128
5	1	114
5	2	100
5	3	85
5	4	72
5	5	64
5	6	53
5	7	46
5	8	40
5	9	36
5	10	32
5	11	29
5	12	27
5	13	25
5	14	23
5	15	21
5	16	20
5	17	19
5	18	18
5	19	17
5	20	16
5	21	15
5	22	15
5	23	14
5	24	13
5	25	13
5	26	12
5	27	12
5	28	11
5	29	11
5	30	11
5	31	10
5	32	10
5	33	10
5	34	9
5	35	9
5	36	9
5	37	9
5	38	8
5	39	8
5	40	8
5	41	8
5	42	8
5	43	7
5	44	7
5	45	7
5	46	7
5	47	7
5	48	7
5	49	7
5	50	6
5	51	6
5	52	6
5	53	6
5	54	6
5	55	6
5	56	6
5	57	6
5	58	6
5	59	5
5	60	5
5	61	5
5	62	5
5	63	5
5	64	5
5	65	5
5	66	5
5	67	5
5	68	4
5	69	4
5	70	4
5	71	4
5	72	4
5	73	4
5	74	4
5	75	4
5	76	4
5	77	4
5	78	3
5	79	3
5	80	3
5	81	3
5	82	3
5	83	3
5	84	3
5	85	3
5	86	3
5	87	3
5	88	3
5	89	3
5	90	3
5	91	3
5	92	3
5	93	3
5	94	3
5	95	3
5	96	2
5	97	2
5	98	2
5	99	2
5	100	2
5	101	2
5	102	2
5	103	2
5	104	2
5	105	2
5	106	2
5	107	1
5	108	1
5	109	1
5	110	1
5	111	1
5	112	1
5	113	1
5	114	1
5	115	1
5	116	1
5	117	1
5	118	1
5	119	1
5	120	1
5	121	1
5	122	1
5	123	1
5	124	1
5	125	1
5	126	1
5	127	1
5	128	128
5	129	255
5	130	255
5	131	255
5	132	255
5	133	255
5	134	255
5	135	255
5	136	255
5	137	255
5	138	255
5	139	255
5	140	255
5	141	255
5	142	255
5	143	255
5	144	255
5	145	255
5	146	255
5	147	255
5	148	255
5	149	255
5	150	254
5	151	254
5	152	254
5	153	254
5	154	254
5	155	254
5	156	254
5	157	254
5	158	254
5	159	254
5	160	254
5	161	253
5	162	253
5	163	253
5	164	253
5	165	253
5	166	253
5	167	253
5	168	253
5	169	253
5	170	253
5	171	253
5	172	253
5	173	253
5	174	253
5	175	253
5	176	253
5	177	253
5	178	253
5	179	252
5	180	252
5	181	252
5	182	252
5	183	252
5	184	252
5	185	252
5	186	252
5	187	252
5	188	252
5	189	251
5	190	251
5	191	251
5	192	251
5	193	251
5	194	251
5	195	251
5	196	251
5	197	251
5	198	250
5	199	250
5	200	250
5	201	250
5	202	250
5	203	250
5	204	250
5	205	250
5	206	250
5	207	249
5	208	249
5	209	249
5	210	249
5	211	249
5	212	249
5	213	249
5	214	248
5	215	248
5	216	248
5	217	248
5	218	248
5	219	247
5	220	247
5	221	247
5	222	247
5	223	246
5	224	246
5	225	246
5	226	245
5	227	245
5	228	245
5	229	244
5	230	244
5	231	243
5	232	243
5	233	242
5	234	241
5	235	241
5	236	240
5	237	239
5	238	238
5	239	237
5	240	236
5	241	235
5	242	233
5	243	231
5	244	229
5	245	227
5	246	224
5	247	220
5	248	216
5	249	210
5	250	203
5	251	192
5	252	184
5	253	171
5	254	156
5	255	142
6	0	128
6	1	116
6	2	104
6	3	96
6	4	80
6	5	70
6	6	64
6	7	55
6	8	48
6	9	43
6	10	38
6	11	35
6	12	32
6	13	30
6	14	27
6	15	26
6	16	24
6	17	23
6	18	21
6	19	20
6	20	19
6	21	18
6	22	17
6	23	17
6	24	16
6	25	15
6	26	15
6	27	14
6	28	14
6	29	13
6	30	13
6	31	12
6	32	12
6	33	12
6	34	11
6	35	11
6	36	11
6	37	10
6	38	10
6	39	10
6	40	10
6	41	9
6	42	9
6	43	9
6	44	9
6	45	9
6	46	8
6	47	8
6	48	8
6	49	8
6	50	8
6	51	8
6	52	7
6	53	7
6	54	7
6	55	7
6	56	7
6	57	7
6	58	7
6	59	7
6	60	6
6	61	6
6	62	6
6	63	6
6	64	6
6	65	6
6	66	6
6	67	5
6	68	5
6	69	5
6	70	5
6	71	5
6	72	5
6	73	5
6	74	5
6	75	4
6	76	4
6	77	4
6	78	4
6	79	4
6	80	4
6	81	4
6	82	4
6	83	4
6	84	4
6	85	4
6	86	4
6	87	3
6	88	3
6	89	3
6	90	3
6	91	3
6	92	3
6	93	3
6	94	3
6	95	3
6	96	3
6	97	3
6	98	3
6	99	3
6	100	2
6	101	2
6	102	2
6	103	2
6	104	2
6	105	2
6	106	2
6	107	2
6	108	2
6	109	2
6	110	2
6	111	2
6	112	2
6	113	1
6	114	1
6	115	1
6	116	1
6	117	1
6	118	1
6	119	1
6	120	1
6	121	1
6	122	1
6	123	1
6	124	1
6	125	1
6	126	1
6	127	1
6	128	128
6	129	255
6	130	255
6	131	255
6	132	255
6	133	255
6	134	255
6	135	255
6	136	255
6	137	255
6	138	255
6	139	255
6	140	255
6	141	255
6	142	255
6	143	255
6	144	254
6	145	254
6	146	254
6	147	254
6	148	254
6	149	254
6	150	254
6	151	254
6	152	254
6	153	254
6	154	254
6	155	254
6	156	254
6	157	253
6	158	253
6	159	253
6	160	253
6	161	253
6	162	253
6	163	253
6	164	253
6	165	253
6	166	253
6	167	253
6	168	253
6	169	253
6	170	252
6	171	252
6	172	252
6	173	252
6	174	252
6	175	252
6	176	252
6	177	252
6	178	252
6	179	252
6	180	252
6	181	252
6	182	251
6	183	251
6	184	251
6	185	251
6	186	251
6	187	251
6	188	251
6	189	251
6	190	250
6	191	250
6	192	250
6	193	250
6	194	250
6	195	250
6	196	250
6	197	249
6	198	249
6	199	249
6	200	249
6	201	249
6	202	249
6	203	249
6	204	249
6	205	248
6	206	248
6	207	248
6	208	248
6	209	248
6	210	248
6	211	247
6	212	247
6	213	247
6	214	247
6	215	247
6	216	246
6	217	246
6	218	246
6	219	246
6	220	245
6	221	245
6	222	245
6	223	244
6	224	244
6	225	244
6	226	243
6	227	243
6	228	242
6	229	242
6	230	241
6	231	241
6	232	240
6	233	239
6	234	239
6	235	238
6	236	237
6	237	236
6	238	235
6	239	233
6	240	232
6	241	230
6	242	229
6	243	226
6	244	224
6	245	221
6	246	218
6	247	213
6	248	208
6	249	201
6	250	192
6	251	186
6	252	176
6	253	160
6	254	152
6	255	140
7	0	128
7	1	118
7	2	108
7	3	99
7	4	88
7	5	77
7	6	69
7	7	64
7	8	56
7	9	50
7	10	45
7	11	41
7	12	37
7	13	34
7	14	32
7	15	30
7	16	28
7	17	26
7	18	25
7	19	24
7	20	22
7	21	21
7	22	20
7	23	19
7	24	19
7	25	18
7	26	17
7	27	17
7	28	16
7	29	15
7	30	15
7	31	14
7	32	14
7	33	14
7	34	13
7	35	13
7	36	12
7	37	12
7	38	12
7	39	11
7	40	11
7	41	11
7	42	11
7	43	10
7	44	10
7	45	10
7	46	10
7	47	10
7	48	9
7	49	9
7	50	9
7	51	9
7	52	9
7	53	8
7	54	8
7	55	8
7	56	8
7	57	8
7	58	8
7	59	8
7	60	7
7	61	7
7	62	7
7	63	7
7	64	7
7	65	7
7	66	7
7	67	6
7	68	6
7	69	6
7	70	6
7	71	6
7	72	6
7	73	5
7	74	5
7	75	5
7	76	5
7	77	5
7	78	5
7	79	5
7	80	5
7	81	5
7	82	4
7	83	4
7	84	4
7	85	4
7	86	4
7	87	4
7	88	4
7	89	4
7	90	4
7	91	4
7	92	4
7	93	4
7	94	4
7	95	4
7	96	4
7	97	3
7	98	3
7	99	3
7	100	3
7	101	3
7	102	3
7	103	2
7	104	2
7	105	2
7	106	2
7	107	2
7	108	2
7	109	2
7	110	2
7	111	2
7	112	2
7	113	2
7	114	1
7	115	1
7	116	1
7	117	1
7	118	1
7	119	1
7	120	1
7	121	1
7	122	1
7	123	1
7	124	1
7	125	1
7	126	1
7	127	1
7	128	128
7	129	255
7	130	255
7	131	255
7	132	255
7	133	255
7	134	255
7	135	255
7	136	255
7	137	255
7	138	255
7	139	255
7	140	255
7	141	255
7	142	255
7	143	254
7	144	254
7	145	254
7	146	254
7	147	254
7	148	254
7	149	254
7	150	254
7	151	254
7	152	254
7	153	254
7	154	253
7	155	253
7	156	253
7	157	253
7	158	253
7	159	253
7	160	252
7	161	252
7	162	252
7	163	252
7	164	252
7	165	252
7	166	252
7	167	252
7	168	252
7	169	252
7	170	252
7	171	252
7	172	252
7	173	252
7	174	252
7	175	251
7	176	251
7	177	251
7	178	251
7	179	251
7	180	251
7	181	251
7	182	251
7	183	251
7	184	250
7	185	250
7	186	250
7	187	250
7	188	250
7	189	250
7	190	249
7	191	249
7	192	249
7	193	249
7	194	249
7	195	249
7	196	249
7	197	248
7	198	248
7	199	248
7	200	248
7	201	248
7	202	248
7	203	248
7	204	247
7	205	247
7	206	247
7	207	247
7	208	247
7	209	246
7	210	246
7	211	246
7	212	246
7	213	246
7	214	245
7	215	245
7	216	245
7	217	245
7	218	244
7	219	244
7	220	244
7	221	243
7	222	243
7	223	242
7	224	242
7	225	242
7	226	241
7	227	241
7	228	240
7	229	239
7	230	239
7	231	238
7	232	237
7	233	237
7	234	236
7	235	235
7	236	234
7	237	232
7	238	231
7	239	230
7	240	228
7	241	226
7	242	224
7	243	222
7	244	219
7	245	215
7	246	211
7	247	206
7	248	200
7	249	192
7	250	187
7	251	179
7	252	168
7	253	157
7	254	148
7	255	138
8	0	128
8	1	120
8	2	112
8	3	101
8	4	96
8	5	83
8	6	75
8	7	69
8	8	64
8	9	57
8	10	51
8	11	47
8	12	43
8	13	39
8	14	37
8	15	34
8	16	32
8	17	30
8	18	28
8	19	27
8	20	26
8	21	24
8	22	23
8	23	22
8	24	21
8	25	20
8	26	20
8	27	19
8	28	18
8	29	18
8	30	17
8	31	17
8	32	16
8	33	16
8	34	15
8	35	15
8	36	14
8	37	14
8	38	13
8	39	13
8	40	13
8	41	12
8	42	12
8	43	12
8	44	12
8	45	11
8	46	11
8	47	11
8	48	11
8	49	10
8	50	10
8	51	10
8	52	10
8	53	10
8	54	9
8	55	9
8	56	9
8	57	9
8	58	9
8	59	9
8	60	9
8	61	8
8	62	8
8	63	8
8	64	8
8	65	8
8	66	8
8	67	7
8	68	7
8	69	7
8	70	7
8	71	7
8	72	6
8	73	6
8	74	6
8	75	6
8	76	6
8	77	6
8	78	6
8	79	5
8	80	5
8	81	5
8	82	5
8	83	5
8	84	5
8	85	5
8	86	5
8	87	5
8	88	5
8	89	4
8	90	4
8	91	4
8	92	4
8	93	4
8	94	4
8	95	4
8	96	4
8	97	4
8	98	4
8	99	3
8	100	3
8	101	3
8	102	3
8	103	3
8	104	3
8	105	3
8	106	2
8	107	2
8	108	2
8	109	2
8	110	2
8	111	2
8	112	2
8	113	2
8	114	2
8	115	1
8	116	1
8	117	1
8	118	1
8	119	1
8	120	1
8	121	1
8	122	1
8	123	1
8	124	1
8	125	1
8	126	1
8	127	1
8	128	128
8	129	255
8	130	255
8	131	255
8	132	255
8	133	255
8	134	255
8	135	255
8	136	255
8	137	255
8	138	255
8	139	255
8	140	255
8	141	255
8	142	254
8	143	254
8	144	254
8	145	254
8	146	254
8	147	254
8	148	254
8	149	254
8	150	254
8	151	253
8	152	253
8	153	253
8	154	253
8	155	253
8	156	253
8	157	253
8	158	252
8	159	252
8	160	252
8	161	252
8	162	252
8	163	252
8	164	252
8	165	252
8	166	252
8	167	252
8	168	251
8	169	251
8	170	251
8	171	251
8	172	251
8	173	251
8	174	251
8	175	251
8	176	251
8	177	251
8	178	250
8	179	250
8	180	250
8	181	250
8	182	250
8	183	250
8	184	250
8	185	249
8	186	249
8	187	249
8	188	249
8	189	249
8	190	248
8	191	248
8	192	248
8	193	248
8	194	248
8	195	248
8	196	247
8	197	247
8	198	247
8	199	247
8	200	247
8	201	247
8	202	247
8	203	246
8	204	246
8	205	246
8	206	246
8	207	246
8	208	245
8	209	245
8	210	245
8	211	245
8	212	244
8	213	244
8	214	244
8	215	244
8	216	243
8	217	243
8	218	243
8	219	242
8	220	242
8	221	241
8	222	241
8	223	240
8	224	240
8	225	239
8	226	239
8	227	238
8	228	238
8	229	237
8	230	236
8	231	236
8	232	235
8	233	234
8	234	233
8	235	232
8	236	230
8	237	229
8	238	228
8	239	226
8	240	224
8	241	222
8	242	219
8	243	217
8	244	213
8	245	209
8	246	205
8	247	199
8	248	192
8	249	187
8	250	181
8	251	173
8	252	160
8	253	155
8	254	144
8	255	136
9	0	128
9	1	120
9	2	113
9	3	104
9	4	98
9	5	90
9	6	80
9	7	73
9	8	68
9	9	64
9	10	58
9	11	52
9	12	48
9	13	44
9	14	41
9	15	38
9	16	36
9	17	34
9	18	32
9	19	30
9	20	29
9	21	27
9	22	26
9	23	25
9	24	24
9	25	23
9	26	22
9	27	21
9	28	21
9	29	20
9	30	19
9	31	19
9	32	18
9	33	17
9	34	17
9	35	16
9	36	16
9	37	16
9	38	15
9	39	15
9	40	14
9	41	14
9	42	14
9	43	13
9	44	13
9	45	13
9	46	13
9	47	12
9	48	12
9	49	12
9	50	12
9	51	11
9	52	11
9	53	11
9	54	11
9	55	10
9	56	10
9	57	10
9	58	10
9	59	10
9	60	10
9	61	9
9	62	9
9	63	9
9	64	9
9	65	9
9	66	8
9	67	8
9	68	8
9	69	8
9	70	8
9	71	7
9	72	7
9	73	7
9	74	7
9	75	7
9	76	7
9	77	6
9	78	6
9	79	6
9	80	6
9	81	6
9	82	6
9	83	6
9	84	6
9	85	5
9	86	5
9	87	5
9	88	5
9	89	5
9	90	5
9	91	5
9	92	5
9	93	5
9	94	5
9	95	5
9	96	4
9	97	4
9	98	4
9	99	4
9	100	4
9	101	3
9	102	3
9	103	3
9	104	3
9	105	3
9	106	3
9	107	3
9	108	3
9	109	2
9	110	2
9	111	2
9	112	2
9	113	2
9	114	2
9	115	2
9	116	2
9	117	1
9	118	1
9	119	1
9	120	1
9	121	1
9	122	1
9	123	1
9	124	1
9	125	1
9	126	1
9	127	1
9	128	128
9	129	255
9	130	255
9	131	255
9	132	255
9	133	255
9	134	255
9	135	255
9	136	255
9	137	255
9	138	255
9	139	255
9	140	254
9	141	254
9	142	254
9	143	254
9	144	254
9	145	254
9	146	254
9	147	254
9	148	253
9	149	253
9	150	253
9	151	253
9	152	253
9	153	253
9	154	253
9	155	253
9	156	252
9	157	252
9	158	252
9	159	252
9	160	252
9	161	251
9	162	251
9	163	251
9	164	251
9	165	251
9	166	251
9	167	251
9	168	251
9	169	251
9	170	251
9	171	251
9	172	250
9	173	250
9	174	250
9	175	250
9	176	250
9	177	250
9	178	250
9	179	250
9	180	249
9	181	249
9	182	249
9	183	249
9	184	249
9	185	249
9	186	248
9	187	248
9	188	248
9	189	248
9	190	248
9	191	247
9	192	247
9	193	247
9	194	247
9	195	247
9	196	246
9	197	246
9	198	246
9	199	246
9	200	246
9	201	246
9	202	245
9	203	245
9	204	245
9	205	245
9	206	244
9	207	244
9	208	244
9	209	244
9	210	243
9	211	243
9	212	243
9	213	243
9	214	242
9	215	242
9	216	242
9	217	241
9	218	241
9	219	240
9	220	240
9	221	240
9	222	239
9	223	239
9	224	238
9	225	237
9	226	237
9	227	236
9	228	235
9	229	235
9	230	234
9	231	233
9	232	232
9	233	231
9	234	230
9	235	229
9	236	227
9	237	226
9	238	224
9	239	222
9	240	220
9	241	218
9	242	215
9	243	212
9	244	208
9	245	204
9	246	198
9	247	192
9	248	188
9	249	183
9	250	176
9	251	166
9	252	158
9	253	152
9	254	143
9	255	136
10	0	128
10	1	121
10	2	114
10	3	107
10	4	100
10	5	96
10	6	85
10	7	78
10	8	72
10	9	68
10	10	64
10	11	58
10	12	53
10	13	49
10	14	46
10	15	43
10	16	40
10	17	38
10	18	36
10	19	34
10	20	32
10	21	30
10	22	29
10	23	28
10	24	27
10	25	26
10	26	25
10	27	24
10	28	23
10	29	22
10	30	21
10	31	21
10	32	20
10	33	19
10	34	19
10	35	18
10	36	18
10	37	17
10	38	17
10	39	16
10	40	16
10	41	16
10	42	15
10	43	15
10	44	15
10	45	14
10	46	14
10	47	14
10	48	13
10	49	13
10	50	13
10	51	13
10	52	12
10	53	12
10	54	12
10	55	12
10	56	11
10	57	11
10	58	11
10	59	11
10	60	11
10	61	10
10	62	10
10	63	10
10	64	10
10	65	10
10	66	9
10	67	9
10	68	9
10	69	9
10	70	8
10	71	8
10	72	8
10	73	8
10	74	8
10	75	7
10	76	7
10	77	7
10	78	7
10	79	7
10	80	7
10	81	7
10	82	6
10	83	6
10	84	6
10	85	6
10	86	6
10	87	6
10	88	6
10	89	6
10	90	6
10	91	5
10	92	5
10	93	5
10	94	5
10	95	5
10	96	5
10	97	5
10	98	4
10	99	4
10	100	4
10	101	4
10	102	4
10	103	3
10	104	3
10	105	3
10	106	3
10	107	3
10	108	3
10	109	3
10	110	3
10	111	3
10	112	2
10	113	2
10	114	2
10	115	2
10	116	2
10	117	2
10	118	1
10	119	1
10	120	1
10	121	1
10	122	1
10	123	1
10	124	1
10	125	1
10	126	1
10	127	1
10	128	128
10	129	255
10	130	255
10	131	255
10	132	255
10	133	255
10	134	255
10	135	255
10	136	255
10	137	255
10	138	255
10	139	254
10	140	254
10	141	254
10	142	254
10	143	254
10	144	254
10	145	253
10	146	253
10	147	253
10	148	253
10	149	253
10	150	253
10	151	253
10	152	253
10	153	253
10	154	252
10	155	252
10	156	252
10	157	252
10	158	252
10	159	251
10	160	251
10	161	251
10	162	251
10	163	251
10	164	251
10	165	251
10	166	250
10	167	250
10	168	250
10	169	250
10	170	250
10	171	250
10	172	250
10	173	250
10	174	250
10	175	249
10	176	249
10	177	249
10	178	249
10	179	249
10	180	249
10	181	249
10	182	248
10	183	248
10	184	248
10	185	248
10	186	248
10	187	247
10	188	247
10	189	247
10	190	247
10	191	246
10	192	246
10	193	246
10	194	246
10	195	246
10	196	245
10	197	245
10	198	245
10	199	245
10	200	245
10	201	244
10	202	244
10	203	244
10	204	244
10	205	243
10	206	243
10	207	243
10	208	243
10	209	242
10	210	242
10	211	242
10	212	241
10	213	241
10	214	241
10	215	240
10	216	240
10	217	240
10	218	239
10	219	239
10	220	238
10	221	238
10	222	237
10	223	237
10	224	236
10	225	235
10	226	235
10	227	234
10	228	233
10	229	232
10	230	231
10	231	230
10	232	229
10	233	228
10	234	227
10	235	226
10	236	224
10	237	222
10	238	220
10	239	218
10	240	216
10	241	213
10	242	210
10	243	207
10	244	203
10	245	198
10	246	192
10	247	188
10	248	184
10	249	178
10	250	171
10	251	160
10	252	156
10	253	149
10	254	142
10	255	135
11	0	128
11	1	122
11	2	115
11	3	109
11	4	102
11	5	98
11	6	91
11	7	82
11	8	76
11	9	71
11	10	67
11	11	64
11	12	59
11	13	54
11	14	50
11	15	47
11	16	44
11	17	41
11	18	39
11	19	37
11	20	35
11	21	34
11	22	32
11	23	31
11	24	29
11	25	28
11	26	27
11	27	26
11	28	25
11	29	24
11	30	23
11	31	23
11	32	22
11	33	21
11	34	21
11	35	20
11	36	20
11	37	19
11	38	19
11	39	18
11	40	18
11	41	17
11	42	17
11	43	16
11	44	16
11	45	16
11	46	15
11	47	15
11	48	15
11	49	14
11	50	14
11	51	14
11	52	14
11	53	13
11	54	13
11	55	13
11	56	13
11	57	12
11	58	12
11	59	12
11	60	12
11	61	12
11	62	11
11	63	11
11	64	11
11	65	11
11	66	10
11	67	10
11	68	10
11	69	10
11	70	9
11	71	9
11	72	9
11	73	9
11	74	8
11	75	8
11	76	8
11	77	8
11	78	8
11	79	7
11	80	7
11	81	7
11	82	7
11	83	7
11	84	7
11	85	7
11	86	7
11	87	6
11	88	6
11	89	6
11	90	6
11	91	6
11	92	6
11	93	6
11	94	6
11	95	6
11	96	6
11	97	5
11	98	5
11	99	5
11	100	4
11	101	4
11	102	4
11	103	4
11	104	4
11	105	4
11	106	3
11	107	3
11	108	3
11	109	3
11	110	3
11	111	3
11	112	3
11	113	2
11	114	2
11	115	2
11	116	2
11	117	2
11	118	2
11	119	1
11	120	1
11	121	1
11	122	1
11	123	1
11	124	1
11	125	1
11	126	1
11	127	1
11	128	128
11	129	255
11	130	255
11	131	255
11	132	255
11	133	255
11	134	255
11	135	255
11	136	255
11	137	255
11	138	254
11	139	254
11	140	254
11	141	254
11	142	254
11	143	254
11	144	253
11	145	253
11	146	253
11	147	253
11	148	253
11	149	253
11	150	253
11	151	252
11	152	252
11	153	252
11	154	252
11	155	252
11	156	252
11	157	251
11	158	251
11	159	251
11	160	250
11	161	250
11	162	250
11	163	250
11	164	250
11	165	250
11	166	250
11	167	250
11	168	250
11	169	250
11	170	249
11	171	249
11	172	249
11	173	249
11	174	249
11	175	249
11	176	249
11	177	249
11	178	248
11	179	248
11	180	248
11	181	248
11	182	248
11	183	247
11	184	247
11	185	247
11	186	247
11	187	246
11	188	246
11	189	246
11	190	246
11	191	245
11	192	245
11	193	245
11	194	245
11	195	244
11	196	244
11	197	244
11	198	244
11	199	244
11	200	243
11	201	243
11	202	243
11	203	243
11	204	242
11	205	242
11	206	242
11	207	242
11	208	241
11	209	241
11	210	241
11	211	240
11	212	240
11	213	240
11	214	239
11	215	239
11	216	238
11	217	238
11	218	237
11	219	237
11	220	236
11	221	236
11	222	235
11	223	235
11	224	234
11	225	233
11	226	233
11	227	232
11	228	231
11	229	230
11	230	229
11	231	228
11	232	227
11	233	225
11	234	224
11	235	222
11	236	221
11	237	219
11	238	217
11	239	215
11	240	212
11	241	209
11	242	206
11	243	202
11	244	197
11	245	192
11	246	189
11	247	185
11	248	180
11	249	174
11	250	165
11	251	158
11	252	154
11	253	147
11	254	141
11	255	134
12	0	128
12	1	122
12	2	116
12	3	112
12	4	104
12	5	99
12	6	96
12	7	87
12	8	80
12	9	75
12	10	70
12	11	67
12	12	64
12	13	59
12	14	55
12	15	51
12	16	48
12	17	45
12	18	43
12	19	40
12	20	38
12	21	37
12	22	35
12	23	33
12	24	32
12	25	31
12	26	30
12	27	28
12	28	27
12	29	26
12	30	26
12	31	25
12	32	24
12	33	23
12	34	23
12	35	22
12	36	21
12	37	21
12	38	20
12	39	20
12	40	19
12	41	19
12	42	18
12	43	18
12	44	17
12	45	17
12	46	17
12	47	16
12	48	16
12	49	16
12	50	15
12	51	15
12	52	15
12	53	14
12	54	14
12	55	14
12	56	14
12	57	13
12	58	13
12	59	13
12	60	13
12	61	13
12	62	12
12	63	12
12	64	12
12	65	12
12	66	11
12	67	11
12	68	11
12	69	10
12	70	10
12	71	10
12	72	10
12	73	9
12	74	9
12	75	9
12	76	9
12	77	9
12	78	8
12	79	8
12	80	8
12	81	8
12	82	8
12	83	8
12	84	7
12	85	7
12	86	7
12	87	7
12	88	7
12	89	7
12	90	7
12	91	7
12	92	6
12	93	6
12	94	6
12	95	6
12	96	6
12	97	6
12	98	5
12	99	5
12	100	5
12	101	5
12	102	4
12	103	4
12	104	4
12	105	4
12	106	4
12	107	4
12	108	3
12	109	3
12	110	3
12	111	3
12	112	3
12	113	3
12	114	2
12	115	2
12	116	2
12	117	2
12	118	2
12	119	2
12	120	2
12	121	1
12	122	1
12	123	1
12	124	1
12	125	1
12	126	1
12	127	1
12	128	128
12	129	255
12	130	255
12	131	255
12	132	255
12	133	255
12	134	255
12	135	255
12	136	254
12	137	254
12	138	254
12	139	254
12	140	254
12	141	254
12	142	254
12	143	253
12	144	253
12	145	253
12	146	253
12	147	253
12	148	253
12	149	252
12	150	252
12	151	252
12	152	252
12	153	252
12	154	252
12	155	251
12	156	251
12	157	251
12	158	251
12	159	250
12	160	250
12	161	250
12	162	250
12	163	250
12	164	250
12	165	249
12	166	249
12	167	249
12	168	249
12	169	249
12	170	249
12	171	249
12	172	249
12	173	248
12	174	248
12	175	248
12	176	248
12	177	248
12	178	248
12	179	247
12	180	247
12	181	247
12	182	247
12	183	247
12	184	246
12	185	246
12	186	246
12	187	246
12	188	245
12	189	245
12	190	245
12	191	244
12	192	244
12	193	244
12	194	244
12	195	243
12	196	243
12	197	243
12	198	243
12	199	243
12	200	242
12	201	242
12	202	242
12	203	242
12	204	241
12	205	241
12	206	241
12	207	240
12	208	240
12	209	240
12	210	239
12	211	239
12	212	239
12	213	238
12	214	238
12	215	237
12	216	237
12	217	236
12	218	236
12	219	235
12	220	235
12	221	234
12	222	233
12	223	233
12	224	232
12	225	231
12	226	230
12	227	230
12	228	229
12	229	228
12	230	226
12	231	225
12	232	224
12	233	223
12	234	221
12	235	219
12	236	218
12	237	216
12	238	213
12	239	211
12	240	208
12	241	205
12	242	201
12	243	197
12	244	192
12	245	189
12	246	186
12	247	181
12	248	176
12	249	169
12	250	160
12	251	157
12	252	152
12	253	144
12	254	140
12	255	134
13	0	128
13	1	122
13	2	117
13	3	113
13	4	106
13	5	101
13	6	97
13	7	91
13	8	84
13	9	78
13	10	74
13	11	70
13	12	67
13	13	64
13	14	59
13	15	55
13	16	52
13	17	49
13	18	46
13	19	44
13	20	42
13	21	40
13	22	38
13	23	36
13	24	35
13	25	33
13	26	32
13	27	31
13	28	30
13	29	29
13	30	28
13	31	27
13	32	26
13	33	25
13	34	24
13	35	24
13	36	23
13	37	22
13	38	22
13	39	21
13	40	21
13	41	20
13	42	20
13	43	19
13	44	19
13	45	18
13	46	18
13	47	18
13	48	17
13	49	17
13	50	17
13	51	16
13	52	16
13	53	16
13	54	15
13	55	15
13	56	15
13	57	15
13	58	14
13	59	14
13	60	14
13	61	14
13	62	13
13	63	13
13	64	13
13	65	13
13	66	12
13	67	12
13	68	12
13	69	11
13	70	11
13	71	11
13	72	10
13	73	10
13	74	10
13	75	10
13	76	9
13	77	9
13	78	9
13	79	9
13	80	9
13	81	8
13	82	8
13	83	8
13	84	8
13	85	8
13	86	8
13	87	8
13	88	7
13	89	7
13	90	7
13	91	7
13	92	7
13	93	7
13	94	7
13	95	7
13	96	6
13	97	6
13	98	6
13	99	5
13	100	5
13	101	5
13	102	5
13	103	5
13	104	4
13	105	4
13	106	4
13	107	4
13	108	4
13	109	4
13	110	3
13	111	3
13	112	3
13	113	3
13	114	3
13	115	2
13	116	2
13	117	2
13	118	2
13	119	2
13	120	2
13	121	1
13	122	1
13	123	1
13	124	1
13	125	1
13	126	1
13	127	1
13	128	128
13	129	255
13	130	255
13	131	255
13	132	255
13	133	255
13	134	255
13	135	255
13	136	254
13	137	254
13	138	254
13	139	254
13	140	254
13	141	254
13	142	253
13	143	253
13	144	253
13	145	253
13	146	253
13	147	252
13	148	252
13	149	252
13	150	252
13	151	252
13	152	252
13	153	251
13	154	251
13	155	251
13	156	251
13	157	251
13	158	250
13	159	250
13	160	250
13	161	249
13	162	249
13	163	249
13	164	249
13	165	249
13	166	249
13	167	249
13	168	249
13	169	248
13	170	248
13	171	248
13	172	248
13	173	248
13	174	248
13	175	248
13	176	247
13	177	247
13	178	247
13	179	247
13	180	247
13	181	246
13	182	246
13	183	246
13	184	246
13	185	245
13	186	245
13	187	245
13	188	244
13	189	244
13	190	244
13	191	243
13	192	243
13	193	243
13	194	243
13	195	242
13	196	242
13	197	242
13	198	242
13	199	241
13	200	241
13	201	241
13	202	241
13	203	240
13	204	240
13	205	240
13	206	239
13	207	239
13	208	239
13	209	238
13	210	238
13	211	238
13	212	237
13	213	237
13	214	236
13	215	236
13	216	235
13	217	235
13	218	234
13	219	234
13	220	233
13	221	232
13	222	232
13	223	231
13	224	230
13	225	229
13	226	228
13	227	227
13	228	226
13	229	225
13	230	224
13	231	223
13	232	221
13	233	220
13	234	218
13	235	216
13	236	214
13	237	212
13	238	210
13	239	207
13	240	204
13	241	201
13	242	197
13	243	192
13	244	189
13	245	186
13	246	182
13	247	178
13	248	172
13	249	165
13	250	159
13	251	155
13	252	150
13	253	143
13	254	139
13	255	134
14	0	128
14	1	123
14	2	118
14	3	113
14	4	108
14	5	102
14	6	99
14	7	96
14	8	88
14	9	82
14	10	77
14	11	73
14	12	69
14	13	66
14	14	64
14	15	60
14	16	56
14	17	53
14	18	50
14	19	47
14	20	45
14	21	43
14	22	41
14	23	39
14	24	37
14	25	36
14	26	34
14	27	33
14	28	32
14	29	31
14	30	30
14	31	29
14	32	28
14	33	27
14	34	26
14	35	26
14	36	25
14	37	24
14	38	24
14	39	23
14	40	22
14	41	22
14	42	21
14	43	21
14	44	20
14	45	20
14	46	19
14	47	19
14	48	19
14	49	18
14	50	18
14	51	18
14	52	17
14	53	17
14	54	17
14	55	16
14	56	16
14	57	16
14	58	15
14	59	15
14	60	15
14	61	15
14	62	14
14	63	14
14	64	14
14	65	14
14	66	13
14	67	13
14	68	12
14	69	12
14	70	12
14	71	11
14	72	11
14	73	11
14	74	11
14	75	10
14	76	10
14	77	10
14	78	10
14	79	10
14	80	9
14	81	9
14	82	9
14	83	9
14	84	9
14	85	8
14	86	8
14	87	8
14	88	8
14	89	8
14	90	8
14	91	8
14	92	7
14	93	7
14	94	7
14	95	7
14	96	7
14	97	7
14	98	6
14	99	6
14	100	6
14	101	5
14	102	5
14	103	5
14	104	5
14	105	4
14	106	4
14	107	4
14	108	4
14	109	4
14	110	4
14	111	4
14	112	4
14	113	3
14	114	3
14	115	3
14	116	2
14	117	2
14	118	2
14	119	2
14	120	2
14	121	1
14	122	1
14	123	1
14	124	1
14	125	1
14	126	1
14	127	1
14	128	128
14	129	255
14	130	255
14	131	255
14	132	255
14	133	255
14	134	255
14	135	255
14	136	254
14	137	254
14	138	254
14	139	254
14	140	254
14	141	253
14	142	253
14	143	253
14	144	252
14	145	252
14	146	252
14	147	252
14	148	252
14	149	252
14	150	252
14	151	252
14	152	251
14	153	251
14	154	251
14	155	251
14	156	250
14	157	250
14	158	250
14	159	249
14	160	249
14	161	249
14	162	249
14	163	249
14	164	249
14	165	248
14	166	248
14	167	248
14	168	248
14	169	248
14	170	248
14	171	248
14	172	247
14	173	247
14	174	247
14	175	247
14	176	247
14	177	246
14	178	246
14	179	246
14	180	246
14	181	246
14	182	245
14	183	245
14	184	245
14	185	245
14	186	244
14	187	244
14	188	244
14	189	243
14	190	243
14	191	242
14	192	242
14	193	242
14	194	242
14	195	241
14	196	241
14	197	241
14	198	241
14	199	240
14	200	240
14	201	240
14	202	239
14	203	239
14	204	239
14	205	238
14	206	238
14	207	238
14	208	237
14	209	237
14	210	237
14	211	236
14	212	236
14	213	235
14	214	235
14	215	234
14	216	234
14	217	233
14	218	232
14	219	232
14	220	231
14	221	230
14	222	230
14	223	229
14	224	228
14	225	227
14	226	226
14	227	225
14	228	224
14	229	223
14	230	222
14	231	220
14	232	219
14	233	217
14	234	215
14	235	213
14	236	211
14	237	209
14	238	206
14	239	203
14	240	200
14	241	196
14	242	192
14	243	190
14	244	187
14	245	183
14	246	179
14	247	174
14	248	168
14	249	160
14	250	157
14	251	154
14	252	148
14	253	143
14	254	138
14	255	133
15	0	128
15	1	124
15	2	119
15	3	114
15	4	110
15	5	104
15	6	100
15	7	97
15	8	92
15	9	85
15	10	80
15	11	76
15	12	72
15	13	69
15	14	66
15	15	64
15	16	60
15	17	56
15	18	53
15	19	51
15	20	48
15	21	46
15	22	44
15	23	42
15	24	40
15	25	38
15	26	37
15	27	36
15	28	34
15	29	33
15	30	32
15	31	31
15	32	30
15	33	29
15	34	28
15	35	27
15	36	27
15	37	26
15	38	25
15	39	25
15	40	24
15	41	23
15	42	23
15	43	22
15	44	22
15	45	21
15	46	21
15	47	20
15	48	20
15	49	20
15	50	19
15	51	19
15	52	18
15	53	18
15	54	18
15	55	17
15	56	17
15	57	17
15	58	17
15	59	16
15	60	16
15	61	16
15	62	15
15	63	15
15	64	15
15	65	15
15	66	14
15	67	14
15	68	13
15	69	13
15	70	13
15	71	12
15	72	12
15	73	12
15	74	11
15	75	11
15	76	11
15	77	11
15	78	10
15	79	10
15	80	10
15	81	10
15	82	10
15	83	9
15	84	9
15	85	9
15	86	9
15	87	9
15	88	9
15	89	8
15	90	8
15	91	8
15	92	8
15	93	8
15	94	8
15	95	8
15	96	8
15	97	7
15	98	7
15	99	6
15	100	6
15	101	6
15	102	5
15	103	5
15	104	5
15	105	5
15	106	5
15	107	4
15	108	4
15	109	4
15	110	4
15	111	4
15	112	4
15	113	3
15	114	3
15	115	3
15	116	2
15	117	2
15	118	2
15	119	2
15	120	2
15	121	2
15	122	1
15	123	1
15	124	1
15	125	1
15	126	1
15	127	1
15	128	128
15	129	255
15	130	255
15	131	255
15	132	255
15	133	255
15	134	255
15	135	254
15	136	254
15	137	254
15	138	254
15	139	254
15	140	254
15	141	253
15	142	253
15	143	253
15	144	252
15	145	252
15	146	252
15	147	252
15	148	252
15	149	252
15	150	251
15	151	251
15	152	251
15	153	251
15	154	251
15	155	250
15	156	250
15	157	250
15	158	249
15	159	249
15	160	248
15	161	248
15	162	248
15	163	248
15	164	248
15	165	248
15	166	248
15	167	248
15	168	247
15	169	247
15	170	247
15	171	247
15	172	247
15	173	247
15	174	246
15	175	246
15	176	246
15	177	246
15	178	246
15	179	245
15	180	245
15	181	245
15	182	245
15	183	244
15	184	244
15	185	244
15	186	243
15	187	243
15	188	243
15	189	242
15	190	242
15	191	241
15	192	241
15	193	241
15	194	241
15	195	240
15	196	240
15	197	240
15	198	239
15	199	239
15	200	239
15	201	239
15	202	238
15	203	238
15	204	238
15	205	237
15	206	237
15	207	236
15	208	236
15	209	236
15	210	235
15	211	235
15	212	234
15	213	234
15	214	233
15	215	233
15	216	232
15	217	231
15	218	231
15	219	230
15	220	229
15	221	229
15	222	228
15	223	227
15	224	226
15	225	225
15	226	224
15	227	223
15	228	222
15	229	220
15	230	219
15	231	218
15	232	216
15	233	214
15	234	212
15	235	210
15	236	208
15	237	205
15	238	203
15	239	200
15	240	196
15	241	192
15	242	190
15	243	187
15	244	184
15	245	180
15	246	176
15	247	171
15	248	164
15	249	159
15	250	156
15	251	152
15	252	146
15	253	142
15	254	137
15	255	132
16	0	128
16	1	124
16	2	120
16	3	115
16	4	112
16	5	106
16	6	101
16	7	98
16	8	96
16	9	89
16	10	83
16	11	79
16	12	75
16	13	71
16	14	69
16	15	66
16	16	64
16	17	60
16	18	57
16	19	54
16	20	51
16	21	49
16	22	47
16	23	45
16	24	43
16	25	41
16	26	39
16	27	38
16	28	37
16	29	35
16	30	34
16	31	33
16	32	32
16	33	31
16	34	30
16	35	29
16	36	28
16	37	28
16	38	27
16	39	26
16	40	26
16	41	25
16	42	24
16	43	24
16	44	23
16	45	23
16	46	22
16	47	22
16	48	21
16	49	21
16	50	20
16	51	20
16	52	20
16	53	19
16	54	19
16	55	19
16	56	18
16	57	18
16	58	18
16	59	17
16	60	17
16	61	17
16	62	17
16	63	16
16	64	16
16	65	16
16	66	15
16	67	15
16	68	14
16	69	14
16	70	13
16	71	13
16	72	13
16	73	12
16	74	12
16	75	12
16	76	12
16	77	11
16	78	11
16	79	11
16	80	11
16	81	10
16	82	10
16	83	10
16	84	10
16	85	10
16	86	9
16	87	9
16	88	9
16	89	9
16	90	9
16	91	9
16	92	9
16	93	8
16	94	8
16	95	8
16	96	8
16	97	8
16	98	7
16	99	7
16	100	6
16	101	6
16	102	6
16	103	6
16	104	5
16	105	5
16	106	5
16	107	5
16	108	5
16	109	4
16	110	4
16	111	4
16	112	4
16	113	4
16	114	3
16	115	3
16	116	3
16	117	2
16	118	2
16	119	2
16	120	2
16	121	2
16	122	1
16	123	1
16	124	1
16	125	1
16	126	1
16	127	1
16	128	128
16	129	255
16	130	255
16	131	255
16	132	255
16	133	255
16	134	255
16	135	254
16	136	254
16	137	254
16	138	254
16	139	254
16	140	253
16	141	253
16	142	253
16	143	252
16	144	252
16	145	252
16	146	252
16	147	252
16	148	251
16	149	251
16	150	251
16	151	251
16	152	251
16	153	250
16	154	250
16	155	250
16	156	250
16	157	249
16	158	249
16	159	248
16	160	248
16	161	248
16	162	248
16	163	248
16	164	247
16	165	247
16	166	247
16	167	247
16	168	247
16	169	247
16	170	247
16	171	246
16	172	246
16	173	246
16	174	246
16	175	246
16	176	245
16	177	245
16	178	245
16	179	245
16	180	244
16	181	244
16	182	244
16	183	244
16	184	243
16	185	243
16	186	243
16	187	242
16	188	242
16	189	241
16	190	241
16	191	240
16	192	240
16	193	240
16	194	239
16	195	239
16	196	239
16	197	239
16	198	238
16	199	238
16	200	238
16	201	237
16	202	237
16	203	237
16	204	236
16	205	236
16	206	236
16	207	235
16	208	235
16	209	234
16	210	234
16	211	233
16	212	233
16	213	232
16	214	232
16	215	231
16	216	230
16	217	230
16	218	229
16	219	228
16	220	228
16	221	227
16	222	226
16	223	225
16	224	224
16	225	223
16	226	222
16	227	221
16	228	219
16	229	218
16	230	217
16	231	215
16	232	213
16	233	211
16	234	209
16	235	207
16	236	205
16	237	202
16	238	199
16	239	196
16	240	192
16	241	190
16	242	187
16	243	185
16	244	181
16	245	177
16	246	173
16	247	167
16	248	160
16	249	158
16	250	155
16	251	150
16	252	144
16	253	141
16	254	136
16	255	132
17	0	128
17	1	124
17	2	120
17	3	115
17	4	112
17	5	107
17	6	103
17	7	99
17	8	97
17	9	92
17	10	86
17	11	81
17	12	77
17	13	74
17	14	71
17	15	68
17	16	66
17	17	64
17	18	60
17	19	57
17	20	54
17	21	52
17	22	49
17	23	47
17	24	45
17	25	44
17	26	42
17	27	40
17	28	39
17	29	38
17	30	36
17	31	35
17	32	34
17	33	33
17	34	32
17	35	31
17	36	30
17	37	29
17	38	29
17	39	28
17	40	27
17	41	27
17	42	26
17	43	25
17	44	25
17	45	24
17	46	24
17	47	23
17	48	23
17	49	22
17	50	22
17	51	21
17	52	21
17	53	21
17	54	20
17	55	20
17	56	19
17	57	19
17	58	19
17	59	18
17	60	18
17	61	18
17	62	18
17	63	17
17	64	17
17	65	16
17	66	16
17	67	16
17	68	15
17	69	15
17	70	14
17	71	14
17	72	14
17	73	13
17	74	13
17	75	13
17	76	12
17	77	12
17	78	12
17	79	12
17	80	11
17	81	11
17	82	11
17	83	11
17	84	10
17	85	10
17	86	10
17	87	10
17	88	10
17	89	10
17	90	9
17	91	9
17	92	9
17	93	9
17	94	9
17	95	9
17	96	8
17	97	8
17	98	8
17	99	7
17	100	7
17	101	6
17	102	6
17	103	6
17	104	6
17	105	5
17	106	5
17	107	5
17	108	5
17	109	5
17	110	5
17	111	4
17	112	4
17	113	4
17	114	3
17	115	3
17	116	3
17	117	3
17	118	2
17	119	2
17	120	2
17	121	2
17	122	1
17	123	1
17	124	1
17	125	1
17	126	1
17	127	1
17	128	128
17	129	255
17	130	255
17	131	255
17	132	255
17	133	255
17	134	255
17	135	254
17	136	254
17	137	254
17	138	254
17	139	253
17	140	253
17	141	253
17	142	253
17	143	252
17	144	252
17	145	252
17	146	251
17	147	251
17	148	251
17	149	251
17	150	251
17	151	251
17	152	250
17	153	250
17	154	250
17	155	250
17	156	249
17	157	249
17	158	248
17	159	248
17	160	248
17	161	247
17	162	247
17	163	247
17	164	247
17	165	247
17	166	247
17	167	246
17	168	246
17	169	246
17	170	246
17	171	246
17	172	246
17	173	245
17	174	245
17	175	245
17	176	245
17	177	244
17	178	244
17	179	244
17	180	244
17	181	243
17	182	243
17	183	243
17	184	242
17	185	242
17	186	242
17	187	241
17	188	241
17	189	240
17	190	240
17	191	240
17	192	239
17	193	239
17	194	238
17	195	238
17	196	238
17	197	238
17	198	237
17	199	237
17	200	237
17	201	236
17	202	236
17	203	235
17	204	235
17	205	235
17	206	234
17	207	234
17	208	233
17	209	233
17	210	232
17	211	232
17	212	231
17	213	231
17	214	230
17	215	229
17	216	229
17	217	228
17	218	227
17	219	227
17	220	226
17	221	225
17	222	224
17	223	223
17	224	222
17	225	221
17	226	220
17	227	218
17	228	217
17	229	216
17	230	214
17	231	212
17	232	211
17	233	209
17	234	207
17	235	204
17	236	202
17	237	199
17	238	196
17	239	192
17	240	190
17	241	188
17	242	185
17	243	182
17	244	179
17	245	175
17	246	170
17	247	164
17	248	159
17	249	157
17	250	153
17	251	149
17	252	144
17	253	141
17	254	136
17	255	132
18	0	128
18	1	124
18	2	120
18	3	116
18	4	113
18	5	109
18	6	104
18	7	101
18	8	98
18	9	96
18	10	90
18	11	84
18	12	80
18	13	76
18	14	73
18	15	70
18	16	68
18	17	66
18	18	64
18	19	61
18	20	58
18	21	55
18	22	52
18	23	50
18	24	48
18	25	46
18	26	44
18	27	43
18	28	41
18	29	40
18	30	38
18	31	37
18	32	36
18	33	35
18	34	34
18	35	33
18	36	32
18	37	31
18	38	30
18	39	30
18	40	29
18	41	28
18	42	27
18	43	27
18	44	26
18	45	26
18	46	25
18	47	25
18	48	24
18	49	24
18	50	23
18	51	23
18	52	22
18	53	22
18	54	21
18	55	21
18	56	21
18	57	20
18	58	20
18	59	20
18	60	19
18	61	19
18	62	19
18	63	18
18	64	18
18	65	17
18	66	17
18	67	16
18	68	16
18	69	16
18	70	15
18	71	15
18	72	14
18	73	14
18	74	14
18	75	13
18	76	13
18	77	13
18	78	13
18	79	12
18	80	12
18	81	12
18	82	12
18	83	11
18	84	11
18	85	11
18	86	11
18	87	10
18	88	10
18	89	10
18	90	10
18	91	10
18	92	10
18	93	9
18	94	9
18	95	9
18	96	9
18	97	8
18	98	8
18	99	8
18	100	7
18	101	7
18	102	7
18	103	6
18	104	6
18	105	6
18	106	6
18	107	5
18	108	5
18	109	5
18	110	5
18	111	5
18	112	4
18	113	4
18	114	4
18	115	3
18	116	3
18	117	3
18	118	3
18	119	2
18	120	2
18	121	2
18	122	2
18	123	1
18	124	1
18	125	1
18	126	1
18	127	1
18	128	128
18	129	255
18	130	255
18	131	255
18	132	255
18	133	255
18	134	254
18	135	254
18	136	254
18	137	254
18	138	253
18	139	253
18	140	253
18	141	253
18	142	252
18	143	252
18	144	252
18	145	251
18	146	251
18	147	251
18	148	251
18	149	251
18	150	250
18	151	250
18	152	250
18	153	250
18	154	249
18	155	249
18	156	249
18	157	248
18	158	248
18	159	248
18	160	247
18	161	247
18	162	247
18	163	247
18	164	246
18	165	246
18	166	246
18	167	246
18	168	246
18	169	246
18	170	245
18	171	245
18	172	245
18	173	245
18	174	244
18	175	244
18	176	244
18	177	244
18	178	243
18	179	243
18	180	243
18	181	243
18	182	242
18	183	242
18	184	242
18	185	241
18	186	241
18	187	240
18	188	240
18	189	240
18	190	239
18	191	239
18	192	238
18	193	238
18	194	237
18	195	237
18	196	237
18	197	236
18	198	236
18	199	236
18	200	235
18	201	235
18	202	235
18	203	234
18	204	234
18	205	233
18	206	233
18	207	232
18	208	232
18	209	231
18	210	231
18	211	230
18	212	230
18	213	229
18	214	229
18	215	228
18	216	227
18	217	226
18	218	226
18	219	225
18	220	224
18	221	223
18	222	222
18	223	221
18	224	220
18	225	219
18	226	218
18	227	216
18	228	215
18	229	213
18	230	212
18	231	210
18	232	208
18	233	206
18	234	204
18	235	201
18	236	198
18	237	195
18	238	192
18	239	190
18	240	188
18	241	186
18	242	183
18	243	180
18	244	176
18	245	172
18	246	166
18	247	160
18	248	158
18	249	155
18	250	152
18	251	147
18	252	143
18	253	140
18	254	136
18	255	132
19	0	128
19	1	124
19	2	121
19	3	117
19	4	114
19	5	110
19	6	105
19	7	102
19	8	99
19	9	97
19	10	93
19	11	87
19	12	83
19	13	79
19	14	75
19	15	73
19	16	70
19	17	68
19	18	66
19	19	64
19	20	61
19	21	58
19	22	55
19	23	53
19	24	51
19	25	49
19	26	47
19	27	45
19	28	43
19	29	42
19	30	41
19	31	39
19	32	38
19	33	37
19	34	36
19	35	35
19	36	34
19	37	33
19	38	32
19	39	31
19	40	30
19	41	30
19	42	29
19	43	28
19	44	28
19	45	27
19	46	26
19	47	26
19	48	25
19	49	25
19	50	24
19	51	24
19	52	23
19	53	23
19	54	23
19	55	22
19	56	22
19	57	21
19	58	21
19	59	21
19	60	20
19	61	20
19	62	20
19	63	19
19	64	19
19	65	18
19	66	18
19	67	17
19	68	17
19	69	16
19	70	16
19	71	16
19	72	15
19	73	15
19	74	14
19	75	14
19	76	14
19	77	14
19	78	13
19	79	13
19	80	13
19	81	12
19	82	12
19	83	12
19	84	12
19	85	11
19	86	11
19	87	11
19	88	11
19	89	11
19	90	10
19	91	10
19	92	10
19	93	10
19	94	10
19	95	10
19	96	10
19	97	9
19	98	8
19	99	8
19	100	8
19	101	7
19	102	7
19	103	7
19	104	6
19	105	6
19	106	6
19	107	6
19	108	5
19	109	5
19	110	5
19	111	5
19	112	5
19	113	4
19	114	4
19	115	3
19	116	3
19	117	3
19	118	3
19	119	3
19	120	2
19	121	2
19	122	2
19	123	1
19	124	1
19	125	1
19	126	1
19	127	1
19	128	128
19	129	255
19	130	255
19	131	255
19	132	255
19	133	255
19	134	254
19	135	254
19	136	254
19	137	253
19	138	253
19	139	253
19	140	253
19	141	253
19	142	252
19	143	252
19	144	251
19	145	251
19	146	251
19	147	251
19	148	251
19	149	250
19	150	250
19	151	250
19	152	250
19	153	249
19	154	249
19	155	249
19	156	248
19	157	248
19	158	248
19	159	247
19	160	246
19	161	246
19	162	246
19	163	246
19	164	246
19	165	246
19	166	246
19	167	245
19	168	245
19	169	245
19	170	245
19	171	245
19	172	244
19	173	244
19	174	244
19	175	244
19	176	243
19	177	243
19	178	243
19	179	242
19	180	242
19	181	242
19	182	242
19	183	241
19	184	241
19	185	240
19	186	240
19	187	240
19	188	239
19	189	239
19	190	238
19	191	238
19	192	237
19	193	237
19	194	236
19	195	236
19	196	236
19	197	235
19	198	235
19	199	235
19	200	234
19	201	234
19	202	233
19	203	233
19	204	233
19	205	232
19	206	232
19	207	231
19	208	231
19	209	230
19	210	230
19	211	229
19	212	228
19	213	228
19	214	227
19	215	226
19	216	226
19	217	225
19	218	224
19	219	223
19	220	222
19	221	221
19	222	220
19	223	219
19	224	218
19	225	217
19	226	215
19	227	214
19	228	213
19	229	211
19	230	209
19	231	207
19	232	205
19	233	203
19	234	201
19	235	198
19	236	195
19	237	192
19	238	190
19	239	188
19	240	186
19	241	183
19	242	181
19	243	177
19	244	173
19	245	169
19	246	163
19	247	159
19	248	157
19	249	154
19	250	151
19	251	146
19	252	142
19	253	139
19	254	135
19	255	132
20	0	128
20	1	124
20	2	121
20	3	117
20	4	114
20	5	112
20	6	107
20	7	103
20	8	100
20	9	98
20	10	96
20	11	90
20	12	85
20	13	81
20	14	78
20	15	75
20	16	72
20	17	70
20	18	68
20	19	66
20	20	64
20	21	61
20	22	58
20	23	56
20	24	53
20	25	51
20	26	49
20	27	47
20	28	46
20	29	44
20	30	43
20	31	41
20	32	40
20	33	39
20	34	38
20	35	37
20	36	36
20	37	35
20	38	34
20	39	33
20	40	32
20	41	31
20	42	30
20	43	30
20	44	29
20	45	28
20	46	28
20	47	27
20	48	27
20	49	26
20	50	26
20	51	25
20	52	25
20	53	24
20	54	24
20	55	23
20	56	23
20	57	22
20	58	22
20	59	22
20	60	21
20	61	21
20	62	21
20	63	20
20	64	20
20	65	19
20	66	19
20	67	18
20	68	18
20	69	17
20	70	17
20	71	16
20	72	16
20	73	16
20	74	15
20	75	15
20	76	15
20	77	14
20	78	14
20	79	14
20	80	13
20	81	13
20	82	13
20	83	13
20	84	12
20	85	12
20	86	12
20	87	12
20	88	11
20	89	11
20	90	11
20	91	11
20	92	11
20	93	10
20	94	10
20	95	10
20	96	10
20	97	9
20	98	9
20	99	8
20	100	8
20	101	8
20	102	7
20	103	7
20	104	7
20	105	6
20	106	6
20	107	6
20	108	6
20	109	6
20	110	5
20	111	5
20	112	5
20	113	4
20	114	4
20	115	4
20	116	3
20	117	3
20	118	3
20	119	3
20	120	2
20	121	2
20	122	2
20	123	1
20	124	1
20	125	1
20	126	1
20	127	1
20	128	128
20	129	255
20	130	255
20	131	255
20	132	255
20	133	255
20	134	254
20	135	254
20	136	254
20	137	253
20	138	253
20	139	253
20	140	253
20	141	252
20	142	252
20	143	252
20	144	251
20	145	251
20	146	251
20	147	250
20	148	250
20	149	250
20	150	250
20	151	250
20	152	249
20	153	249
20	154	249
20	155	248
20	156	248
20	157	248
20	158	247
20	159	247
20	160	246
20	161	246
20	162	246
20	163	246
20	164	245
20	165	245
20	166	245
20	167	245
20	168	245
20	169	244
20	170	244
20	171	244
20	172	244
20	173	243
20	174	243
20	175	243
20	176	243
20	177	242
20	178	242
20	179	242
20	180	241
20	181	241
20	182	241
20	183	240
20	184	240
20	185	240
20	186	239
20	187	239
20	188	238
20	189	238
20	190	237
20	191	237
20	192	236
20	193	236
20	194	235
20	195	235
20	196	235
20	197	234
20	198	234
20	199	234
20	200	233
20	201	233
20	202	232
20	203	232
20	204	231
20	205	231
20	206	230
20	207	230
20	208	229
20	209	229
20	210	228
20	211	228
20	212	227
20	213	226
20	214	226
20	215	225
20	216	224
20	217	223
20	218	222
20	219	221
20	220	220
20	221	219
20	222	218
20	223	217
20	224	216
20	225	215
20	226	213
20	227	212
20	228	210
20	229	209
20	230	207
20	231	205
20	232	203
20	233	200
20	234	198
20	235	195
20	236	192
20	237	190
20	238	188
20	239	186
20	240	184
20	241	181
20	242	178
20	243	175
20	244	171
20	245	166
20	246	160
20	247	158
20	248	156
20	249	153
20	250	149
20	251	144
20	252	142
20	253	139
20	254	135
20	255	132
21	0	128
21	1	125
21	2	121
21	3	118
21	4	114
21	5	112
21	6	108
21	7	104
21	8	101
21	9	99
21	10	97
21	11	93
21	12	88
21	13	84
21	14	80
21	15	77
21	16	74
21	17	72
21	18	69
21	19	67
21	20	66
21	21	64
21	22	61
21	23	58
21	24	56
21	25	54
21	26	52
21	27	50
21	28	48
21	29	46
21	30	45
21	31	43
21	32	42
21	33	41
21	34	40
21	35	38
21	36	37
21	37	36
21	38	35
21	39	34
21	40	34
21	41	33
21	42	32
21	43	31
21	44	31
21	45	30
21	46	29
21	47	29
21	48	28
21	49	27
21	50	27
21	51	26
21	52	26
21	53	25
21	54	25
21	55	24
21	56	24
21	57	24
21	58	23
21	59	23
21	60	22
21	61	22
21	62	22
21	63	21
21	64	21
21	65	20
21	66	20
21	67	19
21	68	19
21	69	18
21	70	18
21	71	17
21	72	17
21	73	16
21	74	16
21	75	16
21	76	15
21	77	15
21	78	15
21	79	14
21	80	14
21	81	14
21	82	13
21	83	13
21	84	13
21	85	13
21	86	12
21	87	12
21	88	12
21	89	12
21	90	12
21	91	11
21	92	11
21	93	11
21	94	11
21	95	11
21	96	10
21	97	10
21	98	9
21	99	9
21	100	8
21	101	8
21	102	8
21	103	7
21	104	7
21	105	7
21	106	6
21	107	6
21	108	6
21	109	6
21	110	6
21	111	5
21	112	5
21	113	5
21	114	4
21	115	4
21	116	4
21	117	3
21	118	3
21	119	3
21	120	3
21	121	2
21	122	2
21	123	2
21	124	1
21	125	1
21	126	1
21	127	1
21	128	128
21	129	255
21	130	255
21	131	255
21	132	255
21	133	254
21	134	254
21	135	254
21	136	253
21	137	253
21	138	253
21	139	253
21	140	252
21	141	252
21	142	252
21	143	251
21	144	251
21	145	251
21	146	250
21	147	250
21	148	250
21	149	250
21	150	250
21	151	249
21	152	249
21	153	249
21	154	248
21	155	248
21	156	248
21	157	247
21	158	247
21	159	246
21	160	246
21	161	245
21	162	245
21	163	245
21	164	245
21	165	245
21	166	244
21	167	244
21	168	244
21	169	244
21	170	244
21	171	243
21	172	243
21	173	243
21	174	243
21	175	242
21	176	242
21	177	242
21	178	241
21	179	241
21	180	241
21	181	240
21	182	240
21	183	240
21	184	239
21	185	239
21	186	238
21	187	238
21	188	237
21	189	237
21	190	236
21	191	236
21	192	235
21	193	235
21	194	234
21	195	234
21	196	234
21	197	233
21	198	233
21	199	232
21	200	232
21	201	232
21	202	231
21	203	231
21	204	230
21	205	230
21	206	229
21	207	229
21	208	228
21	209	227
21	210	227
21	211	226
21	212	225
21	213	225
21	214	224
21	215	223
21	216	222
21	217	222
21	218	221
21	219	220
21	220	219
21	221	218
21	222	216
21	223	215
21	224	214
21	225	213
21	226	211
21	227	210
21	228	208
21	229	206
21	230	204
21	231	202
21	232	200
21	233	198
21	234	195
21	235	192
21	236	190
21	237	189
21	238	187
21	239	184
21	240	182
21	241	179
21	242	176
21	243	172
21	244	168
21	245	163
21	246	159
21	247	157
21	248	155
21	249	152
21	250	148
21	251	144
21	252	142
21	253	138
21	254	135
21	255	131
22	0	128
22	1	125
22	2	122
22	3	119
22	4	115
22	5	113
22	6	109
22	7	105
22	8	102
22	9	100
22	10	98
22	11	96
22	12	91
22	13	86
22	14	82
22	15	79
22	16	76
22	17	73
22	18	71
22	19	69
22	20	67
22	21	66
22	22	64
22	23	61
22	24	59
22	25	56
22	26	54
22	27	52
22	28	50
22	29	49
22	30	47
22	31	45
22	32	44
22	33	43
22	34	41
22	35	40
22	36	39
22	37	38
22	38	37
22	39	36
22	40	35
22	41	34
22	42	34
22	43	33
22	44	32
22	45	31
22	46	31
22	47	30
22	48	29
22	49	29
22	50	28
22	51	28
22	52	27
22	53	27
22	54	26
22	55	26
22	56	25
22	57	25
22	58	24
22	59	24
22	60	23
22	61	23
22	62	23
22	63	22
22	64	22
22	65	21
22	66	21
22	67	20
22	68	20
22	69	19
22	70	19
22	71	18
22	72	18
22	73	17
22	74	17
22	75	16
22	76	16
22	77	16
22	78	15
22	79	15
22	80	15
22	81	14
22	82	14
22	83	14
22	84	14
22	85	13
22	86	13
22	87	13
22	88	13
22	89	12
22	90	12
22	91	12
22	92	12
22	93	12
22	94	11
22	95	11
22	96	11
22	97	10
22	98	10
22	99	9
22	100	9
22	101	8
22	102	8
22	103	8
22	104	7
22	105	7
22	106	7
22	107	7
22	108	6
22	109	6
22	110	6
22	111	6
22	112	6
22	113	5
22	114	4
22	115	4
22	116	4
22	117	3
22	118	3
22	119	3
22	120	3
22	121	2
22	122	2
22	123	2
22	124	1
22	125	1
22	126	1
22	127	1
22	128	128
22	129	255
22	130	255
22	131	255
22	132	255
22	133	254
22	134	254
22	135	254
22	136	253
22	137	253
22	138	253
22	139	253
22	140	252
22	141	252
22	142	252
22	143	251
22	144	250
22	145	250
22	146	250
22	147	250
22	148	250
22	149	249
22	150	249
22	151	249
22	152	249
22	153	248
22	154	248
22	155	248
22	156	247
22	157	247
22	158	246
22	159	246
22	160	245
22	161	245
22	162	245
22	163	244
22	164	244
22	165	244
22	166	244
22	167	244
22	168	243
22	169	243
22	170	243
22	171	243
22	172	242
22	173	242
22	174	242
22	175	242
22	176	241
22	177	241
22	178	241
22	179	240
22	180	240
22	181	240
22	182	239
22	183	239
22	184	238
22	185	238
22	186	237
22	187	237
22	188	236
22	189	236
22	190	235
22	191	235
22	192	234
22	193	234
22	194	233
22	195	233
22	196	233
22	197	232
22	198	232
22	199	231
22	200	231
22	201	230
22	202	230
22	203	229
22	204	229
22	205	228
22	206	228
22	207	227
22	208	227
22	209	226
22	210	225
22	211	225
22	212	224
22	213	223
22	214	222
22	215	222
22	216	221
22	217	220
22	218	219
22	219	218
22	220	217
22	221	216
22	222	215
22	223	213
22	224	212
22	225	211
22	226	209
22	227	207
22	228	206
22	229	204
22	230	202
22	231	200
22	232	197
22	233	195
22	234	192
22	235	190
22	236	189
22	237	187
22	238	185
22	239	183
22	240	180
22	241	177
22	242	174
22	243	170
22	244	165
22	245	160
22	246	158
22	247	156
22	248	154
22	249	151
22	250	147
22	251	143
22	252	141
22	253	137
22	254	134
22	255	131
23	0	128
23	1	125
23	2	122
23	3	119
23	4	116
23	5	113
23	6	111
23	7	106
23	8	103
23	9	100
23	10	98
23	11	97
23	12	93
23	13	89
23	14	85
23	15	81
23	16	78
23	17	75
23	18	73
23	19	71
23	20	69
23	21	67
23	22	65
23	23	64
23	24	61
23	25	59
23	26	57
23	27	55
23	28	53
23	29	51
23	30	49
23	31	47
23	32	46
23	33	45
23	34	43
23	35	42
23	36	41
23	37	40
23	38	39
23	39	38
23	40	37
23	41	36
23	42	35
23	43	34
23	44	33
23	45	33
23	46	32
23	47	31
23	48	31
23	49	30
23	50	29
23	51	29
23	52	28
23	53	28
23	54	27
23	55	27
23	56	26
23	57	26
23	58	25
23	59	25
23	60	25
23	61	24
23	62	24
23	63	23
23	64	23
23	65	22
23	66	22
23	67	21
23	68	20
23	69	20
23	70	19
23	71	19
23	72	18
23	73	18
23	74	18
23	75	17
23	76	17
23	77	16
23	78	16
23	79	16
23	80	15
23	81	15
23	82	15
23	83	14
23	84	14
23	85	14
23	86	14
23	87	13
23	88	13
23	89	13
23	90	13
23	91	12
23	92	12
23	93	12
23	94	12
23	95	12
23	96	12
23	97	11
23	98	10
23	99	10
23	100	9
23	101	9
23	102	8
23	103	8
23	104	8
23	105	7
23	106	7
23	107	7
23	108	7
23	109	6
23	110	6
23	111	6
23	112	6
23	113	5
23	114	5
23	115	4
23	116	4
23	117	4
23	118	3
23	119	3
23	120	3
23	121	2
23	122	2
23	123	2
23	124	1
23	125	1
23	126	1
23	127	1
23	128	128
23	129	255
23	130	255
23	131	255
23	132	255
23	133	254
23	134	254
23	135	254
23	136	253
23	137	253
23	138	253
23	139	252
23	140	252
23	141	252
23	142	251
23	143	251
23	144	250
23	145	250
23	146	250
23	147	250
23	148	249
23	149	249
23	150	249
23	151	249
23	152	248
23	153	248
23	154	248
23	155	247
23	156	247
23	157	246
23	158	246
23	159	245
23	160	244
23	161	244
23	162	244
23	163	244
23	164	244
23	165	244
23	166	243
23	167	243
23	168	243
23	169	243
23	170	242
23	171	242
23	172	242
23	173	242
23	174	241
23	175	241
23	176	241
23	177	240
23	178	240
23	179	240
23	180	239
23	181	239
23	182	238
23	183	238
23	184	238
23	185	237
23	186	237
23	187	236
23	188	236
23	189	235
23	190	234
23	191	234
23	192	233
23	193	233
23	194	232
23	195	232
23	196	231
23	197	231
23	198	231
23	199	230
23	200	230
23	201	229
23	202	229
23	203	228
23	204	228
23	205	227
23	206	227
23	207	226
23	208	225
23	209	225
23	210	224
23	211	223
23	212	223
23	213	222
23	214	221
23	215	220
23	216	219
23	217	218
23	218	217
23	219	216
23	220	215
23	221	214
23	222	213
23	223	211
23	224	210
23	225	209
23	226	207
23	227	205
23	228	203
23	229	201
23	230	199
23	231	197
23	232	195
23	233	192
23	234	191
23	235	189
23	236	187
23	237	185
23	238	183
23	239	181
23	240	178
23	241	175
23	242	171
23	243	167
23	244	163
23	245	159
23	246	158
23	247	156
23	248	153
23	249	150
23	250	145
23	251	143
23	252	140
23	253	137
23	254	134
23	255	131
24	0	128
24	1	125
24	2	122
24	3	120
24	4	116
24	5	114
24	6	112
24	7	107
24	8	104
24	9	101
24	10	99
24	11	97
24	12	96
24	13	91
24	14	87
24	15	83
24	16	80
24	17	77
24	18	75
24	19	72
24	20	70
24	21	69
24	22	67
24	23	65
24	24	64
24	25	61
24	26	59
24	27	57
24	28	55
24	29	53
24	30	51
24	31	50
24	32	48
24	33	47
24	34	45
24	35	44
24	36	43
24	37	42
24	38	40
24	39	39
24	40	38
24	41	37
24	42	37
24	43	36
24	44	35
24	45	34
24	46	33
24	47	33
24	48	32
24	49	31
24	50	31
24	51	30
24	52	30
24	53	29
24	54	28
24	55	28
24	56	27
24	57	27
24	58	26
24	59	26
24	60	26
24	61	25
24	62	25
24	63	24
24	64	24
24	65	23
24	66	23
24	67	22
24	68	21
24	69	21
24	70	20
24	71	20
24	72	19
24	73	19
24	74	18
24	75	18
24	76	17
24	77	17
24	78	17
24	79	16
24	80	16
24	81	16
24	82	15
24	83	15
24	84	15
24	85	14
24	86	14
24	87	14
24	88	14
24	89	13
24	90	13
24	91	13
24	92	13
24	93	13
24	94	12
24	95	12
24	96	12
24	97	11
24	98	11
24	99	10
24	100	10
24	101	9
24	102	9
24	103	8
24	104	8
24	105	8
24	106	7
24	107	7
24	108	7
24	109	7
24	110	6
24	111	6
24	112	6
24	113	5
24	114	5
24	115	4
24	116	4
24	117	4
24	118	3
24	119	3
24	120	3
24	121	2
24	122	2
24	123	2
24	124	2
24	125	1
24	126	1
24	127	1
24	128	128
24	129	255
24	130	255
24	131	255
24	132	254
24	133	254
24	134	254
24	135	254
24	136	253
24	137	253
24	138	253
24	139	252
24	140	252
24	141	252
24	142	251
24	143	251
24	144	250
24	145	250
24	146	250
24	147	249
24	148	249
24	149	249
24	150	249
24	151	248
24	152	248
24	153	248
24	154	247
24	155	247
24	156	246
24	157	246
24	158	245
24	159	245
24	160	244
24	161	244
24	162	244
24	163	243
24	164	243
24	165	243
24	166	243
24	167	243
24	168	242
24	169	242
24	170	242
24	171	242
24	172	241
24	173	241
24	174	241
24	175	240
24	176	240
24	177	240
24	178	239
24	179	239
24	180	239
24	181	238
24	182	238
24	183	237
24	184	237
24	185	236
24	186	236
24	187	235
24	188	235
24	189	234
24	190	233
24	191	233
24	192	232
24	193	232
24	194	231
24	195	231
24	196	230
24	197	230
24	198	230
24	199	229
24	200	229
24	201	228
24	202	228
24	203	227
24	204	226
24	205	226
24	206	225
24	207	225
24	208	224
24	209	223
24	210	223
24	211	222
24	212	221
24	213	220
24	214	219
24	215	219
24	216	218
24	217	217
24	218	216
24	219	214
24	220	213
24	221	212
24	222	211
24	223	209
24	224	208
24	225	206
24	226	205
24	227	203
24	228	201
24	229	199
24	230	197
24	231	195
24	232	192
24	233	191
24	234	189
24	235	187
24	236	186
24	237	184
24	238	181
24	239	179
24	240	176
24	241	173
24	242	169
24	243	165
24	244	160
24	245	159
24	246	157
24	247	155
24	248	152
24	249	149
24	250	144
24	251	142
24	252	140
24	253	136
24	254	134
24	255	131
25	0	128
25	1	125
25	2	122
25	3	120
25	4	116
25	5	114
25	6	112
25	7	109
25	8	105
25	9	102
25	10	100
25	11	98
25	12	97
25	13	94
25	14	89
25	15	85
25	16	82
25	17	79
25	18	76
25	19	74
25	20	72
25	21	70
25	22	68
25	23	67
25	24	65
25	25	64
25	26	62
25	27	59
25	28	57
25	29	55
25	30	53
25	31	52
25	32	50
25	33	48
25	34	47
25	35	46
25	36	44
25	37	43
25	38	42
25	39	41
25	40	40
25	41	39
25	42	38
25	43	37
25	44	36
25	45	36
25	46	35
25	47	34
25	48	33
25	49	33
25	50	32
25	51	31
25	52	31
25	53	30
25	54	30
25	55	29
25	56	29
25	57	28
25	58	28
25	59	27
25	60	27
25	61	26
25	62	26
25	63	25
25	64	25
25	65	24
25	66	24
25	67	23
25	68	22
25	69	22
25	70	21
25	71	21
25	72	20
25	73	20
25	74	19
25	75	19
25	76	18
25	77	18
25	78	17
25	79	17
25	80	17
25	81	16
25	82	16
25	83	16
25	84	15
25	85	15
25	86	15
25	87	15
25	88	14
25	89	14
25	90	14
25	91	14
25	92	13
25	93	13
25	94	13
25	95	13
25	96	12
25	97	12
25	98	11
25	99	11
25	100	10
25	101	10
25	102	9
25	103	9
25	104	8
25	105	8
25	106	8
25	107	7
25	108	7
25	109	7
25	110	7
25	111	6
25	112	6
25	113	6
25	114	5
25	115	5
25	116	4
25	117	4
25	118	4
25	119	3
25	120	3
25	121	2
25	122	2
25	123	2
25	124	2
25	125	1
25	126	1
25	127	1
25	128	128
25	129	255
25	130	255
25	131	255
25	132	254
25	133	254
25	134	254
25	135	254
25	136	253
25	137	253
25	138	252
25	139	252
25	140	252
25	141	251
25	142	251
25	143	250
25	144	250
25	145	250
25	146	249
25	147	249
25	148	249
25	149	249
25	150	248
25	151	248
25	152	248
25	153	247
25	154	247
25	155	246
25	156	246
25	157	245
25	158	245
25	159	244
25	160	244
25	161	243
25	162	243
25	163	243
25	164	243
25	165	242
25	166	242
25	167	242
25	168	242
25	169	241
25	170	241
25	171	241
25	172	241
25	173	240
25	174	240
25	175	240
25	176	239
25	177	239
25	178	239
25	179	238
25	180	238
25	181	237
25	182	237
25	183	236
25	184	236
25	185	235
25	186	235
25	187	234
25	188	234
25	189	233
25	190	232
25	191	232
25	192	231
25	193	231
25	194	230
25	195	230
25	196	229
25	197	229
25	198	228
25	199	228
25	200	227
25	201	227
25	202	226
25	203	226
25	204	225
25	205	225
25	206	224
25	207	223
25	208	223
25	209	222
25	210	221
25	211	220
25	212	220
25	213	219
25	214	218
25	215	217
25	216	216
25	217	215
25	218	214
25	219	213
25	220	212
25	221	210
25	222	209
25	223	208
25	224	206
25	225	204
25	226	203
25	227	201
25	228	199
25	229	197
25	230	194
25	231	192
25	232	191
25	233	189
25	234	188
25	235	186
25	236	184
25	237	182
25	238	180
25	239	177
25	240	174
25	241	171
25	242	167
25	243	162
25	244	159
25	245	158
25	246	156
25	247	154
25	248	151
25	249	147
25	250	144
25	251	142
25	252	140
25	253	136
25	254	134
25	255	131
26	0	128
26	1	125
26	2	122
26	3	120
26	4	117
26	5	114
26	6	113
26	7	110
26	8	106
26	9	103
26	10	101
26	11	99
26	12	97
26	13	96
26	14	91
26	15	87
26	16	84
26	17	81
26	18	78
26	19	76
26	20	74
26	21	72
26	22	70
26	23	68
26	24	67
26	25	65
26	26	64
26	27	62
26	28	59
26	29	57
26	30	55
26	31	54
26	32	52
26	33	50
26	34	49
26	35	48
26	36	46
26	37	45
26	38	44
26	39	43
26	40	42
26	41	41
26	42	40
26	43	39
26	44	38
26	45	37
26	46	36
26	47	35
26	48	35
26	49	34
26	50	33
26	51	33
26	52	32
26	53	31
26	54	31
26	55	30
26	56	30
26	57	29
26	58	29
26	59	28
26	60	28
26	61	27
26	62	27
26	63	26
26	64	26
26	65	25
26	66	24
26	67	24
26	68	23
26	69	22
26	70	22
26	71	21
26	72	21
26	73	20
26	74	20
26	75	19
26	76	19
26	77	18
26	78	18
26	79	18
26	80	17
26	81	17
26	82	17
26	83	16
26	84	16
26	85	16
26	86	15
26	87	15
26	88	15
26	89	15
26	90	14
26	91	14
26	92	14
26	93	14
26	94	13
26	95	13
26	96	13
26	97	12
26	98	12
26	99	11
26	100	10
26	101	10
26	102	9
26	103	9
26	104	9
26	105	8
26	106	8
26	107	8
26	108	7
26	109	7
26	110	7
26	111	7
26	112	6
26	113	6
26	114	5
26	115	5
26	116	4
26	117	4
26	118	4
26	119	3
26	120	3
26	121	3
26	122	2
26	123	2
26	124	2
26	125	1
26	126	1
26	127	1
26	128	128
26	129	255
26	130	255
26	131	255
26	132	254
26	133	254
26	134	254
26	135	253
26	136	253
26	137	253
26	138	252
26	139	252
26	140	252
26	141	251
26	142	251
26	143	250
26	144	250
26	145	249
26	146	249
26	147	249
26	148	249
26	149	248
26	150	248
26	151	248
26	152	247
26	153	247
26	154	247
26	155	246
26	156	246
26	157	245
26	158	244
26	159	244
26	160	243
26	161	243
26	162	243
26	163	242
26	164	242
26	165	242
26	166	242
26	167	241
26	168	241
26	169	241
26	170	241
26	171	240
26	172	240
26	173	240
26	174	239
26	175	239
26	176	239
26	177	238
26	178	238
26	179	238
26	180	237
26	181	237
26	182	236
26	183	236
26	184	235
26	185	235
26	186	234
26	187	234
26	188	233
26	189	232
26	190	232
26	191	231
26	192	230
26	193	230
26	194	229
26	195	229
26	196	228
26	197	228
26	198	227
26	199	227
26	200	226
26	201	226
26	202	225
26	203	225
26	204	224
26	205	223
26	206	223
26	207	222
26	208	221
26	209	221
26	210	220
26	211	219
26	212	218
26	213	217
26	214	216
26	215	215
26	216	214
26	217	213
26	218	212
26	219	211
26	220	210
26	221	208
26	222	207
26	223	206
26	224	204
26	225	202
26	226	201
26	227	199
26	228	197
26	229	194
26	230	192
26	231	191
26	232	189
26	233	188
26	234	186
26	235	184
26	236	182
26	237	180
26	238	178
26	239	175
26	240	172
26	241	169
26	242	165
26	243	160
26	244	159
26	245	157
26	246	155
26	247	153
26	248	150
26	249	146
26	250	143
26	251	142
26	252	139
26	253	136
26	254	134
26	255	131
27	0	128
27	1	125
27	2	123
27	3	120
27	4	118
27	5	115
27	6	113
27	7	111
27	8	107
27	9	104
27	10	102
27	11	100
27	12	98
27	13	97
27	14	94
27	15	90
27	16	86
27	17	83
27	18	80
27	19	77
27	20	75
27	21	73
27	22	71
27	23	70
27	24	68
27	25	67
27	26	65
27	27	64
27	28	62
27	29	60
27	30	58
27	31	56
27	32	54
27	33	52
27	34	51
27	35	49
27	36	48
27	37	47
27	38	45
27	39	44
27	40	43
27	41	42
27	42	41
27	43	40
27	44	39
27	45	38
27	46	38
27	47	37
27	48	36
27	49	35
27	50	35
27	51	34
27	52	33
27	53	33
27	54	32
27	55	31
27	56	31
27	57	30
27	58	30
27	59	29
27	60	29
27	61	28
27	62	28
27	63	27
27	64	27
27	65	26
27	66	25
27	67	25
27	68	24
27	69	23
27	70	23
27	71	22
27	72	22
27	73	21
27	74	21
27	75	20
27	76	20
27	77	19
27	78	19
27	79	18
27	80	18
27	81	18
27	82	17
27	83	17
27	84	17
27	85	16
27	86	16
27	87	16
27	88	15
27	89	15
27	90	15
27	91	15
27	92	14
27	93	14
27	94	14
27	95	14
27	96	14
27	97	13
27	98	12
27	99	11
27	100	11
27	101	10
27	102	10
27	103	9
27	104	9
27	105	9
27	106	8
27	107	8
27	108	8
27	109	7
27	110	7
27	111	7
27	112	7
27	113	6
27	114	5
27	115	5
27	116	4
27	117	4
27	118	4
27	119	4
27	120	3
27	121	3
27	122	2
27	123	2
27	124	2
27	125	1
27	126	1
27	127	1
27	128	128
27	129	255
27	130	255
27	131	255
27	132	254
27	133	254
27	134	254
27	135	253
27	136	253
27	137	252
27	138	252
27	139	252
27	140	252
27	141	251
27	142	251
27	143	250
27	144	249
27	145	249
27	146	249
27	147	249
27	148	248
27	149	248
27	150	248
27	151	247
27	152	247
27	153	247
27	154	246
27	155	246
27	156	245
27	157	245
27	158	244
27	159	243
27	160	242
27	161	242
27	162	242
27	163	242
27	164	242
27	165	241
27	166	241
27	167	241
27	168	241
27	169	240
27	170	240
27	171	240
27	172	239
27	173	239
27	174	239
27	175	238
27	176	238
27	177	238
27	178	237
27	179	237
27	180	236
27	181	236
27	182	235
27	183	235
27	184	234
27	185	234
27	186	233
27	187	233
27	188	232
27	189	231
27	190	231
27	191	230
27	192	229
27	193	229
27	194	228
27	195	228
27	196	227
27	197	227
27	198	226
27	199	226
27	200	225
27	201	225
27	202	224
27	203	223
27	204	223
27	205	222
27	206	221
27	207	221
27	208	220
27	209	219
27	210	218
27	211	218
27	212	217
27	213	216
27	214	215
27	215	214
27	216	213
27	217	212
27	218	211
27	219	209
27	220	208
27	221	207
27	222	205
27	223	204
27	224	202
27	225	200
27	226	198
27	227	196
27	228	194
27	229	192
27	230	191
27	231	189
27	232	188
27	233	186
27	234	185
27	235	183
27	236	181
27	237	179
27	238	176
27	239	173
27	240	170
27	241	166
27	242	162
27	243	159
27	244	158
27	245	156
27	246	154
27	247	152
27	248	149
27	249	145
27	250	143
27	251	141
27	252	138
27	253	136
27	254	133
27	255	131
28	0	128
28	1	126
28	2	123
28	3	121
28	4	118
28	5	115
28	6	113
28	7	112
28	8	108
28	9	105
28	10	102
28	11	100
28	12	99
28	13	97
28	14	96
28	15	92
28	16	88
28	17	85
28	18	82
28	19	79
28	20	77
28	21	75
28	22	73
28	23	71
28	24	69
28	25	68
28	26	66
28	27	65
28	28	64
28	29	62
28	30	60
28	31	58
28	32	56
28	33	54
28	34	53
28	35	51
28	36	50
28	37	48
28	38	47
28	39	46
28	40	45
28	41	44
28	42	43
28	43	42
28	44	41
28	45	40
28	46	39
28	47	38
28	48	37
28	49	37
28	50	36
28	51	35
28	52	34
28	53	34
28	54	33
28	55	33
28	56	32
28	57	31
28	58	31
28	59	30
28	60	30
28	61	29
28	62	29
28	63	28
28	64	28
28	65	27
28	66	26
28	67	26
28	68	25
28	69	24
28	70	24
28	71	23
28	72	22
28	73	22
28	74	21
28	75	21
28	76	20
28	77	20
28	78	19
28	79	19
28	80	19
28	81	18
28	82	18
28	83	18
28	84	17
28	85	17
28	86	17
28	87	16
28	88	16
28	89	16
28	90	15
28	91	15
28	92	15
28	93	15
28	94	14
28	95	14
28	96	14
28	97	13
28	98	12
28	99	12
28	100	11
28	101	11
28	102	10
28	103	10
28	104	9
28	105	9
28	106	9
28	107	8
28	108	8
28	109	8
28	110	7
28	111	7
28	112	7
28	113	6
28	114	6
28	115	5
28	116	5
28	117	4
28	118	4
28	119	4
28	120	4
28	121	3
28	122	2
28	123	2
28	124	2
28	125	1
28	126	1
28	127	1
28	128	128
28	129	255
28	130	255
28	131	255
28	132	254
28	133	254
28	134	254
28	135	253
28	136	252
28	137	252
28	138	252
28	139	252
28	140	251
28	141	251
28	142	250
28	143	250
28	144	249
28	145	249
28	146	249
28	147	248
28	148	248
28	149	248
28	150	247
28	151	247
28	152	247
28	153	246
28	154	246
28	155	245
28	156	245
28	157	244
28	158	244
28	159	243
28	160	242
28	161	242
28	162	242
28	163	241
28	164	241
28	165	241
28	166	241
28	167	240
28	168	240
28	169	240
28	170	239
28	171	239
28	172	239
28	173	238
28	174	238
28	175	238
28	176	237
28	177	237
28	178	237
28	179	236
28	180	236
28	181	235
28	182	235
28	183	234
28	184	234
28	185	233
28	186	232
28	187	232
28	188	231
28	189	230
28	190	230
28	191	229
28	192	228
28	193	228
28	194	227
28	195	227
28	196	226
28	197	226
28	198	225
28	199	225
28	200	224
28	201	223
28	202	223
28	203	222
28	204	222
28	205	221
28	206	220
28	207	219
28	208	219
28	209	218
28	210	217
28	211	216
28	212	215
28	213	214
28	214	213
28	215	212
28	216	211
28	217	210
28	218	209
28	219	208
28	220	206
28	221	205
28	222	203
28	223	202
28	224	200
28	225	198
28	226	196
28	227	194
28	228	192
28	229	191
28	230	190
28	231	188
28	232	187
28	233	185
28	234	183
28	235	181
28	236	179
28	237	177
28	238	174
28	239	171
28	240	168
28	241	164
28	242	160
28	243	159
28	244	157
28	245	156
28	246	154
28	247	151
28	248	148
28	249	144
28	250	143
28	251	141
28	252	138
28	253	135
28	254	133
28	255	130
29	0	128
29	1	126
29	2	123
29	3	121
29	4	118
29	5	116
29	6	114
29	7	112
29	8	109
29	9	106
29	10	103
29	11	101
29	12	99
29	13	98
29	14	97
29	15	94
29	16	90
29	17	87
29	18	84
29	19	81
29	20	78
29	21	76
29	22	74
29	23	72
29	24	71
29	25	69
29	26	68
29	27	66
29	28	65
29	29	64
29	30	62
29	31	60
29	32	58
29	33	56
29	34	55
29	35	53
29	36	52
29	37	50
29	38	49
29	39	48
29	40	46
29	41	45
29	42	44
29	43	43
29	44	42
29	45	41
29	46	40
29	47	39
29	48	39
29	49	38
29	50	37
29	51	36
29	52	36
29	53	35
29	54	34
29	55	34
29	56	33
29	57	33
29	58	32
29	59	31
29	60	31
29	61	30
29	62	30
29	63	29
29	64	29
29	65	28
29	66	27
29	67	27
29	68	26
29	69	25
29	70	24
29	71	24
29	72	23
29	73	23
29	74	22
29	75	22
29	76	21
29	77	21
29	78	20
29	79	20
29	80	19
29	81	19
29	82	19
29	83	18
29	84	18
29	85	18
29	86	17
29	87	17
29	88	17
29	89	16
29	90	16
29	91	16
29	92	15
29	93	15
29	94	15
29	95	15
29	96	14
29	97	14
29	98	13
29	99	12
29	100	12
29	101	11
29	102	11
29	103	10
29	104	10
29	105	9
29	106	9
29	107	9
29	108	8
29	109	8
29	110	8
29	111	7
29	112	7
29	113	6
29	114	6
29	115	5
29	116	5
29	117	4
29	118	4
29	119	4
29	120	4
29	121	3
29	122	2
29	123	2
29	124	2
29	125	1
29	126	1
29	127	1
29	128	128
29	129	255
29	130	255
29	131	255
29	132	254
29	133	254
29	134	254
29	135	253
29	136	252
29	137	252
29	138	252
29	139	252
29	140	251
29	141	251
29	142	250
29	143	250
29	144	249
29	145	249
29	146	248
29	147	248
29	148	248
29	149	247
29	150	247
29	151	247
29	152	246
29	153	246
29	154	245
29	155	245
29	156	244
29	157	244
29	158	243
29	159	242
29	160	242
29	161	241
29	162	241
29	163	241
29	164	241
29	165	240
29	166	240
29	167	240
29	168	239
29	169	239
29	170	239
29	171	238
29	172	238
29	173	238
29	174	237
29	175	237
29	176	237
29	177	236
29	178	236
29	179	235
29	180	235
29	181	234
29	182	234
29	183	233
29	184	233
29	185	232
29	186	232
29	187	231
29	188	230
29	189	229
29	190	229
29	191	228
29	192	227
29	193	227
29	194	226
29	195	226
29	196	225
29	197	225
29	198	224
29	199	223
29	200	223
29	201	222
29	202	222
29	203	221
29	204	220
29	205	220
29	206	219
29	207	218
29	208	217
29	209	217
29	210	216
29	211	215
29	212	214
29	213	213
29	214	212
29	215	211
29	216	210
29	217	208
29	218	207
29	219	206
29	220	204
29	221	203
29	222	201
29	223	200
29	224	198
29	225	196
29	226	194
29	227	192
29	228	191
29	229	190
29	230	188
29	231	187
29	232	185
29	233	184
29	234	182
29	235	180
29	236	178
29	237	175
29	238	172
29	239	169
29	240	166
29	241	162
29	242	159
29	243	158
29	244	157
29	245	155
29	246	153
29	247	150
29	248	147
29	249	144
29	250	142
29	251	140
29	252	138
29	253	135
29	254	133
29	255	130
30	0	128
30	1	126
30	2	124
30	3	121
30	4	119
30	5	116
30	6	114
30	7	113
30	8	110
30	9	107
30	10	104
30	11	102
30	12	100
30	13	98
30	14	97
30	15	96
30	16	92
30	17	88
30	18	85
30	19	83
30	20	80
30	21	78
30	22	76
30	23	74
30	24	72
30	25	70
30	26	69
30	27	68
30	28	66
30	29	65
30	30	64
30	31	62
30	32	60
30	33	58
30	34	56
30	35	55
30	36	53
30	37	52
30	38	51
30	39	49
30	40	48
30	41	47
30	42	46
30	43	45
30	44	44
30	45	43
30	46	42
30	47	41
30	48	40
30	49	39
30	50	38
30	51	38
30	52	37
30	53	36
30	54	36
30	55	35
30	56	34
30	57	34
30	58	33
30	59	33
30	60	32
30	61	31
30	62	31
30	63	30
30	64	30
30	65	29
30	66	28
30	67	27
30	68	27
30	69	26
30	70	25
30	71	25
30	72	24
30	73	23
30	74	23
30	75	22
30	76	22
30	77	21
30	78	21
30	79	20
30	80	20
30	81	20
30	82	19
30	83	19
30	84	18
30	85	18
30	86	18
30	87	17
30	88	17
30	89	17
30	90	17
30	91	16
30	92	16
30	93	16
30	94	15
30	95	15
30	96	15
30	97	14
30	98	13
30	99	13
30	100	12
30	101	11
30	102	11
30	103	10
30	104	10
30	105	10
30	106	9
30	107	9
30	108	9
30	109	8
30	110	8
30	111	8
30	112	8
30	113	7
30	114	6
30	115	5
30	116	5
30	117	5
30	118	4
30	119	4
30	120	4
30	121	3
30	122	2
30	123	2
30	124	2
30	125	1
30	126	1
30	127	1
30	128	128
30	129	255
30	130	255
30	131	255
30	132	254
30	133	254
30	134	254
30	135	253
30	136	252
30	137	252
30	138	252
30	139	251
30	140	251
30	141	251
30	142	250
30	143	249
30	144	248
30	145	248
30	146	248
30	147	248
30	148	247
30	149	247
30	150	247
30	151	246
30	152	246
30	153	246
30	154	245
30	155	245
30	156	244
30	157	243
30	158	243
30	159	242
30	160	241
30	161	241
30	162	241
30	163	240
30	164	240
30	165	240
30	166	239
30	167	239
30	168	239
30	169	239
30	170	238
30	171	238
30	172	238
30	173	237
30	174	237
30	175	236
30	176	236
30	177	236
30	178	235
30	179	235
30	180	234
30	181	234
30	182	233
30	183	233
30	184	232
30	185	231
30	186	231
30	187	230
30	188	229
30	189	229
30	190	228
30	191	227
30	192	226
30	193	226
30	194	225
30	195	225
30	196	224
30	197	223
30	198	223
30	199	222
30	200	222
30	201	221
30	202	220
30	203	220
30	204	219
30	205	218
30	206	218
30	207	217
30	208	216
30	209	215
30	210	214
30	211	213
30	212	212
30	213	211
30	214	210
30	215	209
30	216	208
30	217	207
30	218	205
30	219	204
30	220	203
30	221	201
30	222	200
30	223	198
30	224	196
30	225	194
30	226	192
30	227	191
30	228	190
30	229	188
30	230	187
30	231	186
30	232	184
30	233	182
30	234	180
30	235	178
30	236	176
30	237	173
30	238	171
30	239	168
30	240	164
30	241	160
30	242	159
30	243	158
30	244	156
30	245	154
30	246	152
30	247	149
30	248	146
30	249	143
30	250	142
30	251	140
30	252	137
30	253	135
30	254	132
30	255	130
31	0	128
31	1	126
31	2	124
31	3	121
31	4	120
31	5	116
31	6	114
31	7	113
31	8	111
31	9	108
31	10	105
31	11	103
31	12	101
31	13	99
31	14	98
31	15	97
31	16	94
31	17	90
31	18	87
31	19	84
31	20	82
31	21	79
31	22	77
31	23	75
31	24	73
31	25	72
31	26	70
31	27	69
31	28	67
31	29	66
31	30	65
31	31	64
31	32	62
31	33	60
31	34	58
31	35	57
31	36	55
31	37	54
31	38	52
31	39	51
31	40	50
31	41	48
31	42	47
31	43	46
31	44	45
31	45	44
31	46	43
31	47	42
31	48	41
31	49	40
31	50	40
31	51	39
31	52	38
31	53	37
31	54	37
31	55	36
31	56	35
31	57	35
31	58	34
31	59	34
31	60	33
31	61	33
31	62	32
31	63	31
31	64	31
31	65	30
31	66	29
31	67	28
31	68	28
31	69	27
31	70	26
31	71	25
31	72	25
31	73	24
31	74	24
31	75	23
31	76	23
31	77	22
31	78	22
31	79	21
31	80	21
31	81	20
31	82	20
31	83	19
31	84	19
31	85	19
31	86	18
31	87	18
31	88	18
31	89	17
31	90	17
31	91	17
31	92	17
31	93	16
31	94	16
31	95	16
31	96	16
31	97	15
31	98	14
31	99	13
31	100	12
31	101	12
31	102	11
31	103	11
31	104	10
31	105	10
31	106	10
31	107	9
31	108	9
31	109	9
31	110	8
31	111	8
31	112	8
31	113	7
31	114	6
31	115	6
31	116	5
31	117	5
31	118	4
31	119	4
31	120	4
31	121	3
31	122	3
31	123	2
31	124	2
31	125	1
31	126	1
31	127	1
31	128	128
31	129	255
31	130	255
31	131	255
31	132	254
31	133	254
31	134	253
31	135	253
31	136	252
31	137	252
31	138	252
31	139	251
31	140	251
31	141	250
31	142	250
31	143	249
31	144	248
31	145	248
31	146	248
31	147	247
31	148	247
31	149	247
31	150	246
31	151	246
31	152	246
31	153	245
31	154	245
31	155	244
31	156	244
31	157	243
31	158	242
31	159	241
31	160	240
31	161	240
31	162	240
31	163	240
31	164	239
31	165	239
31	166	239
31	167	239
31	168	238
31	169	238
31	170	238
31	171	237
31	172	237
31	173	237
31	174	236
31	175	236
31	176	235
31	177	235
31	178	234
31	179	234
31	180	233
31	181	233
31	182	232
31	183	232
31	184	231
31	185	231
31	186	230
31	187	229
31	188	228
31	189	228
31	190	227
31	191	226
31	192	225
31	193	225
31	194	224
31	195	223
31	196	223
31	197	222
31	198	222
31	199	221
31	200	221
31	201	220
31	202	219
31	203	219
31	204	218
31	205	217
31	206	216
31	207	216
31	208	215
31	209	214
31	210	213
31	211	212
31	212	211
31	213	210
31	214	209
31	215	208
31	216	206
31	217	205
31	218	204
31	219	202
31	220	201
31	221	199
31	222	198
31	223	196
31	224	194
31	225	192
31	226	191
31	227	190
31	228	189
31	229	187
31	230	186
31	231	184
31	232	183
31	233	181
31	234	179
31	235	177
31	236	174
31	237	172
31	238	169
31	239	166
31	240	162
31	241	159
31	242	158
31	243	157
31	244	155
31	245	153
31	246	151
31	247	148
31	248	145
31	249	143
31	250	142
31	251	140
31	252	136
31	253	135
31	254	132
31	255	130
32	0	128
32	1	126
32	2	124
32	3	121
32	4	120
32	5	117
32	6	115
32	7	113
32	8	112
32	9	108
32	10	106
32	11	103
32	12	101
32	13	100
32	14	98
32	15	97
32	16	96
32	17	92
32	18	89
32	19	86
32	20	83
32	21	81
32	22	79
32	23	77
32	24	75
32	25	73
32	26	71
32	27	70
32	28	69
32	29	67
32	30	66
32	31	65
32	32	64
32	33	62
32	34	60
32	35	59
32	36	57
32	37	55
32	38	54
32	39	53
32	40	51
32	41	50
32	42	49
32	43	48
32	44	47
32	45	46
32	46	45
32	47	44
32	48	43
32	49	42
32	50	41
32	51	40
32	52	39
32	53	39
32	54	38
32	55	37
32	56	37
32	57	36
32	58	35
32	59	35
32	60	34
32	61	34
32	62	33
32	63	33
32	64	32
32	65	31
32	66	30
32	67	29
32	68	28
32	69	28
32	70	27
32	71	26
32	72	26
32	73	25
32	74	24
32	75	24
32	76	23
32	77	23
32	78	22
32	79	22
32	80	21
32	81	21
32	82	20
32	83	20
32	84	20
32	85	19
32	86	19
32	87	19
32	88	18
32	89	18
32	90	18
32	91	17
32	92	17
32	93	17
32	94	17
32	95	16
32	96	16
32	97	15
32	98	14
32	99	13
32	100	13
32	101	12
32	102	12
32	103	11
32	104	11
32	105	10
32	106	10
32	107	9
32	108	9
32	109	9
32	110	9
32	111	8
32	112	8
32	113	7
32	114	6
32	115	6
32	116	5
32	117	5
32	118	5
32	119	4
32	120	4
32	121	3
32	122	3
32	123	2
32	124	2
32	125	1
32	126	1
32	127	1
32	128	128
32	129	255
32	130	255
32	131	255
32	132	254
32	133	254
32	134	253
32	135	253
32	136	252
32	137	252
32	138	251
32	139	251
32	140	251
32	141	250
32	142	250
32	143	249
32	144	248
32	145	248
32	146	247
32	147	247
32	148	247
32	149	247
32	150	246
32	151	246
32	152	245
32	153	245
32	154	244
32	155	244
32	156	243
32	157	243
32	158	242
32	159	241
32	160	240
32	161	240
32	162	239
32	163	239
32	164	239
32	165	239
32	166	238
32	167	238
32	168	238
32	169	237
32	170	237
32	171	237
32	172	236
32	173	236
32	174	236
32	175	235
32	176	235
32	177	234
32	178	234
32	179	233
32	180	233
32	181	232
32	182	232
32	183	231
32	184	230
32	185	230
32	186	229
32	187	228
32	188	228
32	189	227
32	190	226
32	191	225
32	192	224
32	193	223
32	194	223
32	195	222
32	196	222
32	197	221
32	198	221
32	199	220
32	200	219
32	201	219
32	202	218
32	203	217
32	204	217
32	205	216
32	206	215
32	207	214
32	208	213
32	209	212
32	210	211
32	211	210
32	212	209
32	213	208
32	214	207
32	215	206
32	216	205
32	217	203
32	218	202
32	219	201
32	220	199
32	221	197
32	222	196
32	223	194
32	224	192
32	225	191
32	226	190
32	227	189
32	228	187
32	229	186
32	230	185
32	231	183
32	232	181
32	233	179
32	234	177
32	235	175
32	236	173
32	237	170
32	238	167
32	239	164
32	240	160
32	241	159
32	242	158
32	243	156
32	244	155
32	245	153
32	246	150
32	247	148
32	248	144
32	249	143
32	250	141
32	251	139
32	252	136
32	253	135
32	254	132
32	255	130
33	0	128
33	1	126
33	2	124
33	3	122
33	4	120
33	5	117
33	6	115
33	7	113
33	8	112
33	9	109
33	10	106
33	11	104
33	12	102
33	13	100
33	14	99
33	15	98
33	16	96
33	17	94
33	18	91
33	19	88
33	20	85
33	21	82
33	22	80
33	23	78
33	24	76
33	25	74
33	26	73
33	27	71
33	28	70
33	29	68
33	30	67
33	31	66
33	32	65
33	33	64
33	34	62
33	35	60
33	36	59
33	37	57
33	38	56
33	39	54
33	40	53
33	41	52
33	42	50
33	43	49
33	44	48
33	45	47
33	46	46
33	47	45
33	48	44
33	49	43
33	50	42
33	51	41
33	52	41
33	53	40
33	54	39
33	55	38
33	56	38
33	57	37
33	58	36
33	59	36
33	60	35
33	61	35
33	62	34
33	63	34
33	64	33
33	65	32
33	66	31
33	67	30
33	68	29
33	69	29
33	70	28
33	71	27
33	72	26
33	73	26
33	74	25
33	75	25
33	76	24
33	77	23
33	78	23
33	79	22
33	80	22
33	81	22
33	82	21
33	83	21
33	84	20
33	85	20
33	86	20
33	87	19
33	88	19
33	89	19
33	90	18
33	91	18
33	92	18
33	93	17
33	94	17
33	95	17
33	96	16
33	97	16
33	98	15
33	99	14
33	100	13
33	101	13
33	102	12
33	103	11
33	104	11
33	105	11
33	106	10
33	107	10
33	108	9
33	109	9
33	110	9
33	111	9
33	112	8
33	113	7
33	114	7
33	115	6
33	116	6
33	117	5
33	118	5
33	119	4
33	120	4
33	121	3
33	122	3
33	123	2
33	124	2
33	125	1
33	126	1
33	127	1
33	128	128
33	129	255
33	130	255
33	131	255
33	132	254
33	133	254
33	134	253
33	135	253
33	136	252
33	137	252
33	138	251
33	139	251
33	140	250
33	141	250
33	142	249
33	143	249
33	144	248
33	145	247
33	146	247
33	147	247
33	148	247
33	149	246
33	150	246
33	151	245
33	152	245
33	153	245
33	154	244
33	155	243
33	156	243
33	157	242
33	158	241
33	159	240
33	160	240
33	161	239
33	162	239
33	163	239
33	164	238
33	165	238
33	166	238
33	167	237
33	168	237
33	169	237
33	170	236
33	171	236
33	172	236
33	173	235
33	174	235
33	175	234
33	176	234
33	177	234
33	178	233
33	179	233
33	180	232
33	181	231
33	182	231
33	183	230
33	184	230
33	185	229
33	186	228
33	187	227
33	188	227
33	189	226
33	190	225
33	191	224
33	192	223
33	193	222
33	194	222
33	195	221
33	196	221
33	197	220
33	198	220
33	199	219
33	200	218
33	201	218
33	202	217
33	203	216
33	204	215
33	205	215
33	206	214
33	207	213
33	208	212
33	209	211
33	210	210
33	211	209
33	212	208
33	213	207
33	214	206
33	215	204
33	216	203
33	217	202
33	218	200
33	219	199
33	220	197
33	221	196
33	222	194
33	223	192
33	224	191
33	225	190
33	226	189
33	227	188
33	228	186
33	229	185
33	230	183
33	231	182
33	232	180
33	233	178
33	234	176
33	235	174
33	236	171
33	237	168
33	238	165
33	239	162
33	240	160
33	241	158
33	242	157
33	243	156
33	244	154
33	245	152
33	246	150
33	247	147
33	248	144
33	249	143
33	250	141
33	251	139
33	252	136
33	253	134
33	254	132
33	255	130
34	0	128
34	1	126
34	2	124
34	3	122
34	4	120
34	5	118
34	6	115
34	7	114
34	8	112
34	9	110
34	10	107
34	11	105
34	12	103
34	13	101
34	14	99
34	15	98
34	16	97
34	17	96
34	18	92
34	19	89
34	20	86
34	21	84
34	22	81
34	23	79
34	24	77
34	25	76
34	26	74
34	27	72
34	28	71
34	29	70
34	30	68
34	31	67
34	32	66
34	33	65
34	34	64
34	35	62
34	36	60
34	37	59
34	38	57
34	39	56
34	40	54
34	41	53
34	42	52
34	43	51
34	44	49
34	45	48
34	46	47
34	47	46
34	48	45
34	49	44
34	50	44
34	51	43
34	52	42
34	53	41
34	54	40
34	55	40
34	56	39
34	57	38
34	58	38
34	59	37
34	60	36
34	61	36
34	62	35
34	63	35
34	64	34
34	65	33
34	66	32
34	67	31
34	68	30
34	69	29
34	70	29
34	71	28
34	72	27
34	73	27
34	74	26
34	75	25
34	76	25
34	77	24
34	78	24
34	79	23
34	80	23
34	81	22
34	82	22
34	83	21
34	84	21
34	85	21
34	86	20
34	87	20
34	88	19
34	89	19
34	90	19
34	91	18
34	92	18
34	93	18
34	94	18
34	95	17
34	96	17
34	97	16
34	98	15
34	99	14
34	100	14
34	101	13
34	102	12
34	103	12
34	104	11
34	105	11
34	106	10
34	107	10
34	108	10
34	109	9
34	110	9
34	111	9
34	112	8
34	113	8
34	114	7
34	115	6
34	116	6
34	117	5
34	118	5
34	119	5
34	120	4
34	121	3
34	122	3
34	123	2
34	124	2
34	125	1
34	126	1
34	127	1
34	128	128
34	129	255
34	130	255
34	131	255
34	132	254
34	133	254
34	134	253
34	135	253
34	136	252
34	137	251
34	138	251
34	139	251
34	140	250
34	141	250
34	142	249
34	143	248
34	144	248
34	145	247
34	146	247
34	147	247
34	148	246
34	149	246
34	150	246
34	151	245
34	152	245
34	153	244
34	154	244
34	155	243
34	156	242
34	157	242
34	158	241
34	159	240
34	160	239
34	161	239
34	162	238
34	163	238
34	164	238
34	165	238
34	166	237
34	167	237
34	168	237
34	169	236
34	170	236
34	171	235
34	172	235
34	173	235
34	174	234
34	175	234
34	176	233
34	177	233
34	178	232
34	179	232
34	180	231
34	181	231
34	182	230
34	183	229
34	184	229
34	185	228
34	186	227
34	187	227
34	188	226
34	189	225
34	190	224
34	191	223
34	192	222
34	193	221
34	194	221
34	195	220
34	196	220
34	197	219
34	198	218
34	199	218
34	200	217
34	201	216
34	202	216
34	203	215
34	204	214
34	205	213
34	206	212
34	207	212
34	208	211
34	209	210
34	210	209
34	211	208
34	212	207
34	213	205
34	214	204
34	215	203
34	216	202
34	217	200
34	218	199
34	219	197
34	220	196
34	221	194
34	222	192
34	223	191
34	224	190
34	225	189
34	226	188
34	227	186
34	228	185
34	229	184
34	230	182
34	231	180
34	232	179
34	233	177
34	234	175
34	235	172
34	236	170
34	237	167
34	238	164
34	239	160
34	240	159
34	241	158
34	242	157
34	243	155
34	244	153
34	245	151
34	246	149
34	247	146
34	248	144
34	249	142
34	250	141
34	251	138
34	252	136
34	253	134
34	254	132
34	255	130
35	0	128
35	1	126
35	2	124
35	3	122
35	4	120
35	5	118
35	6	116
35	7	114
35	8	113
35	9	111
35	10	108
35	11	105
35	12	103
35	13	102
35	14	100
35	15	99
35	16	98
35	17	96
35	18	94
35	19	91
35	20	88
35	21	85
35	22	83
35	23	81
35	24	79
35	25	77
35	26	75
35	27	73
35	28	72
35	29	71
35	30	69
35	31	68
35	32	67
35	33	66
35	34	65
35	35	64
35	36	62
35	37	61
35	38	59
35	39	57
35	40	56
35	41	55
35	42	53
35	43	52
35	44	51
35	45	50
35	46	49
35	47	48
35	48	47
35	49	46
35	50	45
35	51	44
35	52	43
35	53	42
35	54	41
35	55	41
35	56	40
35	57	39
35	58	39
35	59	38
35	60	37
35	61	37
35	62	36
35	63	36
35	64	35
35	65	34
35	66	33
35	67	32
35	68	31
35	69	30
35	70	29
35	71	29
35	72	28
35	73	27
35	74	27
35	75	26
35	76	25
35	77	25
35	78	24
35	79	24
35	80	23
35	81	23
35	82	22
35	83	22
35	84	22
35	85	21
35	86	21
35	87	20
35	88	20
35	89	20
35	90	19
35	91	19
35	92	19
35	93	18
35	94	18
35	95	18
35	96	18
35	97	16
35	98	16
35	99	15
35	100	14
35	101	13
35	102	13
35	103	12
35	104	12
35	105	11
35	106	11
35	107	10
35	108	10
35	109	10
35	110	9
35	111	9
35	112	9
35	113	8
35	114	7
35	115	6
35	116	6
35	117	5
35	118	5
35	119	5
35	120	4
35	121	4
35	122	3
35	123	2
35	124	2
35	125	1
35	126	1
35	127	1
35	128	128
35	129	255
35	130	255
35	131	255
35	132	254
35	133	254
35	134	253
35	135	252
35	136	252
35	137	251
35	138	251
35	139	251
35	140	250
35	141	250
35	142	249
35	143	248
35	144	247
35	145	247
35	146	247
35	147	246
35	148	246
35	149	246
35	150	245
35	151	245
35	152	244
35	153	244
35	154	243
35	155	243
35	156	242
35	157	241
35	158	240
35	159	240
35	160	238
35	161	238
35	162	238
35	163	238
35	164	237
35	165	237
35	166	237
35	167	236
35	168	236
35	169	236
35	170	235
35	171	235
35	172	234
35	173	234
35	174	234
35	175	233
35	176	233
35	177	232
35	178	232
35	179	231
35	180	231
35	181	230
35	182	229
35	183	229
35	184	228
35	185	227
35	186	227
35	187	226
35	188	225
35	189	224
35	190	223
35	191	222
35	192	221
35	193	220
35	194	220
35	195	219
35	196	219
35	197	218
35	198	217
35	199	217
35	200	216
35	201	215
35	202	215
35	203	214
35	204	213
35	205	212
35	206	211
35	207	210
35	208	209
35	209	208
35	210	207
35	211	206
35	212	205
35	213	204
35	214	203
35	215	201
35	216	200
35	217	199
35	218	197
35	219	195
35	220	194
35	221	192
35	222	191
35	223	190
35	224	189
35	225	188
35	226	187
35	227	185
35	228	184
35	229	183
35	230	181
35	231	179
35	232	177
35	233	175
35	234	173
35	235	171
35	236	168
35	237	165
35	238	162
35	239	160
35	240	158
35	241	157
35	242	156
35	243	154
35	244	153
35	245	151
35	246	148
35	247	145
35	248	143
35	249	142
35	250	140
35	251	138
35	252	136
35	253	134
35	254	132
35	255	130
36	0	128
36	1	126
36	2	124
36	3	122
36	4	120
36	5	118
36	6	116
36	7	114
36	8	113
36	9	112
36	10	109
36	11	106
36	12	104
36	13	102
36	14	101
36	15	99
36	16	98
36	17	97
36	18	96
36	19	93
36	20	90
36	21	87
36	22	84
36	23	82
36	24	80
36	25	78
36	26	76
36	27	75
36	28	73
36	29	72
36	30	70
36	31	69
36	32	68
36	33	67
36	34	66
36	35	65
36	36	64
36	37	62
36	38	61
36	39	59
36	40	58
36	41	56
36	42	55
36	43	54
36	44	52
36	45	51
36	46	50
36	47	49
36	48	48
36	49	47
36	50	46
36	51	45
36	52	44
36	53	43
36	54	43
36	55	42
36	56	41
36	57	40
36	58	40
36	59	39
36	60	38
36	61	38
36	62	37
36	63	37
36	64	36
36	65	35
36	66	34
36	67	33
36	68	32
36	69	31
36	70	30
36	71	30
36	72	29
36	73	28
36	74	27
36	75	27
36	76	26
36	77	26
36	78	25
36	79	25
36	80	24
36	81	24
36	82	23
36	83	23
36	84	22
36	85	22
36	86	21
36	87	21
36	88	21
36	89	20
36	90	20
36	91	20
36	92	19
36	93	19
36	94	19
36	95	18
36	96	18
36	97	17
36	98	16
36	99	15
36	100	14
36	101	14
36	102	13
36	103	13
36	104	12
36	105	12
36	106	11
36	107	11
36	108	10
36	109	10
36	110	10
36	111	9
36	112	9
36	113	8
36	114	7
36	115	7
36	116	6
36	117	6
36	118	5
36	119	5
36	120	4
36	121	4
36	122	3
36	123	3
36	124	2
36	125	2
36	126	1
36	127	1
36	128	128
36	129	255
36	130	255
36	131	254
36	132	254
36	133	253
36	134	253
36	135	252
36	136	252
36	137	251
36	138	251
36	139	250
36	140	250
36	141	249
36	142	249
36	143	248
36	144	247
36	145	247
36	146	246
36	147	246
36	148	246
36	149	245
36	150	245
36	151	244
36	152	244
36	153	243
36	154	243
36	155	242
36	156	242
36	157	241
36	158	240
36	159	239
36	160	238
36	161	238
36	162	237
36	163	237
36	164	237
36	165	236
36	166	236
36	167	236
36	168	235
36	169	235
36	170	235
36	171	234
36	172	234
36	173	233
36	174	233
36	175	232
36	176	232
36	177	231
36	178	231
36	179	230
36	180	230
36	181	229
36	182	229
36	183	228
36	184	227
36	185	226
36	186	226
36	187	225
36	188	224
36	189	223
36	190	222
36	191	221
36	192	220
36	193	219
36	194	219
36	195	218
36	196	218
36	197	217
36	198	216
36	199	216
36	200	215
36	201	214
36	202	213
36	203	213
36	204	212
36	205	211
36	206	210
36	207	209
36	208	208
36	209	207
36	210	206
36	211	205
36	212	204
36	213	202
36	214	201
36	215	200
36	216	198
36	217	197
36	218	195
36	219	194
36	220	192
36	221	191
36	222	190
36	223	189
36	224	188
36	225	187
36	226	186
36	227	184
36	228	183
36	229	181
36	230	180
36	231	178
36	232	176
36	233	174
36	234	172
36	235	169
36	236	166
36	237	163
36	238	160
36	239	159
36	240	158
36	241	157
36	242	155
36	243	154
36	244	152
36	245	150
36	246	147
36	247	144
36	248	143
36	249	142
36	250	140
36	251	138
36	252	136
36	253	134
36	254	132
36	255	130
37	0	128
37	1	126
37	2	124
37	3	122
37	4	121
37	5	119
37	6	116
37	7	115
37	8	113
37	9	112
37	10	110
37	11	107
37	12	105
37	13	103
37	14	101
37	15	100
37	16	98
37	17	97
37	18	96
37	19	94
37	20	91
37	21	88
37	22	86
37	23	83
37	24	81
37	25	79
37	26	78
37	27	76
37	28	74
37	29	73
37	30	71
37	31	70
37	32	69
37	33	68
37	34	67
37	35	66
37	36	65
37	37	64
37	38	62
37	39	61
37	40	59
37	41	58
37	42	56
37	43	55
37	44	54
37	45	53
37	46	51
37	47	50
37	48	49
37	49	48
37	50	47
37	51	46
37	52	46
37	53	45
37	54	44
37	55	43
37	56	42
37	57	42
37	58	41
37	59	40
37	60	39
37	61	39
37	62	38
37	63	38
37	64	37
37	65	36
37	66	35
37	67	34
37	68	33
37	69	32
37	70	31
37	71	30
37	72	30
37	73	29
37	74	28
37	75	28
37	76	27
37	77	26
37	78	26
37	79	25
37	80	25
37	81	24
37	82	24
37	83	23
37	84	23
37	85	22
37	86	22
37	87	22
37	88	21
37	89	21
37	90	20
37	91	20
37	92	20
37	93	19
37	94	19
37	95	19
37	96	18
37	97	17
37	98	16
37	99	16
37	100	15
37	101	14
37	102	13
37	103	13
37	104	12
37	105	12
37	106	11
37	107	11
37	108	11
37	109	10
37	110	10
37	111	10
37	112	9
37	113	8
37	114	7
37	115	7
37	116	6
37	117	6
37	118	5
37	119	5
37	120	5
37	121	4
37	122	3
37	123	3
37	124	2
37	125	2
37	126	1
37	127	1
37	128	128
37	129	255
37	130	255
37	131	254
37	132	254
37	133	253
37	134	253
37	135	252
37	136	251
37	137	251
37	138	251
37	139	250
37	140	250
37	141	249
37	142	249
37	143	248
37	144	247
37	145	246
37	146	246
37	147	246
37	148	245
37	149	245
37	150	245
37	151	244
37	152	244
37	153	243
37	154	243
37	155	242
37	156	241
37	157	240
37	158	240
37	159	239
37	160	238
37	161	237
37	162	237
37	163	237
37	164	236
37	165	236
37	166	236
37	167	235
37	168	235
37	169	234
37	170	234
37	171	234
37	172	233
37	173	233
37	174	232
37	175	232
37	176	231
37	177	231
37	178	230
37	179	230
37	180	229
37	181	228
37	182	228
37	183	227
37	184	226
37	185	226
37	186	225
37	187	224
37	188	223
37	189	222
37	190	221
37	191	220
37	192	219
37	193	218
37	194	218
37	195	217
37	196	217
37	197	216
37	198	215
37	199	214
37	200	214
37	201	213
37	202	212
37	203	211
37	204	210
37	205	210
37	206	209
37	207	208
37	208	207
37	209	206
37	210	205
37	211	203
37	212	202
37	213	201
37	214	200
37	215	198
37	216	197
37	217	195
37	218	194
37	219	192
37	220	191
37	221	190
37	222	189
37	223	188
37	224	187
37	225	186
37	226	185
37	227	183
37	228	182
37	229	180
37	230	178
37	231	177
37	232	175
37	233	173
37	234	170
37	235	168
37	236	165
37	237	162
37	238	160
37	239	159
37	240	158
37	241	156
37	242	155
37	243	153
37	244	151
37	245	149
37	246	146
37	247	144
37	248	143
37	249	141
37	250	140
37	251	137
37	252	135
37	253	134
37	254	132
37	255	130
38	0	128
38	1	126
38	2	124
38	3	122
38	4	121
38	5	119
38	6	117
38	7	115
38	8	114
38	9	112
38	10	110
38	11	108
38	12	105
38	13	103
38	14	102
38	15	100
38	16	99
38	17	98
38	18	97
38	19	96
38	20	93
38	21	90
38	22	87
38	23	85
38	24	83
38	25	81
38	26	79
38	27	77
38	28	75
38	29	74
38	30	73
38	31	71
38	32	70
38	33	69
38	34	68
38	35	67
38	36	66
38	37	65
38	38	64
38	39	62
38	40	61
38	41	59
38	42	58
38	43	57
38	44	55
38	45	54
38	46	53
38	47	52
38	48	51
38	49	50
38	50	49
38	51	48
38	52	47
38	53	46
38	54	45
38	55	44
38	56	43
38	57	43
38	58	42
38	59	41
38	60	41
38	61	40
38	62	39
38	63	39
38	64	38
38	65	37
38	66	36
38	67	35
38	68	34
38	69	33
38	70	32
38	71	31
38	72	30
38	73	30
38	74	29
38	75	28
38	76	28
38	77	27
38	78	26
38	79	26
38	80	25
38	81	25
38	82	24
38	83	24
38	84	23
38	85	23
38	86	23
38	87	22
38	88	22
38	89	21
38	90	21
38	91	21
38	92	20
38	93	20
38	94	20
38	95	19
38	96	19
38	97	18
38	98	17
38	99	16
38	100	15
38	101	14
38	102	14
38	103	13
38	104	13
38	105	12
38	106	12
38	107	11
38	108	11
38	109	10
38	110	10
38	111	10
38	112	10
38	113	8
38	114	8
38	115	7
38	116	6
38	117	6
38	118	5
38	119	5
38	120	5
38	121	4
38	122	3
38	123	3
38	124	2
38	125	2
38	126	1
38	127	1
38	128	128
38	129	255
38	130	255
38	131	254
38	132	254
38	133	253
38	134	253
38	135	252
38	136	251
38	137	251
38	138	251
38	139	250
38	140	250
38	141	249
38	142	248
38	143	248
38	144	246
38	145	246
38	146	246
38	147	246
38	148	245
38	149	245
38	150	244
38	151	244
38	152	243
38	153	243
38	154	242
38	155	242
38	156	241
38	157	240
38	158	239
38	159	238
38	160	237
38	161	237
38	162	236
38	163	236
38	164	236
38	165	235
38	166	235
38	167	235
38	168	234
38	169	234
38	170	233
38	171	233
38	172	233
38	173	232
38	174	232
38	175	231
38	176	231
38	177	230
38	178	230
38	179	229
38	180	228
38	181	228
38	182	227
38	183	226
38	184	226
38	185	225
38	186	224
38	187	223
38	188	222
38	189	221
38	190	220
38	191	219
38	192	218
38	193	217
38	194	217
38	195	216
38	196	215
38	197	215
38	198	214
38	199	213
38	200	213
38	201	212
38	202	211
38	203	210
38	204	209
38	205	208
38	206	207
38	207	206
38	208	205
38	209	204
38	210	203
38	211	202
38	212	201
38	213	199
38	214	198
38	215	197
38	216	195
38	217	194
38	218	192
38	219	191
38	220	190
38	221	189
38	222	188
38	223	187
38	224	186
38	225	185
38	226	183
38	227	182
38	228	181
38	229	179
38	230	177
38	231	175
38	232	173
38	233	171
38	234	169
38	235	166
38	236	163
38	237	160
38	238	159
38	239	158
38	240	157
38	241	156
38	242	154
38	243	153
38	244	151
38	245	148
38	246	146
38	247	144
38	248	142
38	249	141
38	250	139
38	251	137
38	252	135
38	253	134
38	254	132
38	255	130
39	0	128
39	1	126
39	2	124
39	3	122
39	4	121
39	5	120
39	6	117
39	7	115
39	8	114
39	9	113
39	10	111
39	11	108
39	12	106
39	13	104
39	14	102
39	15	101
39	16	100
39	17	98
39	18	97
39	19	96
39	20	94
39	21	91
39	22	89
39	23	86
39	24	84
39	25	82
39	26	80
39	27	78
39	28	77
39	29	75
39	30	74
39	31	72
39	32	71
39	33	70
39	34	69
39	35	68
39	36	67
39	37	66
39	38	65
39	39	64
39	40	62
39	41	61
39	42	59
39	43	58
39	44	57
39	45	55
39	46	54
39	47	53
39	48	52
39	49	51
39	50	50
39	51	49
39	52	48
39	53	47
39	54	46
39	55	45
39	56	45
39	57	44
39	58	43
39	59	42
39	60	42
39	61	41
39	62	40
39	63	40
39	64	39
39	65	38
39	66	37
39	67	36
39	68	35
39	69	34
39	70	33
39	71	32
39	72	31
39	73	30
39	74	30
39	75	29
39	76	28
39	77	28
39	78	27
39	79	27
39	80	26
39	81	25
39	82	25
39	83	24
39	84	24
39	85	24
39	86	23
39	87	23
39	88	22
39	89	22
39	90	22
39	91	21
39	92	21
39	93	20
39	94	20
39	95	20
39	96	20
39	97	18
39	98	17
39	99	16
39	100	16
39	101	15
39	102	14
39	103	14
39	104	13
39	105	12
39	106	12
39	107	12
39	108	11
39	109	11
39	110	10
39	111	10
39	112	10
39	113	9
39	114	8
39	115	7
39	116	6
39	117	6
39	118	6
39	119	5
39	120	5
39	121	4
39	122	3
39	123	3
39	124	2
39	125	2
39	126	1
39	127	1
39	128	128
39	129	255
39	130	255
39	131	254
39	132	254
39	133	253
39	134	253
39	135	252
39	136	251
39	137	251
39	138	250
39	139	250
39	140	250
39	141	249
39	142	248
39	143	247
39	144	246
39	145	246
39	146	246
39	147	245
39	148	245
39	149	244
39	150	244
39	151	244
39	152	243
39	153	242
39	154	242
39	155	241
39	156	240
39	157	240
39	158	239
39	159	238
39	160	236
39	161	236
39	162	236
39	163	236
39	164	235
39	165	235
39	166	234
39	167	234
39	168	234
39	169	233
39	170	233
39	171	232
39	172	232
39	173	232
39	174	231
39	175	231
39	176	230
39	177	229
39	178	229
39	179	228
39	180	228
39	181	227
39	182	226
39	183	226
39	184	225
39	185	224
39	186	223
39	187	222
39	188	221
39	189	220
39	190	219
39	191	218
39	192	217
39	193	216
39	194	216
39	195	215
39	196	214
39	197	214
39	198	213
39	199	212
39	200	211
39	201	211
39	202	210
39	203	209
39	204	208
39	205	207
39	206	206
39	207	205
39	208	204
39	209	203
39	210	202
39	211	201
39	212	199
39	213	198
39	214	197
39	215	195
39	216	194
39	217	192
39	218	191
39	219	190
39	220	189
39	221	188
39	222	187
39	223	186
39	224	185
39	225	184
39	226	182
39	227	181
39	228	179
39	229	178
39	230	176
39	231	174
39	232	172
39	233	170
39	234	167
39	235	165
39	236	162
39	237	160
39	238	159
39	239	158
39	240	156
39	241	155
39	242	154
39	243	152
39	244	150
39	245	148
39	246	145
39	247	143
39	248	142
39	249	141
39	250	139
39	251	136
39	252	135
39	253	134
39	254	132
39	255	130
40	0	128
40	1	126
40	2	124
40	3	123
40	4	121
40	5	120
40	6	117
40	7	115
40	8	114
40	9	113
40	10	112
40	11	109
40	12	107
40	13	105
40	14	103
40	15	101
40	16	100
40	17	99
40	18	98
40	19	97
40	20	96
40	21	93
40	22	90
40	23	88
40	24	85
40	25	83
40	26	81
40	27	79
40	28	78
40	29	76
40	30	75
40	31	73
40	32	72
40	33	71
40	34	70
40	35	69
40	36	68
40	37	67
40	38	66
40	39	65
40	40	64
40	41	62
40	42	61
40	43	60
40	44	58
40	45	57
40	46	56
40	47	54
40	48	53
40	49	52
40	50	51
40	51	50
40	52	49
40	53	48
40	54	47
40	55	47
40	56	46
40	57	45
40	58	44
40	59	43
40	60	43
40	61	42
40	62	41
40	63	41
40	64	40
40	65	39
40	66	38
40	67	37
40	68	36
40	69	35
40	70	34
40	71	33
40	72	32
40	73	31
40	74	30
40	75	30
40	76	29
40	77	28
40	78	28
40	79	27
40	80	27
40	81	26
40	82	26
40	83	25
40	84	25
40	85	24
40	86	24
40	87	23
40	88	23
40	89	22
40	90	22
40	91	22
40	92	21
40	93	21
40	94	21
40	95	20
40	96	20
40	97	19
40	98	18
40	99	17
40	100	16
40	101	15
40	102	15
40	103	14
40	104	13
40	105	13
40	106	12
40	107	12
40	108	11
40	109	11
40	110	11
40	111	10
40	112	10
40	113	9
40	114	8
40	115	7
40	116	7
40	117	6
40	118	6
40	119	5
40	120	5
40	121	4
40	122	3
40	123	3
40	124	2
40	125	2
40	126	1
40	127	1
40	128	128
40	129	255
40	130	255
40	131	254
40	132	254
40	133	253
40	134	253
40	135	252
40	136	251
40	137	251
40	138	250
40	139	250
40	140	249
40	141	249
40	142	248
40	143	247
40	144	246
40	145	246
40	146	245
40	147	245
40	148	245
40	149	244
40	150	244
40	151	243
40	152	243
40	153	242
40	154	241
40	155	241
40	156	240
40	157	239
40	158	238
40	159	237
40	160	236
40	161	236
40	162	235
40	163	235
40	164	235
40	165	234
40	166	234
40	167	234
40	168	233
40	169	233
40	170	232
40	171	232
40	172	231
40	173	231
40	174	230
40	175	230
40	176	229
40	177	229
40	178	228
40	179	228
40	180	227
40	181	226
40	182	226
40	183	225
40	184	224
40	185	223
40	186	222
40	187	221
40	188	220
40	189	219
40	190	218
40	191	217
40	192	216
40	193	215
40	194	215
40	195	214
40	196	213
40	197	213
40	198	212
40	199	211
40	200	210
40	201	209
40	202	209
40	203	208
40	204	207
40	205	206
40	206	205
40	207	204
40	208	203
40	209	202
40	210	200
40	211	199
40	212	198
40	213	196
40	214	195
40	215	194
40	216	192
40	217	191
40	218	190
40	219	189
40	220	188
40	221	187
40	222	186
40	223	185
40	224	184
40	225	183
40	226	181
40	227	180
40	228	178
40	229	177
40	230	175
40	231	173
40	232	171
40	233	168
40	234	166
40	235	163
40	236	160
40	237	159
40	238	158
40	239	157
40	240	156
40	241	155
40	242	153
40	243	151
40	244	149
40	245	147
40	246	144
40	247	143
40	248	142
40	249	141
40	250	139
40	251	136
40	252	135
40	253	133
40	254	132
40	255	130
41	0	128
41	1	126
41	2	125
41	3	123
41	4	121
41	5	120
41	6	118
41	7	116
41	8	114
41	9	113
41	10	112
41	11	110
41	12	107
41	13	105
41	14	103
41	15	102
41	16	100
41	17	99
41	18	98
41	19	97
41	20	96
41	21	94
41	22	92
41	23	89
41	24	87
41	25	84
41	26	82
41	27	81
41	28	79
41	29	77
41	30	76
41	31	74
41	32	73
41	33	72
41	34	71
41	35	69
41	36	68
41	37	67
41	38	67
41	39	66
41	40	65
41	41	64
41	42	62
41	43	61
41	44	60
41	45	58
41	46	57
41	47	56
41	48	55
41	49	54
41	50	52
41	51	51
41	52	50
41	53	50
41	54	49
41	55	48
41	56	47
41	57	46
41	58	45
41	59	44
41	60	44
41	61	43
41	62	42
41	63	42
41	64	41
41	65	40
41	66	39
41	67	37
41	68	36
41	69	35
41	70	35
41	71	34
41	72	33
41	73	32
41	74	31
41	75	31
41	76	30
41	77	29
41	78	29
41	79	28
41	80	27
41	81	27
41	82	26
41	83	26
41	84	25
41	85	25
41	86	24
41	87	24
41	88	23
41	89	23
41	90	23
41	91	22
41	92	22
41	93	22
41	94	21
41	95	21
41	96	20
41	97	19
41	98	18
41	99	17
41	100	16
41	101	16
41	102	15
41	103	14
41	104	14
41	105	13
41	106	13
41	107	12
41	108	12
41	109	11
41	110	11
41	111	11
41	112	10
41	113	9
41	114	8
41	115	7
41	116	7
41	117	6
41	118	6
41	119	5
41	120	5
41	121	4
41	122	3
41	123	3
41	124	3
41	125	2
41	126	1
41	127	1
41	128	128
41	129	255
41	130	255
41	131	254
41	132	253
41	133	253
41	134	253
41	135	252
41	136	251
41	137	251
41	138	250
41	139	250
41	140	249
41	141	249
41	142	248
41	143	247
41	144	246
41	145	245
41	146	245
41	147	245
41	148	244
41	149	244
41	150	243
41	151	243
41	152	242
41	153	242
41	154	241
41	155	240
41	156	240
41	157	239
41	158	238
41	159	237
41	160	236
41	161	235
41	162	235
41	163	234
41	164	234
41	165	234
41	166	233
41	167	233
41	168	233
41	169	232
41	170	232
41	171	231
41	172	231
41	173	230
41	174	230
41	175	229
41	176	229
41	177	228
41	178	227
41	179	227
41	180	226
41	181	225
41	182	225
41	183	224
41	184	223
41	185	222
41	186	221
41	187	221
41	188	220
41	189	219
41	190	217
41	191	216
41	192	215
41	193	214
41	194	214
41	195	213
41	196	212
41	197	212
41	198	211
41	199	210
41	200	209
41	201	208
41	202	207
41	203	206
41	204	206
41	205	205
41	206	204
41	207	202
41	208	201
41	209	200
41	210	199
41	211	198
41	212	196
41	213	195
41	214	194
41	215	192
41	216	191
41	217	190
41	218	189
41	219	189
41	220	188
41	221	187
41	222	185
41	223	184
41	224	183
41	225	182
41	226	180
41	227	179
41	228	177
41	229	175
41	230	174
41	231	172
41	232	169
41	233	167
41	234	164
41	235	162
41	236	160
41	237	159
41	238	158
41	239	157
41	240	156
41	241	154
41	242	153
41	243	151
41	244	149
41	245	146
41	246	144
41	247	143
41	248	142
41	249	140
41	250	138
41	251	136
41	252	135
41	253	133
41	254	131
41	255	130
42	0	128
42	1	126
42	2	125
42	3	123
42	4	121
42	5	120
42	6	118
42	7	116
42	8	114
42	9	113
42	10	112
42	11	111
42	12	108
42	13	106
42	14	104
42	15	102
42	16	101
42	17	100
42	18	99
42	19	98
42	20	97
42	21	96
42	22	93
42	23	90
42	24	88
42	25	86
42	26	84
42	27	82
42	28	80
42	29	78
42	30	77
42	31	75
42	32	74
42	33	73
42	34	72
42	35	70
42	36	69
42	37	68
42	38	67
42	39	66
42	40	66
42	41	65
42	42	64
42	43	63
42	44	61
42	45	60
42	46	58
42	47	57
42	48	56
42	49	55
42	50	54
42	51	53
42	52	52
42	53	51
42	54	50
42	55	49
42	56	48
42	57	47
42	58	46
42	59	46
42	60	45
42	61	44
42	62	43
42	63	43
42	64	42
42	65	41
42	66	40
42	67	38
42	68	37
42	69	36
42	70	35
42	71	34
42	72	34
42	73	33
42	74	32
42	75	31
42	76	31
42	77	30
42	78	29
42	79	29
42	80	28
42	81	27
42	82	27
42	83	26
42	84	26
42	85	25
42	86	25
42	87	24
42	88	24
42	89	24
42	90	23
42	91	23
42	92	22
42	93	22
42	94	22
42	95	21
42	96	21
42	97	20
42	98	19
42	99	18
42	100	17
42	101	16
42	102	15
42	103	15
42	104	14
42	105	13
42	106	13
42	107	12
42	108	12
42	109	12
42	110	11
42	111	11
42	112	10
42	113	9
42	114	8
42	115	8
42	116	7
42	117	6
42	118	6
42	119	6
42	120	5
42	121	4
42	122	4
42	123	3
42	124	3
42	125	2
42	126	1
42	127	1
42	128	128
42	129	255
42	130	255
42	131	254
42	132	253
42	133	253
42	134	252
42	135	252
42	136	251
42	137	250
42	138	250
42	139	250
42	140	249
42	141	248
42	142	248
42	143	247
42	144	246
42	145	245
42	146	245
42	147	244
42	148	244
42	149	244
42	150	243
42	151	243
42	152	242
42	153	241
42	154	241
42	155	240
42	156	239
42	157	238
42	158	237
42	159	236
42	160	235
42	161	235
42	162	234
42	163	234
42	164	234
42	165	233
42	166	233
42	167	232
42	168	232
42	169	232
42	170	231
42	171	231
42	172	230
42	173	230
42	174	229
42	175	229
42	176	228
42	177	227
42	178	227
42	179	226
42	180	225
42	181	225
42	182	224
42	183	223
42	184	222
42	185	222
42	186	221
42	187	220
42	188	219
42	189	218
42	190	216
42	191	215
42	192	214
42	193	213
42	194	213
42	195	212
42	196	211
42	197	210
42	198	210
42	199	209
42	200	208
42	201	207
42	202	206
42	203	205
42	204	204
42	205	203
42	206	202
42	207	201
42	208	200
42	209	199
42	210	198
42	211	196
42	212	195
42	213	193
42	214	192
42	215	191
42	216	190
42	217	190
42	218	189
42	219	188
42	220	187
42	221	186
42	222	184
42	223	183
42	224	182
42	225	181
42	226	179
42	227	178
42	228	176
42	229	174
42	230	172
42	231	170
42	232	168
42	233	166
42	234	163
42	235	160
42	236	159
42	237	158
42	238	157
42	239	156
42	240	155
42	241	154
42	242	152
42	243	150
42	244	148
42	245	145
42	246	144
42	247	143
42	248	142
42	249	140
42	250	138
42	251	136
42	252	135
42	253	133
42	254	131
42	255	130
43	0	128
43	1	126
43	2	125
43	3	123
43	4	121
43	5	120
43	6	118
43	7	116
43	8	115
43	9	114
43	10	113
43	11	111
43	12	109
43	13	106
43	14	105
43	15	103
43	16	102
43	17	100
43	18	99
43	19	98
43	20	97
43	21	96
43	22	95
43	23	92
43	24	89
43	25	87
43	26	85
43	27	83
43	28	81
43	29	79
43	30	78
43	31	76
43	32	75
43	33	74
43	34	72
43	35	71
43	36	70
43	37	69
43	38	68
43	39	67
43	40	66
43	41	66
43	42	65
43	43	64
43	44	63
43	45	61
43	46	60
43	47	59
43	48	57
43	49	56
43	50	55
43	51	54
43	52	53
43	53	52
43	54	51
43	55	50
43	56	49
43	57	48
43	58	47
43	59	47
43	60	46
43	61	45
43	62	44
43	63	44
43	64	43
43	65	42
43	66	40
43	67	39
43	68	38
43	69	37
43	70	36
43	71	35
43	72	34
43	73	34
43	74	33
43	75	32
43	76	31
43	77	31
43	78	30
43	79	29
43	80	29
43	81	28
43	82	28
43	83	27
43	84	26
43	85	26
43	86	25
43	87	25
43	88	25
43	89	24
43	90	24
43	91	23
43	92	23
43	93	23
43	94	22
43	95	22
43	96	22
43	97	20
43	98	19
43	99	18
43	100	17
43	101	16
43	102	16
43	103	15
43	104	14
43	105	14
43	106	13
43	107	13
43	108	12
43	109	12
43	110	11
43	111	11
43	112	11
43	113	10
43	114	9
43	115	8
43	116	7
43	117	7
43	118	6
43	119	6
43	120	5
43	121	4
43	122	4
43	123	3
43	124	3
43	125	2
43	126	1
43	127	1
43	128	128
43	129	255
43	130	255
43	131	254
43	132	253
43	133	253
43	134	252
43	135	252
43	136	251
43	137	250
43	138	250
43	139	249
43	140	249
43	141	248
43	142	247
43	143	246
43	144	245
43	145	245
43	146	245
43	147	244
43	148	244
43	149	243
43	150	243
43	151	242
43	152	242
43	153	241
43	154	240
43	155	240
43	156	239
43	157	238
43	158	237
43	159	236
43	160	234
43	161	234
43	162	234
43	163	233
43	164	233
43	165	233
43	166	232
43	167	232
43	168	231
43	169	231
43	170	231
43	171	230
43	172	230
43	173	229
43	174	228
43	175	228
43	176	227
43	177	227
43	178	226
43	179	225
43	180	225
43	181	224
43	182	223
43	183	222
43	184	222
43	185	221
43	186	220
43	187	219
43	188	218
43	189	217
43	190	216
43	191	214
43	192	213
43	193	212
43	194	212
43	195	211
43	196	210
43	197	209
43	198	209
43	199	208
43	200	207
43	201	206
43	202	205
43	203	204
43	204	203
43	205	202
43	206	201
43	207	200
43	208	199
43	209	197
43	210	196
43	211	195
43	212	193
43	213	192
43	214	191
43	215	190
43	216	190
43	217	189
43	218	188
43	219	187
43	220	186
43	221	185
43	222	184
43	223	182
43	224	181
43	225	180
43	226	178
43	227	177
43	228	175
43	229	173
43	230	171
43	231	169
43	232	167
43	233	164
43	234	161
43	235	160
43	236	159
43	237	158
43	238	157
43	239	156
43	240	154
43	241	153
43	242	151
43	243	150
43	244	147
43	245	145
43	246	143
43	247	142
43	248	141
43	249	140
43	250	138
43	251	136
43	252	135
43	253	133
43	254	131
43	255	130
44	0	128
44	1	126
44	2	125
44	3	123
44	4	122
44	5	120
44	6	119
44	7	117
44	8	115
44	9	114
44	10	113
44	11	112
44	12	109
44	13	107
44	14	105
44	15	103
44	16	102
44	17	101
44	18	100
44	19	99
44	20	98
44	21	97
44	22	96
44	23	93
44	24	91
44	25	88
44	26	86
44	27	84
44	28	82
44	29	81
44	30	79
44	31	77
44	32	76
44	33	75
44	34	73
44	35	72
44	36	71
44	37	70
44	38	69
44	39	68
44	40	67
44	41	66
44	42	66
44	43	65
44	44	64
44	45	63
44	46	61
44	47	60
44	48	59
44	49	57
44	50	56
44	51	55
44	52	54
44	53	53
44	54	52
44	55	51
44	56	50
44	57	49
44	58	49
44	59	48
44	60	47
44	61	46
44	62	45
44	63	45
44	64	44
44	65	43
44	66	41
44	67	40
44	68	39
44	69	38
44	70	37
44	71	36
44	72	35
44	73	34
44	74	34
44	75	33
44	76	32
44	77	31
44	78	31
44	79	30
44	80	29
44	81	29
44	82	28
44	83	28
44	84	27
44	85	27
44	86	26
44	87	26
44	88	25
44	89	25
44	90	24
44	91	24
44	92	23
44	93	23
44	94	23
44	95	22
44	96	22
44	97	21
44	98	20
44	99	19
44	100	18
44	101	17
44	102	16
44	103	15
44	104	15
44	105	14
44	106	14
44	107	13
44	108	13
44	109	12
44	110	12
44	111	11
44	112	11
44	113	10
44	114	9
44	115	8
44	116	7
44	117	7
44	118	6
44	119	6
44	120	6
44	121	4
44	122	4
44	123	3
44	124	3
44	125	2
44	126	1
44	127	1
44	128	128
44	129	255
44	130	255
44	131	254
44	132	253
44	133	253
44	134	252
44	135	252
44	136	250
44	137	250
44	138	250
44	139	249
44	140	249
44	141	248
44	142	247
44	143	246
44	144	245
44	145	245
44	146	244
44	147	244
44	148	243
44	149	243
44	150	242
44	151	242
44	152	241
44	153	241
44	154	240
44	155	239
44	156	238
44	157	237
44	158	236
44	159	235
44	160	234
44	161	234
44	162	233
44	163	233
44	164	233
44	165	232
44	166	232
44	167	231
44	168	231
44	169	230
44	170	230
44	171	229
44	172	229
44	173	228
44	174	228
44	175	227
44	176	227
44	177	226
44	178	225
44	179	225
44	180	224
44	181	223
44	182	222
44	183	222
44	184	221
44	185	220
44	186	219
44	187	218
44	188	217
44	189	216
44	190	215
44	191	213
44	192	212
44	193	211
44	194	211
44	195	210
44	196	209
44	197	208
44	198	207
44	199	207
44	200	206
44	201	205
44	202	204
44	203	203
44	204	202
44	205	201
44	206	200
44	207	199
44	208	197
44	209	196
44	210	195
44	211	193
44	212	192
44	213	191
44	214	190
44	215	190
44	216	189
44	217	188
44	218	187
44	219	186
44	220	185
44	221	184
44	222	183
44	223	181
44	224	180
44	225	179
44	226	177
44	227	175
44	228	174
44	229	172
44	230	170
44	231	168
44	232	165
44	233	163
44	234	160
44	235	159
44	236	158
44	237	157
44	238	156
44	239	155
44	240	154
44	241	153
44	242	151
44	243	149
44	244	147
44	245	144
44	246	143
44	247	142
44	248	141
44	249	139
44	250	137
44	251	136
44	252	134
44	253	133
44	254	131
44	255	130
45	0	128
45	1	126
45	2	125
45	3	124
45	4	122
45	5	120
45	6	119
45	7	117
45	8	115
45	9	114
45	10	113
45	11	112
45	12	110
45	13	108
45	14	106
45	15	104
45	16	102
45	17	101
45	18	100
45	19	99
45	20	98
45	21	97
45	22	96
45	23	95
45	24	92
45	25	90
45	26	87
45	27	85
45	28	83
45	29	82
45	30	80
45	31	78
45	32	77
45	33	76
45	34	74
45	35	73
45	36	72
45	37	71
45	38	70
45	39	69
45	40	68
45	41	67
45	42	66
45	43	65
45	44	65
45	45	64
45	46	63
45	47	61
45	48	60
45	49	59
45	50	58
45	51	56
45	52	55
45	53	54
45	54	53
45	55	52
45	56	51
45	57	51
45	58	50
45	59	49
45	60	48
45	61	47
45	62	46
45	63	46
45	64	45
45	65	44
45	66	42
45	67	41
45	68	40
45	69	39
45	70	38
45	71	37
45	72	36
45	73	35
45	74	34
45	75	33
45	76	33
45	77	32
45	78	31
45	79	31
45	80	30
45	81	29
45	82	29
45	83	28
45	84	28
45	85	27
45	86	27
45	87	26
45	88	26
45	89	25
45	90	25
45	91	24
45	92	24
45	93	24
45	94	23
45	95	23
45	96	22
45	97	21
45	98	20
45	99	19
45	100	18
45	101	17
45	102	16
45	103	16
45	104	15
45	105	14
45	106	14
45	107	13
45	108	13
45	109	12
45	110	12
45	111	12
45	112	11
45	113	10
45	114	9
45	115	8
45	116	8
45	117	7
45	118	6
45	119	6
45	120	6
45	121	4
45	122	4
45	123	3
45	124	3
45	125	2
45	126	1
45	127	1
45	128	128
45	129	255
45	130	255
45	131	254
45	132	253
45	133	253
45	134	252
45	135	252
45	136	250
45	137	250
45	138	250
45	139	249
45	140	248
45	141	248
45	142	247
45	143	246
45	144	245
45	145	244
45	146	244
45	147	244
45	148	243
45	149	243
45	150	242
45	151	242
45	152	241
45	153	240
45	154	240
45	155	239
45	156	238
45	157	237
45	158	236
45	159	235
45	160	234
45	161	233
45	162	233
45	163	232
45	164	232
45	165	232
45	166	231
45	167	231
45	168	230
45	169	230
45	170	229
45	171	229
45	172	228
45	173	228
45	174	227
45	175	227
45	176	226
45	177	225
45	178	225
45	179	224
45	180	223
45	181	223
45	182	222
45	183	221
45	184	220
45	185	219
45	186	218
45	187	217
45	188	216
45	189	215
45	190	214
45	191	212
45	192	211
45	193	210
45	194	210
45	195	209
45	196	208
45	197	207
45	198	206
45	199	205
45	200	205
45	201	204
45	202	203
45	203	202
45	204	201
45	205	200
45	206	198
45	207	197
45	208	196
45	209	195
45	210	193
45	211	192
45	212	191
45	213	191
45	214	190
45	215	189
45	216	188
45	217	187
45	218	186
45	219	185
45	220	184
45	221	183
45	222	182
45	223	180
45	224	179
45	225	178
45	226	176
45	227	174
45	228	173
45	229	171
45	230	169
45	231	166
45	232	164
45	233	161
45	234	160
45	235	159
45	236	158
45	237	157
45	238	156
45	239	155
45	240	154
45	241	152
45	242	150
45	243	148
45	244	146
45	245	144
45	246	143
45	247	142
45	248	141
45	249	139
45	250	137
45	251	136
45	252	134
45	253	132
45	254	131
45	255	130
46	0	128
46	1	126
46	2	125
46	3	124
46	4	122
46	5	121
46	6	119
46	7	117
46	8	116
46	9	114
46	10	113
46	11	112
46	12	111
46	13	108
46	14	106
46	15	105
46	16	103
46	17	102
46	18	100
46	19	99
46	20	98
46	21	98
46	22	97
46	23	96
46	24	93
46	25	91
46	26	89
46	27	87
46	28	85
46	29	83
46	30	81
46	31	79
46	32	78
46	33	77
46	34	75
46	35	74
46	36	73
46	37	72
46	38	71
46	39	70
46	40	69
46	41	68
46	42	67
46	43	66
46	44	65
46	45	65
46	46	64
46	47	63
46	48	61
46	49	60
46	50	59
46	51	58
46	52	57
46	53	56
46	54	55
46	55	54
46	56	53
46	57	52
46	58	51
46	59	50
46	60	49
46	61	48
46	62	47
46	63	47
46	64	46
46	65	45
46	66	43
46	67	42
46	68	41
46	69	40
46	70	39
46	71	38
46	72	37
46	73	36
46	74	35
46	75	34
46	76	33
46	77	33
46	78	32
46	79	31
46	80	31
46	81	30
46	82	29
46	83	29
46	84	28
46	85	28
46	86	27
46	87	27
46	88	26
46	89	26
46	90	25
46	91	25
46	92	25
46	93	24
46	94	24
46	95	23
46	96	23
46	97	22
46	98	20
46	99	19
46	100	18
46	101	18
46	102	17
46	103	16
46	104	15
46	105	15
46	106	14
46	107	14
46	108	13
46	109	13
46	110	12
46	111	12
46	112	12
46	113	10
46	114	9
46	115	8
46	116	8
46	117	7
46	118	7
46	119	6
46	120	6
46	121	5
46	122	4
46	123	3
46	124	3
46	125	2
46	126	1
46	127	1
46	128	128
46	129	255
46	130	255
46	131	254
46	132	253
46	133	253
46	134	252
46	135	251
46	136	250
46	137	250
46	138	249
46	139	249
46	140	248
46	141	248
46	142	247
46	143	246
46	144	244
46	145	244
46	146	244
46	147	243
46	148	243
46	149	242
46	150	242
46	151	241
46	152	241
46	153	240
46	154	239
46	155	238
46	156	238
46	157	237
46	158	236
46	159	234
46	160	233
46	161	233
46	162	232
46	163	232
46	164	231
46	165	231
46	166	231
46	167	230
46	168	230
46	169	229
46	170	229
46	171	228
46	172	228
46	173	227
46	174	227
46	175	226
46	176	225
46	177	225
46	178	224
46	179	223
46	180	223
46	181	222
46	182	221
46	183	220
46	184	219
46	185	218
46	186	217
46	187	216
46	188	215
46	189	214
46	190	213
46	191	211
46	192	210
46	193	209
46	194	209
46	195	208
46	196	207
46	197	206
46	198	205
46	199	204
46	200	203
46	201	202
46	202	201
46	203	200
46	204	199
46	205	198
46	206	197
46	207	196
46	208	195
46	209	193
46	210	192
46	211	191
46	212	191
46	213	190
46	214	189
46	215	188
46	216	187
46	217	186
46	218	185
46	219	184
46	220	183
46	221	182
46	222	181
46	223	179
46	224	178
46	225	177
46	226	175
46	227	173
46	228	171
46	229	169
46	230	167
46	231	165
46	232	163
46	233	160
46	234	159
46	235	158
46	236	158
46	237	157
46	238	156
46	239	154
46	240	153
46	241	151
46	242	150
46	243	148
46	244	145
46	245	144
46	246	143
46	247	142
46	248	140
46	249	139
46	250	137
46	251	135
46	252	134
46	253	132
46	254	131
46	255	130
47	0	128
47	1	126
47	2	125
47	3	124
47	4	122
47	5	121
47	6	120
47	7	117
47	8	116
47	9	114
47	10	113
47	11	113
47	12	111
47	13	109
47	14	107
47	15	105
47	16	104
47	17	102
47	18	101
47	19	100
47	20	99
47	21	98
47	22	97
47	23	96
47	24	95
47	25	92
47	26	90
47	27	88
47	28	86
47	29	84
47	30	82
47	31	81
47	32	79
47	33	78
47	34	76
47	35	75
47	36	74
47	37	73
47	38	72
47	39	71
47	40	70
47	41	69
47	42	68
47	43	67
47	44	66
47	45	65
47	46	65
47	47	64
47	48	63
47	49	61
47	50	60
47	51	59
47	52	58
47	53	57
47	54	56
47	55	55
47	56	54
47	57	53
47	58	52
47	59	51
47	60	50
47	61	49
47	62	49
47	63	48
47	64	47
47	65	46
47	66	44
47	67	43
47	68	42
47	69	41
47	70	40
47	71	39
47	72	38
47	73	37
47	74	36
47	75	35
47	76	34
47	77	33
47	78	33
47	79	32
47	80	31
47	81	31
47	82	30
47	83	29
47	84	29
47	85	28
47	86	28
47	87	27
47	88	27
47	89	26
47	90	26
47	91	25
47	92	25
47	93	25
47	94	24
47	95	24
47	96	24
47	97	22
47	98	21
47	99	20
47	100	19
47	101	18
47	102	17
47	103	16
47	104	16
47	105	15
47	106	14
47	107	14
47	108	13
47	109	13
47	110	13
47	111	12
47	112	12
47	113	10
47	114	9
47	115	9
47	116	8
47	117	7
47	118	7
47	119	6
47	120	6
47	121	5
47	122	4
47	123	3
47	124	3
47	125	2
47	126	1
47	127	1
47	128	128
47	129	255
47	130	255
47	131	254
47	132	253
47	133	253
47	134	252
47	135	251
47	136	250
47	137	250
47	138	249
47	139	249
47	140	248
47	141	247
47	142	247
47	143	246
47	144	244
47	145	244
47	146	243
47	147	243
47	148	243
47	149	242
47	150	242
47	151	241
47	152	240
47	153	240
47	154	239
47	155	238
47	156	237
47	157	236
47	158	235
47	159	234
47	160	232
47	161	232
47	162	232
47	163	231
47	164	231
47	165	231
47	166	230
47	167	230
47	168	229
47	169	229
47	170	228
47	171	228
47	172	227
47	173	227
47	174	226
47	175	225
47	176	225
47	177	224
47	178	223
47	179	223
47	180	222
47	181	221
47	182	220
47	183	219
47	184	218
47	185	217
47	186	216
47	187	215
47	188	214
47	189	213
47	190	212
47	191	210
47	192	209
47	193	208
47	194	207
47	195	207
47	196	206
47	197	205
47	198	204
47	199	203
47	200	202
47	201	201
47	202	200
47	203	199
47	204	198
47	205	197
47	206	196
47	207	195
47	208	193
47	209	192
47	210	191
47	211	191
47	212	190
47	213	189
47	214	188
47	215	187
47	216	186
47	217	185
47	218	184
47	219	183
47	220	182
47	221	181
47	222	180
47	223	178
47	224	177
47	225	175
47	226	174
47	227	172
47	228	170
47	229	168
47	230	166
47	231	164
47	232	161
47	233	160
47	234	159
47	235	158
47	236	157
47	237	156
47	238	155
47	239	154
47	240	152
47	241	151
47	242	149
47	243	147
47	244	145
47	245	143
47	246	143
47	247	142
47	248	140
47	249	139
47	250	136
47	251	135
47	252	134
47	253	132
47	254	131
47	255	130
48	0	128
48	1	126
48	2	125
48	3	124
48	4	122
48	5	121
48	6	120
48	7	118
48	8	116
48	9	115
48	10	114
48	11	113
48	12	112
48	13	110
48	14	107
48	15	106
48	16	104
48	17	103
48	18	101
48	19	100
48	20	99
48	21	98
48	22	97
48	23	97
48	24	96
48	25	93
48	26	91
48	27	89
48	28	87
48	29	85
48	30	83
48	31	82
48	32	80
48	33	79
48	34	77
48	35	76
48	36	75
48	37	74
48	38	72
48	39	71
48	40	70
48	41	69
48	42	69
48	43	68
48	44	67
48	45	66
48	46	65
48	47	65
48	48	64
48	49	63
48	50	61
48	51	60
48	52	59
48	53	58
48	54	57
48	55	56
48	56	55
48	57	54
48	58	53
48	59	52
48	60	51
48	61	50
48	62	50
48	63	49
48	64	48
48	65	47
48	66	45
48	67	44
48	68	43
48	69	42
48	70	40
48	71	39
48	72	38
48	73	37
48	74	37
48	75	36
48	76	35
48	77	34
48	78	33
48	79	33
48	80	32
48	81	31
48	82	31
48	83	30
48	84	30
48	85	29
48	86	28
48	87	28
48	88	27
48	89	27
48	90	26
48	91	26
48	92	26
48	93	25
48	94	25
48	95	24
48	96	24
48	97	23
48	98	21
48	99	20
48	100	19
48	101	18
48	102	17
48	103	17
48	104	16
48	105	15
48	106	15
48	107	14
48	108	14
48	109	13
48	110	13
48	111	12
48	112	12
48	113	11
48	114	10
48	115	9
48	116	8
48	117	7
48	118	7
48	119	6
48	120	6
48	121	5
48	122	4
48	123	3
48	124	3
48	125	2
48	126	2
48	127	1
48	128	128
48	129	255
48	130	254
48	131	254
48	132	253
48	133	253
48	134	252
48	135	251
48	136	250
48	137	250
48	138	249
48	139	249
48	140	248
48	141	247
48	142	246
48	143	245
48	144	244
48	145	244
48	146	243
48	147	243
48	148	242
48	149	242
48	150	241
48	151	241
48	152	240
48	153	239
48	154	239
48	155	238
48	156	237
48	157	236
48	158	235
48	159	233
48	160	232
48	161	232
48	162	231
48	163	231
48	164	230
48	165	230
48	166	230
48	167	229
48	168	229
48	169	228
48	170	228
48	171	227
48	172	226
48	173	226
48	174	225
48	175	225
48	176	224
48	177	223
48	178	223
48	179	222
48	180	221
48	181	220
48	182	219
48	183	219
48	184	218
48	185	217
48	186	216
48	187	214
48	188	213
48	189	212
48	190	211
48	191	209
48	192	208
48	193	207
48	194	206
48	195	206
48	196	205
48	197	204
48	198	203
48	199	202
48	200	201
48	201	200
48	202	199
48	203	198
48	204	197
48	205	196
48	206	195
48	207	193
48	208	192
48	209	191
48	210	191
48	211	190
48	212	189
48	213	188
48	214	187
48	215	187
48	216	186
48	217	185
48	218	184
48	219	182
48	220	181
48	221	180
48	222	179
48	223	177
48	224	176
48	225	174
48	226	173
48	227	171
48	228	169
48	229	167
48	230	165
48	231	163
48	232	160
48	233	159
48	234	159
48	235	158
48	236	157
48	237	156
48	238	155
48	239	153
48	240	152
48	241	150
48	242	149
48	243	146
48	244	144
48	245	143
48	246	142
48	247	141
48	248	140
48	249	138
48	250	136
48	251	135
48	252	134
48	253	132
48	254	131
48	255	130
49	0	128
49	1	127
49	2	125
49	3	124
49	4	122
49	5	121
49	6	120
49	7	118
49	8	116
49	9	115
49	10	114
49	11	113
49	12	112
49	13	110
49	14	108
49	15	106
49	16	104
49	17	103
49	18	102
49	19	101
49	20	100
49	21	99
49	22	98
49	23	97
49	24	96
49	25	95
49	26	92
49	27	90
49	28	88
49	29	86
49	30	84
49	31	83
49	32	81
49	33	80
49	34	78
49	35	77
49	36	76
49	37	74
49	38	73
49	39	72
49	40	71
49	41	70
49	42	69
49	43	68
49	44	68
49	45	67
49	46	66
49	47	65
49	48	65
49	49	64
49	50	63
49	51	61
49	52	60
49	53	59
49	54	58
49	55	57
49	56	56
49	57	55
49	58	54
49	59	53
49	60	52
49	61	51
49	62	51
49	63	50
49	64	49
49	65	48
49	66	46
49	67	45
49	68	44
49	69	42
49	70	41
49	71	40
49	72	39
49	73	38
49	74	37
49	75	36
49	76	36
49	77	35
49	78	34
49	79	33
49	80	33
49	81	32
49	82	31
49	83	31
49	84	30
49	85	30
49	86	29
49	87	29
49	88	28
49	89	28
49	90	27
49	91	27
49	92	26
49	93	26
49	94	25
49	95	25
49	96	24
49	97	23
49	98	22
49	99	21
49	100	20
49	101	19
49	102	18
49	103	17
49	104	16
49	105	16
49	106	15
49	107	15
49	108	14
49	109	14
49	110	13
49	111	13
49	112	12
49	113	11
49	114	10
49	115	9
49	116	8
49	117	8
49	118	7
49	119	7
49	120	6
49	121	5
49	122	4
49	123	4
49	124	3
49	125	2
49	126	2
49	127	1
49	128	128
49	129	255
49	130	254
49	131	254
49	132	253
49	133	252
49	134	252
49	135	251
49	136	250
49	137	249
49	138	249
49	139	248
49	140	248
49	141	247
49	142	246
49	143	245
49	144	244
49	145	243
49	146	243
49	147	242
49	148	242
49	149	241
49	150	241
49	151	240
49	152	240
49	153	239
49	154	238
49	155	237
49	156	236
49	157	235
49	158	234
49	159	233
49	160	232
49	161	231
49	162	231
49	163	230
49	164	230
49	165	229
49	166	229
49	167	228
49	168	228
49	169	227
49	170	227
49	171	226
49	172	226
49	173	225
49	174	225
49	175	224
49	176	223
49	177	223
49	178	222
49	179	221
49	180	220
49	181	220
49	182	219
49	183	218
49	184	217
49	185	216
49	186	215
49	187	214
49	188	212
49	189	211
49	190	210
49	191	208
49	192	207
49	193	206
49	194	205
49	195	205
49	196	204
49	197	203
49	198	202
49	199	201
49	200	200
49	201	199
49	202	198
49	203	197
49	204	196
49	205	195
49	206	193
49	207	192
49	208	191
49	209	191
49	210	190
49	211	189
49	212	188
49	213	188
49	214	187
49	215	186
49	216	185
49	217	184
49	218	183
49	219	182
49	220	180
49	221	179
49	222	178
49	223	176
49	224	175
49	225	173
49	226	172
49	227	170
49	228	168
49	229	166
49	230	164
49	231	161
49	232	160
49	233	159
49	234	158
49	235	157
49	236	156
49	237	155
49	238	154
49	239	153
49	240	152
49	241	150
49	242	148
49	243	146
49	244	144
49	245	143
49	246	142
49	247	141
49	248	140
49	249	138
49	250	136
49	251	135
49	252	134
49	253	132
49	254	131
49	255	129
50	0	128
50	1	127
50	2	125
50	3	124
50	4	122
50	5	121
50	6	120
50	7	118
50	8	116
50	9	115
50	10	114
50	11	113
50	12	112
50	13	111
50	14	109
50	15	107
50	16	105
50	17	104
50	18	102
50	19	101
50	20	100
50	21	99
50	22	98
50	23	97
50	24	97
50	25	96
50	26	94
50	27	91
50	28	89
50	29	87
50	30	85
50	31	84
50	32	82
50	33	80
50	34	79
50	35	78
50	36	76
50	37	75
50	38	74
50	39	73
50	40	72
50	41	71
50	42	70
50	43	69
50	44	68
50	45	68
50	46	67
50	47	66
50	48	65
50	49	65
50	50	64
50	51	63
50	52	62
50	53	60
50	54	59
50	55	58
50	56	57
50	57	56
50	58	55
50	59	54
50	60	53
50	61	52
50	62	52
50	63	51
50	64	50
50	65	48
50	66	47
50	67	46
50	68	44
50	69	43
50	70	42
50	71	41
50	72	40
50	73	39
50	74	38
50	75	37
50	76	36
50	77	36
50	78	35
50	79	34
50	80	33
50	81	33
50	82	32
50	83	31
50	84	31
50	85	30
50	86	30
50	87	29
50	88	29
50	89	28
50	90	28
50	91	27
50	92	27
50	93	26
50	94	26
50	95	25
50	96	25
50	97	24
50	98	22
50	99	21
50	100	20
50	101	19
50	102	18
50	103	17
50	104	17
50	105	16
50	106	15
50	107	15
50	108	14
50	109	14
50	110	13
50	111	13
50	112	12
50	113	11
50	114	10
50	115	9
50	116	8
50	117	8
50	118	7
50	119	7
50	120	6
50	121	5
50	122	4
50	123	4
50	124	3
50	125	2
50	126	2
50	127	1
50	128	128
50	129	255
50	130	254
50	131	254
50	132	253
50	133	252
50	134	252
50	135	251
50	136	250
50	137	249
50	138	249
50	139	248
50	140	248
50	141	247
50	142	246
50	143	245
50	144	244
50	145	243
50	146	243
50	147	242
50	148	242
50	149	241
50	150	241
50	151	240
50	152	239
50	153	239
50	154	238
50	155	237
50	156	236
50	157	235
50	158	234
50	159	232
50	160	231
50	161	231
50	162	230
50	163	230
50	164	229
50	165	229
50	166	228
50	167	228
50	168	227
50	169	227
50	170	226
50	171	226
50	172	225
50	173	225
50	174	224
50	175	223
50	176	223
50	177	222
50	178	221
50	179	220
50	180	220
50	181	219
50	182	218
50	183	217
50	184	216
50	185	215
50	186	214
50	187	213
50	188	212
50	189	210
50	190	209
50	191	208
50	192	206
50	193	205
50	194	204
50	195	204
50	196	203
50	197	202
50	198	201
50	199	200
50	200	199
50	201	198
50	202	197
50	203	196
50	204	194
50	205	193
50	206	192
50	207	191
50	208	191
50	209	190
50	210	189
50	211	188
50	212	188
50	213	187
50	214	186
50	215	185
50	216	184
50	217	183
50	218	182
50	219	181
50	220	180
50	221	178
50	222	177
50	223	176
50	224	174
50	225	172
50	226	171
50	227	169
50	228	167
50	229	165
50	230	162
50	231	160
50	232	159
50	233	159
50	234	158
50	235	157
50	236	156
50	237	155
50	238	154
50	239	152
50	240	151
50	241	149
50	242	147
50	243	145
50	244	144
50	245	143
50	246	142
50	247	141
50	248	140
50	249	138
50	250	136
50	251	135
50	252	134
50	253	132
50	254	131
50	255	129
51	0	128
51	1	127
51	2	125
51	3	124
51	4	122
51	5	121
51	6	120
51	7	119
51	8	117
51	9	115
51	10	114
51	11	113
51	12	112
51	13	111
51	14	109
51	15	107
51	16	106
51	17	104
51	18	103
51	19	101
51	20	100
51	21	99
51	22	99
51	23	98
51	24	97
51	25	96
51	26	95
51	27	92
51	28	90
51	29	88
51	30	86
51	31	85
51	32	83
51	33	81
51	34	80
51	35	79
51	36	77
51	37	76
51	38	75
51	39	74
51	40	73
51	41	72
51	42	71
51	43	70
51	44	69
51	45	68
51	46	67
51	47	67
51	48	66
51	49	65
51	50	65
51	51	64
51	52	63
51	53	62
51	54	60
51	55	59
51	56	58
51	57	57
51	58	56
51	59	55
51	60	54
51	61	54
51	62	53
51	63	52
51	64	51
51	65	49
51	66	48
51	67	47
51	68	45
51	69	44
51	70	43
51	71	42
51	72	41
51	73	40
51	74	39
51	75	38
51	76	37
51	77	36
51	78	35
51	79	35
51	80	34
51	81	33
51	82	33
51	83	32
51	84	31
51	85	31
51	86	30
51	87	30
51	88	29
51	89	29
51	90	28
51	91	28
51	92	27
51	93	27
51	94	26
51	95	26
51	96	26
51	97	24
51	98	23
51	99	21
51	100	20
51	101	19
51	102	19
51	103	18
51	104	17
51	105	16
51	106	16
51	107	15
51	108	15
51	109	14
51	110	14
51	111	13
51	112	13
51	113	11
51	114	10
51	115	9
51	116	8
51	117	8
51	118	7
51	119	7
51	120	6
51	121	5
51	122	4
51	123	4
51	124	3
51	125	2
51	126	2
51	127	1
51	128	128
51	129	255
51	130	254
51	131	254
51	132	253
51	133	252
51	134	252
51	135	251
51	136	250
51	137	249
51	138	249
51	139	248
51	140	248
51	141	247
51	142	246
51	143	245
51	144	243
51	145	243
51	146	242
51	147	242
51	148	241
51	149	241
51	150	240
51	151	240
51	152	239
51	153	238
51	154	237
51	155	237
51	156	236
51	157	235
51	158	233
51	159	232
51	160	230
51	161	230
51	162	230
51	163	229
51	164	229
51	165	228
51	166	228
51	167	227
51	168	227
51	169	226
51	170	226
51	171	225
51	172	225
51	173	224
51	174	223
51	175	223
51	176	222
51	177	221
51	178	221
51	179	220
51	180	219
51	181	218
51	182	217
51	183	216
51	184	215
51	185	214
51	186	213
51	187	212
51	188	211
51	189	209
51	190	208
51	191	207
51	192	205
51	193	204
51	194	203
51	195	202
51	196	202
51	197	201
51	198	200
51	199	199
51	200	198
51	201	197
51	202	196
51	203	194
51	204	193
51	205	192
51	206	191
51	207	191
51	208	190
51	209	189
51	210	189
51	211	188
51	212	187
51	213	186
51	214	185
51	215	184
51	216	183
51	217	182
51	218	181
51	219	180
51	220	179
51	221	177
51	222	176
51	223	175
51	224	173
51	225	171
51	226	170
51	227	168
51	228	166
51	229	164
51	230	161
51	231	160
51	232	159
51	233	158
51	234	157
51	235	157
51	236	156
51	237	155
51	238	153
51	239	152
51	240	150
51	241	149
51	242	147
51	243	145
51	244	144
51	245	143
51	246	142
51	247	141
51	248	139
51	249	137
51	250	136
51	251	135
51	252	134
51	253	132
51	254	131
51	255	129
52	0	128
52	1	127
52	2	125
52	3	124
52	4	122
52	5	121
52	6	120
52	7	119
52	8	117
52	9	116
52	10	114
52	11	113
52	12	113
52	13	112
52	14	110
52	15	108
52	16	106
52	17	104
52	18	103
52	19	102
52	20	101
52	21	100
52	22	99
52	23	98
52	24	97
52	25	97
52	26	96
52	27	94
52	28	91
52	29	89
52	30	87
52	31	86
52	32	84
52	33	82
52	34	81
52	35	80
52	36	78
52	37	77
52	38	76
52	39	75
52	40	74
52	41	73
52	42	72
52	43	71
52	44	70
52	45	69
52	46	68
52	47	67
52	48	67
52	49	66
52	50	65
52	51	65
52	52	64
52	53	63
52	54	62
52	55	61
52	56	59
52	57	58
52	58	57
52	59	56
52	60	55
52	61	55
52	62	54
52	63	53
52	64	52
52	65	50
52	66	49
52	67	48
52	68	46
52	69	45
52	70	44
52	71	43
52	72	42
52	73	41
52	74	40
52	75	39
52	76	38
52	77	37
52	78	36
52	79	35
52	80	35
52	81	34
52	82	33
52	83	33
52	84	32
52	85	31
52	86	31
52	87	30
52	88	30
52	89	29
52	90	29
52	91	28
52	92	28
52	93	27
52	94	27
52	95	26
52	96	26
52	97	24
52	98	23
52	99	22
52	100	21
52	101	20
52	102	19
52	103	18
52	104	17
52	105	17
52	106	16
52	107	15
52	108	15
52	109	14
52	110	14
52	111	13
52	112	13
52	113	12
52	114	10
52	115	9
52	116	9
52	117	8
52	118	7
52	119	7
52	120	6
52	121	5
52	122	4
52	123	4
52	124	3
52	125	2
52	126	2
52	127	1
52	128	128
52	129	255
52	130	254
52	131	254
52	132	253
52	133	252
52	134	252
52	135	251
52	136	250
52	137	249
52	138	249
52	139	248
52	140	247
52	141	247
52	142	246
52	143	244
52	144	243
52	145	243
52	146	242
52	147	242
52	148	241
52	149	241
52	150	240
52	151	239
52	152	239
52	153	238
52	154	237
52	155	236
52	156	235
52	157	234
52	158	233
52	159	232
52	160	230
52	161	230
52	162	229
52	163	229
52	164	228
52	165	228
52	166	227
52	167	227
52	168	226
52	169	226
52	170	225
52	171	225
52	172	224
52	173	223
52	174	223
52	175	222
52	176	221
52	177	221
52	178	220
52	179	219
52	180	218
52	181	217
52	182	216
52	183	215
52	184	214
52	185	213
52	186	212
52	187	211
52	188	210
52	189	208
52	190	207
52	191	206
52	192	204
52	193	203
52	194	202
52	195	201
52	196	201
52	197	200
52	198	199
52	199	198
52	200	197
52	201	195
52	202	194
52	203	193
52	204	192
52	205	191
52	206	191
52	207	190
52	208	189
52	209	189
52	210	188
52	211	187
52	212	186
52	213	185
52	214	184
52	215	183
52	216	182
52	217	181
52	218	180
52	219	179
52	220	178
52	221	176
52	222	175
52	223	174
52	224	172
52	225	170
52	226	169
52	227	167
52	228	165
52	229	162
52	230	160
52	231	159
52	232	159
52	233	158
52	234	157
52	235	156
52	236	155
52	237	154
52	238	153
52	239	152
52	240	150
52	241	148
52	242	146
52	243	144
52	244	143
52	245	143
52	246	142
52	247	140
52	248	139
52	249	137
52	250	136
52	251	135
52	252	134
52	253	132
52	254	131
52	255	129
53	0	128
53	1	127
53	2	125
53	3	124
53	4	123
53	5	121
53	6	120
53	7	119
53	8	117
53	9	116
53	10	115
53	11	114
53	12	113
53	13	112
53	14	110
53	15	108
53	16	106
53	17	105
53	18	104
53	19	102
53	20	101
53	21	100
53	22	99
53	23	98
53	24	98
53	25	97
53	26	96
53	27	95
53	28	93
53	29	90
53	30	89
53	31	87
53	32	85
53	33	83
53	34	82
53	35	80
53	36	79
53	37	78
53	38	77
53	39	75
53	40	74
53	41	73
53	42	72
53	43	71
53	44	71
53	45	70
53	46	69
53	47	68
53	48	67
53	49	67
53	50	66
53	51	65
53	52	65
53	53	64
53	54	63
53	55	62
53	56	61
53	57	60
53	58	58
53	59	57
53	60	57
53	61	56
53	62	55
53	63	54
53	64	53
53	65	51
53	66	50
53	67	48
53	68	47
53	69	46
53	70	45
53	71	43
53	72	42
53	73	41
53	74	40
53	75	39
53	76	39
53	77	38
53	78	37
53	79	36
53	80	35
53	81	35
53	82	34
53	83	33
53	84	33
53	85	32
53	86	31
53	87	31
53	88	30
53	89	30
53	90	29
53	91	29
53	92	28
53	93	28
53	94	27
53	95	27
53	96	26
53	97	25
53	98	24
53	99	22
53	100	21
53	101	20
53	102	19
53	103	18
53	104	18
53	105	17
53	106	16
53	107	16
53	108	15
53	109	15
53	110	14
53	111	14
53	112	13
53	113	12
53	114	11
53	115	10
53	116	9
53	117	8
53	118	8
53	119	7
53	120	7
53	121	5
53	122	4
53	123	4
53	124	3
53	125	2
53	126	2
53	127	1
53	128	128
53	129	255
53	130	254
53	131	254
53	132	253
53	133	252
53	134	252
53	135	251
53	136	249
53	137	249
53	138	248
53	139	248
53	140	247
53	141	246
53	142	245
53	143	244
53	144	243
53	145	242
53	146	242
53	147	241
53	148	241
53	149	240
53	150	240
53	151	239
53	152	238
53	153	238
53	154	237
53	155	236
53	156	235
53	157	234
53	158	232
53	159	231
53	160	230
53	161	229
53	162	229
53	163	228
53	164	228
53	165	227
53	166	227
53	167	226
53	168	226
53	169	225
53	170	225
53	171	224
53	172	223
53	173	223
53	174	222
53	175	221
53	176	221
53	177	220
53	178	219
53	179	218
53	180	217
53	181	217
53	182	216
53	183	215
53	184	214
53	185	213
53	186	211
53	187	210
53	188	209
53	189	208
53	190	206
53	191	205
53	192	203
53	193	202
53	194	201
53	195	200
53	196	199
53	197	199
53	198	198
53	199	196
53	200	195
53	201	194
53	202	193
53	203	192
53	204	191
53	205	191
53	206	190
53	207	189
53	208	189
53	209	188
53	210	187
53	211	186
53	212	185
53	213	185
53	214	184
53	215	183
53	216	182
53	217	181
53	218	179
53	219	178
53	220	177
53	221	176
53	222	174
53	223	173
53	224	171
53	225	169
53	226	167
53	227	166
53	228	163
53	229	161
53	230	160
53	231	159
53	232	158
53	233	158
53	234	157
53	235	156
53	236	155
53	237	154
53	238	152
53	239	151
53	240	150
53	241	148
53	242	146
53	243	144
53	244	143
53	245	142
53	246	141
53	247	140
53	248	139
53	249	137
53	250	136
53	251	135
53	252	133
53	253	132
53	254	131
53	255	129
54	0	128
54	1	127
54	2	125
54	3	124
54	4	123
54	5	121
54	6	120
54	7	119
54	8	118
54	9	116
54	10	115
54	11	114
54	12	113
54	13	112
54	14	111
54	15	109
54	16	107
54	17	105
54	18	104
54	19	103
54	20	102
54	21	101
54	22	100
54	23	99
54	24	98
54	25	97
54	26	97
54	27	96
54	28	94
54	29	92
54	30	90
54	31	88
54	32	86
54	33	84
54	34	83
54	35	81
54	36	80
54	37	79
54	38	77
54	39	76
54	40	75
54	41	74
54	42	73
54	43	72
54	44	71
54	45	70
54	46	70
54	47	69
54	48	68
54	49	67
54	50	67
54	51	66
54	52	65
54	53	65
54	54	64
54	55	63
54	56	62
54	57	61
54	58	60
54	59	59
54	60	58
54	61	57
54	62	56
54	63	55
54	64	54
54	65	52
54	66	51
54	67	49
54	68	48
54	69	47
54	70	45
54	71	44
54	72	43
54	73	42
54	74	41
54	75	40
54	76	39
54	77	38
54	78	38
54	79	37
54	80	36
54	81	35
54	82	35
54	83	34
54	84	33
54	85	33
54	86	32
54	87	31
54	88	31
54	89	30
54	90	30
54	91	29
54	92	29
54	93	28
54	94	28
54	95	27
54	96	27
54	97	25
54	98	24
54	99	23
54	100	22
54	101	21
54	102	20
54	103	19
54	104	18
54	105	17
54	106	17
54	107	16
54	108	15
54	109	15
54	110	14
54	111	14
54	112	14
54	113	12
54	114	11
54	115	10
54	116	9
54	117	8
54	118	8
54	119	7
54	120	7
54	121	5
54	122	4
54	123	4
54	124	3
54	125	2
54	126	2
54	127	1
54	128	128
54	129	255
54	130	254
54	131	254
54	132	253
54	133	252
54	134	252
54	135	251
54	136	249
54	137	249
54	138	248
54	139	248
54	140	247
54	141	246
54	142	245
54	143	244
54	144	242
54	145	242
54	146	242
54	147	241
54	148	241
54	149	240
54	150	239
54	151	239
54	152	238
54	153	237
54	154	236
54	155	235
54	156	234
54	157	233
54	158	232
54	159	231
54	160	229
54	161	229
54	162	228
54	163	228
54	164	227
54	165	227
54	166	226
54	167	226
54	168	225
54	169	225
54	170	224
54	171	223
54	172	223
54	173	222
54	174	221
54	175	221
54	176	220
54	177	219
54	178	218
54	179	218
54	180	217
54	181	216
54	182	215
54	183	214
54	184	213
54	185	212
54	186	211
54	187	209
54	188	208
54	189	207
54	190	205
54	191	204
54	192	202
54	193	201
54	194	200
54	195	199
54	196	198
54	197	197
54	198	196
54	199	195
54	200	194
54	201	193
54	202	192
54	203	191
54	204	191
54	205	190
54	206	189
54	207	189
54	208	188
54	209	187
54	210	186
54	211	186
54	212	185
54	213	184
54	214	183
54	215	182
54	216	181
54	217	180
54	218	179
54	219	177
54	220	176
54	221	175
54	222	173
54	223	172
54	224	170
54	225	168
54	226	166
54	227	164
54	228	162
54	229	160
54	230	159
54	231	159
54	232	158
54	233	157
54	234	156
54	235	155
54	236	154
54	237	153
54	238	152
54	239	151
54	240	149
54	241	147
54	242	145
54	243	144
54	244	143
54	245	142
54	246	141
54	247	140
54	248	138
54	249	137
54	250	136
54	251	135
54	252	133
54	253	132
54	254	131
54	255	129
55	0	128
55	1	127
55	2	125
55	3	124
55	4	123
55	5	122
55	6	121
55	7	120
55	8	118
55	9	116
55	10	115
55	11	114
55	12	113
55	13	112
55	14	111
55	15	109
55	16	108
55	17	106
55	18	104
55	19	103
55	20	102
55	21	101
55	22	100
55	23	99
55	24	98
55	25	98
55	26	97
55	27	96
55	28	95
55	29	93
55	30	91
55	31	89
55	32	87
55	33	85
55	34	84
55	35	82
55	36	81
55	37	80
55	38	78
55	39	77
55	40	76
55	41	75
55	42	74
55	43	73
55	44	72
55	45	71
55	46	70
55	47	69
55	48	69
55	49	68
55	50	67
55	51	67
55	52	66
55	53	65
55	54	65
55	55	64
55	56	63
55	57	62
55	58	61
55	59	60
55	60	59
55	61	58
55	62	57
55	63	56
55	64	55
55	65	53
55	66	52
55	67	50
55	68	49
55	69	48
55	70	46
55	71	45
55	72	44
55	73	43
55	74	42
55	75	41
55	76	40
55	77	39
55	78	38
55	79	37
55	80	37
55	81	36
55	82	35
55	83	35
55	84	34
55	85	33
55	86	33
55	87	32
55	88	31
55	89	31
55	90	30
55	91	30
55	92	29
55	93	29
55	94	28
55	95	28
55	96	28
55	97	26
55	98	24
55	99	23
55	100	22
55	101	21
55	102	20
55	103	19
55	104	18
55	105	18
55	106	17
55	107	16
55	108	16
55	109	15
55	110	15
55	111	14
55	112	14
55	113	12
55	114	11
55	115	10
55	116	9
55	117	8
55	118	8
55	119	7
55	120	7
55	121	6
55	122	5
55	123	4
55	124	3
55	125	2
55	126	2
55	127	1
55	128	128
55	129	255
55	130	254
55	131	254
55	132	253
55	133	252
55	134	251
55	135	250
55	136	249
55	137	249
55	138	248
55	139	248
55	140	247
55	141	246
55	142	245
55	143	244
55	144	242
55	145	242
55	146	241
55	147	241
55	148	240
55	149	240
55	150	239
55	151	238
55	152	238
55	153	237
55	154	236
55	155	235
55	156	234
55	157	233
55	158	232
55	159	230
55	160	228
55	161	228
55	162	228
55	163	227
55	164	227
55	165	226
55	166	226
55	167	225
55	168	225
55	169	224
55	170	223
55	171	223
55	172	222
55	173	221
55	174	221
55	175	220
55	176	219
55	177	219
55	178	218
55	179	217
55	180	216
55	181	215
55	182	214
55	183	213
55	184	212
55	185	211
55	186	210
55	187	208
55	188	207
55	189	206
55	190	204
55	191	203
55	192	201
55	193	200
55	194	199
55	195	198
55	196	197
55	197	196
55	198	195
55	199	194
55	200	193
55	201	192
55	202	191
55	203	191
55	204	190
55	205	189
55	206	189
55	207	188
55	208	187
55	209	187
55	210	186
55	211	185
55	212	184
55	213	183
55	214	182
55	215	181
55	216	180
55	217	179
55	218	178
55	219	176
55	220	175
55	221	174
55	222	172
55	223	171
55	224	169
55	225	167
55	226	165
55	227	163
55	228	161
55	229	160
55	230	159
55	231	158
55	232	158
55	233	157
55	234	156
55	235	155
55	236	154
55	237	153
55	238	152
55	239	150
55	240	148
55	241	147
55	242	145
55	243	144
55	244	143
55	245	142
55	246	141
55	247	140
55	248	138
55	249	136
55	250	135
55	251	134
55	252	133
55	253	132
55	254	131
55	255	129
56	0	128
56	1	127
56	2	126
56	3	124
56	4	123
56	5	122
56	6	121
56	7	120
56	8	118
56	9	116
56	10	115
56	11	114
56	12	113
56	13	113
56	14	112
56	15	110
56	16	108
56	17	106
56	18	105
56	19	104
56	20	102
56	21	101
56	22	100
56	23	99
56	24	99
56	25	98
56	26	97
56	27	97
56	28	96
56	29	94
56	30	92
56	31	90
56	32	88
56	33	86
56	34	85
56	35	83
56	36	82
56	37	80
56	38	79
56	39	78
56	40	77
56	41	76
56	42	75
56	43	74
56	44	73
56	45	72
56	46	71
56	47	70
56	48	69
56	49	69
56	50	68
56	51	67
56	52	66
56	53	66
56	54	65
56	55	65
56	56	64
56	57	63
56	58	62
56	59	61
56	60	60
56	61	59
56	62	58
56	63	57
56	64	56
56	65	54
56	66	53
56	67	51
56	68	50
56	69	48
56	70	47
56	71	46
56	72	45
56	73	44
56	74	43
56	75	42
56	76	41
56	77	40
56	78	39
56	79	38
56	80	37
56	81	37
56	82	36
56	83	35
56	84	34
56	85	34
56	86	33
56	87	33
56	88	32
56	89	31
56	90	31
56	91	30
56	92	30
56	93	29
56	94	29
56	95	28
56	96	28
56	97	26
56	98	25
56	99	24
56	100	22
56	101	21
56	102	20
56	103	19
56	104	19
56	105	18
56	106	17
56	107	17
56	108	16
56	109	15
56	110	15
56	111	14
56	112	14
56	113	12
56	114	11
56	115	10
56	116	9
56	117	9
56	118	8
56	119	7
56	120	7
56	121	6
56	122	5
56	123	4
56	124	4
56	125	2
56	126	2
56	127	1
56	128	128
56	129	255
56	130	254
56	131	254
56	132	252
56	133	252
56	134	251
56	135	250
56	136	249
56	137	249
56	138	248
56	139	247
56	140	247
56	141	246
56	142	245
56	143	244
56	144	242
56	145	242
56	146	241
56	147	241
56	148	240
56	149	239
56	150	239
56	151	238
56	152	237
56	153	237
56	154	236
56	155	235
56	156	234
56	157	232
56	158	231
56	159	230
56	160	228
56	161	228
56	162	227
56	163	227
56	164	226
56	165	226
56	166	225
56	167	225
56	168	224
56	169	223
56	170	223
56	171	222
56	172	222
56	173	221
56	174	220
56	175	219
56	176	219
56	177	218
56	178	217
56	179	216
56	180	215
56	181	214
56	182	213
56	183	212
56	184	211
56	185	210
56	186	209
56	187	208
56	188	206
56	189	205
56	190	203
56	191	202
56	192	200
56	193	199
56	194	198
56	195	197
56	196	196
56	197	195
56	198	194
56	199	193
56	200	192
56	201	191
56	202	191
56	203	190
56	204	190
56	205	189
56	206	188
56	207	187
56	208	187
56	209	186
56	210	185
56	211	184
56	212	183
56	213	182
56	214	181
56	215	180
56	216	179
56	217	178
56	218	177
56	219	176
56	220	174
56	221	173
56	222	171
56	223	170
56	224	168
56	225	166
56	226	164
56	227	162
56	228	160
56	229	159
56	230	159
56	231	158
56	232	157
56	233	157
56	234	156
56	235	155
56	236	154
56	237	152
56	238	151
56	239	150
56	240	148
56	241	146
56	242	144
56	243	143
56	244	143
56	245	142
56	246	141
56	247	140
56	248	138
56	249	136
56	250	135
56	251	134
56	252	133
56	253	132
56	254	130
56	255	129
57	0	128
57	1	127
57	2	126
57	3	124
57	4	123
57	5	122
57	6	121
57	7	120
57	8	118
57	9	117
57	10	115
57	11	114
57	12	114
57	13	113
57	14	112
57	15	110
57	16	108
57	17	107
57	18	105
57	19	104
57	20	103
57	21	102
57	22	101
57	23	100
57	24	99
57	25	98
57	26	98
57	27	97
57	28	96
57	29	95
57	30	93
57	31	91
57	32	89
57	33	87
57	34	86
57	35	84
57	36	83
57	37	81
57	38	80
57	39	79
57	40	78
57	41	76
57	42	75
57	43	74
57	44	73
57	45	73
57	46	72
57	47	71
57	48	70
57	49	69
57	50	68
57	51	68
57	52	67
57	53	66
57	54	66
57	55	65
57	56	65
57	57	64
57	58	63
57	59	62
57	60	61
57	61	60
57	62	59
57	63	58
57	64	57
57	65	55
57	66	54
57	67	52
57	68	51
57	69	49
57	70	48
57	71	47
57	72	46
57	73	44
57	74	43
57	75	42
57	76	41
57	77	41
57	78	40
57	79	39
57	80	38
57	81	37
57	82	36
57	83	36
57	84	35
57	85	34
57	86	34
57	87	33
57	88	33
57	89	32
57	90	31
57	91	31
57	92	30
57	93	30
57	94	29
57	95	29
57	96	28
57	97	27
57	98	25
57	99	24
57	100	23
57	101	22
57	102	21
57	103	20
57	104	19
57	105	18
57	106	18
57	107	17
57	108	16
57	109	16
57	110	15
57	111	15
57	112	14
57	113	13
57	114	11
57	115	10
57	116	10
57	117	9
57	118	8
57	119	8
57	120	7
57	121	6
57	122	5
57	123	4
57	124	4
57	125	2
57	126	2
57	127	1
57	128	128
57	129	255
57	130	254
57	131	254
57	132	252
57	133	252
57	134	251
57	135	250
57	136	249
57	137	248
57	138	248
57	139	247
57	140	246
57	141	246
57	142	245
57	143	243
57	144	242
57	145	241
57	146	241
57	147	240
57	148	240
57	149	239
57	150	238
57	151	238
57	152	237
57	153	236
57	154	235
57	155	234
57	156	233
57	157	232
57	158	231
57	159	229
57	160	228
57	161	227
57	162	227
57	163	226
57	164	226
57	165	225
57	166	225
57	167	224
57	168	223
57	169	223
57	170	222
57	171	222
57	172	221
57	173	220
57	174	220
57	175	219
57	176	218
57	177	217
57	178	216
57	179	215
57	180	215
57	181	214
57	182	213
57	183	212
57	184	210
57	185	209
57	186	208
57	187	207
57	188	205
57	189	204
57	190	202
57	191	201
57	192	199
57	193	198
57	194	197
57	195	196
57	196	195
57	197	194
57	198	193
57	199	192
57	200	191
57	201	191
57	202	190
57	203	190
57	204	189
57	205	188
57	206	188
57	207	187
57	208	186
57	209	185
57	210	184
57	211	183
57	212	183
57	213	182
57	214	181
57	215	180
57	216	178
57	217	177
57	218	176
57	219	175
57	220	173
57	221	172
57	222	170
57	223	169
57	224	167
57	225	165
57	226	163
57	227	161
57	228	160
57	229	159
57	230	158
57	231	158
57	232	157
57	233	156
57	234	155
57	235	154
57	236	153
57	237	152
57	238	151
57	239	149
57	240	148
57	241	146
57	242	144
57	243	143
57	244	142
57	245	142
57	246	141
57	247	139
57	248	138
57	249	136
57	250	135
57	251	134
57	252	133
57	253	132
57	254	130
57	255	129
58	0	128
58	1	127
58	2	126
58	3	124
58	4	123
58	5	122
58	6	121
58	7	120
58	8	118
58	9	117
58	10	116
58	11	115
58	12	114
58	13	113
58	14	112
58	15	111
58	16	109
58	17	107
58	18	106
58	19	104
58	20	103
58	21	102
58	22	101
58	23	100
58	24	99
58	25	99
58	26	98
58	27	97
58	28	97
58	29	96
58	30	94
58	31	92
58	32	90
58	33	88
58	34	87
58	35	85
58	36	84
58	37	82
58	38	81
58	39	80
58	40	78
58	41	77
58	42	76
58	43	75
58	44	74
58	45	73
58	46	72
58	47	71
58	48	71
58	49	70
58	50	69
58	51	68
58	52	68
58	53	67
58	54	66
58	55	66
58	56	65
58	57	65
58	58	64
58	59	63
58	60	62
58	61	61
58	62	60
58	63	59
58	64	58
58	65	56
58	66	55
58	67	53
58	68	52
58	69	50
58	70	49
58	71	48
58	72	46
58	73	45
58	74	44
58	75	43
58	76	42
58	77	41
58	78	40
58	79	39
58	80	39
58	81	38
58	82	37
58	83	36
58	84	36
58	85	35
58	86	34
58	87	34
58	88	33
58	89	33
58	90	32
58	91	31
58	92	31
58	93	30
58	94	30
58	95	29
58	96	29
58	97	27
58	98	26
58	99	24
58	100	23
58	101	22
58	102	21
58	103	20
58	104	19
58	105	19
58	106	18
58	107	17
58	108	17
58	109	16
58	110	15
58	111	15
58	112	14
58	113	13
58	114	12
58	115	11
58	116	10
58	117	9
58	118	8
58	119	8
58	120	7
58	121	6
58	122	5
58	123	4
58	124	4
58	125	2
58	126	2
58	127	1
58	128	128
58	129	255
58	130	254
58	131	254
58	132	252
58	133	252
58	134	251
58	135	250
58	136	249
58	137	248
58	138	248
58	139	247
58	140	246
58	141	245
58	142	244
58	143	243
58	144	242
58	145	241
58	146	241
58	147	240
58	148	239
58	149	239
58	150	238
58	151	237
58	152	237
58	153	236
58	154	235
58	155	234
58	156	233
58	157	232
58	158	230
58	159	229
58	160	227
58	161	227
58	162	226
58	163	226
58	164	225
58	165	225
58	166	224
58	167	223
58	168	223
58	169	222
58	170	222
58	171	221
58	172	220
58	173	220
58	174	219
58	175	218
58	176	217
58	177	217
58	178	216
58	179	215
58	180	214
58	181	213
58	182	212
58	183	211
58	184	210
58	185	208
58	186	207
58	187	206
58	188	204
58	189	203
58	190	201
58	191	200
58	192	198
58	193	197
58	194	196
58	195	195
58	196	194
58	197	193
58	198	192
58	199	191
58	200	191
58	201	190
58	202	190
58	203	189
58	204	188
58	205	188
58	206	187
58	207	186
58	208	185
58	209	185
58	210	184
58	211	183
58	212	182
58	213	181
58	214	180
58	215	179
58	216	178
58	217	176
58	218	175
58	219	174
58	220	172
58	221	171
58	222	169
58	223	168
58	224	166
58	225	164
58	226	162
58	227	160
58	228	159
58	229	159
58	230	158
58	231	157
58	232	157
58	233	156
58	234	155
58	235	154
58	236	153
58	237	152
58	238	150
58	239	149
58	240	147
58	241	145
58	242	144
58	243	143
58	244	142
58	245	141
58	246	140
58	247	139
58	248	138
58	249	136
58	250	135
58	251	134
58	252	133
58	253	132
58	254	130
58	255	129
59	0	128
59	1	127
59	2	126
59	3	124
59	4	123
59	5	122
59	6	121
59	7	120
59	8	119
59	9	117
59	10	116
59	11	115
59	12	114
59	13	113
59	14	112
59	15	111
59	16	110
59	17	108
59	18	106
59	19	105
59	20	104
59	21	102
59	22	101
59	23	101
59	24	100
59	25	99
59	26	98
59	27	97
59	28	97
59	29	96
59	30	95
59	31	93
59	32	91
59	33	89
59	34	88
59	35	86
59	36	84
59	37	83
59	38	82
59	39	80
59	40	79
59	41	78
59	42	77
59	43	76
59	44	75
59	45	74
59	46	73
59	47	72
59	48	71
59	49	71
59	50	70
59	51	69
59	52	68
59	53	68
59	54	67
59	55	66
59	56	66
59	57	65
59	58	65
59	59	64
59	60	63
59	61	62
59	62	61
59	63	60
59	64	59
59	65	57
59	66	56
59	67	54
59	68	52
59	69	51
59	70	50
59	71	48
59	72	47
59	73	46
59	74	45
59	75	44
59	76	43
59	77	42
59	78	41
59	79	40
59	80	39
59	81	39
59	82	38
59	83	37
59	84	36
59	85	36
59	86	35
59	87	34
59	88	34
59	89	33
59	90	33
59	91	32
59	92	31
59	93	31
59	94	30
59	95	30
59	96	30
59	97	28
59	98	26
59	99	25
59	100	24
59	101	22
59	102	21
59	103	21
59	104	20
59	105	19
59	106	18
59	107	17
59	108	17
59	109	16
59	110	16
59	111	15
59	112	15
59	113	13
59	114	12
59	115	11
59	116	10
59	117	9
59	118	8
59	119	8
59	120	7
59	121	6
59	122	5
59	123	4
59	124	4
59	125	2
59	126	2
59	127	1
59	128	128
59	129	255
59	130	254
59	131	254
59	132	252
59	133	252
59	134	251
59	135	250
59	136	249
59	137	248
59	138	248
59	139	247
59	140	246
59	141	245
59	142	244
59	143	243
59	144	241
59	145	241
59	146	240
59	147	240
59	148	239
59	149	239
59	150	238
59	151	237
59	152	236
59	153	235
59	154	235
59	155	234
59	156	232
59	157	231
59	158	230
59	159	228
59	160	226
59	161	226
59	162	226
59	163	225
59	164	225
59	165	224
59	166	223
59	167	223
59	168	222
59	169	222
59	170	221
59	171	220
59	172	220
59	173	219
59	174	218
59	175	217
59	176	217
59	177	216
59	178	215
59	179	214
59	180	213
59	181	212
59	182	211
59	183	210
59	184	209
59	185	208
59	186	206
59	187	205
59	188	204
59	189	202
59	190	200
59	191	199
59	192	197
59	193	196
59	194	195
59	195	194
59	196	193
59	197	192
59	198	191
59	199	191
59	200	190
59	201	190
59	202	189
59	203	188
59	204	188
59	205	187
59	206	186
59	207	185
59	208	185
59	209	184
59	210	183
59	211	182
59	212	181
59	213	180
59	214	179
59	215	178
59	216	177
59	217	176
59	218	174
59	219	173
59	220	172
59	221	170
59	222	168
59	223	167
59	224	165
59	225	163
59	226	161
59	227	160
59	228	159
59	229	159
59	230	158
59	231	157
59	232	156
59	233	155
59	234	155
59	235	154
59	236	152
59	237	151
59	238	150
59	239	148
59	240	146
59	241	145
59	242	144
59	243	143
59	244	142
59	245	141
59	246	140
59	247	139
59	248	137
59	249	136
59	250	135
59	251	134
59	252	133
59	253	132
59	254	130
59	255	129
60	0	128
60	1	127
60	2	126
60	3	124
60	4	124
60	5	122
60	6	121
60	7	120
60	8	119
60	9	117
60	10	116
60	11	115
60	12	114
60	13	113
60	14	113
60	15	112
60	16	110
60	17	108
60	18	107
60	19	105
60	20	104
60	21	103
60	22	102
60	23	101
60	24	100
60	25	99
60	26	98
60	27	98
60	28	97
60	29	97
60	30	96
60	31	94
60	32	92
60	33	90
60	34	88
60	35	87
60	36	85
60	37	84
60	38	83
60	39	81
60	40	80
60	41	79
60	42	78
60	43	77
60	44	76
60	45	75
60	46	74
60	47	73
60	48	72
60	49	71
60	50	70
60	51	70
60	52	69
60	53	68
60	54	68
60	55	67
60	56	66
60	57	66
60	58	65
60	59	65
60	60	64
60	61	63
60	62	62
60	63	61
60	64	60
60	65	58
60	66	56
60	67	55
60	68	53
60	69	52
60	70	51
60	71	49
60	72	48
60	73	47
60	74	46
60	75	45
60	76	44
60	77	43
60	78	42
60	79	41
60	80	40
60	81	39
60	82	38
60	83	38
60	84	37
60	85	36
60	86	36
60	87	35
60	88	34
60	89	34
60	90	33
60	91	33
60	92	32
60	93	31
60	94	31
60	95	30
60	96	30
60	97	28
60	98	27
60	99	25
60	100	24
60	101	23
60	102	22
60	103	21
60	104	20
60	105	19
60	106	18
60	107	18
60	108	17
60	109	17
60	110	16
60	111	15
60	112	15
60	113	13
60	114	12
60	115	11
60	116	10
60	117	9
60	118	9
60	119	8
60	120	8
60	121	6
60	122	5
60	123	4
60	124	4
60	125	2
60	126	2
60	127	1
60	128	128
60	129	255
60	130	254
60	131	254
60	132	252
60	133	252
60	134	251
60	135	250
60	136	248
60	137	248
60	138	247
60	139	247
60	140	246
60	141	245
60	142	244
60	143	243
60	144	241
60	145	241
60	146	240
60	147	239
60	148	239
60	149	238
60	150	238
60	151	237
60	152	236
60	153	235
60	154	234
60	155	233
60	156	232
60	157	231
60	158	229
60	159	228
60	160	226
60	161	226
60	162	225
60	163	225
60	164	224
60	165	223
60	166	223
60	167	222
60	168	222
60	169	221
60	170	220
60	171	220
60	172	219
60	173	218
60	174	218
60	175	217
60	176	216
60	177	215
60	178	214
60	179	213
60	180	212
60	181	211
60	182	210
60	183	209
60	184	208
60	185	207
60	186	205
60	187	204
60	188	203
60	189	201
60	190	200
60	191	198
60	192	196
60	193	195
60	194	194
60	195	193
60	196	192
60	197	191
60	198	191
60	199	190
60	200	190
60	201	189
60	202	188
60	203	188
60	204	187
60	205	186
60	206	186
60	207	185
60	208	184
60	209	183
60	210	182
60	211	181
60	212	180
60	213	179
60	214	178
60	215	177
60	216	176
60	217	175
60	218	173
60	219	172
60	220	171
60	221	169
60	222	168
60	223	166
60	224	164
60	225	162
60	226	160
60	227	159
60	228	159
60	229	158
60	230	158
60	231	157
60	232	156
60	233	155
60	234	154
60	235	153
60	236	152
60	237	151
60	238	149
60	239	148
60	240	146
60	241	144
60	242	143
60	243	143
60	244	142
60	245	141
60	246	140
60	247	139
60	248	137
60	249	136
60	250	135
60	251	134
60	252	132
60	253	132
60	254	130
60	255	129
61	0	128
61	1	127
61	2	126
61	3	125
61	4	124
61	5	122
61	6	121
61	7	120
61	8	119
61	9	118
61	10	116
61	11	115
61	12	114
61	13	113
61	14	113
61	15	112
61	16	110
61	17	109
61	18	107
61	19	106
61	20	104
61	21	103
61	22	102
61	23	101
61	24	100
61	25	100
61	26	99
61	27	98
61	28	97
61	29	97
61	30	96
61	31	95
61	32	93
61	33	91
61	34	89
61	35	88
61	36	86
61	37	85
61	38	83
61	39	82
61	40	81
61	41	80
61	42	78
61	43	77
61	44	76
61	45	75
61	46	74
61	47	74
61	48	73
61	49	72
61	50	71
61	51	70
61	52	70
61	53	69
61	54	68
61	55	67
61	56	67
61	57	66
61	58	66
61	59	65
61	60	65
61	61	64
61	62	63
61	63	62
61	64	61
61	65	59
61	66	57
61	67	56
61	68	54
61	69	53
61	70	51
61	71	50
61	72	49
61	73	48
61	74	46
61	75	45
61	76	44
61	77	43
61	78	42
61	79	42
61	80	41
61	81	40
61	82	39
61	83	38
61	84	38
61	85	37
61	86	36
61	87	35
61	88	35
61	89	34
61	90	34
61	91	33
61	92	33
61	93	32
61	94	31
61	95	31
61	96	30
61	97	29
61	98	27
61	99	26
61	100	24
61	101	23
61	102	22
61	103	21
61	104	20
61	105	20
61	106	19
61	107	18
61	108	17
61	109	17
61	110	16
61	111	16
61	112	15
61	113	14
61	114	12
61	115	11
61	116	10
61	117	9
61	118	9
61	119	8
61	120	8
61	121	6
61	122	5
61	123	4
61	124	4
61	125	3
61	126	2
61	127	1
61	128	128
61	129	255
61	130	254
61	131	253
61	132	252
61	133	252
61	134	251
61	135	250
61	136	248
61	137	248
61	138	247
61	139	247
61	140	246
61	141	245
61	142	244
61	143	242
61	144	241
61	145	240
61	146	240
61	147	239
61	148	239
61	149	238
61	150	237
61	151	236
61	152	236
61	153	235
61	154	234
61	155	233
61	156	232
61	157	230
61	158	229
61	159	227
61	160	226
61	161	225
61	162	225
61	163	224
61	164	223
61	165	223
61	166	222
61	167	222
61	168	221
61	169	221
61	170	220
61	171	219
61	172	218
61	173	218
61	174	217
61	175	216
61	176	215
61	177	214
61	178	214
61	179	213
61	180	212
61	181	211
61	182	210
61	183	208
61	184	207
61	185	206
61	186	205
61	187	203
61	188	202
61	189	200
61	190	199
61	191	197
61	192	195
61	193	194
61	194	193
61	195	192
61	196	191
61	197	191
61	198	190
61	199	190
61	200	189
61	201	189
61	202	188
61	203	187
61	204	186
61	205	186
61	206	185
61	207	184
61	208	183
61	209	182
61	210	182
61	211	181
61	212	180
61	213	179
61	214	178
61	215	176
61	216	175
61	217	174
61	218	173
61	219	171
61	220	170
61	221	168
61	222	167
61	223	165
61	224	163
61	225	161
61	226	160
61	227	159
61	228	159
61	229	158
61	230	157
61	231	156
61	232	156
61	233	155
61	234	154
61	235	153
61	236	152
61	237	150
61	238	149
61	239	147
61	240	146
61	241	144
61	242	143
61	243	143
61	244	142
61	245	141
61	246	140
61	247	138
61	248	137
61	249	136
61	250	135
61	251	134
61	252	132
61	253	131
61	254	130
61	255	129
62	0	128
62	1	127
62	2	126
62	3	125
62	4	124
62	5	122
62	6	121
62	7	120
62	8	120
62	9	118
62	10	116
62	11	115
62	12	114
62	13	114
62	14	113
62	15	112
62	16	111
62	17	109
62	18	108
62	19	106
62	20	105
62	21	104
62	22	103
62	23	102
62	24	101
62	25	100
62	26	99
62	27	98
62	28	98
62	29	97
62	30	97
62	31	96
62	32	94
62	33	92
62	34	90
62	35	89
62	36	87
62	37	86
62	38	84
62	39	83
62	40	82
62	41	80
62	42	79
62	43	78
62	44	77
62	45	76
62	46	75
62	47	74
62	48	73
62	49	72
62	50	72
62	51	71
62	52	70
62	53	69
62	54	69
62	55	68
62	56	67
62	57	67
62	58	66
62	59	66
62	60	65
62	61	65
62	62	64
62	63	63
62	64	62
62	65	60
62	66	58
62	67	57
62	68	55
62	69	54
62	70	52
62	71	51
62	72	50
62	73	48
62	74	47
62	75	46
62	76	45
62	77	44
62	78	43
62	79	42
62	80	41
62	81	40
62	82	40
62	83	39
62	84	38
62	85	37
62	86	37
62	87	36
62	88	35
62	89	35
62	90	34
62	91	34
62	92	33
62	93	33
62	94	32
62	95	31
62	96	31
62	97	29
62	98	28
62	99	26
62	100	25
62	101	24
62	102	23
62	103	22
62	104	21
62	105	20
62	106	19
62	107	18
62	108	18
62	109	17
62	110	17
62	111	16
62	112	16
62	113	14
62	114	12
62	115	11
62	116	10
62	117	10
62	118	9
62	119	8
62	120	8
62	121	6
62	122	5
62	123	4
62	124	4
62	125	3
62	126	2
62	127	1
62	128	128
62	129	255
62	130	254
62	131	253
62	132	252
62	133	252
62	134	251
62	135	250
62	136	248
62	137	248
62	138	247
62	139	246
62	140	246
62	141	245
62	142	244
62	143	242
62	144	240
62	145	240
62	146	239
62	147	239
62	148	238
62	149	238
62	150	237
62	151	236
62	152	235
62	153	234
62	154	233
62	155	232
62	156	231
62	157	230
62	158	228
62	159	227
62	160	225
62	161	225
62	162	224
62	163	223
62	164	223
62	165	222
62	166	222
62	167	221
62	168	221
62	169	220
62	170	219
62	171	219
62	172	218
62	173	217
62	174	216
62	175	216
62	176	215
62	177	214
62	178	213
62	179	212
62	180	211
62	181	210
62	182	209
62	183	208
62	184	206
62	185	205
62	186	204
62	187	202
62	188	201
62	189	199
62	190	198
62	191	196
62	192	194
62	193	193
62	194	192
62	195	191
62	196	191
62	197	190
62	198	190
62	199	189
62	200	189
62	201	188
62	202	187
62	203	187
62	204	186
62	205	185
62	206	184
62	207	184
62	208	183
62	209	182
62	210	181
62	211	180
62	212	179
62	213	178
62	214	177
62	215	176
62	216	174
62	217	173
62	218	172
62	219	170
62	220	169
62	221	167
62	222	166
62	223	164
62	224	162
62	225	160
62	226	159
62	227	159
62	228	158
62	229	158
62	230	157
62	231	156
62	232	155
62	233	154
62	234	153
62	235	152
62	236	151
62	237	150
62	238	148
62	239	147
62	240	145
62	241	144
62	242	143
62	243	142
62	244	142
62	245	141
62	246	140
62	247	138
62	248	136
62	249	136
62	250	135
62	251	134
62	252	132
62	253	131
62	254	130
62	255	129
63	0	128
63	1	127
63	2	126
63	3	125
63	4	124
63	5	122
63	6	121
63	7	120
63	8	120
63	9	118
63	10	117
63	11	115
63	12	114
63	13	114
63	14	113
63	15	112
63	16	112
63	17	110
63	18	108
63	19	107
63	20	105
63	21	104
63	22	103
63	23	102
63	24	101
63	25	100
63	26	99
63	27	99
63	28	98
63	29	97
63	30	97
63	31	96
63	32	95
63	33	93
63	34	91
63	35	90
63	36	88
63	37	86
63	38	85
63	39	84
63	40	82
63	41	81
63	42	80
63	43	79
63	44	78
63	45	77
63	46	76
63	47	75
63	48	74
63	49	73
63	50	72
63	51	72
63	52	71
63	53	70
63	54	69
63	55	69
63	56	68
63	57	67
63	58	67
63	59	66
63	60	66
63	61	65
63	62	65
63	63	64
63	64	63
63	65	61
63	66	59
63	67	58
63	68	56
63	69	54
63	70	53
63	71	52
63	72	50
63	73	49
63	74	48
63	75	47
63	76	46
63	77	45
63	78	44
63	79	43
63	80	42
63	81	41
63	82	40
63	83	40
63	84	39
63	85	38
63	86	37
63	87	37
63	88	36
63	89	35
63	90	35
63	91	34
63	92	34
63	93	33
63	94	33
63	95	32
63	96	32
63	97	30
63	98	28
63	99	27
63	100	25
63	101	24
63	102	23
63	103	22
63	104	21
63	105	20
63	106	19
63	107	19
63	108	18
63	109	17
63	110	17
63	111	16
63	112	16
63	113	14
63	114	13
63	115	11
63	116	10
63	117	10
63	118	9
63	119	8
63	120	8
63	121	6
63	122	5
63	123	4
63	124	4
63	125	3
63	126	2
63	127	1
63	128	128
63	129	255
63	130	254
63	131	253
63	132	252
63	133	252
63	134	251
63	135	250
63	136	248
63	137	248
63	138	247
63	139	246
63	140	246
63	141	245
63	142	243
63	143	242
63	144	240
63	145	240
63	146	239
63	147	239
63	148	238
63	149	237
63	150	237
63	151	236
63	152	235
63	153	234
63	154	233
63	155	232
63	156	231
63	157	229
63	158	228
63	159	226
63	160	224
63	161	224
63	162	223
63	163	223
63	164	222
63	165	222
63	166	221
63	167	221
63	168	220
63	169	219
63	170	219
63	171	218
63	172	217
63	173	216
63	174	216
63	175	215
63	176	214
63	177	213
63	178	212
63	179	211
63	180	210
63	181	209
63	182	208
63	183	207
63	184	206
63	185	204
63	186	203
63	187	202
63	188	200
63	189	198
63	190	197
63	191	195
63	192	193
63	193	192
63	194	191
63	195	191
63	196	190
63	197	190
63	198	189
63	199	189
63	200	188
63	201	187
63	202	187
63	203	186
63	204	185
63	205	184
63	206	184
63	207	183
63	208	182
63	209	181
63	210	180
63	211	179
63	212	178
63	213	177
63	214	176
63	215	175
63	216	174
63	217	172
63	218	171
63	219	170
63	220	168
63	221	166
63	222	165
63	223	163
63	224	161
63	225	160
63	226	159
63	227	159
63	228	158
63	229	157
63	230	157
63	231	156
63	232	155
63	233	154
63	234	153
63	235	152
63	236	151
63	237	149
63	238	148
63	239	146
63	240	144
63	241	144
63	242	143
63	243	142
63	244	142
63	245	141
63	246	139
63	247	138
63	248	136
63	249	136
63	250	135
63	251	134
63	252	132
63	253	131
63	254	130
63	255	129
64	0	128
64	1	127
64	2	126
64	3	125
64	4	124
64	5	122
64	6	121
64	7	121
64	8	120
64	9	118
64	10	117
64	11	116
64	12	115
64	13	114
64	14	113
64	15	113
64	16	112
64	17	110
64	18	108
64	19	107
64	20	106
64	21	104
64	22	103
64	23	102
64	24	101
64	25	100
64	26	100
64	27	99
64	28	98
64	29	98
64	30	97
64	31	97
64	32	96
64	33	94
64	34	92
64	35	91
64	36	89
64	37	87
64	38	86
64	39	85
64	40	83
64	41	82
64	42	81
64	43	80
64	44	79
64	45	78
64	46	77
64	47	76
64	48	75
64	49	74
64	50	73
64	51	72
64	52	71
64	53	71
64	54	70
64	55	69
64	56	69
64	57	68
64	58	67
64	59	67
64	60	66
64	61	66
64	62	65
64	63	65
64	64	64
64	65	62
64	66	60
64	67	59
64	68	57
64	69	55
64	70	54
64	71	53
64	72	51
64	73	50
64	74	49
64	75	48
64	76	47
64	77	46
64	78	45
64	79	44
64	80	43
64	81	42
64	82	41
64	83	40
64	84	39
64	85	39
64	86	38
64	87	37
64	88	37
64	89	36
64	90	35
64	91	35
64	92	34
64	93	34
64	94	33
64	95	33
64	96	32
64	97	30
64	98	28
64	99	27
64	100	26
64	101	24
64	102	23
64	103	22
64	104	21
64	105	20
64	106	20
64	107	19
64	108	18
64	109	18
64	110	17
64	111	17
64	112	16
64	113	14
64	114	13
64	115	12
64	116	11
64	117	10
64	118	9
64	119	9
64	120	8
64	121	6
64	122	5
64	123	5
64	124	4
64	125	3
64	126	2
64	127	1
64	128	128
64	129	255
64	130	254
64	131	253
64	132	252
64	133	251
64	134	251
64	135	250
64	136	248
64	137	247
64	138	247
64	139	246
64	140	245
64	141	244
64	142	243
64	143	242
64	144	240
64	145	239
64	146	239
64	147	238
64	148	238
64	149	237
64	150	236
64	151	236
64	152	235
64	153	234
64	154	233
64	155	232
64	156	230
64	157	229
64	158	228
64	159	226
64	160	224
64	161	223
64	162	223
64	163	222
64	164	222
64	165	221
64	166	221
64	167	220
64	168	219
64	169	219
64	170	218
64	171	217
64	172	217
64	173	216
64	174	215
64	175	214
64	176	213
64	177	212
64	178	211
64	179	210
64	180	209
64	181	208
64	182	207
64	183	206
64	184	205
64	185	203
64	186	202
64	187	201
64	188	199
64	189	197
64	190	196
64	191	194
64	192	192
64	193	191
64	194	191
64	195	190
64	196	190
64	197	189
64	198	189
64	199	188
64	200	187
64	201	187
64	202	186
64	203	185
64	204	185
64	205	184
64	206	183
64	207	182
64	208	181
64	209	180
64	210	179
64	211	178
64	212	177
64	213	176
64	214	175
64	215	174
64	216	173
64	217	171
64	218	170
64	219	169
64	220	167
64	221	165
64	222	164
64	223	162
64	224	160
64	225	159
64	226	159
64	227	158
64	228	158
64	229	157
64	230	156
64	231	156
64	232	155
64	233	154
64	234	153
64	235	152
64	236	150
64	237	149
64	238	148
64	239	146
64	240	144
64	241	143
64	242	143
64	243	142
64	244	141
64	245	140
64	246	139
64	247	138
64	248	136
64	249	135
64	250	135
64	251	134
64	252	132
64	253	131
64	254	130
64	255	129
65	0	128
65	1	127
65	2	126
65	3	125
65	4	124
65	5	123
65	6	122
65	7	121
65	8	120
65	9	119
65	10	117
65	11	116
65	12	115
65	13	114
65	14	113
65	15	113
65	16	112
65	17	111
65	18	109
65	19	108
65	20	106
65	21	105
65	22	104
65	23	103
65	24	102
65	25	101
65	26	100
65	27	100
65	28	99
65	29	98
65	30	98
65	31	97
65	32	96
65	33	96
65	34	94
65	35	92
65	36	91
65	37	89
65	38	88
65	39	86
65	40	85
65	41	84
65	42	82
65	43	81
65	44	80
65	45	79
65	46	78
65	47	77
65	48	76
65	49	75
65	50	74
65	51	73
65	52	73
65	53	72
65	54	71
65	55	70
65	56	70
65	57	69
65	58	68
65	59	68
65	60	67
65	61	67
65	62	66
65	63	66
65	64	65
65	65	64
65	66	62
65	67	60
65	68	59
65	69	57
65	70	56
65	71	54
65	72	53
65	73	52
65	74	50
65	75	49
65	76	48
65	77	47
65	78	46
65	79	45
65	80	44
65	81	43
65	82	42
65	83	41
65	84	41
65	85	40
65	86	39
65	87	38
65	88	38
65	89	37
65	90	36
65	91	36
65	92	35
65	93	35
65	94	34
65	95	34
65	96	33
65	97	31
65	98	29
65	99	28
65	100	26
65	101	25
65	102	24
65	103	23
65	104	22
65	105	21
65	106	20
65	107	20
65	108	19
65	109	18
65	110	18
65	111	17
65	112	16
65	113	15
65	114	13
65	115	12
65	116	11
65	117	10
65	118	9
65	119	9
65	120	8
65	121	7
65	122	6
65	123	5
65	124	4
65	125	3
65	126	2
65	127	1
65	128	128
65	129	255
65	130	254
65	131	253
65	132	252
65	133	251
65	134	250
65	135	249
65	136	248
65	137	247
65	138	247
65	139	246
65	140	245
65	141	244
65	142	243
65	143	241
65	144	240
65	145	239
65	146	238
65	147	238
65	148	237
65	149	236
65	150	236
65	151	235
65	152	234
65	153	233
65	154	232
65	155	231
65	156	230
65	157	228
65	158	227
65	159	225
65	160	223
65	161	222
65	162	222
65	163	221
65	164	221
65	165	220
65	166	220
65	167	219
65	168	218
65	169	218
65	170	217
65	171	216
65	172	215
65	173	215
65	174	214
65	175	213
65	176	212
65	177	211
65	178	210
65	179	209
65	180	208
65	181	207
65	182	206
65	183	204
65	184	203
65	185	202
65	186	200
65	187	199
65	188	197
65	189	196
65	190	194
65	191	192
65	192	191
65	193	190
65	194	190
65	195	189
65	196	189
65	197	188
65	198	188
65	199	187
65	200	186
65	201	186
65	202	185
65	203	184
65	204	183
65	205	183
65	206	182
65	207	181
65	208	180
65	209	179
65	210	178
65	211	177
65	212	176
65	213	175
65	214	174
65	215	172
65	216	171
65	217	170
65	218	168
65	219	167
65	220	165
65	221	164
65	222	162
65	223	160
65	224	160
65	225	159
65	226	158
65	227	158
65	228	157
65	229	156
65	230	156
65	231	155
65	232	154
65	233	153
65	234	152
65	235	151
65	236	150
65	237	148
65	238	147
65	239	145
65	240	144
65	241	143
65	242	143
65	243	142
65	244	141
65	245	140
65	246	139
65	247	137
65	248	136
65	249	135
65	250	134
65	251	133
65	252	132
65	253	131
65	254	130
65	255	129
66	0	128
66	1	127
66	2	126
66	3	125
66	4	124
66	5	123
66	6	122
66	7	121
66	8	120
66	9	119
66	10	118
66	11	116
66	12	115
66	13	114
66	14	114
66	15	113
66	16	112
66	17	112
66	18	110
66	19	109
66	20	107
66	21	106
66	22	105
66	23	104
66	24	103
66	25	102
66	26	101
66	27	100
66	28	99
66	29	99
66	30	98
66	31	98
66	32	97
66	33	96
66	34	96
66	35	94
66	36	92
66	37	91
66	38	89
66	39	88
66	40	86
66	41	85
66	42	84
66	43	83
66	44	81
66	45	80
66	46	79
66	47	78
66	48	77
66	49	76
66	50	76
66	51	75
66	52	74
66	53	73
66	54	72
66	55	72
66	56	71
66	57	70
66	58	70
66	59	69
66	60	68
66	61	68
66	62	67
66	63	67
66	64	66
66	65	65
66	66	64
66	67	62
66	68	60
66	69	59
66	70	57
66	71	56
66	72	54
66	73	53
66	74	52
66	75	51
66	76	49
66	77	48
66	78	47
66	79	46
66	80	45
66	81	44
66	82	44
66	83	43
66	84	42
66	85	41
66	86	40
66	87	40
66	88	39
66	89	38
66	90	38
66	91	37
66	92	36
66	93	36
66	94	35
66	95	35
66	96	34
66	97	32
66	98	30
66	99	29
66	100	27
66	101	26
66	102	25
66	103	24
66	104	23
66	105	22
66	106	21
66	107	20
66	108	19
66	109	19
66	110	18
66	111	18
66	112	17
66	113	15
66	114	14
66	115	12
66	116	11
66	117	10
66	118	10
66	119	9
66	120	8
66	121	7
66	122	6
66	123	5
66	124	4
66	125	3
66	126	2
66	127	1
66	128	128
66	129	255
66	130	254
66	131	253
66	132	252
66	133	251
66	134	250
66	135	249
66	136	248
66	137	247
66	138	246
66	139	246
66	140	245
66	141	244
66	142	242
66	143	241
66	144	239
66	145	238
66	146	238
66	147	237
66	148	237
66	149	236
66	150	235
66	151	234
66	152	233
66	153	232
66	154	231
66	155	230
66	156	229
66	157	227
66	158	226
66	159	224
66	160	222
66	161	221
66	162	221
66	163	220
66	164	220
66	165	219
66	166	218
66	167	218
66	168	217
66	169	216
66	170	216
66	171	215
66	172	214
66	173	213
66	174	212
66	175	212
66	176	211
66	177	210
66	178	209
66	179	208
66	180	207
66	181	205
66	182	204
66	183	203
66	184	202
66	185	200
66	186	199
66	187	197
66	188	196
66	189	194
66	190	192
66	191	191
66	192	190
66	193	189
66	194	189
66	195	188
66	196	188
66	197	187
66	198	186
66	199	186
66	200	185
66	201	184
66	202	184
66	203	183
66	204	182
66	205	181
66	206	180
66	207	180
66	208	179
66	209	178
66	210	177
66	211	176
66	212	175
66	213	173
66	214	172
66	215	171
66	216	170
66	217	168
66	218	167
66	219	165
66	220	164
66	221	162
66	222	160
66	223	160
66	224	159
66	225	158
66	226	158
66	227	157
66	228	157
66	229	156
66	230	155
66	231	154
66	232	153
66	233	152
66	234	151
66	235	150
66	236	149
66	237	147
66	238	146
66	239	144
66	240	144
66	241	143
66	242	142
66	243	142
66	244	141
66	245	140
66	246	138
66	247	137
66	248	136
66	249	135
66	250	134
66	251	133
66	252	132
66	253	131
66	254	130
66	255	129
67	0	128
67	1	127
67	2	126
67	3	125
67	4	124
67	5	123
67	6	122
67	7	121
67	8	120
67	9	120
67	10	118
67	11	117
67	12	116
67	13	115
67	14	114
67	15	113
67	16	113
67	17	112
67	18	111
67	19	109
67	20	108
67	21	107
67	22	105
67	23	104
67	24	103
67	25	102
67	26	102
67	27	101
67	28	100
67	29	99
67	30	99
67	31	98
67	32	98
67	33	97
67	34	96
67	35	96
67	36	94
67	37	93
67	38	91
67	39	89
67	40	88
67	41	87
67	42	85
67	43	84
67	44	83
67	45	82
67	46	81
67	47	80
67	48	79
67	49	78
67	50	77
67	51	76
67	52	75
67	53	74
67	54	73
67	55	73
67	56	72
67	57	71
67	58	71
67	59	70
67	60	69
67	61	69
67	62	68
67	63	68
67	64	67
67	65	66
67	66	65
67	67	64
67	68	62
67	69	61
67	70	59
67	71	57
67	72	56
67	73	55
67	74	53
67	75	52
67	76	51
67	77	50
67	78	49
67	79	48
67	80	47
67	81	46
67	82	45
67	83	44
67	84	43
67	85	42
67	86	41
67	87	41
67	88	40
67	89	39
67	90	39
67	91	38
67	92	37
67	93	37
67	94	36
67	95	36
67	96	35
67	97	33
67	98	31
67	99	29
67	100	28
67	101	27
67	102	25
67	103	24
67	104	23
67	105	22
67	106	22
67	107	21
67	108	20
67	109	19
67	110	19
67	111	18
67	112	18
67	113	16
67	114	14
67	115	13
67	116	12
67	117	11
67	118	10
67	119	9
67	120	9
67	121	7
67	122	6
67	123	5
67	124	4
67	125	3
67	126	2
67	127	1
67	128	128
67	129	255
67	130	254
67	131	253
67	132	252
67	133	251
67	134	250
67	135	249
67	136	247
67	137	247
67	138	246
67	139	245
67	140	244
67	141	243
67	142	242
67	143	240
67	144	238
67	145	238
67	146	237
67	147	237
67	148	236
67	149	235
67	150	234
67	151	234
67	152	233
67	153	232
67	154	231
67	155	229
67	156	228
67	157	227
67	158	225
67	159	223
67	160	221
67	161	220
67	162	220
67	163	219
67	164	219
67	165	218
67	166	217
67	167	217
67	168	216
67	169	215
67	170	215
67	171	214
67	172	213
67	173	212
67	174	211
67	175	210
67	176	209
67	177	208
67	178	207
67	179	206
67	180	205
67	181	204
67	182	203
67	183	201
67	184	200
67	185	199
67	186	197
67	187	195
67	188	194
67	189	192
67	190	191
67	191	190
67	192	189
67	193	188
67	194	188
67	195	187
67	196	187
67	197	186
67	198	185
67	199	185
67	200	184
67	201	183
67	202	183
67	203	182
67	204	181
67	205	180
67	206	179
67	207	178
67	208	177
67	209	176
67	210	175
67	211	174
67	212	173
67	213	172
67	214	171
67	215	169
67	216	168
67	217	167
67	218	165
67	219	163
67	220	162
67	221	160
67	222	160
67	223	159
67	224	158
67	225	158
67	226	157
67	227	157
67	228	156
67	229	155
67	230	154
67	231	154
67	232	153
67	233	152
67	234	151
67	235	149
67	236	148
67	237	147
67	238	145
67	239	144
67	240	143
67	241	143
67	242	142
67	243	141
67	244	140
67	245	139
67	246	138
67	247	136
67	248	136
67	249	135
67	250	134
67	251	133
67	252	132
67	253	131
67	254	130
67	255	129
68	0	128
68	1	127
68	2	126
68	3	125
68	4	124
68	5	123
68	6	122
68	7	121
68	8	120
68	9	120
68	10	118
68	11	117
68	12	116
68	13	115
68	14	114
68	15	114
68	16	113
68	17	112
68	18	112
68	19	110
68	20	109
68	21	107
68	22	106
68	23	105
68	24	104
68	25	103
68	26	102
68	27	101
68	28	101
68	29	100
68	30	99
68	31	99
68	32	98
68	33	97
68	34	97
68	35	96
68	36	96
68	37	94
68	38	93
68	39	91
68	40	90
68	41	88
68	42	87
68	43	86
68	44	84
68	45	83
68	46	82
68	47	81
68	48	80
68	49	79
68	50	78
68	51	77
68	52	76
68	53	75
68	54	75
68	55	74
68	56	73
68	57	72
68	58	72
68	59	71
68	60	70
68	61	70
68	62	69
68	63	69
68	64	68
68	65	67
68	66	66
68	67	65
68	68	64
68	69	62
68	70	61
68	71	59
68	72	58
68	73	56
68	74	55
68	75	54
68	76	52
68	77	51
68	78	50
68	79	49
68	80	48
68	81	47
68	82	46
68	83	45
68	84	44
68	85	43
68	86	43
68	87	42
68	88	41
68	89	40
68	90	40
68	91	39
68	92	38
68	93	38
68	94	37
68	95	37
68	96	36
68	97	34
68	98	32
68	99	30
68	100	29
68	101	27
68	102	26
68	103	25
68	104	24
68	105	23
68	106	22
68	107	21
68	108	21
68	109	20
68	110	19
68	111	19
68	112	18
68	113	16
68	114	14
68	115	13
68	116	12
68	117	11
68	118	10
68	119	10
68	120	9
68	121	7
68	122	6
68	123	5
68	124	4
68	125	3
68	126	2
68	127	1
68	128	128
68	129	255
68	130	254
68	131	253
68	132	252
68	133	251
68	134	250
68	135	249
68	136	247
68	137	246
68	138	246
68	139	245
68	140	244
68	141	243
68	142	242
68	143	240
68	144	238
68	145	237
68	146	237
68	147	236
68	148	235
68	149	235
68	150	234
68	151	233
68	152	232
68	153	231
68	154	230
68	155	229
68	156	227
68	157	226
68	158	224
68	159	222
68	160	220
68	161	219
68	162	219
68	163	218
68	164	218
68	165	217
68	166	216
68	167	216
68	168	215
68	169	214
68	170	213
68	171	213
68	172	212
68	173	211
68	174	210
68	175	209
68	176	208
68	177	207
68	178	206
68	179	205
68	180	204
68	181	202
68	182	201
68	183	200
68	184	198
68	185	197
68	186	195
68	187	194
68	188	192
68	189	191
68	190	190
68	191	189
68	192	188
68	193	187
68	194	187
68	195	186
68	196	186
68	197	185
68	198	184
68	199	184
68	200	183
68	201	182
68	202	181
68	203	181
68	204	180
68	205	179
68	206	178
68	207	177
68	208	176
68	209	175
68	210	174
68	211	173
68	212	172
68	213	170
68	214	169
68	215	168
68	216	166
68	217	165
68	218	163
68	219	162
68	220	160
68	221	160
68	222	159
68	223	159
68	224	158
68	225	157
68	226	157
68	227	156
68	228	155
68	229	155
68	230	154
68	231	153
68	232	152
68	233	151
68	234	150
68	235	149
68	236	147
68	237	146
68	238	144
68	239	144
68	240	143
68	241	142
68	242	142
68	243	141
68	244	140
68	245	139
68	246	138
68	247	136
68	248	136
68	249	135
68	250	134
68	251	133
68	252	132
68	253	131
68	254	130
68	255	129
69	0	128
69	1	127
69	2	126
69	3	125
69	4	124
69	5	123
69	6	122
69	7	121
69	8	121
69	9	120
69	10	119
69	11	117
69	12	116
69	13	115
69	14	115
69	15	114
69	16	113
69	17	113
69	18	112
69	19	111
69	20	110
69	21	108
69	22	107
69	23	106
69	24	105
69	25	104
69	26	103
69	27	102
69	28	101
69	29	100
69	30	100
69	31	99
69	32	98
69	33	98
69	34	97
69	35	97
69	36	96
69	37	96
69	38	94
69	39	93
69	40	91
69	41	90
69	42	88
69	43	87
69	44	86
69	45	85
69	46	83
69	47	82
69	48	81
69	49	80
69	50	79
69	51	78
69	52	78
69	53	77
69	54	76
69	55	75
69	56	74
69	57	74
69	58	73
69	59	72
69	60	71
69	61	71
69	62	70
69	63	70
69	64	69
69	65	68
69	66	67
69	67	66
69	68	65
69	69	64
69	70	62
69	71	61
69	72	59
69	73	58
69	74	56
69	75	55
69	76	54
69	77	53
69	78	51
69	79	50
69	80	49
69	81	48
69	82	47
69	83	46
69	84	46
69	85	45
69	86	44
69	87	43
69	88	42
69	89	42
69	90	41
69	91	40
69	92	39
69	93	39
69	94	38
69	95	38
69	96	37
69	97	35
69	98	33
69	99	31
69	100	30
69	101	28
69	102	27
69	103	26
69	104	25
69	105	24
69	106	23
69	107	22
69	108	21
69	109	20
69	110	20
69	111	19
69	112	18
69	113	16
69	114	15
69	115	13
69	116	12
69	117	11
69	118	11
69	119	10
69	120	9
69	121	7
69	122	6
69	123	5
69	124	5
69	125	3
69	126	2
69	127	1
69	128	128
69	129	255
69	130	254
69	131	253
69	132	251
69	133	251
69	134	250
69	135	249
69	136	247
69	137	246
69	138	245
69	139	245
69	140	244
69	141	243
69	142	241
69	143	240
69	144	238
69	145	237
69	146	236
69	147	236
69	148	235
69	149	234
69	150	233
69	151	232
69	152	231
69	153	230
69	154	229
69	155	228
69	156	226
69	157	225
69	158	223
69	159	221
69	160	219
69	161	218
69	162	218
69	163	217
69	164	217
69	165	216
69	166	215
69	167	214
69	168	214
69	169	213
69	170	212
69	171	211
69	172	210
69	173	210
69	174	209
69	175	208
69	176	207
69	177	206
69	178	205
69	179	203
69	180	202
69	181	201
69	182	200
69	183	198
69	184	197
69	185	195
69	186	194
69	187	192
69	188	191
69	189	190
69	190	189
69	191	188
69	192	187
69	193	186
69	194	186
69	195	185
69	196	185
69	197	184
69	198	183
69	199	182
69	200	182
69	201	181
69	202	180
69	203	179
69	204	178
69	205	178
69	206	177
69	207	176
69	208	175
69	209	174
69	210	173
69	211	171
69	212	170
69	213	169
69	214	168
69	215	166
69	216	165
69	217	163
69	218	162
69	219	160
69	220	160
69	221	159
69	222	159
69	223	158
69	224	158
69	225	157
69	226	156
69	227	156
69	228	155
69	229	154
69	230	153
69	231	152
69	232	151
69	233	150
69	234	149
69	235	148
69	236	146
69	237	145
69	238	144
69	239	143
69	240	143
69	241	142
69	242	141
69	243	141
69	244	140
69	245	139
69	246	137
69	247	136
69	248	135
69	249	135
69	250	134
69	251	133
69	252	132
69	253	131
69	254	130
69	255	129
70	0	128
70	1	127
70	2	126
70	3	125
70	4	124
70	5	124
70	6	122
70	7	121
70	8	121
70	9	120
70	10	119
70	11	118
70	12	117
70	13	116
70	14	115
70	15	114
70	16	114
70	17	113
70	18	112
70	19	112
70	20	110
70	21	109
70	22	108
70	23	106
70	24	105
70	25	104
70	26	103
70	27	103
70	28	102
70	29	101
70	30	100
70	31	100
70	32	99
70	33	98
70	34	98
70	35	97
70	36	97
70	37	96
70	38	96
70	39	94
70	40	93
70	41	91
70	42	90
70	43	89
70	44	87
70	45	86
70	46	85
70	47	84
70	48	83
70	49	82
70	50	81
70	51	80
70	52	79
70	53	78
70	54	77
70	55	76
70	56	75
70	57	75
70	58	74
70	59	73
70	60	73
70	61	72
70	62	71
70	63	71
70	64	70
70	65	69
70	66	68
70	67	67
70	68	66
70	69	65
70	70	64
70	71	62
70	72	61
70	73	59
70	74	58
70	75	57
70	76	55
70	77	54
70	78	53
70	79	52
70	80	51
70	81	50
70	82	49
70	83	48
70	84	47
70	85	46
70	86	45
70	87	44
70	88	43
70	89	43
70	90	42
70	91	41
70	92	41
70	93	40
70	94	39
70	95	39
70	96	38
70	97	36
70	98	34
70	99	32
70	100	30
70	101	29
70	102	28
70	103	26
70	104	25
70	105	24
70	106	23
70	107	23
70	108	22
70	109	21
70	110	20
70	111	20
70	112	19
70	113	17
70	114	15
70	115	14
70	116	13
70	117	12
70	118	11
70	119	10
70	120	10
70	121	8
70	122	6
70	123	5
70	124	5
70	125	3
70	126	2
70	127	1
70	128	128
70	129	255
70	130	254
70	131	253
70	132	251
70	133	251
70	134	250
70	135	248
70	136	246
70	137	246
70	138	245
70	139	244
70	140	243
70	141	242
70	142	241
70	143	239
70	144	237
70	145	236
70	146	236
70	147	235
70	148	234
70	149	233
70	150	233
70	151	232
70	152	231
70	153	230
70	154	228
70	155	227
70	156	226
70	157	224
70	158	222
70	159	220
70	160	218
70	161	217
70	162	217
70	163	216
70	164	215
70	165	215
70	166	214
70	167	213
70	168	213
70	169	212
70	170	211
70	171	210
70	172	209
70	173	208
70	174	207
70	175	206
70	176	205
70	177	204
70	178	203
70	179	202
70	180	201
70	181	199
70	182	198
70	183	197
70	184	195
70	185	194
70	186	192
70	187	191
70	188	190
70	189	189
70	190	188
70	191	187
70	192	186
70	193	185
70	194	185
70	195	184
70	196	183
70	197	183
70	198	182
70	199	181
70	200	181
70	201	180
70	202	179
70	203	178
70	204	177
70	205	176
70	206	175
70	207	174
70	208	173
70	209	172
70	210	171
70	211	170
70	212	169
70	213	167
70	214	166
70	215	165
70	216	163
70	217	162
70	218	160
70	219	160
70	220	159
70	221	159
70	222	158
70	223	158
70	224	157
70	225	156
70	226	156
70	227	155
70	228	154
70	229	153
70	230	153
70	231	152
70	232	151
70	233	150
70	234	148
70	235	147
70	236	146
70	237	144
70	238	144
70	239	143
70	240	142
70	241	142
70	242	141
70	243	140
70	244	139
70	245	138
70	246	137
70	247	136
70	248	135
70	249	135
70	250	134
70	251	132
70	252	132
70	253	131
70	254	130
70	255	129
71	0	128
71	1	127
71	2	126
71	3	125
71	4	124
71	5	124
71	6	122
71	7	122
71	8	121
71	9	120
71	10	120
71	11	118
71	12	117
71	13	116
71	14	115
71	15	114
71	16	114
71	17	113
71	18	113
71	19	112
71	20	111
71	21	110
71	22	108
71	23	107
71	24	106
71	25	105
71	26	104
71	27	103
71	28	102
71	29	102
71	30	101
71	31	100
71	32	100
71	33	99
71	34	98
71	35	98
71	36	97
71	37	97
71	38	96
71	39	96
71	40	94
71	41	93
71	42	91
71	43	90
71	44	89
71	45	87
71	46	86
71	47	85
71	48	84
71	49	83
71	50	82
71	51	81
71	52	80
71	53	79
71	54	78
71	55	77
71	56	77
71	57	76
71	58	75
71	59	74
71	60	74
71	61	73
71	62	72
71	63	72
71	64	71
71	65	70
71	66	69
71	67	68
71	68	67
71	69	66
71	70	65
71	71	64
71	72	62
71	73	61
71	74	59
71	75	58
71	76	57
71	77	55
71	78	54
71	79	53
71	80	52
71	81	51
71	82	50
71	83	49
71	84	48
71	85	47
71	86	46
71	87	45
71	88	45
71	89	44
71	90	43
71	91	42
71	92	42
71	93	41
71	94	40
71	95	40
71	96	39
71	97	37
71	98	35
71	99	33
71	100	31
71	101	30
71	102	28
71	103	27
71	104	26
71	105	25
71	106	24
71	107	23
71	108	22
71	109	22
71	110	21
71	111	20
71	112	20
71	113	17
71	114	16
71	115	14
71	116	13
71	117	12
71	118	11
71	119	10
71	120	10
71	121	8
71	122	6
71	123	6
71	124	5
71	125	3
71	126	2
71	127	1
71	128	128
71	129	255
71	130	254
71	131	253
71	132	251
71	133	250
71	134	250
71	135	248
71	136	246
71	137	246
71	138	245
71	139	244
71	140	243
71	141	242
71	142	240
71	143	239
71	144	236
71	145	236
71	146	235
71	147	234
71	148	234
71	149	233
71	150	232
71	151	231
71	152	230
71	153	229
71	154	228
71	155	226
71	156	225
71	157	223
71	158	221
71	159	219
71	160	217
71	161	216
71	162	216
71	163	215
71	164	214
71	165	214
71	166	213
71	167	212
71	168	211
71	169	211
71	170	210
71	171	209
71	172	208
71	173	207
71	174	206
71	175	205
71	176	204
71	177	203
71	178	202
71	179	201
71	180	199
71	181	198
71	182	197
71	183	195
71	184	194
71	185	192
71	186	191
71	187	190
71	188	189
71	189	188
71	190	187
71	191	186
71	192	185
71	193	184
71	194	184
71	195	183
71	196	182
71	197	182
71	198	181
71	199	180
71	200	179
71	201	179
71	202	178
71	203	177
71	204	176
71	205	175
71	206	174
71	207	173
71	208	172
71	209	171
71	210	170
71	211	169
71	212	167
71	213	166
71	214	165
71	215	163
71	216	162
71	217	160
71	218	160
71	219	159
71	220	159
71	221	158
71	222	158
71	223	157
71	224	156
71	225	156
71	226	155
71	227	154
71	228	154
71	229	153
71	230	152
71	231	151
71	232	150
71	233	149
71	234	148
71	235	146
71	236	145
71	237	144
71	238	143
71	239	143
71	240	142
71	241	142
71	242	141
71	243	140
71	244	139
71	245	138
71	246	136
71	247	136
71	248	135
71	249	134
71	250	134
71	251	132
71	252	132
71	253	131
71	254	130
71	255	129
72	0	128
72	1	127
72	2	126
72	3	125
72	4	124
72	5	124
72	6	123
72	7	122
72	8	121
72	9	120
72	10	120
72	11	119
72	12	117
72	13	116
72	14	115
72	15	115
72	16	114
72	17	113
72	18	113
72	19	112
72	20	112
72	21	110
72	22	109
72	23	108
72	24	107
72	25	106
72	26	105
72	27	104
72	28	103
72	29	102
72	30	101
72	31	101
72	32	100
72	33	99
72	34	99
72	35	98
72	36	98
72	37	97
72	38	97
72	39	96
72	40	96
72	41	94
72	42	93
72	43	92
72	44	90
72	45	89
72	46	88
72	47	86
72	48	85
72	49	84
72	50	83
72	51	82
72	52	81
72	53	80
72	54	79
72	55	79
72	56	78
72	57	77
72	58	76
72	59	75
72	60	75
72	61	74
72	62	73
72	63	73
72	64	72
72	65	71
72	66	70
72	67	69
72	68	68
72	69	67
72	70	66
72	71	65
72	72	64
72	73	62
72	74	61
72	75	60
72	76	58
72	77	57
72	78	56
72	79	54
72	80	53
72	81	52
72	82	51
72	83	50
72	84	49
72	85	48
72	86	47
72	87	47
72	88	46
72	89	45
72	90	44
72	91	43
72	92	43
72	93	42
72	94	41
72	95	41
72	96	40
72	97	38
72	98	36
72	99	34
72	100	32
72	101	30
72	102	29
72	103	28
72	104	27
72	105	26
72	106	25
72	107	24
72	108	23
72	109	22
72	110	21
72	111	21
72	112	20
72	113	18
72	114	16
72	115	15
72	116	13
72	117	12
72	118	11
72	119	11
72	120	10
72	121	8
72	122	7
72	123	6
72	124	5
72	125	3
72	126	2
72	127	1
72	128	128
72	129	255
72	130	254
72	131	253
72	132	251
72	133	250
72	134	249
72	135	248
72	136	246
72	137	245
72	138	245
72	139	244
72	140	243
72	141	241
72	142	240
72	143	238
72	144	236
72	145	235
72	146	235
72	147	234
72	148	233
72	149	232
72	150	231
72	151	230
72	152	229
72	153	228
72	154	227
72	155	226
72	156	224
72	157	222
72	158	220
72	159	218
72	160	216
72	161	215
72	162	215
72	163	214
72	164	213
72	165	213
72	166	212
72	167	211
72	168	210
72	169	209
72	170	209
72	171	208
72	172	207
72	173	206
72	174	205
72	175	204
72	176	203
72	177	202
72	178	200
72	179	199
72	180	198
72	181	196
72	182	195
72	183	194
72	184	192
72	185	191
72	186	190
72	187	189
72	188	188
72	189	187
72	190	186
72	191	185
72	192	184
72	193	183
72	194	183
72	195	182
72	196	181
72	197	181
72	198	180
72	199	179
72	200	178
72	201	177
72	202	177
72	203	176
72	204	175
72	205	174
72	206	173
72	207	172
72	208	171
72	209	170
72	210	168
72	211	167
72	212	166
72	213	164
72	214	163
72	215	162
72	216	160
72	217	160
72	218	159
72	219	159
72	220	158
72	221	158
72	222	157
72	223	157
72	224	156
72	225	155
72	226	155
72	227	154
72	228	153
72	229	152
72	230	151
72	231	150
72	232	149
72	233	148
72	234	147
72	235	146
72	236	144
72	237	144
72	238	143
72	239	143
72	240	142
72	241	141
72	242	141
72	243	140
72	244	139
72	245	137
72	246	136
72	247	136
72	248	135
72	249	134
72	250	133
72	251	132
72	252	132
72	253	131
72	254	130
72	255	129
73	0	128
73	1	127
73	2	126
73	3	125
73	4	125
73	5	124
73	6	123
73	7	122
73	8	121
73	9	121
73	10	120
73	11	119
73	12	118
73	13	117
73	14	116
73	15	115
73	16	114
73	17	114
73	18	113
73	19	113
73	20	112
73	21	111
73	22	110
73	23	109
73	24	107
73	25	106
73	26	105
73	27	104
73	28	103
73	29	103
73	30	102
73	31	101
73	32	100
73	33	100
73	34	99
73	35	99
73	36	98
73	37	98
73	38	97
73	39	97
73	40	96
73	41	96
73	42	94
73	43	93
73	44	92
73	45	90
73	46	89
73	47	88
73	48	87
73	49	86
73	50	84
73	51	83
73	52	82
73	53	82
73	54	81
73	55	80
73	56	79
73	57	78
73	58	77
73	59	76
73	60	76
73	61	75
73	62	74
73	63	74
73	64	73
73	65	72
73	66	71
73	67	69
73	68	68
73	69	67
73	70	67
73	71	66
73	72	65
73	73	64
73	74	62
73	75	61
73	76	60
73	77	58
73	78	57
73	79	56
73	80	55
73	81	54
73	82	52
73	83	51
73	84	50
73	85	50
73	86	49
73	87	48
73	88	47
73	89	46
73	90	45
73	91	44
73	92	44
73	93	43
73	94	42
73	95	42
73	96	41
73	97	39
73	98	36
73	99	35
73	100	33
73	101	31
73	102	30
73	103	29
73	104	27
73	105	26
73	106	25
73	107	24
73	108	23
73	109	23
73	110	22
73	111	21
73	112	20
73	113	18
73	114	16
73	115	15
73	116	14
73	117	13
73	118	12
73	119	11
73	120	10
73	121	8
73	122	7
73	123	6
73	124	5
73	125	3
73	126	3
73	127	1
73	128	128
73	129	255
73	130	253
73	131	253
73	132	251
73	133	250
73	134	249
73	135	248
73	136	246
73	137	245
73	138	244
73	139	243
73	140	242
73	141	241
73	142	240
73	143	238
73	144	236
73	145	235
73	146	234
73	147	233
73	148	233
73	149	232
73	150	231
73	151	230
73	152	229
73	153	227
73	154	226
73	155	225
73	156	223
73	157	221
73	158	220
73	159	217
73	160	215
73	161	214
73	162	214
73	163	213
73	164	212
73	165	212
73	166	211
73	167	210
73	168	209
73	169	208
73	170	207
73	171	206
73	172	206
73	173	205
73	174	204
73	175	202
73	176	201
73	177	200
73	178	199
73	179	198
73	180	196
73	181	195
73	182	194
73	183	192
73	184	191
73	185	190
73	186	189
73	187	189
73	188	188
73	189	187
73	190	185
73	191	184
73	192	183
73	193	182
73	194	182
73	195	181
73	196	180
73	197	180
73	198	179
73	199	178
73	200	177
73	201	176
73	202	175
73	203	174
73	204	174
73	205	173
73	206	172
73	207	170
73	208	169
73	209	168
73	210	167
73	211	166
73	212	164
73	213	163
73	214	162
73	215	160
73	216	160
73	217	159
73	218	159
73	219	158
73	220	158
73	221	157
73	222	157
73	223	156
73	224	156
73	225	155
73	226	154
73	227	153
73	228	153
73	229	152
73	230	151
73	231	150
73	232	149
73	233	147
73	234	146
73	235	145
73	236	144
73	237	143
73	238	143
73	239	142
73	240	142
73	241	141
73	242	140
73	243	139
73	244	138
73	245	137
73	246	136
73	247	135
73	248	135
73	249	134
73	250	133
73	251	132
73	252	131
73	253	131
73	254	130
73	255	129
74	0	128
74	1	127
74	2	126
74	3	126
74	4	125
74	5	124
74	6	123
74	7	122
74	8	121
74	9	121
74	10	120
74	11	119
74	12	118
74	13	117
74	14	116
74	15	115
74	16	114
74	17	114
74	18	113
74	19	113
74	20	112
74	21	112
74	22	111
74	23	109
74	24	108
74	25	107
74	26	106
74	27	105
74	28	104
74	29	103
74	30	102
74	31	102
74	32	101
74	33	100
74	34	100
74	35	99
74	36	99
74	37	98
74	38	98
74	39	97
74	40	97
74	41	96
74	42	96
74	43	95
74	44	93
74	45	92
74	46	90
74	47	89
74	48	88
74	49	87
74	50	86
74	51	85
74	52	84
74	53	83
74	54	82
74	55	81
74	56	80
74	57	79
74	58	78
74	59	78
74	60	77
74	61	76
74	62	75
74	63	75
74	64	74
74	65	73
74	66	72
74	67	70
74	68	69
74	69	68
74	70	67
74	71	66
74	72	66
74	73	65
74	74	64
74	75	63
74	76	61
74	77	60
74	78	58
74	79	57
74	80	56
74	81	55
74	82	54
74	83	53
74	84	52
74	85	51
74	86	50
74	87	49
74	88	48
74	89	47
74	90	46
74	91	46
74	92	45
74	93	44
74	94	43
74	95	43
74	96	42
74	97	40
74	98	37
74	99	35
74	100	34
74	101	32
74	102	31
74	103	29
74	104	28
74	105	27
74	106	26
74	107	25
74	108	24
74	109	23
74	110	22
74	111	22
74	112	21
74	113	19
74	114	17
74	115	15
74	116	14
74	117	13
74	118	12
74	119	11
74	120	10
74	121	8
74	122	7
74	123	6
74	124	5
74	125	4
74	126	3
74	127	1
74	128	128
74	129	255
74	130	253
74	131	252
74	132	251
74	133	250
74	134	249
74	135	248
74	136	246
74	137	245
74	138	244
74	139	243
74	140	242
74	141	241
74	142	239
74	143	237
74	144	235
74	145	234
74	146	234
74	147	233
74	148	232
74	149	231
74	150	230
74	151	229
74	152	228
74	153	227
74	154	225
74	155	224
74	156	222
74	157	221
74	158	219
74	159	216
74	160	214
74	161	213
74	162	213
74	163	212
74	164	211
74	165	210
74	166	210
74	167	209
74	168	208
74	169	207
74	170	206
74	171	205
74	172	204
74	173	203
74	174	202
74	175	201
74	176	200
74	177	199
74	178	198
74	179	196
74	180	195
74	181	193
74	182	192
74	183	191
74	184	190
74	185	190
74	186	189
74	187	188
74	188	187
74	189	186
74	190	184
74	191	183
74	192	182
74	193	181
74	194	181
74	195	180
74	196	179
74	197	178
74	198	178
74	199	177
74	200	176
74	201	175
74	202	174
74	203	173
74	204	172
74	205	171
74	206	170
74	207	169
74	208	168
74	209	167
74	210	166
74	211	164
74	212	163
74	213	161
74	214	160
74	215	160
74	216	159
74	217	159
74	218	158
74	219	158
74	220	157
74	221	157
74	222	156
74	223	156
74	224	155
74	225	154
74	226	154
74	227	153
74	228	152
74	229	151
74	230	150
74	231	149
74	232	148
74	233	147
74	234	145
74	235	144
74	236	144
74	237	143
74	238	143
74	239	142
74	240	142
74	241	141
74	242	140
74	243	139
74	244	138
74	245	137
74	246	136
74	247	135
74	248	135
74	249	134
74	250	133
74	251	132
74	252	131
74	253	130
74	254	130
74	255	129
75	0	128
75	1	127
75	2	126
75	3	126
75	4	125
75	5	124
75	6	123
75	7	122
75	8	121
75	9	121
75	10	120
75	11	120
75	12	118
75	13	117
75	14	116
75	15	115
75	16	115
75	17	114
75	18	114
75	19	113
75	20	113
75	21	112
75	22	111
75	23	110
75	24	109
75	25	108
75	26	106
75	27	105
75	28	105
75	29	104
75	30	103
75	31	102
75	32	102
75	33	101
75	34	100
75	35	100
75	36	99
75	37	99
75	38	98
75	39	98
75	40	97
75	41	97
75	42	96
75	43	96
75	44	95
75	45	93
75	46	92
75	47	91
75	48	89
75	49	88
75	50	87
75	51	86
75	52	85
75	53	84
75	54	83
75	55	82
75	56	81
75	57	80
75	58	79
75	59	79
75	60	78
75	61	77
75	62	76
75	63	76
75	64	75
75	65	74
75	66	72
75	67	71
75	68	70
75	69	69
75	70	68
75	71	67
75	72	66
75	73	66
75	74	65
75	75	64
75	76	63
75	77	61
75	78	60
75	79	59
75	80	57
75	81	56
75	82	55
75	83	54
75	84	53
75	85	52
75	86	51
75	87	50
75	88	49
75	89	48
75	90	47
75	91	47
75	92	46
75	93	45
75	94	44
75	95	44
75	96	43
75	97	40
75	98	38
75	99	36
75	100	34
75	101	33
75	102	31
75	103	30
75	104	29
75	105	28
75	106	26
75	107	25
75	108	25
75	109	24
75	110	23
75	111	22
75	112	22
75	113	19
75	114	17
75	115	16
75	116	14
75	117	13
75	118	12
75	119	11
75	120	11
75	121	9
75	122	7
75	123	6
75	124	5
75	125	4
75	126	3
75	127	1
75	128	128
75	129	255
75	130	253
75	131	252
75	132	251
75	133	250
75	134	249
75	135	247
75	136	245
75	137	245
75	138	244
75	139	243
75	140	242
75	141	240
75	142	239
75	143	237
75	144	234
75	145	234
75	146	233
75	147	232
75	148	231
75	149	231
75	150	230
75	151	228
75	152	227
75	153	226
75	154	225
75	155	223
75	156	222
75	157	220
75	158	218
75	159	216
75	160	213
75	161	212
75	162	212
75	163	211
75	164	210
75	165	209
75	166	209
75	167	208
75	168	207
75	169	206
75	170	205
75	171	204
75	172	203
75	173	202
75	174	201
75	175	200
75	176	199
75	177	197
75	178	196
75	179	195
75	180	193
75	181	192
75	182	191
75	183	190
75	184	190
75	185	189
75	186	188
75	187	187
75	188	186
75	189	185
75	190	184
75	191	182
75	192	181
75	193	180
75	194	180
75	195	179
75	196	178
75	197	177
75	198	177
75	199	176
75	200	175
75	201	174
75	202	173
75	203	172
75	204	171
75	205	170
75	206	169
75	207	168
75	208	167
75	209	165
75	210	164
75	211	163
75	212	161
75	213	160
75	214	160
75	215	159
75	216	159
75	217	158
75	218	158
75	219	157
75	220	157
75	221	156
75	222	156
75	223	155
75	224	154
75	225	154
75	226	153
75	227	152
75	228	151
75	229	151
75	230	150
75	231	148
75	232	147
75	233	146
75	234	145
75	235	144
75	236	143
75	237	143
75	238	142
75	239	142
75	240	141
75	241	141
75	242	140
75	243	139
75	244	138
75	245	136
75	246	136
75	247	135
75	248	135
75	249	134
75	250	133
75	251	132
75	252	131
75	253	130
75	254	130
75	255	129
76	0	128
76	1	127
76	2	126
76	3	126
76	4	125
76	5	124
76	6	123
76	7	122
76	8	122
76	9	121
76	10	120
76	11	120
76	12	119
76	13	118
76	14	117
76	15	116
76	16	115
76	17	114
76	18	114
76	19	113
76	20	113
76	21	112
76	22	112
76	23	111
76	24	109
76	25	108
76	26	107
76	27	106
76	28	105
76	29	104
76	30	103
76	31	103
76	32	102
76	33	101
76	34	101
76	35	100
76	36	100
76	37	99
76	38	99
76	39	98
76	40	98
76	41	97
76	42	97
76	43	96
76	44	96
76	45	95
76	46	93
76	47	92
76	48	91
76	49	89
76	50	88
76	51	87
76	52	86
76	53	85
76	54	84
76	55	83
76	56	82
76	57	81
76	58	81
76	59	80
76	60	79
76	61	78
76	62	77
76	63	77
76	64	76
76	65	75
76	66	73
76	67	72
76	68	71
76	69	70
76	70	69
76	71	68
76	72	67
76	73	66
76	74	66
76	75	65
76	76	64
76	77	63
76	78	61
76	79	60
76	80	59
76	81	57
76	82	56
76	83	55
76	84	54
76	85	53
76	86	52
76	87	51
76	88	50
76	89	49
76	90	49
76	91	48
76	92	47
76	93	46
76	94	45
76	95	45
76	96	44
76	97	41
76	98	39
76	99	37
76	100	35
76	101	34
76	102	32
76	103	31
76	104	29
76	105	28
76	106	27
76	107	26
76	108	25
76	109	24
76	110	23
76	111	23
76	112	22
76	113	20
76	114	18
76	115	16
76	116	15
76	117	14
76	118	13
76	119	12
76	120	11
76	121	9
76	122	7
76	123	6
76	124	6
76	125	4
76	126	3
76	127	1
76	128	128
76	129	255
76	130	253
76	131	252
76	132	250
76	133	250
76	134	249
76	135	247
76	136	245
76	137	244
76	138	243
76	139	242
76	140	241
76	141	240
76	142	238
76	143	236
76	144	234
76	145	233
76	146	233
76	147	232
76	148	231
76	149	230
76	150	229
76	151	228
76	152	227
76	153	225
76	154	224
76	155	222
76	156	221
76	157	219
76	158	217
76	159	215
76	160	212
76	161	211
76	162	211
76	163	210
76	164	209
76	165	208
76	166	207
76	167	207
76	168	206
76	169	205
76	170	204
76	171	203
76	172	202
76	173	201
76	174	200
76	175	199
76	176	197
76	177	196
76	178	195
76	179	193
76	180	192
76	181	191
76	182	190
76	183	190
76	184	189
76	185	188
76	186	187
76	187	186
76	188	185
76	189	184
76	190	183
76	191	181
76	192	180
76	193	179
76	194	179
76	195	178
76	196	177
76	197	176
76	198	175
76	199	175
76	200	174
76	201	173
76	202	172
76	203	171
76	204	170
76	205	169
76	206	168
76	207	167
76	208	165
76	209	164
76	210	163
76	211	161
76	212	160
76	213	160
76	214	159
76	215	159
76	216	158
76	217	158
76	218	157
76	219	157
76	220	156
76	221	156
76	222	155
76	223	155
76	224	154
76	225	153
76	226	153
76	227	152
76	228	151
76	229	150
76	230	149
76	231	148
76	232	147
76	233	145
76	234	144
76	235	144
76	236	143
76	237	143
76	238	142
76	239	142
76	240	141
76	241	140
76	242	139
76	243	138
76	244	137
76	245	136
76	246	136
76	247	135
76	248	134
76	249	134
76	250	133
76	251	132
76	252	131
76	253	130
76	254	130
76	255	129
77	0	128
77	1	127
77	2	126
77	3	126
77	4	125
77	5	124
77	6	124
77	7	122
77	8	122
77	9	121
77	10	120
77	11	120
77	12	119
77	13	118
77	14	117
77	15	116
77	16	115
77	17	115
77	18	114
77	19	113
77	20	113
77	21	113
77	22	112
77	23	111
77	24	110
77	25	109
77	26	108
77	27	107
77	28	106
77	29	105
77	30	104
77	31	103
77	32	102
77	33	102
77	34	101
77	35	101
77	36	100
77	37	99
77	38	99
77	39	98
77	40	98
77	41	98
77	42	97
77	43	97
77	44	96
77	45	96
77	46	95
77	47	93
77	48	92
77	49	91
77	50	90
77	51	88
77	52	87
77	53	86
77	54	85
77	55	84
77	56	83
77	57	83
77	58	82
77	59	81
77	60	80
77	61	79
77	62	78
77	63	78
77	64	77
77	65	76
77	66	74
77	67	73
77	68	72
77	69	71
77	70	70
77	71	69
77	72	68
77	73	67
77	74	66
77	75	65
77	76	65
77	77	64
77	78	63
77	79	61
77	80	60
77	81	59
77	82	58
77	83	56
77	84	55
77	85	54
77	86	53
77	87	52
77	88	51
77	89	51
77	90	50
77	91	49
77	92	48
77	93	47
77	94	46
77	95	46
77	96	45
77	97	42
77	98	40
77	99	38
77	100	36
77	101	34
77	102	33
77	103	31
77	104	30
77	105	29
77	106	28
77	107	27
77	108	26
77	109	25
77	110	24
77	111	23
77	112	22
77	113	20
77	114	18
77	115	16
77	116	15
77	117	14
77	118	13
77	119	12
77	120	11
77	121	9
77	122	8
77	123	6
77	124	6
77	125	4
77	126	3
77	127	1
77	128	128
77	129	255
77	130	253
77	131	252
77	132	250
77	133	250
77	134	248
77	135	247
77	136	245
77	137	244
77	138	243
77	139	242
77	140	241
77	141	240
77	142	238
77	143	236
77	144	234
77	145	233
77	146	232
77	147	231
77	148	230
77	149	229
77	150	228
77	151	227
77	152	226
77	153	225
77	154	223
77	155	222
77	156	220
77	157	218
77	158	216
77	159	214
77	160	211
77	161	210
77	162	210
77	163	209
77	164	208
77	165	207
77	166	206
77	167	205
77	168	205
77	169	204
77	170	203
77	171	202
77	172	201
77	173	200
77	174	198
77	175	197
77	176	196
77	177	195
77	178	193
77	179	192
77	180	191
77	181	191
77	182	190
77	183	189
77	184	188
77	185	187
77	186	186
77	187	185
77	188	184
77	189	183
77	190	182
77	191	180
77	192	179
77	193	178
77	194	178
77	195	177
77	196	176
77	197	175
77	198	174
77	199	173
77	200	173
77	201	172
77	202	171
77	203	170
77	204	169
77	205	168
77	206	166
77	207	165
77	208	164
77	209	163
77	210	161
77	211	160
77	212	160
77	213	159
77	214	159
77	215	158
77	216	158
77	217	158
77	218	157
77	219	157
77	220	156
77	221	155
77	222	155
77	223	154
77	224	154
77	225	153
77	226	152
77	227	151
77	228	150
77	229	149
77	230	148
77	231	147
77	232	146
77	233	145
77	234	144
77	235	143
77	236	143
77	237	143
77	238	142
77	239	141
77	240	141
77	241	140
77	242	139
77	243	138
77	244	137
77	245	136
77	246	136
77	247	135
77	248	134
77	249	134
77	250	132
77	251	132
77	252	131
77	253	130
77	254	130
77	255	129
78	0	128
78	1	127
78	2	126
78	3	126
78	4	125
78	5	124
78	6	124
78	7	123
78	8	122
78	9	121
78	10	121
78	11	120
78	12	119
78	13	118
78	14	117
78	15	116
78	16	116
78	17	115
78	18	114
78	19	114
78	20	113
78	21	113
78	22	112
78	23	112
78	24	111
78	25	109
78	26	108
78	27	107
78	28	106
78	29	105
78	30	105
78	31	104
78	32	103
78	33	102
78	34	102
78	35	101
78	36	100
78	37	100
78	38	99
78	39	99
78	40	98
78	41	98
78	42	98
78	43	97
78	44	97
78	45	96
78	46	96
78	47	95
78	48	93
78	49	92
78	50	91
78	51	90
78	52	89
78	53	88
78	54	87
78	55	86
78	56	85
78	57	84
78	58	83
78	59	82
78	60	81
78	61	80
78	62	79
78	63	79
78	64	78
78	65	77
78	66	75
78	67	74
78	68	73
78	69	72
78	70	71
78	71	70
78	72	69
78	73	68
78	74	67
78	75	66
78	76	65
78	77	65
78	78	64
78	79	63
78	80	61
78	81	60
78	82	59
78	83	58
78	84	57
78	85	56
78	86	55
78	87	54
78	88	53
78	89	52
78	90	51
78	91	50
78	92	49
78	93	48
78	94	47
78	95	47
78	96	46
78	97	43
78	98	41
78	99	39
78	100	37
78	101	35
78	102	33
78	103	32
78	104	31
78	105	29
78	106	28
78	107	27
78	108	26
78	109	25
78	110	25
78	111	24
78	112	23
78	113	20
78	114	18
78	115	17
78	116	15
78	117	14
78	118	13
78	119	12
78	120	12
78	121	9
78	122	8
78	123	7
78	124	6
78	125	4
78	126	3
78	127	1
78	128	128
78	129	255
78	130	253
78	131	252
78	132	250
78	133	249
78	134	248
78	135	247
78	136	244
78	137	244
78	138	243
78	139	242
78	140	241
78	141	239
78	142	238
78	143	236
78	144	233
78	145	232
78	146	231
78	147	231
78	148	230
78	149	229
78	150	228
78	151	227
78	152	225
78	153	224
78	154	223
78	155	221
78	156	219
78	157	217
78	158	215
78	159	213
78	160	210
78	161	209
78	162	209
78	163	208
78	164	207
78	165	206
78	166	205
78	167	204
78	168	203
78	169	202
78	170	201
78	171	200
78	172	199
78	173	198
78	174	197
78	175	196
78	176	195
78	177	193
78	178	192
78	179	191
78	180	191
78	181	190
78	182	189
78	183	188
78	184	187
78	185	186
78	186	185
78	187	184
78	188	183
78	189	182
78	190	181
78	191	179
78	192	178
78	193	177
78	194	177
78	195	176
78	196	175
78	197	174
78	198	173
78	199	172
78	200	171
78	201	170
78	202	169
78	203	168
78	204	167
78	205	166
78	206	165
78	207	164
78	208	163
78	209	161
78	210	160
78	211	160
78	212	159
78	213	159
78	214	158
78	215	158
78	216	158
78	217	157
78	218	157
78	219	156
78	220	156
78	221	155
78	222	154
78	223	154
78	224	153
78	225	152
78	226	151
78	227	151
78	228	150
78	229	149
78	230	148
78	231	147
78	232	145
78	233	144
78	234	144
78	235	143
78	236	143
78	237	142
78	238	142
78	239	141
78	240	140
78	241	140
78	242	139
78	243	138
78	244	137
78	245	136
78	246	135
78	247	135
78	248	134
78	249	133
78	250	132
78	251	132
78	252	131
78	253	130
78	254	130
78	255	129
79	0	128
79	1	127
79	2	126
79	3	126
79	4	125
79	5	124
79	6	124
79	7	123
79	8	122
79	9	121
79	10	121
79	11	120
79	12	120
79	13	118
79	14	117
79	15	117
79	16	116
79	17	115
79	18	114
79	19	114
79	20	113
79	21	113
79	22	113
79	23	112
79	24	111
79	25	110
79	26	109
79	27	108
79	28	107
79	29	106
79	30	105
79	31	104
79	32	104
79	33	103
79	34	102
79	35	101
79	36	101
79	37	100
79	38	100
79	39	99
79	40	99
79	41	98
79	42	98
79	43	97
79	44	97
79	45	97
79	46	96
79	47	96
79	48	95
79	49	93
79	50	92
79	51	91
79	52	90
79	53	89
79	54	88
79	55	87
79	56	86
79	57	85
79	58	84
79	59	83
79	60	82
79	61	81
79	62	81
79	63	80
79	64	79
79	65	78
79	66	76
79	67	75
79	68	74
79	69	73
79	70	72
79	71	71
79	72	70
79	73	69
79	74	68
79	75	67
79	76	66
79	77	65
79	78	65
79	79	64
79	80	63
79	81	61
79	82	60
79	83	59
79	84	58
79	85	57
79	86	56
79	87	55
79	88	54
79	89	53
79	90	52
79	91	51
79	92	50
79	93	49
79	94	49
79	95	48
79	96	47
79	97	44
79	98	42
79	99	40
79	100	38
79	101	36
79	102	34
79	103	33
79	104	31
79	105	30
79	106	29
79	107	28
79	108	27
79	109	26
79	110	25
79	111	24
79	112	24
79	113	21
79	114	19
79	115	17
79	116	16
79	117	14
79	118	13
79	119	13
79	120	12
79	121	9
79	122	8
79	123	7
79	124	6
79	125	4
79	126	3
79	127	1
79	128	128
79	129	255
79	130	253
79	131	252
79	132	250
79	133	249
79	134	248
79	135	247
79	136	244
79	137	243
79	138	243
79	139	242
79	140	240
79	141	239
79	142	237
79	143	235
79	144	232
79	145	232
79	146	231
79	147	230
79	148	229
79	149	228
79	150	227
79	151	226
79	152	225
79	153	223
79	154	222
79	155	220
79	156	218
79	157	216
79	158	214
79	159	212
79	160	209
79	161	208
79	162	207
79	163	207
79	164	206
79	165	205
79	166	204
79	167	203
79	168	202
79	169	201
79	170	200
79	171	199
79	172	198
79	173	197
79	174	196
79	175	195
79	176	193
79	177	192
79	178	191
79	179	191
79	180	190
79	181	189
79	182	188
79	183	187
79	184	186
79	185	185
79	186	184
79	187	183
79	188	182
79	189	181
79	190	180
79	191	178
79	192	177
79	193	176
79	194	175
79	195	175
79	196	174
79	197	173
79	198	172
79	199	171
79	200	170
79	201	169
79	202	168
79	203	167
79	204	166
79	205	165
79	206	164
79	207	163
79	208	161
79	209	160
79	210	160
79	211	159
79	212	159
79	213	159
79	214	158
79	215	158
79	216	157
79	217	157
79	218	156
79	219	156
79	220	155
79	221	155
79	222	154
79	223	153
79	224	152
79	225	152
79	226	151
79	227	150
79	228	149
79	229	148
79	230	147
79	231	146
79	232	145
79	233	144
79	234	143
79	235	143
79	236	143
79	237	142
79	238	142
79	239	141
79	240	140
79	241	139
79	242	139
79	243	138
79	244	136
79	245	136
79	246	135
79	247	135
79	248	134
79	249	133
79	250	132
79	251	132
79	252	131
79	253	130
79	254	130
79	255	129
80	0	128
80	1	127
80	2	126
80	3	126
80	4	125
80	5	124
80	6	124
80	7	123
80	8	122
80	9	121
80	10	121
80	11	120
80	12	120
80	13	119
80	14	118
80	15	117
80	16	116
80	17	115
80	18	115
80	19	114
80	20	114
80	21	113
80	22	113
80	23	112
80	24	112
80	25	111
80	26	110
80	27	108
80	28	107
80	29	106
80	30	106
80	31	105
80	32	104
80	33	103
80	34	103
80	35	102
80	36	101
80	37	101
80	38	100
80	39	100
80	40	99
80	41	99
80	42	98
80	43	98
80	44	97
80	45	97
80	46	97
80	47	96
80	48	96
80	49	95
80	50	93
80	51	92
80	52	91
80	53	90
80	54	89
80	55	88
80	56	87
80	57	86
80	58	85
80	59	84
80	60	83
80	61	82
80	62	82
80	63	81
80	64	80
80	65	79
80	66	77
80	67	76
80	68	75
80	69	74
80	70	72
80	71	71
80	72	70
80	73	69
80	74	69
80	75	68
80	76	67
80	77	66
80	78	65
80	79	65
80	80	64
80	81	63
80	82	61
80	83	60
80	84	59
80	85	58
80	86	57
80	87	56
80	88	55
80	89	54
80	90	53
80	91	52
80	92	51
80	93	50
80	94	50
80	95	49
80	96	48
80	97	45
80	98	43
80	99	40
80	100	38
80	101	37
80	102	35
80	103	33
80	104	32
80	105	31
80	106	30
80	107	28
80	108	27
80	109	26
80	110	26
80	111	25
80	112	24
80	113	21
80	114	19
80	115	17
80	116	16
80	117	15
80	118	14
80	119	13
80	120	12
80	121	10
80	122	8
80	123	7
80	124	6
80	125	4
80	126	3
80	127	2
80	128	128
80	129	254
80	130	253
80	131	252
80	132	250
80	133	249
80	134	248
80	135	246
80	136	244
80	137	243
80	138	242
80	139	241
80	140	240
80	141	239
80	142	237
80	143	235
80	144	232
80	145	231
80	146	230
80	147	230
80	148	229
80	149	228
80	150	226
80	151	225
80	152	224
80	153	223
80	154	221
80	155	219
80	156	218
80	157	216
80	158	213
80	159	211
80	160	208
80	161	207
80	162	206
80	163	206
80	164	205
80	165	204
80	166	203
80	167	202
80	168	201
80	169	200
80	170	199
80	171	198
80	172	197
80	173	196
80	174	195
80	175	193
80	176	192
80	177	191
80	178	191
80	179	190
80	180	189
80	181	188
80	182	187
80	183	187
80	184	186
80	185	185
80	186	184
80	187	182
80	188	181
80	189	180
80	190	179
80	191	177
80	192	176
80	193	175
80	194	174
80	195	174
80	196	173
80	197	172
80	198	171
80	199	170
80	200	169
80	201	168
80	202	167
80	203	166
80	204	165
80	205	164
80	206	163
80	207	161
80	208	160
80	209	160
80	210	159
80	211	159
80	212	159
80	213	158
80	214	158
80	215	157
80	216	157
80	217	156
80	218	156
80	219	155
80	220	155
80	221	154
80	222	153
80	223	153
80	224	152
80	225	151
80	226	150
80	227	150
80	228	149
80	229	148
80	230	146
80	231	145
80	232	144
80	233	144
80	234	143
80	235	143
80	236	142
80	237	142
80	238	141
80	239	141
80	240	140
80	241	139
80	242	138
80	243	137
80	244	136
80	245	136
80	246	135
80	247	135
80	248	134
80	249	133
80	250	132
80	251	132
80	252	131
80	253	130
80	254	130
80	255	129
81	0	128
81	1	127
81	2	127
81	3	126
81	4	125
81	5	124
81	6	124
81	7	123
81	8	122
81	9	121
81	10	121
81	11	120
81	12	120
81	13	119
81	14	118
81	15	117
81	16	116
81	17	116
81	18	115
81	19	114
81	20	114
81	21	113
81	22	113
81	23	113
81	24	112
81	25	111
81	26	110
81	27	109
81	28	108
81	29	107
81	30	106
81	31	105
81	32	104
81	33	104
81	34	103
81	35	102
81	36	102
81	37	101
81	38	101
81	39	100
81	40	100
81	41	99
81	42	99
81	43	98
81	44	98
81	45	97
81	46	97
81	47	97
81	48	96
81	49	96
81	50	95
81	51	93
81	52	92
81	53	91
81	54	90
81	55	89
81	56	88
81	57	87
81	58	86
81	59	85
81	60	84
81	61	83
81	62	83
81	63	82
81	64	81
81	65	80
81	66	78
81	67	77
81	68	76
81	69	74
81	70	73
81	71	72
81	72	71
81	73	70
81	74	69
81	75	68
81	76	68
81	77	67
81	78	66
81	79	65
81	80	65
81	81	64
81	82	63
81	83	61
81	84	60
81	85	59
81	86	58
81	87	57
81	88	56
81	89	55
81	90	54
81	91	53
81	92	52
81	93	51
81	94	51
81	95	50
81	96	49
81	97	46
81	98	44
81	99	41
81	100	39
81	101	37
81	102	36
81	103	34
81	104	33
81	105	31
81	106	30
81	107	29
81	108	28
81	109	27
81	110	26
81	111	25
81	112	24
81	113	22
81	114	20
81	115	18
81	116	16
81	117	15
81	118	14
81	119	13
81	120	12
81	121	10
81	122	8
81	123	7
81	124	6
81	125	4
81	126	3
81	127	2
81	128	128
81	129	254
81	130	253
81	131	252
81	132	250
81	133	249
81	134	248
81	135	246
81	136	244
81	137	243
81	138	242
81	139	241
81	140	240
81	141	238
81	142	236
81	143	234
81	144	232
81	145	231
81	146	230
81	147	229
81	148	228
81	149	227
81	150	226
81	151	225
81	152	223
81	153	222
81	154	220
81	155	219
81	156	217
81	157	215
81	158	212
81	159	210
81	160	207
81	161	206
81	162	205
81	163	205
81	164	204
81	165	203
81	166	202
81	167	201
81	168	200
81	169	199
81	170	198
81	171	197
81	172	196
81	173	195
81	174	193
81	175	192
81	176	191
81	177	191
81	178	190
81	179	189
81	180	188
81	181	188
81	182	187
81	183	186
81	184	185
81	185	184
81	186	183
81	187	182
81	188	180
81	189	179
81	190	178
81	191	176
81	192	175
81	193	174
81	194	173
81	195	173
81	196	172
81	197	171
81	198	170
81	199	169
81	200	168
81	201	167
81	202	166
81	203	165
81	204	164
81	205	163
81	206	161
81	207	160
81	208	160
81	209	159
81	210	159
81	211	159
81	212	158
81	213	158
81	214	157
81	215	157
81	216	156
81	217	156
81	218	155
81	219	155
81	220	154
81	221	154
81	222	153
81	223	152
81	224	152
81	225	151
81	226	150
81	227	149
81	228	148
81	229	147
81	230	146
81	231	145
81	232	144
81	233	143
81	234	143
81	235	143
81	236	142
81	237	142
81	238	141
81	239	140
81	240	140
81	241	139
81	242	138
81	243	137
81	244	136
81	245	136
81	246	135
81	247	135
81	248	134
81	249	133
81	250	132
81	251	132
81	252	131
81	253	130
81	254	129
81	255	129
82	0	128
82	1	127
82	2	127
82	3	126
82	4	125
82	5	124
82	6	124
82	7	123
82	8	122
82	9	122
82	10	121
82	11	121
82	12	120
82	13	119
82	14	118
82	15	117
82	16	116
82	17	116
82	18	115
82	19	115
82	20	114
82	21	114
82	22	113
82	23	113
82	24	112
82	25	112
82	26	111
82	27	110
82	28	109
82	29	108
82	30	107
82	31	106
82	32	105
82	33	104
82	34	104
82	35	103
82	36	102
82	37	102
82	38	101
82	39	101
82	40	100
82	41	100
82	42	99
82	43	99
82	44	98
82	45	98
82	46	97
82	47	97
82	48	97
82	49	96
82	50	96
82	51	95
82	52	94
82	53	92
82	54	91
82	55	90
82	56	89
82	57	88
82	58	87
82	59	86
82	60	85
82	61	84
82	62	84
82	63	83
82	64	82
82	65	80
82	66	79
82	67	78
82	68	76
82	69	75
82	70	74
82	71	73
82	72	72
82	73	71
82	74	70
82	75	69
82	76	68
82	77	68
82	78	67
82	79	66
82	80	65
82	81	65
82	82	64
82	83	63
82	84	62
82	85	60
82	86	59
82	87	58
82	88	57
82	89	56
82	90	55
82	91	54
82	92	53
82	93	52
82	94	52
82	95	51
82	96	50
82	97	47
82	98	44
82	99	42
82	100	40
82	101	38
82	102	36
82	103	35
82	104	33
82	105	32
82	106	31
82	107	30
82	108	29
82	109	28
82	110	27
82	111	26
82	112	25
82	113	22
82	114	20
82	115	18
82	116	17
82	117	15
82	118	14
82	119	13
82	120	12
82	121	10
82	122	8
82	123	7
82	124	6
82	125	4
82	126	3
82	127	2
82	128	128
82	129	254
82	130	253
82	131	252
82	132	250
82	133	249
82	134	248
82	135	246
82	136	244
82	137	243
82	138	242
82	139	241
82	140	239
82	141	238
82	142	236
82	143	234
82	144	231
82	145	230
82	146	229
82	147	228
82	148	227
82	149	226
82	150	225
82	151	224
82	152	223
82	153	221
82	154	220
82	155	218
82	156	216
82	157	214
82	158	212
82	159	209
82	160	206
82	161	205
82	162	204
82	163	204
82	164	203
82	165	202
82	166	201
82	167	200
82	168	199
82	169	198
82	170	197
82	171	196
82	172	194
82	173	193
82	174	192
82	175	191
82	176	191
82	177	190
82	178	189
82	179	188
82	180	188
82	181	187
82	182	186
82	183	185
82	184	184
82	185	183
82	186	182
82	187	181
82	188	180
82	189	178
82	190	177
82	191	176
82	192	174
82	193	173
82	194	172
82	195	172
82	196	171
82	197	170
82	198	169
82	199	168
82	200	167
82	201	166
82	202	165
82	203	164
82	204	162
82	205	161
82	206	160
82	207	160
82	208	159
82	209	159
82	210	159
82	211	158
82	212	158
82	213	157
82	214	157
82	215	156
82	216	156
82	217	155
82	218	155
82	219	154
82	220	154
82	221	153
82	222	152
82	223	152
82	224	151
82	225	150
82	226	149
82	227	148
82	228	147
82	229	146
82	230	145
82	231	144
82	232	144
82	233	143
82	234	143
82	235	142
82	236	142
82	237	141
82	238	141
82	239	140
82	240	140
82	241	139
82	242	138
82	243	137
82	244	136
82	245	135
82	246	135
82	247	134
82	248	134
82	249	133
82	250	132
82	251	132
82	252	131
82	253	130
82	254	129
82	255	129
83	0	128
83	1	127
83	2	127
83	3	126
83	4	125
83	5	125
83	6	124
83	7	123
83	8	122
83	9	122
83	10	121
83	11	121
83	12	120
83	13	120
83	14	119
83	15	118
83	16	117
83	17	116
83	18	115
83	19	115
83	20	114
83	21	114
83	22	113
83	23	113
83	24	112
83	25	112
83	26	111
83	27	110
83	28	109
83	29	108
83	30	107
83	31	106
83	32	106
83	33	105
83	34	104
83	35	103
83	36	103
83	37	102
83	38	101
83	39	101
83	40	100
83	41	100
83	42	99
83	43	99
83	44	99
83	45	98
83	46	98
83	47	97
83	48	97
83	49	97
83	50	96
83	51	96
83	52	95
83	53	94
83	54	92
83	55	91
83	56	90
83	57	89
83	58	88
83	59	87
83	60	86
83	61	86
83	62	85
83	63	84
83	64	83
83	65	81
83	66	80
83	67	79
83	68	77
83	69	76
83	70	75
83	71	74
83	72	73
83	73	72
83	74	71
83	75	70
83	76	69
83	77	68
83	78	67
83	79	67
83	80	66
83	81	65
83	82	65
83	83	64
83	84	63
83	85	62
83	86	60
83	87	59
83	88	58
83	89	57
83	90	56
83	91	55
83	92	54
83	93	54
83	94	53
83	95	52
83	96	51
83	97	48
83	98	45
83	99	43
83	100	41
83	101	39
83	102	37
83	103	35
83	104	34
83	105	33
83	106	31
83	107	30
83	108	29
83	109	28
83	110	27
83	111	26
83	112	26
83	113	23
83	114	20
83	115	19
83	116	17
83	117	16
83	118	15
83	119	14
83	120	13
83	121	10
83	122	8
83	123	7
83	124	6
83	125	4
83	126	3
83	127	2
83	128	128
83	129	254
83	130	253
83	131	252
83	132	250
83	133	249
83	134	248
83	135	246
83	136	243
83	137	242
83	138	241
83	139	240
83	140	239
83	141	237
83	142	236
83	143	233
83	144	230
83	145	230
83	146	229
83	147	228
83	148	227
83	149	226
83	150	225
83	151	223
83	152	222
83	153	221
83	154	219
83	155	217
83	156	215
83	157	213
83	158	211
83	159	208
83	160	205
83	161	204
83	162	203
83	163	202
83	164	202
83	165	201
83	166	200
83	167	199
83	168	198
83	169	197
83	170	196
83	171	194
83	172	193
83	173	192
83	174	191
83	175	191
83	176	190
83	177	189
83	178	189
83	179	188
83	180	187
83	181	186
83	182	185
83	183	184
83	184	183
83	185	182
83	186	181
83	187	180
83	188	179
83	189	177
83	190	176
83	191	175
83	192	173
83	193	172
83	194	171
83	195	170
83	196	170
83	197	169
83	198	168
83	199	167
83	200	166
83	201	165
83	202	164
83	203	162
83	204	161
83	205	160
83	206	160
83	207	159
83	208	159
83	209	159
83	210	158
83	211	158
83	212	157
83	213	157
83	214	157
83	215	156
83	216	156
83	217	155
83	218	155
83	219	154
83	220	153
83	221	153
83	222	152
83	223	151
83	224	150
83	225	150
83	226	149
83	227	148
83	228	147
83	229	146
83	230	145
83	231	144
83	232	144
83	233	143
83	234	143
83	235	142
83	236	142
83	237	141
83	238	141
83	239	140
83	240	139
83	241	138
83	242	137
83	243	136
83	244	136
83	245	135
83	246	135
83	247	134
83	248	134
83	249	133
83	250	132
83	251	131
83	252	131
83	253	130
83	254	129
83	255	129
84	0	128
84	1	127
84	2	127
84	3	126
84	4	125
84	5	125
84	6	124
84	7	123
84	8	122
84	9	122
84	10	121
84	11	121
84	12	120
84	13	120
84	14	119
84	15	118
84	16	117
84	17	116
84	18	116
84	19	115
84	20	114
84	21	114
84	22	113
84	23	113
84	24	113
84	25	112
84	26	112
84	27	111
84	28	110
84	29	109
84	30	108
84	31	107
84	32	106
84	33	105
84	34	104
84	35	104
84	36	103
84	37	102
84	38	102
84	39	101
84	40	101
84	41	100
84	42	100
84	43	99
84	44	99
84	45	98
84	46	98
84	47	98
84	48	97
84	49	97
84	50	97
84	51	96
84	52	96
84	53	95
84	54	94
84	55	93
84	56	91
84	57	90
84	58	89
84	59	88
84	60	87
84	61	87
84	62	86
84	63	85
84	64	84
84	65	82
84	66	81
84	67	80
84	68	78
84	69	77
84	70	76
84	71	75
84	72	74
84	73	73
84	74	72
84	75	71
84	76	70
84	77	69
84	78	68
84	79	67
84	80	67
84	81	66
84	82	65
84	83	65
84	84	64
84	85	63
84	86	62
84	87	61
84	88	59
84	89	58
84	90	57
84	91	56
84	92	55
84	93	55
84	94	54
84	95	53
84	96	52
84	97	49
84	98	46
84	99	44
84	100	42
84	101	40
84	102	38
84	103	36
84	104	35
84	105	33
84	106	32
84	107	31
84	108	30
84	109	29
84	110	28
84	111	27
84	112	26
84	113	23
84	114	21
84	115	19
84	116	17
84	117	16
84	118	15
84	119	14
84	120	13
84	121	10
84	122	9
84	123	7
84	124	6
84	125	4
84	126	3
84	127	2
84	128	128
84	129	254
84	130	253
84	131	252
84	132	250
84	133	249
84	134	247
84	135	246
84	136	243
84	137	242
84	138	241
84	139	240
84	140	239
84	141	237
84	142	235
84	143	233
84	144	230
84	145	229
84	146	228
84	147	227
84	148	226
84	149	225
84	150	224
84	151	223
84	152	221
84	153	220
84	154	218
84	155	216
84	156	214
84	157	212
84	158	210
84	159	207
84	160	204
84	161	203
84	162	202
84	163	201
84	164	201
84	165	200
84	166	199
84	167	198
84	168	197
84	169	195
84	170	194
84	171	193
84	172	192
84	173	191
84	174	191
84	175	190
84	176	189
84	177	189
84	178	188
84	179	187
84	180	186
84	181	185
84	182	184
84	183	183
84	184	182
84	185	181
84	186	180
84	187	179
84	188	178
84	189	176
84	190	175
84	191	174
84	192	172
84	193	171
84	194	170
84	195	169
84	196	169
84	197	168
84	198	167
84	199	166
84	200	165
84	201	163
84	202	162
84	203	161
84	204	160
84	205	160
84	206	159
84	207	159
84	208	159
84	209	158
84	210	158
84	211	158
84	212	157
84	213	157
84	214	156
84	215	156
84	216	155
84	217	155
84	218	154
84	219	154
84	220	153
84	221	152
84	222	152
84	223	151
84	224	150
84	225	149
84	226	148
84	227	147
84	228	146
84	229	145
84	230	144
84	231	144
84	232	143
84	233	143
84	234	143
84	235	142
84	236	142
84	237	141
84	238	140
84	239	140
84	240	139
84	241	138
84	242	137
84	243	136
84	244	136
84	245	135
84	246	135
84	247	134
84	248	134
84	249	133
84	250	132
84	251	131
84	252	131
84	253	130
84	254	129
84	255	129
85	0	128
85	1	127
85	2	127
85	3	126
85	4	125
85	5	125
85	6	124
85	7	124
85	8	123
85	9	122
85	10	121
85	11	121
85	12	120
85	13	120
85	14	119
85	15	118
85	16	117
85	17	116
85	18	116
85	19	115
85	20	115
85	21	114
85	22	114
85	23	113
85	24	113
85	25	112
85	26	112
85	27	111
85	28	110
85	29	109
85	30	108
85	31	107
85	32	106
85	33	106
85	34	105
85	35	104
85	36	104
85	37	103
85	38	102
85	39	102
85	40	101
85	41	101
85	42	100
85	43	100
85	44	99
85	45	99
85	46	98
85	47	98
85	48	98
85	49	97
85	50	97
85	51	97
85	52	96
85	53	96
85	54	95
85	55	94
85	56	93
85	57	92
85	58	90
85	59	89
85	60	89
85	61	88
85	62	87
85	63	86
85	64	85
85	65	83
85	66	82
85	67	80
85	68	79
85	69	78
85	70	77
85	71	75
85	72	74
85	73	73
85	74	72
85	75	71
85	76	71
85	77	70
85	78	69
85	79	68
85	80	67
85	81	67
85	82	66
85	83	65
85	84	65
85	85	64
85	86	63
85	87	62
85	88	61
85	89	60
85	90	58
85	91	57
85	92	57
85	93	56
85	94	55
85	95	54
85	96	53
85	97	50
85	98	47
85	99	45
85	100	42
85	101	40
85	102	39
85	103	37
85	104	35
85	105	34
85	106	33
85	107	31
85	108	30
85	109	29
85	110	28
85	111	27
85	112	26
85	113	24
85	114	21
85	115	19
85	116	18
85	117	16
85	118	15
85	119	14
85	120	13
85	121	11
85	122	9
85	123	8
85	124	7
85	125	4
85	126	3
85	127	2
85	128	128
85	129	254
85	130	253
85	131	252
85	132	249
85	133	248
85	134	247
85	135	245
85	136	243
85	137	242
85	138	241
85	139	240
85	140	238
85	141	237
85	142	235
85	143	232
85	144	230
85	145	229
85	146	228
85	147	227
85	148	226
85	149	225
85	150	223
85	151	222
85	152	221
85	153	219
85	154	217
85	155	216
85	156	214
85	157	211
85	158	209
85	159	206
85	160	203
85	161	202
85	162	201
85	163	200
85	164	199
85	165	199
85	166	198
85	167	196
85	168	195
85	169	194
85	170	193
85	171	192
85	172	191
85	173	191
85	174	190
85	175	189
85	176	189
85	177	188
85	178	187
85	179	186
85	180	185
85	181	185
85	182	184
85	183	183
85	184	182
85	185	181
85	186	179
85	187	178
85	188	177
85	189	176
85	190	174
85	191	173
85	192	171
85	193	170
85	194	169
85	195	168
85	196	167
85	197	167
85	198	166
85	199	164
85	200	163
85	201	162
85	202	161
85	203	160
85	204	160
85	205	159
85	206	159
85	207	159
85	208	158
85	209	158
85	210	158
85	211	157
85	212	157
85	213	156
85	214	156
85	215	155
85	216	155
85	217	154
85	218	154
85	219	153
85	220	152
85	221	152
85	222	151
85	223	150
85	224	150
85	225	149
85	226	148
85	227	147
85	228	146
85	229	145
85	230	144
85	231	144
85	232	143
85	233	143
85	234	142
85	235	142
85	236	141
85	237	141
85	238	140
85	239	140
85	240	139
85	241	138
85	242	137
85	243	136
85	244	136
85	245	135
85	246	135
85	247	134
85	248	133
85	249	132
85	250	132
85	251	131
85	252	131
85	253	130
85	254	129
85	255	129
86	0	128
86	1	127
86	2	127
86	3	126
86	4	125
86	5	125
86	6	124
86	7	124
86	8	123
86	9	122
86	10	121
86	11	121
86	12	120
86	13	120
86	14	119
86	15	118
86	16	118
86	17	117
86	18	116
86	19	115
86	20	115
86	21	114
86	22	114
86	23	113
86	24	113
86	25	113
86	26	112
86	27	112
86	28	111
86	29	110
86	30	109
86	31	108
86	32	107
86	33	106
86	34	105
86	35	105
86	36	104
86	37	103
86	38	103
86	39	102
86	40	102
86	41	101
86	42	101
86	43	100
86	44	100
86	45	99
86	46	99
86	47	98
86	48	98
86	49	98
86	50	97
86	51	97
86	52	97
86	53	96
86	54	96
86	55	95
86	56	94
86	57	93
86	58	92
86	59	91
86	60	90
86	61	89
86	62	88
86	63	87
86	64	86
86	65	84
86	66	83
86	67	81
86	68	80
86	69	79
86	70	77
86	71	76
86	72	75
86	73	74
86	74	73
86	75	72
86	76	71
86	77	70
86	78	70
86	79	69
86	80	68
86	81	67
86	82	67
86	83	66
86	84	65
86	85	65
86	86	64
86	87	63
86	88	62
86	89	61
86	90	60
86	91	59
86	92	58
86	93	57
86	94	56
86	95	55
86	96	54
86	97	51
86	98	48
86	99	45
86	100	43
86	101	41
86	102	39
86	103	38
86	104	36
86	105	35
86	106	33
86	107	32
86	108	31
86	109	30
86	110	29
86	111	28
86	112	27
86	113	24
86	114	22
86	115	20
86	116	18
86	117	17
86	118	15
86	119	14
86	120	14
86	121	11
86	122	9
86	123	8
86	124	7
86	125	4
86	126	3
86	127	2
86	128	128
86	129	254
86	130	253
86	131	252
86	132	249
86	133	248
86	134	247
86	135	245
86	136	242
86	137	242
86	138	241
86	139	239
86	140	238
86	141	236
86	142	234
86	143	232
86	144	229
86	145	228
86	146	227
86	147	226
86	148	225
86	149	224
86	150	223
86	151	221
86	152	220
86	153	218
86	154	217
86	155	215
86	156	213
86	157	211
86	158	208
86	159	205
86	160	202
86	161	201
86	162	200
86	163	199
86	164	198
86	165	197
86	166	196
86	167	195
86	168	194
86	169	193
86	170	192
86	171	191
86	172	191
86	173	190
86	174	189
86	175	189
86	176	188
86	177	187
86	178	186
86	179	186
86	180	185
86	181	184
86	182	183
86	183	182
86	184	181
86	185	180
86	186	179
86	187	177
86	188	176
86	189	175
86	190	173
86	191	172
86	192	170
86	193	169
86	194	168
86	195	167
86	196	166
86	197	165
86	198	164
86	199	163
86	200	162
86	201	161
86	202	160
86	203	160
86	204	159
86	205	159
86	206	159
86	207	158
86	208	158
86	209	158
86	210	157
86	211	157
86	212	156
86	213	156
86	214	155
86	215	155
86	216	154
86	217	154
86	218	153
86	219	153
86	220	152
86	221	151
86	222	151
86	223	150
86	224	149
86	225	148
86	226	147
86	227	146
86	228	145
86	229	144
86	230	144
86	231	143
86	232	143
86	233	143
86	234	142
86	235	142
86	236	141
86	237	141
86	238	140
86	239	139
86	240	138
86	241	138
86	242	137
86	243	136
86	244	136
86	245	135
86	246	135
86	247	134
86	248	133
86	249	132
86	250	132
86	251	131
86	252	131
86	253	130
86	254	129
86	255	129
87	0	128
87	1	127
87	2	127
87	3	126
87	4	125
87	5	125
87	6	124
87	7	124
87	8	123
87	9	122
87	10	122
87	11	121
87	12	121
87	13	120
87	14	120
87	15	119
87	16	118
87	17	117
87	18	116
87	19	116
87	20	115
87	21	114
87	22	114
87	23	114
87	24	113
87	25	113
87	26	112
87	27	112
87	28	111
87	29	110
87	30	109
87	31	108
87	32	108
87	33	107
87	34	106
87	35	105
87	36	104
87	37	104
87	38	103
87	39	103
87	40	102
87	41	101
87	42	101
87	43	100
87	44	100
87	45	100
87	46	99
87	47	99
87	48	98
87	49	98
87	50	98
87	51	97
87	52	97
87	53	97
87	54	96
87	55	96
87	56	95
87	57	94
87	58	93
87	59	92
87	60	91
87	61	90
87	62	89
87	63	88
87	64	87
87	65	85
87	66	84
87	67	82
87	68	81
87	69	80
87	70	78
87	71	77
87	72	76
87	73	75
87	74	74
87	75	73
87	76	72
87	77	71
87	78	70
87	79	69
87	80	69
87	81	68
87	82	67
87	83	67
87	84	66
87	85	65
87	86	65
87	87	64
87	88	63
87	89	62
87	90	61
87	91	60
87	92	59
87	93	58
87	94	57
87	95	56
87	96	55
87	97	52
87	98	49
87	99	46
87	100	44
87	101	42
87	102	40
87	103	38
87	104	37
87	105	35
87	106	34
87	107	33
87	108	31
87	109	30
87	110	29
87	111	28
87	112	28
87	113	24
87	114	22
87	115	20
87	116	18
87	117	17
87	118	16
87	119	15
87	120	14
87	121	11
87	122	9
87	123	8
87	124	7
87	125	5
87	126	3
87	127	2
87	128	128
87	129	254
87	130	253
87	131	251
87	132	249
87	133	248
87	134	247
87	135	245
87	136	242
87	137	241
87	138	240
87	139	239
87	140	238
87	141	236
87	142	234
87	143	232
87	144	228
87	145	228
87	146	227
87	147	226
87	148	225
87	149	223
87	150	222
87	151	221
87	152	219
87	153	218
87	154	216
87	155	214
87	156	212
87	157	210
87	158	207
87	159	204
87	160	201
87	161	200
87	162	199
87	163	198
87	164	197
87	165	196
87	166	195
87	167	194
87	168	193
87	169	192
87	170	191
87	171	191
87	172	190
87	173	189
87	174	189
87	175	188
87	176	187
87	177	187
87	178	186
87	179	185
87	180	184
87	181	183
87	182	182
87	183	181
87	184	180
87	185	179
87	186	178
87	187	176
87	188	175
87	189	174
87	190	172
87	191	171
87	192	169
87	193	168
87	194	167
87	195	166
87	196	165
87	197	164
87	198	163
87	199	162
87	200	161
87	201	160
87	202	160
87	203	159
87	204	159
87	205	159
87	206	158
87	207	158
87	208	158
87	209	157
87	210	157
87	211	156
87	212	156
87	213	156
87	214	155
87	215	155
87	216	154
87	217	153
87	218	153
87	219	152
87	220	152
87	221	151
87	222	150
87	223	149
87	224	148
87	225	148
87	226	147
87	227	146
87	228	145
87	229	144
87	230	144
87	231	143
87	232	143
87	233	142
87	234	142
87	235	142
87	236	141
87	237	140
87	238	140
87	239	139
87	240	138
87	241	137
87	242	136
87	243	136
87	244	135
87	245	135
87	246	134
87	247	134
87	248	133
87	249	132
87	250	132
87	251	131
87	252	131
87	253	130
87	254	129
87	255	129
88	0	128
88	1	127
88	2	127
88	3	126
88	4	126
88	5	125
88	6	124
88	7	124
88	8	123
88	9	122
88	10	122
88	11	121
88	12	121
88	13	120
88	14	120
88	15	119
88	16	118
88	17	117
88	18	116
88	19	116
88	20	115
88	21	115
88	22	114
88	23	114
88	24	113
88	25	113
88	26	113
88	27	112
88	28	112
88	29	111
88	30	110
88	31	109
88	32	108
88	33	107
88	34	106
88	35	106
88	36	105
88	37	104
88	38	104
88	39	103
88	40	102
88	41	102
88	42	101
88	43	101
88	44	100
88	45	100
88	46	99
88	47	99
88	48	99
88	49	98
88	50	98
88	51	98
88	52	97
88	53	97
88	54	97
88	55	96
88	56	96
88	57	95
88	58	94
88	59	93
88	60	92
88	61	91
88	62	90
88	63	89
88	64	88
88	65	86
88	66	85
88	67	83
88	68	82
88	69	80
88	70	79
88	71	78
88	72	77
88	73	76
88	74	75
88	75	74
88	76	73
88	77	72
88	78	71
88	79	70
88	80	69
88	81	69
88	82	68
88	83	67
88	84	66
88	85	66
88	86	65
88	87	65
88	88	64
88	89	63
88	90	62
88	91	61
88	92	60
88	93	59
88	94	58
88	95	57
88	96	56
88	97	53
88	98	50
88	99	47
88	100	45
88	101	43
88	102	41
88	103	39
88	104	37
88	105	36
88	106	34
88	107	33
88	108	32
88	109	31
88	110	30
88	111	29
88	112	28
88	113	25
88	114	22
88	115	20
88	116	19
88	117	17
88	118	16
88	119	15
88	120	14
88	121	11
88	122	9
88	123	8
88	124	7
88	125	5
88	126	4
88	127	2
88	128	128
88	129	254
88	130	252
88	131	251
88	132	249
88	133	248
88	134	247
88	135	245
88	136	242
88	137	241
88	138	240
88	139	239
88	140	237
88	141	236
88	142	234
88	143	231
88	144	228
88	145	227
88	146	226
88	147	225
88	148	224
88	149	223
88	150	222
88	151	220
88	152	219
88	153	217
88	154	215
88	155	213
88	156	211
88	157	209
88	158	206
88	159	203
88	160	200
88	161	199
88	162	198
88	163	197
88	164	196
88	165	195
88	166	194
88	167	193
88	168	192
88	169	191
88	170	191
88	171	190
88	172	190
88	173	189
88	174	188
88	175	187
88	176	187
88	177	186
88	178	185
88	179	184
88	180	183
88	181	182
88	182	181
88	183	180
88	184	179
88	185	178
88	186	177
88	187	176
88	188	174
88	189	173
88	190	171
88	191	170
88	192	168
88	193	167
88	194	166
88	195	165
88	196	164
88	197	163
88	198	162
88	199	161
88	200	160
88	201	160
88	202	159
88	203	159
88	204	159
88	205	158
88	206	158
88	207	158
88	208	157
88	209	157
88	210	157
88	211	156
88	212	156
88	213	155
88	214	155
88	215	154
88	216	154
88	217	153
88	218	152
88	219	152
88	220	151
88	221	150
88	222	150
88	223	149
88	224	148
88	225	147
88	226	146
88	227	145
88	228	144
88	229	144
88	230	143
88	231	143
88	232	143
88	233	142
88	234	142
88	235	141
88	236	141
88	237	140
88	238	140
88	239	139
88	240	138
88	241	137
88	242	136
88	243	136
88	244	135
88	245	135
88	246	134
88	247	134
88	248	133
88	249	132
88	250	132
88	251	131
88	252	130
88	253	130
88	254	129
88	255	129
89	0	128
89	1	127
89	2	127
89	3	126
89	4	126
89	5	125
89	6	124
89	7	124
89	8	123
89	9	122
89	10	122
89	11	121
89	12	121
89	13	120
89	14	120
89	15	119
89	16	118
89	17	117
89	18	117
89	19	116
89	20	115
89	21	115
89	22	114
89	23	114
89	24	114
89	25	113
89	26	113
89	27	112
89	28	112
89	29	111
89	30	110
89	31	109
89	32	108
89	33	108
89	34	107
89	35	106
89	36	105
89	37	105
89	38	104
89	39	103
89	40	103
89	41	102
89	42	102
89	43	101
89	44	101
89	45	100
89	46	100
89	47	99
89	48	99
89	49	99
89	50	98
89	51	98
89	52	98
89	53	97
89	54	97
89	55	97
89	56	96
89	57	96
89	58	95
89	59	94
89	60	93
89	61	92
89	62	91
89	63	90
89	64	89
89	65	87
89	66	86
89	67	84
89	68	83
89	69	81
89	70	80
89	71	79
89	72	78
89	73	76
89	74	75
89	75	74
89	76	73
89	77	73
89	78	72
89	79	71
89	80	70
89	81	69
89	82	68
89	83	68
89	84	67
89	85	66
89	86	66
89	87	65
89	88	65
89	89	64
89	90	63
89	91	62
89	92	61
89	93	60
89	94	59
89	95	58
89	96	57
89	97	54
89	98	51
89	99	48
89	100	46
89	101	43
89	102	41
89	103	40
89	104	38
89	105	36
89	106	35
89	107	34
89	108	33
89	109	31
89	110	30
89	111	29
89	112	28
89	113	25
89	114	23
89	115	21
89	116	19
89	117	18
89	118	16
89	119	15
89	120	14
89	121	11
89	122	10
89	123	8
89	124	7
89	125	5
89	126	4
89	127	2
89	128	128
89	129	254
89	130	252
89	131	251
89	132	249
89	133	248
89	134	246
89	135	245
89	136	242
89	137	241
89	138	240
89	139	238
89	140	237
89	141	235
89	142	233
89	143	231
89	144	228
89	145	227
89	146	226
89	147	225
89	148	223
89	149	222
89	150	221
89	151	220
89	152	218
89	153	216
89	154	215
89	155	213
89	156	210
89	157	208
89	158	205
89	159	202
89	160	199
89	161	198
89	162	197
89	163	196
89	164	195
89	165	194
89	166	193
89	167	192
89	168	191
89	169	191
89	170	190
89	171	190
89	172	189
89	173	188
89	174	188
89	175	187
89	176	186
89	177	185
89	178	184
89	179	183
89	180	183
89	181	182
89	182	181
89	183	180
89	184	178
89	185	177
89	186	176
89	187	175
89	188	173
89	189	172
89	190	170
89	191	169
89	192	167
89	193	166
89	194	165
89	195	164
89	196	163
89	197	162
89	198	161
89	199	160
89	200	160
89	201	159
89	202	159
89	203	159
89	204	158
89	205	158
89	206	158
89	207	157
89	208	157
89	209	157
89	210	156
89	211	156
89	212	155
89	213	155
89	214	154
89	215	154
89	216	153
89	217	153
89	218	152
89	219	151
89	220	151
89	221	150
89	222	149
89	223	148
89	224	148
89	225	147
89	226	146
89	227	145
89	228	144
89	229	144
89	230	143
89	231	143
89	232	142
89	233	142
89	234	142
89	235	141
89	236	141
89	237	140
89	238	139
89	239	139
89	240	138
89	241	137
89	242	136
89	243	136
89	244	135
89	245	135
89	246	134
89	247	134
89	248	133
89	249	132
89	250	132
89	251	131
89	252	130
89	253	130
89	254	129
89	255	129
90	0	128
90	1	127
90	2	127
90	3	126
90	4	126
90	5	125
90	6	124
90	7	124
90	8	123
90	9	122
90	10	122
90	11	121
90	12	121
90	13	120
90	14	120
90	15	119
90	16	118
90	17	118
90	18	117
90	19	116
90	20	116
90	21	115
90	22	115
90	23	114
90	24	114
90	25	113
90	26	113
90	27	113
90	28	112
90	29	112
90	30	111
90	31	110
90	32	109
90	33	108
90	34	107
90	35	107
90	36	106
90	37	105
90	38	104
90	39	104
90	40	103
90	41	103
90	42	102
90	43	102
90	44	101
90	45	101
90	46	100
90	47	100
90	48	99
90	49	99
90	50	99
90	51	98
90	52	98
90	53	98
90	54	97
90	55	97
90	56	97
90	57	96
90	58	96
90	59	95
90	60	94
90	61	93
90	62	92
90	63	91
90	64	90
90	65	88
90	66	87
90	67	85
90	68	84
90	69	82
90	70	81
90	71	80
90	72	78
90	73	77
90	74	76
90	75	75
90	76	74
90	77	73
90	78	72
90	79	71
90	80	71
90	81	70
90	82	69
90	83	68
90	84	68
90	85	67
90	86	66
90	87	66
90	88	65
90	89	65
90	90	64
90	91	63
90	92	62
90	93	61
90	94	60
90	95	59
90	96	58
90	97	55
90	98	52
90	99	49
90	100	46
90	101	44
90	102	42
90	103	40
90	104	39
90	105	37
90	106	36
90	107	34
90	108	33
90	109	32
90	110	31
90	111	30
90	112	29
90	113	26
90	114	23
90	115	21
90	116	19
90	117	18
90	118	17
90	119	15
90	120	14
90	121	12
90	122	10
90	123	8
90	124	7
90	125	5
90	126	4
90	127	2
90	128	128
90	129	254
90	130	252
90	131	251
90	132	249
90	133	248
90	134	246
90	135	244
90	136	242
90	137	241
90	138	239
90	139	238
90	140	237
90	141	235
90	142	233
90	143	230
90	144	227
90	145	226
90	146	225
90	147	224
90	148	223
90	149	222
90	150	220
90	151	219
90	152	217
90	153	216
90	154	214
90	155	212
90	156	210
90	157	207
90	158	204
90	159	201
90	160	198
90	161	197
90	162	196
90	163	195
90	164	194
90	165	193
90	166	192
90	167	191
90	168	191
90	169	190
90	170	190
90	171	189
90	172	188
90	173	188
90	174	187
90	175	186
90	176	185
90	177	185
90	178	184
90	179	183
90	180	182
90	181	181
90	182	180
90	183	179
90	184	178
90	185	176
90	186	175
90	187	174
90	188	172
90	189	171
90	190	169
90	191	168
90	192	166
90	193	165
90	194	164
90	195	163
90	196	162
90	197	161
90	198	160
90	199	160
90	200	159
90	201	159
90	202	159
90	203	158
90	204	158
90	205	158
90	206	157
90	207	157
90	208	157
90	209	156
90	210	156
90	211	155
90	212	155
90	213	154
90	214	154
90	215	153
90	216	153
90	217	152
90	218	152
90	219	151
90	220	150
90	221	149
90	222	149
90	223	148
90	224	147
90	225	146
90	226	145
90	227	144
90	228	144
90	229	143
90	230	143
90	231	143
90	232	142
90	233	142
90	234	141
90	235	141
90	236	140
90	237	140
90	238	139
90	239	138
90	240	138
90	241	137
90	242	136
90	243	136
90	244	135
90	245	135
90	246	134
90	247	134
90	248	133
90	249	132
90	250	132
90	251	131
90	252	130
90	253	130
90	254	129
90	255	129
91	0	128
91	1	127
91	2	127
91	3	126
91	4	126
91	5	125
91	6	124
91	7	124
91	8	123
91	9	123
91	10	122
91	11	121
91	12	121
91	13	121
91	14	120
91	15	120
91	16	119
91	17	118
91	18	117
91	19	116
91	20	116
91	21	115
91	22	115
91	23	114
91	24	114
91	25	113
91	26	113
91	27	113
91	28	112
91	29	112
91	30	111
91	31	110
91	32	110
91	33	109
91	34	108
91	35	107
91	36	106
91	37	106
91	38	105
91	39	104
91	40	104
91	41	103
91	42	102
91	43	102
91	44	101
91	45	101
91	46	101
91	47	100
91	48	100
91	49	99
91	50	99
91	51	99
91	52	98
91	53	98
91	54	97
91	55	97
91	56	97
91	57	97
91	58	96
91	59	96
91	60	95
91	61	94
91	62	93
91	63	92
91	64	91
91	65	89
91	66	88
91	67	86
91	68	84
91	69	83
91	70	82
91	71	80
91	72	79
91	73	78
91	74	77
91	75	76
91	76	75
91	77	74
91	78	73
91	79	72
91	80	71
91	81	71
91	82	70
91	83	69
91	84	68
91	85	68
91	86	67
91	87	66
91	88	66
91	89	65
91	90	65
91	91	64
91	92	63
91	93	62
91	94	61
91	95	60
91	96	59
91	97	56
91	98	52
91	99	50
91	100	47
91	101	45
91	102	43
91	103	41
91	104	39
91	105	38
91	106	36
91	107	35
91	108	34
91	109	33
91	110	31
91	111	30
91	112	30
91	113	26
91	114	24
91	115	21
91	116	20
91	117	18
91	118	17
91	119	16
91	120	15
91	121	12
91	122	10
91	123	8
91	124	7
91	125	5
91	126	4
91	127	2
91	128	128
91	129	254
91	130	252
91	131	251
91	132	249
91	133	248
91	134	246
91	135	244
91	136	241
91	137	240
91	138	239
91	139	238
91	140	236
91	141	235
91	142	232
91	143	230
91	144	226
91	145	226
91	146	225
91	147	223
91	148	222
91	149	221
91	150	220
91	151	218
91	152	217
91	153	215
91	154	213
91	155	211
91	156	209
91	157	206
91	158	204
91	159	200
91	160	197
91	161	196
91	162	195
91	163	194
91	164	193
91	165	192
91	166	191
91	167	191
91	168	190
91	169	190
91	170	189
91	171	188
91	172	188
91	173	187
91	174	186
91	175	185
91	176	185
91	177	184
91	178	183
91	179	182
91	180	181
91	181	180
91	182	179
91	183	178
91	184	177
91	185	176
91	186	174
91	187	173
91	188	172
91	189	170
91	190	168
91	191	167
91	192	165
91	193	164
91	194	163
91	195	162
91	196	161
91	197	160
91	198	160
91	199	159
91	200	159
91	201	159
91	202	159
91	203	158
91	204	158
91	205	157
91	206	157
91	207	157
91	208	156
91	209	156
91	210	155
91	211	155
91	212	155
91	213	154
91	214	154
91	215	153
91	216	152
91	217	152
91	218	151
91	219	150
91	220	150
91	221	149
91	222	148
91	223	147
91	224	146
91	225	146
91	226	145
91	227	144
91	228	144
91	229	143
91	230	143
91	231	143
91	232	142
91	233	142
91	234	141
91	235	141
91	236	140
91	237	140
91	238	139
91	239	138
91	240	137
91	241	136
91	242	136
91	243	135
91	244	135
91	245	135
91	246	134
91	247	133
91	248	133
91	249	132
91	250	132
91	251	131
91	252	130
91	253	130
91	254	129
91	255	129
92	0	128
92	1	127
92	2	127
92	3	126
92	4	126
92	5	125
92	6	124
92	7	124
92	8	124
92	9	123
92	10	122
92	11	121
92	12	121
92	13	121
92	14	120
92	15	120
92	16	119
92	17	118
92	18	117
92	19	117
92	20	116
92	21	115
92	22	115
92	23	114
92	24	114
92	25	114
92	26	113
92	27	113
92	28	113
92	29	112
92	30	112
92	31	111
92	32	110
92	33	109
92	34	108
92	35	107
92	36	107
92	37	106
92	38	105
92	39	105
92	40	104
92	41	103
92	42	103
92	43	102
92	44	102
92	45	101
92	46	101
92	47	100
92	48	100
92	49	100
92	50	99
92	51	99
92	52	98
92	53	98
92	54	98
92	55	97
92	56	97
92	57	97
92	58	97
92	59	96
92	60	96
92	61	95
92	62	94
92	63	93
92	64	92
92	65	90
92	66	88
92	67	87
92	68	85
92	69	84
92	70	83
92	71	81
92	72	80
92	73	79
92	74	78
92	75	77
92	76	76
92	77	75
92	78	74
92	79	73
92	80	72
92	81	71
92	82	70
92	83	70
92	84	69
92	85	68
92	86	68
92	87	67
92	88	66
92	89	66
92	90	65
92	91	65
92	92	64
92	93	63
92	94	62
92	95	61
92	96	60
92	97	56
92	98	53
92	99	51
92	100	48
92	101	46
92	102	44
92	103	42
92	104	40
92	105	38
92	106	37
92	107	36
92	108	34
92	109	33
92	110	32
92	111	31
92	112	30
92	113	27
92	114	24
92	115	22
92	116	20
92	117	18
92	118	17
92	119	16
92	120	15
92	121	12
92	122	10
92	123	9
92	124	8
92	125	5
92	126	4
92	127	2
92	128	128
92	129	254
92	130	252
92	131	251
92	132	248
92	133	247
92	134	246
92	135	244
92	136	241
92	137	240
92	138	239
92	139	238
92	140	236
92	141	234
92	142	232
92	143	229
92	144	226
92	145	225
92	146	224
92	147	223
92	148	222
92	149	220
92	150	219
92	151	218
92	152	216
92	153	214
92	154	212
92	155	210
92	156	208
92	157	205
92	158	203
92	159	200
92	160	196
92	161	195
92	162	194
92	163	193
92	164	192
92	165	191
92	166	191
92	167	190
92	168	190
92	169	189
92	170	188
92	171	188
92	172	187
92	173	186
92	174	186
92	175	185
92	176	184
92	177	183
92	178	182
92	179	181
92	180	180
92	181	179
92	182	178
92	183	177
92	184	176
92	185	175
92	186	173
92	187	172
92	188	171
92	189	169
92	190	168
92	191	166
92	192	164
92	193	163
92	194	162
92	195	161
92	196	160
92	197	160
92	198	159
92	199	159
92	200	159
92	201	159
92	202	158
92	203	158
92	204	158
92	205	157
92	206	157
92	207	156
92	208	156
92	209	156
92	210	155
92	211	155
92	212	154
92	213	154
92	214	153
92	215	153
92	216	152
92	217	151
92	218	151
92	219	150
92	220	149
92	221	149
92	222	148
92	223	147
92	224	146
92	225	145
92	226	144
92	227	144
92	228	143
92	229	143
92	230	143
92	231	142
92	232	142
92	233	142
92	234	141
92	235	141
92	236	140
92	237	139
92	238	139
92	239	138
92	240	137
92	241	136
92	242	136
92	243	135
92	244	135
92	245	135
92	246	134
92	247	133
92	248	132
92	249	132
92	250	132
92	251	131
92	252	130
92	253	130
92	254	129
92	255	129
93	0	128
93	1	127
93	2	127
93	3	126
93	4	126
93	5	125
93	6	125
93	7	124
93	8	124
93	9	123
93	10	122
93	11	122
93	12	121
93	13	121
93	14	120
93	15	120
93	16	119
93	17	118
93	18	118
93	19	117
93	20	116
93	21	116
93	22	115
93	23	115
93	24	114
93	25	114
93	26	113
93	27	113
93	28	113
93	29	112
93	30	112
93	31	111
93	32	110
93	33	110
93	34	109
93	35	108
93	36	107
93	37	106
93	38	106
93	39	105
93	40	104
93	41	104
93	42	103
93	43	103
93	44	102
93	45	102
93	46	101
93	47	101
93	48	100
93	49	100
93	50	100
93	51	99
93	52	99
93	53	98
93	54	98
93	55	98
93	56	97
93	57	97
93	58	97
93	59	97
93	60	96
93	61	96
93	62	95
93	63	94
93	64	93
93	65	91
93	66	89
93	67	88
93	68	86
93	69	85
93	70	83
93	71	82
93	72	81
93	73	80
93	74	78
93	75	77
93	76	76
93	77	75
93	78	74
93	79	74
93	80	73
93	81	72
93	82	71
93	83	70
93	84	70
93	85	69
93	86	68
93	87	67
93	88	67
93	89	66
93	90	66
93	91	65
93	92	65
93	93	64
93	94	63
93	95	62
93	96	61
93	97	57
93	98	54
93	99	51
93	100	49
93	101	46
93	102	44
93	103	42
93	104	41
93	105	39
93	106	38
93	107	36
93	108	35
93	109	34
93	110	33
93	111	31
93	112	30
93	113	27
93	114	24
93	115	22
93	116	20
93	117	19
93	118	17
93	119	16
93	120	15
93	121	12
93	122	10
93	123	9
93	124	8
93	125	5
93	126	4
93	127	2
93	128	128
93	129	254
93	130	252
93	131	251
93	132	248
93	133	247
93	134	246
93	135	244
93	136	241
93	137	240
93	138	239
93	139	237
93	140	236
93	141	234
93	142	232
93	143	229
93	144	226
93	145	225
93	146	223
93	147	222
93	148	221
93	149	220
93	150	218
93	151	217
93	152	215
93	153	214
93	154	212
93	155	210
93	156	207
93	157	205
93	158	202
93	159	199
93	160	195
93	161	194
93	162	193
93	163	192
93	164	191
93	165	191
93	166	190
93	167	190
93	168	189
93	169	189
93	170	188
93	171	187
93	172	186
93	173	186
93	174	185
93	175	184
93	176	183
93	177	182
93	178	182
93	179	181
93	180	180
93	181	179
93	182	178
93	183	176
93	184	175
93	185	174
93	186	173
93	187	171
93	188	170
93	189	168
93	190	167
93	191	165
93	192	163
93	193	162
93	194	161
93	195	160
93	196	160
93	197	159
93	198	159
93	199	159
93	200	159
93	201	158
93	202	158
93	203	158
93	204	157
93	205	157
93	206	156
93	207	156
93	208	156
93	209	155
93	210	155
93	211	154
93	212	154
93	213	153
93	214	153
93	215	152
93	216	152
93	217	151
93	218	150
93	219	150
93	220	149
93	221	148
93	222	147
93	223	146
93	224	146
93	225	145
93	226	144
93	227	144
93	228	143
93	229	143
93	230	143
93	231	142
93	232	142
93	233	141
93	234	141
93	235	140
93	236	140
93	237	139
93	238	138
93	239	138
93	240	137
93	241	136
93	242	136
93	243	135
93	244	135
93	245	134
93	246	134
93	247	133
93	248	132
93	249	132
93	250	131
93	251	131
93	252	130
93	253	130
93	254	129
93	255	129
94	0	128
94	1	127
94	2	127
94	3	126
94	4	126
94	5	125
94	6	125
94	7	124
94	8	124
94	9	123
94	10	122
94	11	122
94	12	121
94	13	121
94	14	120
94	15	120
94	16	120
94	17	119
94	18	118
94	19	117
94	20	116
94	21	116
94	22	115
94	23	115
94	24	114
94	25	114
94	26	114
94	27	113
94	28	113
94	29	113
94	30	112
94	31	112
94	32	111
94	33	110
94	34	109
94	35	108
94	36	108
94	37	107
94	38	106
94	39	105
94	40	105
94	41	104
94	42	104
94	43	103
94	44	103
94	45	102
94	46	102
94	47	101
94	48	101
94	49	100
94	50	100
94	51	99
94	52	99
94	53	99
94	54	98
94	55	98
94	56	98
94	57	97
94	58	97
94	59	97
94	60	97
94	61	96
94	62	96
94	63	95
94	64	94
94	65	92
94	66	90
94	67	89
94	68	87
94	69	86
94	70	84
94	71	83
94	72	82
94	73	80
94	74	79
94	75	78
94	76	77
94	77	76
94	78	75
94	79	74
94	80	73
94	81	72
94	82	72
94	83	71
94	84	70
94	85	69
94	86	69
94	87	68
94	88	67
94	89	67
94	90	66
94	91	66
94	92	65
94	93	65
94	94	64
94	95	63
94	96	62
94	97	58
94	98	55
94	99	52
94	100	50
94	101	47
94	102	45
94	103	43
94	104	41
94	105	40
94	106	38
94	107	37
94	108	35
94	109	34
94	110	33
94	111	32
94	112	31
94	113	28
94	114	25
94	115	23
94	116	21
94	117	19
94	118	18
94	119	17
94	120	16
94	121	12
94	122	10
94	123	9
94	124	8
94	125	5
94	126	4
94	127	2
94	128	128
94	129	254
94	130	252
94	131	251
94	132	248
94	133	247
94	134	246
94	135	244
94	136	240
94	137	239
94	138	238
94	139	237
94	140	235
94	141	233
94	142	231
94	143	228
94	144	225
94	145	224
94	146	223
94	147	222
94	148	221
94	149	219
94	150	218
94	151	216
94	152	215
94	153	213
94	154	211
94	155	209
94	156	206
94	157	204
94	158	201
94	159	198
94	160	194
94	161	193
94	162	192
94	163	191
94	164	191
94	165	190
94	166	190
94	167	189
94	168	189
94	169	188
94	170	187
94	171	187
94	172	186
94	173	185
94	174	184
94	175	184
94	176	183
94	177	182
94	178	181
94	179	180
94	180	179
94	181	178
94	182	177
94	183	176
94	184	174
94	185	173
94	186	172
94	187	170
94	188	169
94	189	167
94	190	166
94	191	164
94	192	162
94	193	161
94	194	160
94	195	160
94	196	159
94	197	159
94	198	159
94	199	159
94	200	158
94	201	158
94	202	158
94	203	157
94	204	157
94	205	157
94	206	156
94	207	156
94	208	155
94	209	155
94	210	154
94	211	154
94	212	153
94	213	153
94	214	152
94	215	152
94	216	151
94	217	151
94	218	150
94	219	149
94	220	148
94	221	148
94	222	147
94	223	146
94	224	145
94	225	144
94	226	144
94	227	143
94	228	143
94	229	143
94	230	142
94	231	142
94	232	142
94	233	141
94	234	141
94	235	140
94	236	140
94	237	139
94	238	138
94	239	137
94	240	136
94	241	136
94	242	136
94	243	135
94	244	135
94	245	134
94	246	134
94	247	133
94	248	132
94	249	132
94	250	131
94	251	131
94	252	130
94	253	130
94	254	129
94	255	129
95	0	128
95	1	127
95	2	127
95	3	126
95	4	126
95	5	125
95	6	125
95	7	124
95	8	124
95	9	123
95	10	122
95	11	122
95	12	121
95	13	121
95	14	120
95	15	120
95	16	120
95	17	119
95	18	118
95	19	117
95	20	117
95	21	116
95	22	115
95	23	115
95	24	114
95	25	114
95	26	114
95	27	113
95	28	113
95	29	113
95	30	112
95	31	112
95	32	112
95	33	111
95	34	110
95	35	109
95	36	108
95	37	107
95	38	107
95	39	106
95	40	105
95	41	105
95	42	104
95	43	103
95	44	103
95	45	102
95	46	102
95	47	101
95	48	101
95	49	101
95	50	100
95	51	100
95	52	99
95	53	99
95	54	99
95	55	98
95	56	98
95	57	98
95	58	97
95	59	97
95	60	97
95	61	97
95	62	96
95	63	96
95	64	95
95	65	93
95	66	91
95	67	90
95	68	88
95	69	86
95	70	85
95	71	84
95	72	82
95	73	81
95	74	80
95	75	79
95	76	78
95	77	77
95	78	76
95	79	75
95	80	74
95	81	73
95	82	72
95	83	72
95	84	71
95	85	70
95	86	69
95	87	69
95	88	68
95	89	67
95	90	67
95	91	66
95	92	66
95	93	65
95	94	65
95	95	64
95	96	63
95	97	59
95	98	56
95	99	53
95	100	50
95	101	48
95	102	46
95	103	44
95	104	42
95	105	40
95	106	39
95	107	37
95	108	36
95	109	35
95	110	34
95	111	33
95	112	32
95	113	28
95	114	25
95	115	23
95	116	21
95	117	19
95	118	18
95	119	17
95	120	16
95	121	13
95	122	10
95	123	9
95	124	8
95	125	5
95	126	4
95	127	2
95	128	128
95	129	254
95	130	252
95	131	251
95	132	248
95	133	247
95	134	246
95	135	243
95	136	240
95	137	239
95	138	238
95	139	237
95	140	235
95	141	233
95	142	231
95	143	228
95	144	224
95	145	223
95	146	222
95	147	221
95	148	220
95	149	219
95	150	217
95	151	216
95	152	214
95	153	212
95	154	210
95	155	208
95	156	206
95	157	203
95	158	200
95	159	197
95	160	193
95	161	192
95	162	191
95	163	191
95	164	190
95	165	190
95	166	189
95	167	189
95	168	188
95	169	187
95	170	187
95	171	186
95	172	185
95	173	184
95	174	184
95	175	183
95	176	182
95	177	181
95	178	180
95	179	179
95	180	178
95	181	177
95	182	176
95	183	175
95	184	174
95	185	172
95	186	171
95	187	170
95	188	168
95	189	166
95	190	165
95	191	163
95	192	161
95	193	160
95	194	160
95	195	159
95	196	159
95	197	159
95	198	159
95	199	158
95	200	158
95	201	158
95	202	157
95	203	157
95	204	157
95	205	156
95	206	156
95	207	155
95	208	155
95	209	155
95	210	154
95	211	154
95	212	153
95	213	153
95	214	152
95	215	151
95	216	151
95	217	150
95	218	149
95	219	149
95	220	148
95	221	147
95	222	146
95	223	145
95	224	144
95	225	144
95	226	144
95	227	143
95	228	143
95	229	143
95	230	142
95	231	142
95	232	142
95	233	141
95	234	141
95	235	140
95	236	139
95	237	139
95	238	138
95	239	137
95	240	136
95	241	136
95	242	136
95	243	135
95	244	135
95	245	134
95	246	134
95	247	133
95	248	132
95	249	132
95	250	131
95	251	131
95	252	130
95	253	130
95	254	129
95	255	129
96	0	128
96	1	127
96	2	127
96	3	126
96	4	126
96	5	125
96	6	125
96	7	124
96	8	124
96	9	123
96	10	122
96	11	122
96	12	121
96	13	121
96	14	121
96	15	120
96	16	120
96	17	119
96	18	118
96	19	117
96	20	117
96	21	116
96	22	116
96	23	115
96	24	115
96	25	114
96	26	114
96	27	113
96	28	113
96	29	113
96	30	113
96	31	112
96	32	112
96	33	111
96	34	110
96	35	109
96	36	108
96	37	108
96	38	107
96	39	106
96	40	106
96	41	105
96	42	104
96	43	104
96	44	103
96	45	103
96	46	102
96	47	102
96	48	101
96	49	101
96	50	100
96	51	100
96	52	100
96	53	99
96	54	99
96	55	99
96	56	98
96	57	98
96	58	98
96	59	97
96	60	97
96	61	97
96	62	97
96	63	96
96	64	96
96	65	94
96	66	92
96	67	91
96	68	89
96	69	87
96	70	86
96	71	85
96	72	83
96	73	82
96	74	81
96	75	80
96	76	79
96	77	78
96	78	77
96	79	76
96	80	75
96	81	74
96	82	73
96	83	72
96	84	71
96	85	71
96	86	70
96	87	69
96	88	69
96	89	68
96	90	67
96	91	67
96	92	66
96	93	66
96	94	65
96	95	65
96	96	64
96	97	60
96	98	57
96	99	54
96	100	51
96	101	49
96	102	47
96	103	45
96	104	43
96	105	41
96	106	39
96	107	38
96	108	37
96	109	35
96	110	34
96	111	33
96	112	32
96	113	28
96	114	26
96	115	23
96	116	21
96	117	20
96	118	18
96	119	17
96	120	16
96	121	13
96	122	11
96	123	9
96	124	8
96	125	5
96	126	4
96	127	2
96	128	128
96	129	254
96	130	252
96	131	251
96	132	248
96	133	247
96	134	245
96	135	243
96	136	240
96	137	239
96	138	238
96	139	236
96	140	235
96	141	233
96	142	230
96	143	228
96	144	224
96	145	223
96	146	222
96	147	221
96	148	219
96	149	218
96	150	217
96	151	215
96	152	213
96	153	211
96	154	209
96	155	207
96	156	205
96	157	202
96	158	199
96	159	196
96	160	192
96	161	191
96	162	191
96	163	190
96	164	190
96	165	189
96	166	189
96	167	188
96	168	187
96	169	187
96	170	186
96	171	185
96	172	185
96	173	184
96	174	183
96	175	182
96	176	181
96	177	180
96	178	179
96	179	178
96	180	177
96	181	176
96	182	175
96	183	174
96	184	173
96	185	171
96	186	170
96	187	169
96	188	167
96	189	165
96	190	164
96	191	162
96	192	160
96	193	160
96	194	159
96	195	159
96	196	159
96	197	159
96	198	158
96	199	158
96	200	158
96	201	157
96	202	157
96	203	157
96	204	156
96	205	156
96	206	156
96	207	155
96	208	155
96	209	154
96	210	154
96	211	153
96	212	153
96	213	152
96	214	152
96	215	151
96	216	150
96	217	150
96	218	149
96	219	148
96	220	148
96	221	147
96	222	146
96	223	145
96	224	144
96	225	144
96	226	143
96	227	143
96	228	143
96	229	143
96	230	142
96	231	142
96	232	141
96	233	141
96	234	140
96	235	140
96	236	139
96	237	139
96	238	138
96	239	137
96	240	136
96	241	136
96	242	135
96	243	135
96	244	135
96	245	134
96	246	134
96	247	133
96	248	132
96	249	132
96	250	131
96	251	131
96	252	130
96	253	130
96	254	129
96	255	129
97	0	128
97	1	127
97	2	127
97	3	126
97	4	126
97	5	125
97	6	125
97	7	124
97	8	124
97	9	124
97	10	123
97	11	122
97	12	122
97	13	121
97	14	121
97	15	121
97	16	120
97	17	120
97	18	119
97	19	118
97	20	118
97	21	117
97	22	116
97	23	116
97	24	115
97	25	115
97	26	114
97	27	114
97	28	114
97	29	113
97	30	113
97	31	113
97	32	112
97	33	112
97	34	112
97	35	111
97	36	110
97	37	109
97	38	109
97	39	108
97	40	107
97	41	107
97	42	106
97	43	105
97	44	105
97	45	104
97	46	104
97	47	103
97	48	103
97	49	102
97	50	102
97	51	101
97	52	101
97	53	101
97	54	100
97	55	100
97	56	99
97	57	99
97	58	99
97	59	98
97	60	98
97	61	98
97	62	98
97	63	97
97	64	97
97	65	96
97	66	96
97	67	94
97	68	92
97	69	91
97	70	89
97	71	88
97	72	86
97	73	85
97	74	84
97	75	83
97	76	81
97	77	80
97	78	79
97	79	78
97	80	77
97	81	76
97	82	76
97	83	75
97	84	74
97	85	73
97	86	72
97	87	72
97	88	71
97	89	70
97	90	70
97	91	69
97	92	68
97	93	68
97	94	67
97	95	67
97	96	66
97	97	64
97	98	60
97	99	57
97	100	54
97	101	52
97	102	49
97	103	47
97	104	45
97	105	44
97	106	42
97	107	40
97	108	39
97	109	38
97	110	36
97	111	35
97	112	34
97	113	30
97	114	27
97	115	25
97	116	23
97	117	21
97	118	19
97	119	18
97	120	17
97	121	14
97	122	11
97	123	10
97	124	8
97	125	6
97	126	4
97	127	2
97	128	128
97	129	254
97	130	252
97	131	250
97	132	248
97	133	246
97	134	245
97	135	242
97	136	239
97	137	238
97	138	237
97	139	235
97	140	233
97	141	231
97	142	229
97	143	226
97	144	222
97	145	221
97	146	220
97	147	218
97	148	217
97	149	216
97	150	214
97	151	212
97	152	211
97	153	209
97	154	207
97	155	204
97	156	202
97	157	199
97	158	196
97	159	192
97	160	190
97	161	189
97	162	189
97	163	188
97	164	188
97	165	187
97	166	186
97	167	186
97	168	185
97	169	184
97	170	184
97	171	183
97	172	182
97	173	181
97	174	180
97	175	180
97	176	179
97	177	178
97	178	177
97	179	176
97	180	175
97	181	173
97	182	172
97	183	171
97	184	170
97	185	168
97	186	167
97	187	165
97	188	164
97	189	162
97	190	160
97	191	160
97	192	159
97	193	159
97	194	158
97	195	158
97	196	158
97	197	158
97	198	157
97	199	157
97	200	157
97	201	156
97	202	156
97	203	155
97	204	155
97	205	155
97	206	154
97	207	154
97	208	153
97	209	153
97	210	152
97	211	152
97	212	151
97	213	151
97	214	150
97	215	149
97	216	149
97	217	148
97	218	147
97	219	147
97	220	146
97	221	145
97	222	144
97	223	144
97	224	144
97	225	143
97	226	143
97	227	143
97	228	142
97	229	142
97	230	142
97	231	141
97	232	141
97	233	140
97	234	140
97	235	139
97	236	138
97	237	138
97	238	137
97	239	136
97	240	136
97	241	135
97	242	135
97	243	135
97	244	134
97	245	134
97	246	133
97	247	132
97	248	132
97	249	132
97	250	131
97	251	131
97	252	130
97	253	130
97	254	129
97	255	129
98	0	128
98	1	127
98	2	127
98	3	126
98	4	126
98	5	126
98	6	125
98	7	125
98	8	124
98	9	124
98	10	123
98	11	123
98	12	122
98	13	122
98	14	121
98	15	121
98	16	120
98	17	120
98	18	120
98	19	119
98	20	118
98	21	118
98	22	117
98	23	117
98	24	116
98	25	116
98	26	115
98	27	115
98	28	114
98	29	114
98	30	114
98	31	113
98	32	113
98	33	113
98	34	112
98	35	112
98	36	112
98	37	111
98	38	110
98	39	110
98	40	109
98	41	108
98	42	107
98	43	107
98	44	106
98	45	106
98	46	105
98	47	105
98	48	104
98	49	104
98	50	103
98	51	103
98	52	102
98	53	102
98	54	101
98	55	101
98	56	101
98	57	100
98	58	100
98	59	100
98	60	99
98	61	99
98	62	99
98	63	98
98	64	98
98	65	97
98	66	97
98	67	96
98	68	96
98	69	94
98	70	93
98	71	91
98	72	90
98	73	88
98	74	87
98	75	86
98	76	84
98	77	83
98	78	82
98	79	81
98	80	80
98	81	79
98	82	78
98	83	77
98	84	76
98	85	75
98	86	75
98	87	74
98	88	73
98	89	72
98	90	72
98	91	71
98	92	70
98	93	70
98	94	69
98	95	69
98	96	68
98	97	66
98	98	64
98	99	61
98	100	58
98	101	55
98	102	52
98	103	50
98	104	48
98	105	46
98	106	44
98	107	43
98	108	41
98	109	40
98	110	38
98	111	37
98	112	36
98	113	32
98	114	29
98	115	26
98	116	24
98	117	22
98	118	21
98	119	19
98	120	18
98	121	14
98	122	12
98	123	10
98	124	9
98	125	6
98	126	4
98	127	2
98	128	128
98	129	254
98	130	252
98	131	250
98	132	247
98	133	246
98	134	244
98	135	242
98	136	238
98	137	237
98	138	235
98	139	234
98	140	232
98	141	230
98	142	227
98	143	224
98	144	220
98	145	219
98	146	218
98	147	216
98	148	215
98	149	213
98	150	212
98	151	210
98	152	208
98	153	206
98	154	204
98	155	201
98	156	198
98	157	195
98	158	192
98	159	190
98	160	188
98	161	187
98	162	187
98	163	186
98	164	186
98	165	185
98	166	184
98	167	184
98	168	183
98	169	182
98	170	181
98	171	181
98	172	180
98	173	179
98	174	178
98	175	177
98	176	176
98	177	175
98	178	174
98	179	173
98	180	172
98	181	170
98	182	169
98	183	168
98	184	166
98	185	165
98	186	163
98	187	162
98	188	160
98	189	160
98	190	159
98	191	159
98	192	158
98	193	158
98	194	157
98	195	157
98	196	157
98	197	156
98	198	156
98	199	156
98	200	155
98	201	155
98	202	155
98	203	154
98	204	154
98	205	153
98	206	153
98	207	152
98	208	152
98	209	151
98	210	151
98	211	150
98	212	150
98	213	149
98	214	149
98	215	148
98	216	147
98	217	146
98	218	146
98	219	145
98	220	144
98	221	144
98	222	144
98	223	143
98	224	143
98	225	143
98	226	142
98	227	142
98	228	142
98	229	141
98	230	141
98	231	140
98	232	140
98	233	139
98	234	139
98	235	138
98	236	138
98	237	137
98	238	136
98	239	136
98	240	136
98	241	135
98	242	135
98	243	134
98	244	134
98	245	133
98	246	133
98	247	132
98	248	132
98	249	131
98	250	131
98	251	130
98	252	130
98	253	130
98	254	129
98	255	129
99	0	128
99	1	127
99	2	127
99	3	127
99	4	126
99	5	126
99	6	125
99	7	125
99	8	124
99	9	124
99	10	124
99	11	123
99	12	122
99	13	122
99	14	121
99	15	121
99	16	121
99	17	120
99	18	120
99	19	120
99	20	119
99	21	118
99	22	118
99	23	117
99	24	117
99	25	116
99	26	116
99	27	115
99	28	115
99	29	114
99	30	114
99	31	114
99	32	114
99	33	113
99	34	113
99	35	113
99	36	112
99	37	112
99	38	112
99	39	111
99	40	110
99	41	110
99	42	109
99	43	108
99	44	108
99	45	107
99	46	106
99	47	106
99	48	105
99	49	105
99	50	104
99	51	104
99	52	103
99	53	103
99	54	103
99	55	102
99	56	102
99	57	101
99	58	101
99	59	101
99	60	100
99	61	100
99	62	100
99	63	99
99	64	99
99	65	98
99	66	98
99	67	97
99	68	97
99	69	96
99	70	96
99	71	94
99	72	93
99	73	91
99	74	90
99	75	89
99	76	87
99	77	86
99	78	85
99	79	84
99	80	83
99	81	82
99	82	81
99	83	80
99	84	79
99	85	78
99	86	77
99	87	76
99	88	75
99	89	75
99	90	74
99	91	73
99	92	73
99	93	72
99	94	71
99	95	71
99	96	70
99	97	68
99	98	66
99	99	64
99	100	61
99	101	58
99	102	55
99	103	53
99	104	51
99	105	49
99	106	47
99	107	45
99	108	43
99	109	42
99	110	41
99	111	39
99	112	38
99	113	34
99	114	30
99	115	28
99	116	25
99	117	23
99	118	22
99	119	20
99	120	19
99	121	15
99	122	13
99	123	11
99	124	10
99	125	6
99	126	5
99	127	2
99	128	128
99	129	254
99	130	251
99	131	250
99	132	246
99	133	245
99	134	243
99	135	241
99	136	237
99	137	236
99	138	234
99	139	233
99	140	231
99	141	228
99	142	226
99	143	222
99	144	218
99	145	217
99	146	215
99	147	214
99	148	213
99	149	211
99	150	209
99	151	207
99	152	205
99	153	203
99	154	201
99	155	198
99	156	195
99	157	192
99	158	190
99	159	188
99	160	186
99	161	185
99	162	185
99	163	184
99	164	183
99	165	183
99	166	182
99	167	181
99	168	181
99	169	180
99	170	179
99	171	178
99	172	177
99	173	176
99	174	175
99	175	174
99	176	173
99	177	172
99	178	171
99	179	170
99	180	169
99	181	167
99	182	166
99	183	165
99	184	163
99	185	162
99	186	160
99	187	160
99	188	159
99	189	159
99	190	158
99	191	158
99	192	157
99	193	157
99	194	156
99	195	156
99	196	156
99	197	155
99	198	155
99	199	155
99	200	154
99	201	154
99	202	153
99	203	153
99	204	153
99	205	152
99	206	152
99	207	151
99	208	151
99	209	150
99	210	150
99	211	149
99	212	148
99	213	148
99	214	147
99	215	146
99	216	146
99	217	145
99	218	144
99	219	144
99	220	144
99	221	143
99	222	143
99	223	143
99	224	142
99	225	142
99	226	142
99	227	142
99	228	141
99	229	141
99	230	140
99	231	140
99	232	139
99	233	139
99	234	138
99	235	138
99	236	137
99	237	136
99	238	136
99	239	136
99	240	135
99	241	135
99	242	135
99	243	134
99	244	134
99	245	133
99	246	132
99	247	132
99	248	132
99	249	131
99	250	131
99	251	130
99	252	130
99	253	129
99	254	129
99	255	129
100	0	128
100	1	127
100	2	127
100	3	127
100	4	126
100	5	126
100	6	125
100	7	125
100	8	124
100	9	124
100	10	124
100	11	123
100	12	123
100	13	122
100	14	122
100	15	121
100	16	121
100	17	121
100	18	120
100	19	120
100	20	120
100	21	119
100	22	119
100	23	118
100	24	117
100	25	117
100	26	116
100	27	116
100	28	115
100	29	115
100	30	115
100	31	114
100	32	114
100	33	114
100	34	113
100	35	113
100	36	113
100	37	113
100	38	112
100	39	112
100	40	112
100	41	111
100	42	110
100	43	110
100	44	109
100	45	108
100	46	108
100	47	107
100	48	107
100	49	106
100	50	106
100	51	105
100	52	105
100	53	104
100	54	104
100	55	103
100	56	103
100	57	102
100	58	102
100	59	102
100	60	101
100	61	101
100	62	101
100	63	100
100	64	100
100	65	99
100	66	99
100	67	98
100	68	98
100	69	97
100	70	97
100	71	96
100	72	96
100	73	94
100	74	93
100	75	92
100	76	90
100	77	89
100	78	88
100	79	86
100	80	85
100	81	84
100	82	83
100	83	82
100	84	81
100	85	80
100	86	79
100	87	79
100	88	78
100	89	77
100	90	76
100	91	75
100	92	75
100	93	74
100	94	73
100	95	73
100	96	72
100	97	70
100	98	68
100	99	66
100	100	64
100	101	61
100	102	58
100	103	56
100	104	53
100	105	51
100	106	49
100	107	47
100	108	46
100	109	44
100	110	43
100	111	41
100	112	40
100	113	36
100	114	32
100	115	29
100	116	27
100	117	25
100	118	23
100	119	21
100	120	20
100	121	16
100	122	13
100	123	11
100	124	10
100	125	7
100	126	5
100	127	2
100	128	128
100	129	254
100	130	251
100	131	249
100	132	246
100	133	245
100	134	243
100	135	240
100	136	236
100	137	235
100	138	233
100	139	231
100	140	229
100	141	227
100	142	224
100	143	220
100	144	216
100	145	215
100	146	213
100	147	212
100	148	210
100	149	209
100	150	207
100	151	205
100	152	203
100	153	200
100	154	198
100	155	195
100	156	192
100	157	190
100	158	188
100	159	186
100	160	184
100	161	183
100	162	183
100	163	182
100	164	181
100	165	181
100	166	180
100	167	179
100	168	178
100	169	177
100	170	177
100	171	176
100	172	175
100	173	174
100	174	173
100	175	172
100	176	171
100	177	170
100	178	168
100	179	167
100	180	166
100	181	164
100	182	163
100	183	162
100	184	160
100	185	160
100	186	159
100	187	159
100	188	158
100	189	158
100	190	157
100	191	157
100	192	156
100	193	156
100	194	155
100	195	155
100	196	155
100	197	154
100	198	154
100	199	154
100	200	153
100	201	153
100	202	152
100	203	152
100	204	151
100	205	151
100	206	150
100	207	150
100	208	149
100	209	149
100	210	148
100	211	148
100	212	147
100	213	146
100	214	146
100	215	145
100	216	144
100	217	144
100	218	144
100	219	143
100	220	143
100	221	143
100	222	143
100	223	142
100	224	142
100	225	142
100	226	141
100	227	141
100	228	141
100	229	140
100	230	140
100	231	139
100	232	139
100	233	138
100	234	137
100	235	137
100	236	136
100	237	136
100	238	136
100	239	135
100	240	135
100	241	135
100	242	134
100	243	134
100	244	133
100	245	133
100	246	132
100	247	132
100	248	132
100	249	131
100	250	131
100	251	130
100	252	130
100	253	129
100	254	129
100	255	129
101	0	128
101	1	127
101	2	127
101	3	127
101	4	126
101	5	126
101	6	126
101	7	125
101	8	125
101	9	124
101	10	124
101	11	124
101	12	123
101	13	122
101	14	122
101	15	122
101	16	121
101	17	121
101	18	121
101	19	120
101	20	120
101	21	120
101	22	119
101	23	119
101	24	118
101	25	117
101	26	117
101	27	116
101	28	116
101	29	116
101	30	115
101	31	115
101	32	114
101	33	114
101	34	114
101	35	114
101	36	113
101	37	113
101	38	113
101	39	113
101	40	112
101	41	112
101	42	112
101	43	111
101	44	111
101	45	110
101	46	109
101	47	109
101	48	108
101	49	107
101	50	107
101	51	106
101	52	106
101	53	105
101	54	105
101	55	104
101	56	104
101	57	104
101	58	103
101	59	103
101	60	102
101	61	102
101	62	102
101	63	101
101	64	101
101	65	100
101	66	100
101	67	99
101	68	99
101	69	98
101	70	98
101	71	97
101	72	97
101	73	96
101	74	96
101	75	95
101	76	93
101	77	92
101	78	90
101	79	89
101	80	88
101	81	87
101	82	86
101	83	85
101	84	84
101	85	83
101	86	82
101	87	81
101	88	80
101	89	79
101	90	78
101	91	78
101	92	77
101	93	76
101	94	75
101	95	75
101	96	74
101	97	72
101	98	69
101	99	67
101	100	66
101	101	64
101	102	61
101	103	58
101	104	56
101	105	54
101	106	52
101	107	50
101	108	48
101	109	46
101	110	45
101	111	43
101	112	42
101	113	37
101	114	34
101	115	31
101	116	28
101	117	26
101	118	24
101	119	22
101	120	21
101	121	17
101	122	14
101	123	12
101	124	10
101	125	7
101	126	5
101	127	3
101	128	128
101	129	253
101	130	251
101	131	249
101	132	246
101	133	244
101	134	242
101	135	239
101	136	235
101	137	234
101	138	232
101	139	230
101	140	228
101	141	225
101	142	222
101	143	219
101	144	214
101	145	213
101	146	211
101	147	210
101	148	208
101	149	206
101	150	204
101	151	202
101	152	200
101	153	198
101	154	195
101	155	192
101	156	190
101	157	189
101	158	187
101	159	184
101	160	182
101	161	181
101	162	181
101	163	180
101	164	179
101	165	178
101	166	178
101	167	177
101	168	176
101	169	175
101	170	174
101	171	173
101	172	172
101	173	171
101	174	170
101	175	169
101	176	168
101	177	167
101	178	166
101	179	164
101	180	163
101	181	161
101	182	160
101	183	160
101	184	159
101	185	159
101	186	158
101	187	158
101	188	157
101	189	157
101	190	156
101	191	156
101	192	155
101	193	155
101	194	154
101	195	154
101	196	154
101	197	153
101	198	153
101	199	152
101	200	152
101	201	152
101	202	151
101	203	151
101	204	150
101	205	150
101	206	149
101	207	149
101	208	148
101	209	147
101	210	147
101	211	146
101	212	145
101	213	145
101	214	144
101	215	144
101	216	144
101	217	143
101	218	143
101	219	143
101	220	143
101	221	142
101	222	142
101	223	142
101	224	142
101	225	141
101	226	141
101	227	140
101	228	140
101	229	140
101	230	139
101	231	139
101	232	138
101	233	137
101	234	137
101	235	136
101	236	136
101	237	136
101	238	135
101	239	135
101	240	135
101	241	134
101	242	134
101	243	134
101	244	133
101	245	132
101	246	132
101	247	132
101	248	131
101	249	131
101	250	130
101	251	130
101	252	130
101	253	129
101	254	129
101	255	129
102	0	128
102	1	127
102	2	127
102	3	127
102	4	126
102	5	126
102	6	126
102	7	125
102	8	125
102	9	124
102	10	124
102	11	124
102	12	123
102	13	123
102	14	122
102	15	122
102	16	122
102	17	121
102	18	121
102	19	121
102	20	120
102	21	120
102	22	120
102	23	119
102	24	119
102	25	118
102	26	118
102	27	117
102	28	117
102	29	116
102	30	116
102	31	115
102	32	115
102	33	115
102	34	114
102	35	114
102	36	114
102	37	114
102	38	113
102	39	113
102	40	113
102	41	113
102	42	112
102	43	112
102	44	112
102	45	111
102	46	111
102	47	110
102	48	109
102	49	109
102	50	108
102	51	108
102	52	107
102	53	107
102	54	106
102	55	106
102	56	105
102	57	105
102	58	104
102	59	104
102	60	103
102	61	103
102	62	103
102	63	102
102	64	102
102	65	101
102	66	101
102	67	100
102	68	100
102	69	99
102	70	99
102	71	98
102	72	98
102	73	97
102	74	97
102	75	96
102	76	96
102	77	95
102	78	93
102	79	92
102	80	91
102	81	89
102	82	88
102	83	87
102	84	86
102	85	85
102	86	84
102	87	83
102	88	82
102	89	81
102	90	81
102	91	80
102	92	79
102	93	78
102	94	77
102	95	77
102	96	76
102	97	73
102	98	71
102	99	69
102	100	67
102	101	66
102	102	64
102	103	61
102	104	59
102	105	56
102	106	54
102	107	52
102	108	50
102	109	49
102	110	47
102	111	45
102	112	44
102	113	39
102	114	35
102	115	32
102	116	29
102	117	27
102	118	25
102	119	23
102	120	22
102	121	18
102	122	15
102	123	13
102	124	11
102	125	7
102	126	6
102	127	3
102	128	128
102	129	253
102	130	250
102	131	249
102	132	245
102	133	243
102	134	241
102	135	238
102	136	234
102	137	233
102	138	231
102	139	229
102	140	227
102	141	224
102	142	221
102	143	217
102	144	212
102	145	211
102	146	209
102	147	207
102	148	206
102	149	204
102	150	202
102	151	200
102	152	197
102	153	195
102	154	192
102	155	190
102	156	189
102	157	187
102	158	185
102	159	183
102	160	180
102	161	179
102	162	179
102	163	178
102	164	177
102	165	176
102	166	175
102	167	175
102	168	174
102	169	173
102	170	172
102	171	171
102	172	170
102	173	169
102	174	168
102	175	167
102	176	165
102	177	164
102	178	163
102	179	161
102	180	160
102	181	160
102	182	159
102	183	159
102	184	158
102	185	158
102	186	157
102	187	157
102	188	156
102	189	156
102	190	155
102	191	155
102	192	154
102	193	154
102	194	153
102	195	153
102	196	153
102	197	152
102	198	152
102	199	151
102	200	151
102	201	150
102	202	150
102	203	149
102	204	149
102	205	148
102	206	148
102	207	147
102	208	147
102	209	146
102	210	145
102	211	145
102	212	144
102	213	144
102	214	144
102	215	143
102	216	143
102	217	143
102	218	143
102	219	142
102	220	142
102	221	142
102	222	142
102	223	141
102	224	141
102	225	141
102	226	140
102	227	140
102	228	139
102	229	139
102	230	138
102	231	138
102	232	137
102	233	137
102	234	136
102	235	136
102	236	136
102	237	135
102	238	135
102	239	135
102	240	134
102	241	134
102	242	134
102	243	133
102	244	133
102	245	132
102	246	132
102	247	132
102	248	131
102	249	131
102	250	130
102	251	130
102	252	130
102	253	129
102	254	129
102	255	129
103	0	128
103	1	127
103	2	127
103	3	127
103	4	126
103	5	126
103	6	126
103	7	125
103	8	125
103	9	125
103	10	124
103	11	124
103	12	124
103	13	123
103	14	123
103	15	122
103	16	122
103	17	121
103	18	121
103	19	121
103	20	121
103	21	120
103	22	120
103	23	120
103	24	119
103	25	119
103	26	118
103	27	118
103	28	117
103	29	117
103	30	116
103	31	116
103	32	116
103	33	115
103	34	115
103	35	115
103	36	114
103	37	114
103	38	114
103	39	113
103	40	113
103	41	113
103	42	113
103	43	113
103	44	112
103	45	112
103	46	112
103	47	111
103	48	111
103	49	110
103	50	109
103	51	109
103	52	108
103	53	108
103	54	107
103	55	107
103	56	106
103	57	106
103	58	105
103	59	105
103	60	105
103	61	104
103	62	104
103	63	103
103	64	103
103	65	102
103	66	102
103	67	101
103	68	100
103	69	100
103	70	99
103	71	99
103	72	98
103	73	98
103	74	98
103	75	97
103	76	97
103	77	96
103	78	96
103	79	95
103	80	93
103	81	92
103	82	91
103	83	90
103	84	89
103	85	88
103	86	87
103	87	86
103	88	85
103	89	84
103	90	83
103	91	82
103	92	81
103	93	80
103	94	79
103	95	79
103	96	78
103	97	75
103	98	73
103	99	71
103	100	69
103	101	67
103	102	65
103	103	64
103	104	61
103	105	59
103	106	57
103	107	55
103	108	53
103	109	51
103	110	49
103	111	47
103	112	46
103	113	41
103	114	37
103	115	33
103	116	31
103	117	28
103	118	26
103	119	25
103	120	23
103	121	18
103	122	15
103	123	13
103	124	12
103	125	8
103	126	6
103	127	3
103	128	128
103	129	253
103	130	250
103	131	248
103	132	244
103	133	243
103	134	241
103	135	238
103	136	233
103	137	231
103	138	230
103	139	228
103	140	225
103	141	223
103	142	219
103	143	215
103	144	210
103	145	209
103	146	207
103	147	205
103	148	203
103	149	201
103	150	199
103	151	197
103	152	195
103	153	192
103	154	191
103	155	189
103	156	187
103	157	185
103	158	183
103	159	181
103	160	178
103	161	177
103	162	177
103	163	176
103	164	175
103	165	174
103	166	173
103	167	172
103	168	171
103	169	170
103	170	169
103	171	168
103	172	167
103	173	166
103	174	165
103	175	164
103	176	163
103	177	161
103	178	160
103	179	160
103	180	159
103	181	159
103	182	158
103	183	158
103	184	158
103	185	157
103	186	157
103	187	156
103	188	156
103	189	155
103	190	154
103	191	154
103	192	153
103	193	153
103	194	152
103	195	152
103	196	151
103	197	151
103	198	151
103	199	150
103	200	150
103	201	149
103	202	149
103	203	148
103	204	148
103	205	147
103	206	147
103	207	146
103	208	145
103	209	145
103	210	144
103	211	144
103	212	144
103	213	143
103	214	143
103	215	143
103	216	143
103	217	143
103	218	142
103	219	142
103	220	142
103	221	141
103	222	141
103	223	141
103	224	140
103	225	140
103	226	140
103	227	139
103	228	139
103	229	138
103	230	138
103	231	137
103	232	137
103	233	136
103	234	136
103	235	136
103	236	135
103	237	135
103	238	135
103	239	135
103	240	134
103	241	134
103	242	133
103	243	133
103	244	132
103	245	132
103	246	132
103	247	131
103	248	131
103	249	131
103	250	130
103	251	130
103	252	130
103	253	129
103	254	129
103	255	129
104	0	128
104	1	127
104	2	127
104	3	127
104	4	126
104	5	126
104	6	126
104	7	125
104	8	125
104	9	125
104	10	124
104	11	124
104	12	124
104	13	123
104	14	123
104	15	122
104	16	122
104	17	122
104	18	121
104	19	121
104	20	121
104	21	121
104	22	120
104	23	120
104	24	120
104	25	119
104	26	119
104	27	118
104	28	118
104	29	117
104	30	117
104	31	116
104	32	116
104	33	116
104	34	115
104	35	115
104	36	115
104	37	114
104	38	114
104	39	114
104	40	114
104	41	113
104	42	113
104	43	113
104	44	113
104	45	113
104	46	112
104	47	112
104	48	112
104	49	111
104	50	111
104	51	110
104	52	110
104	53	109
104	54	108
104	55	108
104	56	107
104	57	107
104	58	106
104	59	106
104	60	106
104	61	105
104	62	105
104	63	104
104	64	104
104	65	103
104	66	103
104	67	102
104	68	101
104	69	101
104	70	100
104	71	100
104	72	99
104	73	99
104	74	98
104	75	98
104	76	97
104	77	97
104	78	97
104	79	96
104	80	96
104	81	95
104	82	93
104	83	92
104	84	91
104	85	90
104	86	89
104	87	88
104	88	87
104	89	86
104	90	85
104	91	84
104	92	83
104	93	82
104	94	82
104	95	81
104	96	80
104	97	77
104	98	75
104	99	72
104	100	70
104	101	69
104	102	67
104	103	65
104	104	64
104	105	61
104	106	59
104	107	57
104	108	55
104	109	53
104	110	51
104	111	50
104	112	48
104	113	43
104	114	38
104	115	35
104	116	32
104	117	30
104	118	27
104	119	26
104	120	24
104	121	19
104	122	16
104	123	14
104	124	12
104	125	8
104	126	6
104	127	3
104	128	128
104	129	253
104	130	250
104	131	248
104	132	244
104	133	242
104	134	240
104	135	237
104	136	232
104	137	230
104	138	229
104	139	226
104	140	224
104	141	221
104	142	218
104	143	213
104	144	208
104	145	206
104	146	205
104	147	203
104	148	201
104	149	199
104	150	197
104	151	195
104	152	192
104	153	191
104	154	189
104	155	187
104	156	186
104	157	184
104	158	181
104	159	179
104	160	176
104	161	175
104	162	174
104	163	174
104	164	173
104	165	172
104	166	171
104	167	170
104	168	169
104	169	168
104	170	167
104	171	166
104	172	165
104	173	164
104	174	163
104	175	161
104	176	160
104	177	160
104	178	159
104	179	159
104	180	159
104	181	158
104	182	158
104	183	157
104	184	157
104	185	156
104	186	156
104	187	155
104	188	155
104	189	154
104	190	153
104	191	153
104	192	152
104	193	152
104	194	151
104	195	151
104	196	150
104	197	150
104	198	150
104	199	149
104	200	149
104	201	148
104	202	148
104	203	147
104	204	146
104	205	146
104	206	145
104	207	145
104	208	144
104	209	144
104	210	144
104	211	143
104	212	143
104	213	143
104	214	143
104	215	143
104	216	142
104	217	142
104	218	142
104	219	142
104	220	141
104	221	141
104	222	141
104	223	140
104	224	140
104	225	140
104	226	139
104	227	139
104	228	138
104	229	138
104	230	137
104	231	137
104	232	136
104	233	136
104	234	136
104	235	135
104	236	135
104	237	135
104	238	135
104	239	134
104	240	134
104	241	134
104	242	133
104	243	133
104	244	132
104	245	132
104	246	132
104	247	131
104	248	131
104	249	131
104	250	130
104	251	130
104	252	130
104	253	129
104	254	129
104	255	129
105	0	128
105	1	127
105	2	127
105	3	127
105	4	127
105	5	126
105	6	126
105	7	126
105	8	125
105	9	125
105	10	124
105	11	124
105	12	124
105	13	124
105	14	123
105	15	123
105	16	122
105	17	122
105	18	122
105	19	121
105	20	121
105	21	121
105	22	121
105	23	120
105	24	120
105	25	120
105	26	119
105	27	119
105	28	118
105	29	118
105	30	117
105	31	117
105	32	116
105	33	116
105	34	116
105	35	115
105	36	115
105	37	115
105	38	115
105	39	114
105	40	114
105	41	114
105	42	114
105	43	113
105	44	113
105	45	113
105	46	113
105	47	113
105	48	112
105	49	112
105	50	112
105	51	111
105	52	111
105	53	110
105	54	110
105	55	109
105	56	109
105	57	108
105	58	108
105	59	107
105	60	107
105	61	106
105	62	106
105	63	105
105	64	105
105	65	104
105	66	104
105	67	103
105	68	102
105	69	102
105	70	101
105	71	101
105	72	100
105	73	100
105	74	99
105	75	99
105	76	98
105	77	98
105	78	97
105	79	97
105	80	97
105	81	96
105	82	96
105	83	95
105	84	94
105	85	92
105	86	91
105	87	90
105	88	89
105	89	88
105	90	87
105	91	86
105	92	85
105	93	84
105	94	84
105	95	83
105	96	82
105	97	79
105	98	76
105	99	74
105	100	72
105	101	70
105	102	68
105	103	67
105	104	65
105	105	64
105	106	62
105	107	59
105	108	57
105	109	55
105	110	53
105	111	52
105	112	50
105	113	44
105	114	40
105	115	36
105	116	33
105	117	31
105	118	29
105	119	27
105	120	25
105	121	20
105	122	17
105	123	14
105	124	12
105	125	8
105	126	6
105	127	3
105	128	128
105	129	253
105	130	250
105	131	248
105	132	244
105	133	242
105	134	239
105	135	236
105	136	231
105	137	229
105	138	227
105	139	225
105	140	223
105	141	220
105	142	216
105	143	212
105	144	206
105	145	204
105	146	203
105	147	201
105	148	199
105	149	197
105	150	194
105	151	192
105	152	191
105	153	189
105	154	188
105	155	186
105	156	184
105	157	182
105	158	180
105	159	177
105	160	174
105	161	173
105	162	172
105	163	172
105	164	171
105	165	170
105	166	169
105	167	168
105	168	167
105	169	166
105	170	165
105	171	164
105	172	162
105	173	161
105	174	160
105	175	160
105	176	159
105	177	159
105	178	159
105	179	158
105	180	158
105	181	157
105	182	157
105	183	156
105	184	156
105	185	155
105	186	155
105	187	154
105	188	154
105	189	153
105	190	152
105	191	152
105	192	151
105	193	151
105	194	150
105	195	150
105	196	149
105	197	149
105	198	148
105	199	148
105	200	147
105	201	147
105	202	146
105	203	146
105	204	145
105	205	145
105	206	144
105	207	144
105	208	144
105	209	143
105	210	143
105	211	143
105	212	143
105	213	143
105	214	142
105	215	142
105	216	142
105	217	142
105	218	141
105	219	141
105	220	141
105	221	141
105	222	140
105	223	140
105	224	140
105	225	139
105	226	139
105	227	138
105	228	138
105	229	137
105	230	137
105	231	136
105	232	136
105	233	136
105	234	135
105	235	135
105	236	135
105	237	135
105	238	134
105	239	134
105	240	134
105	241	133
105	242	133
105	243	132
105	244	132
105	245	132
105	246	132
105	247	131
105	248	131
105	249	130
105	250	130
105	251	130
105	252	129
105	253	129
105	254	129
105	255	129
106	0	128
106	1	127
106	2	127
106	3	127
106	4	127
106	5	126
106	6	126
106	7	126
106	8	125
106	9	125
106	10	125
106	11	124
106	12	124
106	13	124
106	14	123
106	15	123
106	16	122
106	17	122
106	18	122
106	19	121
106	20	121
106	21	121
106	22	121
106	23	121
106	24	120
106	25	120
106	26	120
106	27	119
106	28	119
106	29	118
106	30	118
106	31	117
106	32	117
106	33	117
106	34	116
106	35	116
106	36	116
106	37	115
106	38	115
106	39	115
106	40	114
106	41	114
106	42	114
106	43	114
106	44	113
106	45	113
106	46	113
106	47	113
106	48	113
106	49	112
106	50	112
106	51	112
106	52	112
106	53	111
106	54	111
106	55	110
106	56	110
106	57	109
106	58	109
106	59	108
106	60	108
106	61	107
106	62	107
106	63	106
106	64	106
106	65	105
106	66	104
106	67	104
106	68	103
106	69	102
106	70	102
106	71	101
106	72	101
106	73	100
106	74	100
106	75	99
106	76	99
106	77	98
106	78	98
106	79	98
106	80	97
106	81	97
106	82	97
106	83	96
106	84	96
106	85	95
106	86	94
106	87	93
106	88	91
106	89	90
106	90	89
106	91	88
106	92	87
106	93	87
106	94	86
106	95	85
106	96	84
106	97	81
106	98	78
106	99	76
106	100	74
106	101	72
106	102	70
106	103	68
106	104	67
106	105	65
106	106	64
106	107	62
106	108	59
106	109	57
106	110	55
106	111	54
106	112	52
106	113	46
106	114	42
106	115	38
106	116	35
106	117	32
106	118	30
106	119	28
106	120	26
106	121	21
106	122	17
106	123	15
106	124	13
106	125	9
106	126	6
106	127	3
106	128	128
106	129	253
106	130	250
106	131	247
106	132	243
106	133	241
106	134	239
106	135	235
106	136	230
106	137	228
106	138	226
106	139	224
106	140	221
106	141	218
106	142	214
106	143	210
106	144	204
106	145	202
106	146	201
106	147	199
106	148	197
106	149	194
106	150	192
106	151	191
106	152	189
106	153	188
106	154	186
106	155	184
106	156	182
106	157	180
106	158	178
106	159	175
106	160	172
106	161	171
106	162	170
106	163	169
106	164	169
106	165	168
106	166	167
106	167	166
106	168	165
106	169	163
106	170	162
106	171	161
106	172	160
106	173	160
106	174	159
106	175	159
106	176	159
106	177	158
106	178	158
106	179	158
106	180	157
106	181	157
106	182	156
106	183	156
106	184	155
106	185	155
106	186	154
106	187	154
106	188	153
106	189	152
106	190	152
106	191	151
106	192	150
106	193	150
106	194	149
106	195	149
106	196	148
106	197	148
106	198	147
106	199	147
106	200	146
106	201	146
106	202	145
106	203	145
106	204	144
106	205	144
106	206	144
106	207	144
106	208	143
106	209	143
106	210	143
106	211	143
106	212	143
106	213	142
106	214	142
106	215	142
106	216	142
106	217	141
106	218	141
106	219	141
106	220	140
106	221	140
106	222	140
106	223	139
106	224	139
106	225	139
106	226	138
106	227	138
106	228	137
106	229	137
106	230	136
106	231	136
106	232	136
106	233	135
106	234	135
106	235	135
106	236	135
106	237	135
106	238	134
106	239	134
106	240	134
106	241	133
106	242	133
106	243	132
106	244	132
106	245	132
106	246	131
106	247	131
106	248	131
106	249	130
106	250	130
106	251	130
106	252	129
106	253	129
106	254	129
106	255	129
107	0	128
107	1	127
107	2	127
107	3	127
107	4	127
107	5	126
107	6	126
107	7	126
107	8	125
107	9	125
107	10	125
107	11	124
107	12	124
107	13	124
107	14	124
107	15	123
107	16	123
107	17	122
107	18	122
107	19	122
107	20	121
107	21	121
107	22	121
107	23	121
107	24	120
107	25	120
107	26	120
107	27	120
107	28	119
107	29	119
107	30	118
107	31	118
107	32	118
107	33	117
107	34	117
107	35	116
107	36	116
107	37	116
107	38	115
107	39	115
107	40	115
107	41	115
107	42	114
107	43	114
107	44	114
107	45	114
107	46	113
107	47	113
107	48	113
107	49	113
107	50	113
107	51	112
107	52	112
107	53	112
107	54	112
107	55	111
107	56	111
107	57	110
107	58	110
107	59	109
107	60	109
107	61	108
107	62	108
107	63	107
107	64	107
107	65	106
107	66	105
107	67	105
107	68	104
107	69	103
107	70	103
107	71	102
107	72	102
107	73	101
107	74	101
107	75	100
107	76	100
107	77	99
107	78	99
107	79	98
107	80	98
107	81	98
107	82	97
107	83	97
107	84	97
107	85	96
107	86	96
107	87	95
107	88	94
107	89	93
107	90	92
107	91	91
107	92	90
107	93	89
107	94	88
107	95	87
107	96	86
107	97	83
107	98	80
107	99	77
107	100	75
107	101	73
107	102	71
107	103	70
107	104	68
107	105	67
107	106	65
107	107	64
107	108	62
107	109	60
107	110	58
107	111	56
107	112	54
107	113	48
107	114	43
107	115	39
107	116	36
107	117	33
107	118	31
107	119	29
107	120	27
107	121	22
107	122	18
107	123	15
107	124	14
107	125	9
107	126	7
107	127	3
107	128	128
107	129	253
107	130	249
107	131	247
107	132	242
107	133	241
107	134	238
107	135	234
107	136	229
107	137	227
107	138	225
107	139	223
107	140	220
107	141	217
107	142	213
107	143	208
107	144	202
107	145	200
107	146	198
107	147	196
107	148	194
107	149	192
107	150	191
107	151	189
107	152	188
107	153	186
107	154	185
107	155	183
107	156	181
107	157	179
107	158	176
107	159	173
107	160	170
107	161	169
107	162	168
107	163	167
107	164	166
107	165	165
107	166	164
107	167	163
107	168	162
107	169	161
107	170	160
107	171	160
107	172	159
107	173	159
107	174	159
107	175	158
107	176	158
107	177	158
107	178	157
107	179	157
107	180	156
107	181	156
107	182	155
107	183	155
107	184	154
107	185	154
107	186	153
107	187	153
107	188	152
107	189	151
107	190	151
107	191	150
107	192	149
107	193	149
107	194	148
107	195	148
107	196	147
107	197	147
107	198	146
107	199	146
107	200	145
107	201	145
107	202	144
107	203	144
107	204	144
107	205	144
107	206	143
107	207	143
107	208	143
107	209	143
107	210	143
107	211	142
107	212	142
107	213	142
107	214	142
107	215	141
107	216	141
107	217	141
107	218	141
107	219	140
107	220	140
107	221	140
107	222	139
107	223	139
107	224	138
107	225	138
107	226	138
107	227	137
107	228	137
107	229	136
107	230	136
107	231	136
107	232	136
107	233	135
107	234	135
107	235	135
107	236	135
107	237	134
107	238	134
107	239	134
107	240	133
107	241	133
107	242	132
107	243	132
107	244	132
107	245	132
107	246	131
107	247	131
107	248	131
107	249	130
107	250	130
107	251	130
107	252	129
107	253	129
107	254	129
107	255	129
108	0	128
108	1	127
108	2	127
108	3	127
108	4	127
108	5	126
108	6	126
108	7	126
108	8	126
108	9	125
108	10	125
108	11	125
108	12	124
108	13	124
108	14	124
108	15	123
108	16	123
108	17	123
108	18	122
108	19	122
108	20	122
108	21	121
108	22	121
108	23	121
108	24	121
108	25	120
108	26	120
108	27	120
108	28	120
108	29	119
108	30	119
108	31	118
108	32	118
108	33	118
108	34	117
108	35	117
108	36	116
108	37	116
108	38	116
108	39	115
108	40	115
108	41	115
108	42	115
108	43	114
108	44	114
108	45	114
108	46	114
108	47	114
108	48	113
108	49	113
108	50	113
108	51	113
108	52	113
108	53	112
108	54	112
108	55	112
108	56	112
108	57	111
108	58	111
108	59	110
108	60	110
108	61	109
108	62	109
108	63	108
108	64	108
108	65	107
108	66	106
108	67	106
108	68	105
108	69	104
108	70	104
108	71	103
108	72	102
108	73	102
108	74	101
108	75	101
108	76	100
108	77	100
108	78	99
108	79	99
108	80	99
108	81	98
108	82	98
108	83	98
108	84	97
108	85	97
108	86	97
108	87	96
108	88	96
108	89	95
108	90	94
108	91	93
108	92	92
108	93	91
108	94	90
108	95	89
108	96	88
108	97	85
108	98	82
108	99	79
108	100	77
108	101	75
108	102	73
108	103	71
108	104	69
108	105	68
108	106	66
108	107	65
108	108	64
108	109	62
108	110	60
108	111	58
108	112	56
108	113	50
108	114	45
108	115	41
108	116	37
108	117	34
108	118	32
108	119	30
108	120	28
108	121	22
108	122	19
108	123	16
108	124	14
108	125	9
108	126	7
108	127	4
108	128	128
108	129	252
108	130	249
108	131	247
108	132	242
108	133	240
108	134	237
108	135	234
108	136	228
108	137	226
108	138	224
108	139	222
108	140	219
108	141	215
108	142	211
108	143	206
108	144	200
108	145	198
108	146	196
108	147	194
108	148	192
108	149	191
108	150	190
108	151	188
108	152	187
108	153	185
108	154	183
108	155	181
108	156	179
108	157	177
108	158	174
108	159	171
108	160	168
108	161	167
108	162	166
108	163	165
108	164	164
108	165	163
108	166	162
108	167	161
108	168	160
108	169	160
108	170	159
108	171	159
108	172	159
108	173	158
108	174	158
108	175	158
108	176	157
108	177	157
108	178	157
108	179	156
108	180	156
108	181	155
108	182	155
108	183	154
108	184	154
108	185	153
108	186	152
108	187	152
108	188	151
108	189	150
108	190	150
108	191	149
108	192	148
108	193	148
108	194	147
108	195	147
108	196	146
108	197	146
108	198	145
108	199	145
108	200	144
108	201	144
108	202	144
108	203	144
108	204	143
108	205	143
108	206	143
108	207	143
108	208	143
108	209	142
108	210	142
108	211	142
108	212	142
108	213	142
108	214	141
108	215	141
108	216	141
108	217	141
108	218	140
108	219	140
108	220	140
108	221	139
108	222	139
108	223	138
108	224	138
108	225	138
108	226	137
108	227	137
108	228	136
108	229	136
108	230	136
108	231	136
108	232	135
108	233	135
108	234	135
108	235	135
108	236	134
108	237	134
108	238	134
108	239	133
108	240	133
108	241	133
108	242	132
108	243	132
108	244	132
108	245	131
108	246	131
108	247	131
108	248	130
108	249	130
108	250	130
108	251	130
108	252	129
108	253	129
108	254	129
108	255	129
109	0	128
109	1	127
109	2	127
109	3	127
109	4	127
109	5	126
109	6	126
109	7	126
109	8	126
109	9	125
109	10	125
109	11	125
109	12	124
109	13	124
109	14	124
109	15	124
109	16	123
109	17	123
109	18	122
109	19	122
109	20	122
109	21	122
109	22	121
109	23	121
109	24	121
109	25	121
109	26	120
109	27	120
109	28	120
109	29	120
109	30	119
109	31	119
109	32	118
109	33	118
109	34	118
109	35	117
109	36	117
109	37	117
109	38	116
109	39	116
109	40	116
109	41	115
109	42	115
109	43	115
109	44	115
109	45	114
109	46	114
109	47	114
109	48	114
109	49	113
109	50	113
109	51	113
109	52	113
109	53	113
109	54	113
109	55	112
109	56	112
109	57	112
109	58	112
109	59	111
109	60	111
109	61	110
109	62	110
109	63	109
109	64	109
109	65	108
109	66	107
109	67	107
109	68	106
109	69	105
109	70	104
109	71	104
109	72	103
109	73	103
109	74	102
109	75	102
109	76	101
109	77	101
109	78	100
109	79	100
109	80	99
109	81	99
109	82	99
109	83	98
109	84	98
109	85	98
109	86	97
109	87	97
109	88	97
109	89	96
109	90	96
109	91	95
109	92	94
109	93	93
109	94	92
109	95	91
109	96	90
109	97	87
109	98	84
109	99	81
109	100	78
109	101	76
109	102	74
109	103	72
109	104	71
109	105	69
109	106	68
109	107	66
109	108	65
109	109	64
109	110	62
109	111	60
109	112	58
109	113	52
109	114	46
109	115	42
109	116	39
109	117	36
109	118	33
109	119	31
109	120	29
109	121	23
109	122	19
109	123	17
109	124	14
109	125	10
109	126	7
109	127	4
109	128	128
109	129	252
109	130	249
109	131	246
109	132	242
109	133	239
109	134	237
109	135	233
109	136	227
109	137	225
109	138	223
109	139	220
109	140	217
109	141	214
109	142	210
109	143	204
109	144	198
109	145	196
109	146	194
109	147	192
109	148	191
109	149	190
109	150	188
109	151	187
109	152	185
109	153	184
109	154	182
109	155	180
109	156	178
109	157	175
109	158	172
109	159	169
109	160	166
109	161	165
109	162	164
109	163	163
109	164	162
109	165	161
109	166	160
109	167	160
109	168	159
109	169	159
109	170	159
109	171	158
109	172	158
109	173	158
109	174	157
109	175	157
109	176	157
109	177	156
109	178	156
109	179	155
109	180	155
109	181	154
109	182	154
109	183	153
109	184	153
109	185	152
109	186	152
109	187	151
109	188	150
109	189	149
109	190	149
109	191	148
109	192	147
109	193	147
109	194	146
109	195	146
109	196	145
109	197	145
109	198	144
109	199	144
109	200	144
109	201	144
109	202	143
109	203	143
109	204	143
109	205	143
109	206	143
109	207	143
109	208	142
109	209	142
109	210	142
109	211	142
109	212	141
109	213	141
109	214	141
109	215	141
109	216	140
109	217	140
109	218	140
109	219	139
109	220	139
109	221	139
109	222	138
109	223	138
109	224	138
109	225	137
109	226	137
109	227	136
109	228	136
109	229	136
109	230	136
109	231	135
109	232	135
109	233	135
109	234	135
109	235	134
109	236	134
109	237	134
109	238	134
109	239	133
109	240	133
109	241	132
109	242	132
109	243	132
109	244	132
109	245	131
109	246	131
109	247	131
109	248	130
109	249	130
109	250	130
109	251	130
109	252	129
109	253	129
109	254	129
109	255	129
110	0	128
110	1	127
110	2	127
110	3	127
110	4	127
110	5	126
110	6	126
110	7	126
110	8	126
110	9	125
110	10	125
110	11	125
110	12	124
110	13	124
110	14	124
110	15	124
110	16	124
110	17	123
110	18	123
110	19	122
110	20	122
110	21	122
110	22	121
110	23	121
110	24	121
110	25	121
110	26	121
110	27	120
110	28	120
110	29	120
110	30	120
110	31	119
110	32	119
110	33	119
110	34	118
110	35	118
110	36	117
110	37	117
110	38	117
110	39	116
110	40	116
110	41	116
110	42	115
110	43	115
110	44	115
110	45	115
110	46	114
110	47	114
110	48	114
110	49	114
110	50	114
110	51	113
110	52	113
110	53	113
110	54	113
110	55	113
110	56	113
110	57	112
110	58	112
110	59	112
110	60	112
110	61	111
110	62	111
110	63	110
110	64	110
110	65	109
110	66	108
110	67	107
110	68	107
110	69	106
110	70	105
110	71	105
110	72	104
110	73	103
110	74	103
110	75	102
110	76	102
110	77	101
110	78	101
110	79	100
110	80	100
110	81	100
110	82	99
110	83	99
110	84	98
110	85	98
110	86	98
110	87	97
110	88	97
110	89	97
110	90	97
110	91	96
110	92	96
110	93	95
110	94	94
110	95	93
110	96	92
110	97	88
110	98	85
110	99	83
110	100	80
110	101	78
110	102	76
110	103	74
110	104	72
110	105	70
110	106	69
110	107	68
110	108	66
110	109	65
110	110	64
110	111	62
110	112	60
110	113	53
110	114	48
110	115	44
110	116	40
110	117	37
110	118	34
110	119	32
110	120	30
110	121	24
110	122	20
110	123	17
110	124	15
110	125	10
110	126	8
110	127	4
110	128	128
110	129	252
110	130	248
110	131	246
110	132	241
110	133	239
110	134	236
110	135	232
110	136	226
110	137	224
110	138	222
110	139	219
110	140	216
110	141	212
110	142	208
110	143	203
110	144	196
110	145	194
110	146	192
110	147	191
110	148	190
110	149	188
110	150	187
110	151	186
110	152	184
110	153	182
110	154	180
110	155	178
110	156	176
110	157	173
110	158	171
110	159	168
110	160	164
110	161	163
110	162	162
110	163	161
110	164	160
110	165	160
110	166	159
110	167	159
110	168	159
110	169	159
110	170	158
110	171	158
110	172	158
110	173	157
110	174	157
110	175	156
110	176	156
110	177	156
110	178	155
110	179	155
110	180	154
110	181	154
110	182	153
110	183	153
110	184	152
110	185	151
110	186	151
110	187	150
110	188	149
110	189	149
110	190	148
110	191	147
110	192	146
110	193	146
110	194	145
110	195	145
110	196	144
110	197	144
110	198	144
110	199	144
110	200	143
110	201	143
110	202	143
110	203	143
110	204	143
110	205	143
110	206	142
110	207	142
110	208	142
110	209	142
110	210	142
110	211	141
110	212	141
110	213	141
110	214	141
110	215	140
110	216	140
110	217	140
110	218	139
110	219	139
110	220	139
110	221	138
110	222	138
110	223	137
110	224	137
110	225	137
110	226	136
110	227	136
110	228	136
110	229	136
110	230	135
110	231	135
110	232	135
110	233	135
110	234	135
110	235	134
110	236	134
110	237	134
110	238	133
110	239	133
110	240	132
110	241	132
110	242	132
110	243	132
110	244	132
110	245	131
110	246	131
110	247	131
110	248	130
110	249	130
110	250	130
110	251	130
110	252	129
110	253	129
110	254	129
110	255	129
111	0	128
111	1	127
111	2	127
111	3	127
111	4	127
111	5	127
111	6	126
111	7	126
111	8	126
111	9	125
111	10	125
111	11	125
111	12	125
111	13	124
111	14	124
111	15	124
111	16	124
111	17	123
111	18	123
111	19	123
111	20	122
111	21	122
111	22	122
111	23	121
111	24	121
111	25	121
111	26	121
111	27	121
111	28	120
111	29	120
111	30	120
111	31	120
111	32	120
111	33	119
111	34	119
111	35	118
111	36	118
111	37	117
111	38	117
111	39	117
111	40	116
111	41	116
111	42	116
111	43	116
111	44	115
111	45	115
111	46	115
111	47	115
111	48	114
111	49	114
111	50	114
111	51	114
111	52	114
111	53	113
111	54	113
111	55	113
111	56	113
111	57	113
111	58	113
111	59	112
111	60	112
111	61	112
111	62	112
111	63	111
111	64	111
111	65	110
111	66	109
111	67	108
111	68	108
111	69	107
111	70	106
111	71	105
111	72	105
111	73	104
111	74	104
111	75	103
111	76	103
111	77	102
111	78	102
111	79	101
111	80	101
111	81	100
111	82	100
111	83	99
111	84	99
111	85	99
111	86	98
111	87	98
111	88	98
111	89	97
111	90	97
111	91	97
111	92	97
111	93	96
111	94	96
111	95	95
111	96	94
111	97	90
111	98	87
111	99	84
111	100	82
111	101	79
111	102	77
111	103	75
111	104	73
111	105	72
111	106	70
111	107	69
111	108	67
111	109	66
111	110	65
111	111	64
111	112	62
111	113	55
111	114	50
111	115	45
111	116	41
111	117	38
111	118	35
111	119	33
111	120	31
111	121	25
111	122	21
111	123	18
111	124	16
111	125	10
111	126	8
111	127	4
111	128	128
111	129	252
111	130	248
111	131	246
111	132	240
111	133	238
111	134	235
111	135	231
111	136	225
111	137	223
111	138	221
111	139	218
111	140	215
111	141	211
111	142	206
111	143	201
111	144	194
111	145	192
111	146	191
111	147	190
111	148	189
111	149	187
111	150	186
111	151	184
111	152	183
111	153	181
111	154	179
111	155	177
111	156	174
111	157	172
111	158	169
111	159	166
111	160	162
111	161	161
111	162	160
111	163	160
111	164	159
111	165	159
111	166	159
111	167	159
111	168	158
111	169	158
111	170	158
111	171	157
111	172	157
111	173	157
111	174	156
111	175	156
111	176	155
111	177	155
111	178	154
111	179	154
111	180	153
111	181	153
111	182	152
111	183	152
111	184	151
111	185	151
111	186	150
111	187	149
111	188	148
111	189	148
111	190	147
111	191	146
111	192	145
111	193	145
111	194	144
111	195	144
111	196	144
111	197	144
111	198	143
111	199	143
111	200	143
111	201	143
111	202	143
111	203	143
111	204	142
111	205	142
111	206	142
111	207	142
111	208	142
111	209	141
111	210	141
111	211	141
111	212	141
111	213	140
111	214	140
111	215	140
111	216	140
111	217	139
111	218	139
111	219	139
111	220	138
111	221	138
111	222	137
111	223	137
111	224	136
111	225	136
111	226	136
111	227	136
111	228	136
111	229	135
111	230	135
111	231	135
111	232	135
111	233	135
111	234	134
111	235	134
111	236	134
111	237	133
111	238	133
111	239	133
111	240	132
111	241	132
111	242	132
111	243	132
111	244	131
111	245	131
111	246	131
111	247	131
111	248	130
111	249	130
111	250	130
111	251	129
111	252	129
111	253	129
111	254	129
111	255	129
112	0	128
112	1	127
112	2	127
112	3	127
112	4	127
112	5	127
112	6	126
112	7	126
112	8	126
112	9	126
112	10	125
112	11	125
112	12	125
112	13	124
112	14	124
112	15	124
112	16	124
112	17	124
112	18	123
112	19	123
112	20	122
112	21	122
112	22	122
112	23	122
112	24	121
112	25	121
112	26	121
112	27	121
112	28	121
112	29	120
112	30	120
112	31	120
112	32	120
112	33	120
112	34	119
112	35	119
112	36	118
112	37	118
112	38	117
112	39	117
112	40	117
112	41	116
112	42	116
112	43	116
112	44	116
112	45	115
112	46	115
112	47	115
112	48	115
112	49	114
112	50	114
112	51	114
112	52	114
112	53	114
112	54	113
112	55	113
112	56	113
112	57	113
112	58	113
112	59	113
112	60	113
112	61	112
112	62	112
112	63	112
112	64	112
112	65	111
112	66	110
112	67	109
112	68	108
112	69	108
112	70	107
112	71	106
112	72	106
112	73	105
112	74	104
112	75	104
112	76	103
112	77	103
112	78	102
112	79	102
112	80	101
112	81	101
112	82	100
112	83	100
112	84	100
112	85	99
112	86	99
112	87	99
112	88	98
112	89	98
112	90	98
112	91	97
112	92	97
112	93	97
112	94	97
112	95	96
112	96	96
112	97	92
112	98	89
112	99	86
112	100	83
112	101	81
112	102	79
112	103	77
112	104	75
112	105	73
112	106	71
112	107	70
112	108	69
112	109	67
112	110	66
112	111	65
112	112	64
112	113	57
112	114	51
112	115	47
112	116	43
112	117	39
112	118	37
112	119	34
112	120	32
112	121	26
112	122	21
112	123	18
112	124	16
112	125	11
112	126	8
112	127	4
112	128	128
112	129	252
112	130	248
112	131	245
112	132	240
112	133	238
112	134	235
112	135	230
112	136	224
112	137	222
112	138	219
112	139	217
112	140	213
112	141	209
112	142	205
112	143	199
112	144	192
112	145	191
112	146	190
112	147	189
112	148	187
112	149	186
112	150	185
112	151	183
112	152	181
112	153	179
112	154	177
112	155	175
112	156	173
112	157	170
112	158	167
112	159	164
112	160	160
112	161	160
112	162	159
112	163	159
112	164	159
112	165	159
112	166	158
112	167	158
112	168	158
112	169	157
112	170	157
112	171	157
112	172	156
112	173	156
112	174	156
112	175	155
112	176	155
112	177	154
112	178	154
112	179	153
112	180	153
112	181	152
112	182	152
112	183	151
112	184	150
112	185	150
112	186	149
112	187	148
112	188	148
112	189	147
112	190	146
112	191	145
112	192	144
112	193	144
112	194	144
112	195	144
112	196	143
112	197	143
112	198	143
112	199	143
112	200	143
112	201	143
112	202	143
112	203	142
112	204	142
112	205	142
112	206	142
112	207	142
112	208	141
112	209	141
112	210	141
112	211	141
112	212	140
112	213	140
112	214	140
112	215	140
112	216	139
112	217	139
112	218	139
112	219	138
112	220	138
112	221	137
112	222	137
112	223	136
112	224	136
112	225	136
112	226	136
112	227	136
112	228	135
112	229	135
112	230	135
112	231	135
112	232	135
112	233	134
112	234	134
112	235	134
112	236	134
112	237	133
112	238	133
112	239	132
112	240	132
112	241	132
112	242	132
112	243	132
112	244	131
112	245	131
112	246	131
112	247	130
112	248	130
112	249	130
112	250	130
112	251	129
112	252	129
112	253	129
112	254	129
112	255	129
113	0	128
113	1	127
113	2	127
113	3	127
113	4	127
113	5	127
113	6	126
113	7	126
113	8	126
113	9	126
113	10	126
113	11	125
113	12	125
113	13	125
113	14	125
113	15	124
113	16	124
113	17	124
113	18	124
113	19	124
113	20	123
113	21	123
113	22	123
113	23	122
113	24	122
113	25	122
113	26	122
113	27	121
113	28	121
113	29	121
113	30	121
113	31	121
113	32	120
113	33	120
113	34	120
113	35	120
113	36	120
113	37	120
113	38	119
113	39	119
113	40	118
113	41	118
113	42	118
113	43	117
113	44	117
113	45	117
113	46	117
113	47	116
113	48	116
113	49	116
113	50	116
113	51	115
113	52	115
113	53	115
113	54	115
113	55	114
113	56	114
113	57	114
113	58	114
113	59	114
113	60	114
113	61	113
113	62	113
113	63	113
113	64	113
113	65	113
113	66	112
113	67	112
113	68	112
113	69	111
113	70	110
113	71	110
113	72	109
113	73	108
113	74	107
113	75	107
113	76	106
113	77	106
113	78	105
113	79	105
113	80	104
113	81	104
113	82	103
113	83	103
113	84	102
113	85	102
113	86	101
113	87	101
113	88	101
113	89	100
113	90	100
113	91	100
113	92	99
113	93	99
113	94	99
113	95	98
113	96	98
113	97	97
113	98	96
113	99	93
113	100	90
113	101	87
113	102	84
113	103	82
113	104	80
113	105	78
113	106	76
113	107	75
113	108	73
113	109	72
113	110	70
113	111	69
113	112	68
113	113	64
113	114	58
113	115	52
113	116	48
113	117	44
113	118	41
113	119	38
113	120	36
113	121	29
113	122	24
113	123	21
113	124	18
113	125	12
113	126	9
113	127	4
113	128	128
113	129	252
113	130	247
113	131	244
113	132	238
113	133	235
113	134	232
113	135	227
113	136	220
113	137	218
113	138	215
113	139	212
113	140	208
113	141	204
113	142	198
113	143	192
113	144	188
113	145	187
113	146	186
113	147	184
113	148	183
113	149	181
113	150	180
113	151	178
113	152	176
113	153	174
113	154	172
113	155	169
113	156	166
113	157	163
113	158	160
113	159	159
113	160	158
113	161	158
113	162	157
113	163	157
113	164	157
113	165	156
113	166	156
113	167	156
113	168	155
113	169	155
113	170	155
113	171	154
113	172	154
113	173	153
113	174	153
113	175	152
113	176	152
113	177	151
113	178	151
113	179	150
113	180	150
113	181	149
113	182	149
113	183	148
113	184	147
113	185	146
113	186	146
113	187	145
113	188	144
113	189	144
113	190	144
113	191	143
113	192	143
113	193	143
113	194	143
113	195	143
113	196	142
113	197	142
113	198	142
113	199	142
113	200	142
113	201	142
113	202	141
113	203	141
113	204	141
113	205	141
113	206	140
113	207	140
113	208	140
113	209	140
113	210	139
113	211	139
113	212	139
113	213	139
113	214	138
113	215	138
113	216	138
113	217	137
113	218	137
113	219	136
113	220	136
113	221	136
113	222	136
113	223	136
113	224	136
113	225	135
113	226	135
113	227	135
113	228	135
113	229	135
113	230	134
113	231	134
113	232	134
113	233	134
113	234	133
113	235	133
113	236	133
113	237	132
113	238	132
113	239	132
113	240	132
113	241	132
113	242	131
113	243	131
113	244	131
113	245	131
113	246	130
113	247	130
113	248	130
113	249	130
113	250	130
113	251	129
113	252	129
113	253	129
113	254	129
113	255	129
114	0	128
114	1	127
114	2	127
114	3	127
114	4	127
114	5	127
114	6	127
114	7	126
114	8	126
114	9	126
114	10	126
114	11	126
114	12	125
114	13	125
114	14	125
114	15	125
114	16	124
114	17	124
114	18	124
114	19	124
114	20	124
114	21	124
114	22	123
114	23	123
114	24	123
114	25	122
114	26	122
114	27	122
114	28	122
114	29	122
114	30	121
114	31	121
114	32	121
114	33	121
114	34	121
114	35	121
114	36	120
114	37	120
114	38	120
114	39	120
114	40	120
114	41	120
114	42	119
114	43	119
114	44	119
114	45	118
114	46	118
114	47	118
114	48	117
114	49	117
114	50	117
114	51	117
114	52	116
114	53	116
114	54	116
114	55	116
114	56	115
114	57	115
114	58	115
114	59	115
114	60	115
114	61	114
114	62	114
114	63	114
114	64	114
114	65	114
114	66	113
114	67	113
114	68	113
114	69	113
114	70	112
114	71	112
114	72	112
114	73	111
114	74	110
114	75	110
114	76	109
114	77	108
114	78	108
114	79	107
114	80	107
114	81	106
114	82	106
114	83	105
114	84	105
114	85	104
114	86	104
114	87	103
114	88	103
114	89	102
114	90	102
114	91	102
114	92	101
114	93	101
114	94	101
114	95	100
114	96	100
114	97	99
114	98	98
114	99	97
114	100	96
114	101	93
114	102	90
114	103	88
114	104	85
114	105	83
114	106	81
114	107	79
114	108	78
114	109	76
114	110	75
114	111	73
114	112	72
114	113	68
114	114	64
114	115	58
114	116	53
114	117	49
114	118	46
114	119	43
114	120	40
114	121	32
114	122	27
114	123	23
114	124	20
114	125	13
114	126	10
114	127	5
114	128	128
114	129	251
114	130	246
114	131	243
114	132	236
114	133	233
114	134	229
114	135	224
114	136	216
114	137	213
114	138	210
114	139	207
114	140	203
114	141	198
114	142	192
114	143	188
114	144	184
114	145	183
114	146	181
114	147	180
114	148	178
114	149	177
114	150	175
114	151	173
114	152	171
114	153	168
114	154	166
114	155	163
114	156	160
114	157	159
114	158	158
114	159	157
114	160	156
114	161	156
114	162	155
114	163	155
114	164	155
114	165	154
114	166	154
114	167	154
114	168	153
114	169	153
114	170	152
114	171	152
114	172	151
114	173	151
114	174	150
114	175	150
114	176	149
114	177	149
114	178	148
114	179	148
114	180	147
114	181	146
114	182	146
114	183	145
114	184	144
114	185	144
114	186	144
114	187	143
114	188	143
114	189	143
114	190	143
114	191	142
114	192	142
114	193	142
114	194	142
114	195	142
114	196	141
114	197	141
114	198	141
114	199	141
114	200	141
114	201	140
114	202	140
114	203	140
114	204	140
114	205	139
114	206	139
114	207	139
114	208	139
114	209	138
114	210	138
114	211	138
114	212	137
114	213	137
114	214	137
114	215	136
114	216	136
114	217	136
114	218	136
114	219	136
114	220	136
114	221	135
114	222	135
114	223	135
114	224	135
114	225	135
114	226	135
114	227	134
114	228	134
114	229	134
114	230	134
114	231	134
114	232	133
114	233	133
114	234	133
114	235	132
114	236	132
114	237	132
114	238	132
114	239	132
114	240	132
114	241	131
114	242	131
114	243	131
114	244	131
114	245	130
114	246	130
114	247	130
114	248	130
114	249	130
114	250	129
114	251	129
114	252	129
114	253	129
114	254	129
114	255	129
115	0	128
115	1	127
115	2	127
115	3	127
115	4	127
115	5	127
115	6	127
115	7	127
115	8	126
115	9	126
115	10	126
115	11	126
115	12	126
115	13	125
115	14	125
115	15	125
115	16	125
115	17	125
115	18	124
115	19	124
115	20	124
115	21	124
115	22	124
115	23	124
115	24	123
115	25	123
115	26	123
115	27	123
115	28	122
115	29	122
115	30	122
115	31	122
115	32	122
115	33	121
115	34	121
115	35	121
115	36	121
115	37	121
115	38	121
115	39	121
115	40	120
115	41	120
115	42	120
115	43	120
115	44	120
115	45	120
115	46	119
115	47	119
115	48	119
115	49	118
115	50	118
115	51	118
115	52	118
115	53	117
115	54	117
115	55	117
115	56	117
115	57	116
115	58	116
115	59	116
115	60	116
115	61	116
115	62	115
115	63	115
115	64	115
115	65	115
115	66	114
115	67	114
115	68	114
115	69	114
115	70	113
115	71	113
115	72	113
115	73	113
115	74	112
115	75	112
115	76	112
115	77	111
115	78	111
115	79	110
115	80	109
115	81	109
115	82	108
115	83	108
115	84	107
115	85	107
115	86	106
115	87	106
115	88	105
115	89	105
115	90	104
115	91	104
115	92	103
115	93	103
115	94	103
115	95	102
115	96	102
115	97	101
115	98	100
115	99	99
115	100	98
115	101	97
115	102	96
115	103	93
115	104	91
115	105	88
115	106	86
115	107	84
115	108	82
115	109	81
115	110	79
115	111	77
115	112	76
115	113	71
115	114	67
115	115	64
115	116	59
115	117	54
115	118	50
115	119	47
115	120	44
115	121	35
115	122	29
115	123	25
115	124	22
115	125	15
115	126	11
115	127	6
115	128	128
115	129	250
115	130	245
115	131	241
115	132	234
115	133	231
115	134	227
115	135	221
115	136	212
115	137	209
115	138	206
115	139	202
115	140	197
115	141	192
115	142	189
115	143	185
115	144	180
115	145	179
115	146	177
115	147	175
115	148	174
115	149	172
115	150	170
115	151	168
115	152	165
115	153	163
115	154	160
115	155	159
115	156	158
115	157	157
115	158	156
115	159	155
115	160	154
115	161	154
115	162	153
115	163	153
115	164	153
115	165	152
115	166	152
115	167	151
115	168	151
115	169	150
115	170	150
115	171	149
115	172	149
115	173	148
115	174	148
115	175	147
115	176	147
115	177	146
115	178	145
115	179	145
115	180	144
115	181	144
115	182	144
115	183	143
115	184	143
115	185	143
115	186	143
115	187	142
115	188	142
115	189	142
115	190	142
115	191	141
115	192	141
115	193	141
115	194	141
115	195	140
115	196	140
115	197	140
115	198	140
115	199	140
115	200	139
115	201	139
115	202	139
115	203	139
115	204	138
115	205	138
115	206	138
115	207	138
115	208	137
115	209	137
115	210	137
115	211	136
115	212	136
115	213	136
115	214	136
115	215	136
115	216	136
115	217	135
115	218	135
115	219	135
115	220	135
115	221	135
115	222	135
115	223	135
115	224	134
115	225	134
115	226	134
115	227	134
115	228	134
115	229	133
115	230	133
115	231	133
115	232	133
115	233	132
115	234	132
115	235	132
115	236	132
115	237	132
115	238	132
115	239	131
115	240	131
115	241	131
115	242	131
115	243	131
115	244	130
115	245	130
115	246	130
115	247	130
115	248	130
115	249	129
115	250	129
115	251	129
115	252	129
115	253	129
115	254	129
115	255	129
116	0	128
116	1	127
116	2	127
116	3	127
116	4	127
116	5	127
116	6	127
116	7	127
116	8	126
116	9	126
116	10	126
116	11	126
116	12	126
116	13	126
116	14	125
116	15	125
116	16	125
116	17	125
116	18	125
116	19	125
116	20	124
116	21	124
116	22	124
116	23	124
116	24	124
116	25	124
116	26	123
116	27	123
116	28	123
116	29	123
116	30	122
116	31	122
116	32	122
116	33	122
116	34	122
116	35	121
116	36	121
116	37	121
116	38	121
116	39	121
116	40	121
116	41	121
116	42	121
116	43	120
116	44	120
116	45	120
116	46	120
116	47	120
116	48	120
116	49	120
116	50	119
116	51	119
116	52	119
116	53	118
116	54	118
116	55	118
116	56	118
116	57	117
116	58	117
116	59	117
116	60	117
116	61	117
116	62	116
116	63	116
116	64	116
116	65	116
116	66	115
116	67	115
116	68	115
116	69	114
116	70	114
116	71	114
116	72	114
116	73	113
116	74	113
116	75	113
116	76	113
116	77	113
116	78	112
116	79	112
116	80	112
116	81	111
116	82	111
116	83	110
116	84	110
116	85	109
116	86	108
116	87	108
116	88	107
116	89	107
116	90	106
116	91	106
116	92	106
116	93	105
116	94	105
116	95	104
116	96	104
116	97	103
116	98	101
116	99	100
116	100	99
116	101	98
116	102	97
116	103	97
116	104	96
116	105	93
116	106	91
116	107	89
116	108	87
116	109	85
116	110	83
116	111	82
116	112	80
116	113	75
116	114	70
116	115	67
116	116	64
116	117	59
116	118	55
116	119	51
116	120	48
116	121	38
116	122	32
116	123	27
116	124	24
116	125	16
116	126	12
116	127	6
116	128	128
116	129	250
116	130	244
116	131	240
116	132	232
116	133	229
116	134	224
116	135	218
116	136	208
116	137	205
116	138	201
116	139	197
116	140	192
116	141	189
116	142	186
116	143	181
116	144	176
116	145	174
116	146	173
116	147	171
116	148	169
116	149	167
116	150	165
116	151	163
116	152	160
116	153	159
116	154	159
116	155	158
116	156	157
116	157	156
116	158	155
116	159	153
116	160	152
116	161	152
116	162	151
116	163	151
116	164	150
116	165	150
116	166	150
116	167	149
116	168	149
116	169	148
116	170	148
116	171	147
116	172	146
116	173	146
116	174	145
116	175	145
116	176	144
116	177	144
116	178	144
116	179	143
116	180	143
116	181	143
116	182	143
116	183	143
116	184	142
116	185	142
116	186	142
116	187	142
116	188	141
116	189	141
116	190	141
116	191	140
116	192	140
116	193	140
116	194	140
116	195	139
116	196	139
116	197	139
116	198	139
116	199	139
116	200	138
116	201	138
116	202	138
116	203	138
116	204	137
116	205	137
116	206	137
116	207	136
116	208	136
116	209	136
116	210	136
116	211	136
116	212	136
116	213	136
116	214	135
116	215	135
116	216	135
116	217	135
116	218	135
116	219	135
116	220	135
116	221	135
116	222	134
116	223	134
116	224	134
116	225	134
116	226	134
116	227	133
116	228	133
116	229	133
116	230	133
116	231	132
116	232	132
116	233	132
116	234	132
116	235	132
116	236	132
116	237	131
116	238	131
116	239	131
116	240	131
116	241	131
116	242	131
116	243	130
116	244	130
116	245	130
116	246	130
116	247	130
116	248	130
116	249	129
116	250	129
116	251	129
116	252	129
116	253	129
116	254	129
116	255	129
117	0	128
117	1	127
117	2	127
117	3	127
117	4	127
117	5	127
117	6	127
117	7	127
117	8	127
117	9	126
117	10	126
117	11	126
117	12	126
117	13	126
117	14	126
117	15	125
117	16	125
117	17	125
117	18	125
117	19	125
117	20	125
117	21	124
117	22	124
117	23	124
117	24	124
117	25	124
117	26	124
117	27	124
117	28	123
117	29	123
117	30	123
117	31	123
117	32	122
117	33	122
117	34	122
117	35	122
117	36	122
117	37	122
117	38	121
117	39	121
117	40	121
117	41	121
117	42	121
117	43	121
117	44	121
117	45	121
117	46	121
117	47	120
117	48	120
117	49	120
117	50	120
117	51	120
117	52	120
117	53	120
117	54	119
117	55	119
117	56	119
117	57	119
117	58	118
117	59	118
117	60	118
117	61	118
117	62	117
117	63	117
117	64	117
117	65	117
117	66	116
117	67	116
117	68	116
117	69	115
117	70	115
117	71	115
117	72	114
117	73	114
117	74	114
117	75	114
117	76	113
117	77	113
117	78	113
117	79	113
117	80	113
117	81	112
117	82	112
117	83	112
117	84	112
117	85	111
117	86	111
117	87	110
117	88	110
117	89	109
117	90	109
117	91	108
117	92	108
117	93	107
117	94	107
117	95	106
117	96	106
117	97	104
117	98	103
117	99	102
117	100	101
117	101	100
117	102	99
117	103	98
117	104	97
117	105	97
117	106	96
117	107	94
117	108	91
117	109	89
117	110	87
117	111	86
117	112	84
117	113	78
117	114	74
117	115	70
117	116	67
117	117	64
117	118	59
117	119	55
117	120	52
117	121	42
117	122	35
117	123	30
117	124	26
117	125	17
117	126	13
117	127	6
117	128	128
117	129	250
117	130	243
117	131	239
117	132	230
117	133	226
117	134	221
117	135	214
117	136	204
117	137	201
117	138	197
117	139	192
117	140	189
117	141	186
117	142	182
117	143	178
117	144	172
117	145	170
117	146	169
117	147	167
117	148	165
117	149	162
117	150	160
117	151	159
117	152	159
117	153	158
117	154	157
117	155	156
117	156	155
117	157	154
117	158	153
117	159	152
117	160	150
117	161	150
117	162	149
117	163	149
117	164	148
117	165	148
117	166	147
117	167	147
117	168	146
117	169	146
117	170	145
117	171	145
117	172	144
117	173	144
117	174	144
117	175	144
117	176	143
117	177	143
117	178	143
117	179	143
117	180	143
117	181	142
117	182	142
117	183	142
117	184	142
117	185	141
117	186	141
117	187	141
117	188	140
117	189	140
117	190	140
117	191	139
117	192	139
117	193	139
117	194	139
117	195	138
117	196	138
117	197	138
117	198	138
117	199	137
117	200	137
117	201	137
117	202	137
117	203	136
117	204	136
117	205	136
117	206	136
117	207	136
117	208	136
117	209	136
117	210	135
117	211	135
117	212	135
117	213	135
117	214	135
117	215	135
117	216	135
117	217	135
117	218	135
117	219	134
117	220	134
117	221	134
117	222	134
117	223	134
117	224	134
117	225	133
117	226	133
117	227	133
117	228	133
117	229	132
117	230	132
117	231	132
117	232	132
117	233	132
117	234	132
117	235	132
117	236	131
117	237	131
117	238	131
117	239	131
117	240	131
117	241	131
117	242	130
117	243	130
117	244	130
117	245	130
117	246	130
117	247	130
117	248	129
117	249	129
117	250	129
117	251	129
117	252	129
117	253	129
117	254	129
117	255	129
118	0	128
118	1	127
118	2	127
118	3	127
118	4	127
118	5	127
118	6	127
118	7	127
118	8	127
118	9	127
118	10	126
118	11	126
118	12	126
118	13	126
118	14	126
118	15	126
118	16	126
118	17	125
118	18	125
118	19	125
118	20	125
118	21	125
118	22	125
118	23	124
118	24	124
118	25	124
118	26	124
118	27	124
118	28	124
118	29	124
118	30	123
118	31	123
118	32	123
118	33	123
118	34	123
118	35	122
118	36	122
118	37	122
118	38	122
118	39	122
118	40	122
118	41	121
118	42	121
118	43	121
118	44	121
118	45	121
118	46	121
118	47	121
118	48	121
118	49	121
118	50	120
118	51	120
118	52	120
118	53	120
118	54	120
118	55	120
118	56	120
118	57	120
118	58	119
118	59	119
118	60	119
118	61	119
118	62	118
118	63	118
118	64	118
118	65	118
118	66	117
118	67	117
118	68	116
118	69	116
118	70	116
118	71	115
118	72	115
118	73	115
118	74	115
118	75	114
118	76	114
118	77	114
118	78	114
118	79	114
118	80	113
118	81	113
118	82	113
118	83	113
118	84	113
118	85	112
118	86	112
118	87	112
118	88	112
118	89	111
118	90	111
118	91	110
118	92	110
118	93	109
118	94	109
118	95	108
118	96	108
118	97	106
118	98	105
118	99	104
118	100	102
118	101	101
118	102	100
118	103	99
118	104	99
118	105	98
118	106	97
118	107	97
118	108	96
118	109	94
118	110	92
118	111	90
118	112	88
118	113	82
118	114	77
118	115	73
118	116	69
118	117	66
118	118	64
118	119	60
118	120	56
118	121	45
118	122	37
118	123	32
118	124	28
118	125	19
118	126	14
118	127	7
118	128	128
118	129	249
118	130	242
118	131	237
118	132	228
118	133	224
118	134	219
118	135	211
118	136	200
118	137	196
118	138	192
118	139	190
118	140	187
118	141	183
118	142	179
118	143	174
118	144	168
118	145	166
118	146	164
118	147	162
118	148	160
118	149	159
118	150	159
118	151	158
118	152	157
118	153	157
118	154	156
118	155	155
118	156	154
118	157	152
118	158	151
118	159	150
118	160	148
118	161	148
118	162	147
118	163	147
118	164	146
118	165	146
118	166	145
118	167	145
118	168	144
118	169	144
118	170	144
118	171	144
118	172	143
118	173	143
118	174	143
118	175	143
118	176	143
118	177	142
118	178	142
118	179	142
118	180	142
118	181	142
118	182	141
118	183	141
118	184	141
118	185	141
118	186	140
118	187	140
118	188	140
118	189	139
118	190	139
118	191	138
118	192	138
118	193	138
118	194	138
118	195	137
118	196	137
118	197	137
118	198	137
118	199	136
118	200	136
118	201	136
118	202	136
118	203	136
118	204	136
118	205	136
118	206	136
118	207	135
118	208	135
118	209	135
118	210	135
118	211	135
118	212	135
118	213	135
118	214	135
118	215	135
118	216	134
118	217	134
118	218	134
118	219	134
118	220	134
118	221	134
118	222	133
118	223	133
118	224	133
118	225	133
118	226	133
118	227	132
118	228	132
118	229	132
118	230	132
118	231	132
118	232	132
118	233	132
118	234	131
118	235	131
118	236	131
118	237	131
118	238	131
118	239	131
118	240	130
118	241	130
118	242	130
118	243	130
118	244	130
118	245	130
118	246	130
118	247	129
118	248	129
118	249	129
118	250	129
118	251	129
118	252	129
118	253	129
118	254	129
118	255	129
119	0	128
119	1	127
119	2	127
119	3	127
119	4	127
119	5	127
119	6	127
119	7	127
119	8	127
119	9	127
119	10	126
119	11	126
119	12	126
119	13	126
119	14	126
119	15	126
119	16	126
119	17	126
119	18	125
119	19	125
119	20	125
119	21	125
119	22	125
119	23	125
119	24	124
119	25	124
119	26	124
119	27	124
119	28	124
119	29	124
119	30	124
119	31	124
119	32	124
119	33	123
119	34	123
119	35	123
119	36	123
119	37	122
119	38	122
119	39	122
119	40	122
119	41	122
119	42	122
119	43	122
119	44	121
119	45	121
119	46	121
119	47	121
119	48	121
119	49	121
119	50	121
119	51	121
119	52	121
119	53	121
119	54	120
119	55	120
119	56	120
119	57	120
119	58	120
119	59	120
119	60	120
119	61	120
119	62	119
119	63	119
119	64	119
119	65	119
119	66	118
119	67	118
119	68	117
119	69	117
119	70	117
119	71	116
119	72	116
119	73	116
119	74	115
119	75	115
119	76	115
119	77	115
119	78	114
119	79	114
119	80	114
119	81	114
119	82	114
119	83	113
119	84	113
119	85	113
119	86	113
119	87	113
119	88	113
119	89	112
119	90	112
119	91	112
119	92	112
119	93	111
119	94	111
119	95	110
119	96	110
119	97	108
119	98	107
119	99	105
119	100	104
119	101	103
119	102	102
119	103	101
119	104	100
119	105	99
119	106	98
119	107	98
119	108	97
119	109	97
119	110	96
119	111	94
119	112	92
119	113	85
119	114	80
119	115	76
119	116	72
119	117	69
119	118	66
119	119	64
119	120	60
119	121	48
119	122	40
119	123	34
119	124	30
119	125	20
119	126	15
119	127	8
119	128	128
119	129	248
119	130	241
119	131	236
119	132	226
119	133	222
119	134	216
119	135	208
119	136	196
119	137	192
119	138	190
119	139	187
119	140	184
119	141	180
119	142	176
119	143	171
119	144	164
119	145	162
119	146	160
119	147	159
119	148	159
119	149	158
119	150	158
119	151	157
119	152	156
119	153	155
119	154	154
119	155	153
119	156	152
119	157	151
119	158	149
119	159	148
119	160	146
119	161	146
119	162	145
119	163	145
119	164	144
119	165	144
119	166	144
119	167	144
119	168	143
119	169	143
119	170	143
119	171	143
119	172	143
119	173	143
119	174	142
119	175	142
119	176	142
119	177	142
119	178	142
119	179	141
119	180	141
119	181	141
119	182	141
119	183	140
119	184	140
119	185	140
119	186	139
119	187	139
119	188	139
119	189	138
119	190	138
119	191	137
119	192	137
119	193	137
119	194	137
119	195	136
119	196	136
119	197	136
119	198	136
119	199	136
119	200	136
119	201	136
119	202	136
119	203	135
119	204	135
119	205	135
119	206	135
119	207	135
119	208	135
119	209	135
119	210	135
119	211	135
119	212	135
119	213	134
119	214	134
119	215	134
119	216	134
119	217	134
119	218	134
119	219	134
119	220	133
119	221	133
119	222	133
119	223	133
119	224	132
119	225	132
119	226	132
119	227	132
119	228	132
119	229	132
119	230	132
119	231	132
119	232	132
119	233	131
119	234	131
119	235	131
119	236	131
119	237	131
119	238	131
119	239	130
119	240	130
119	241	130
119	242	130
119	243	130
119	244	130
119	245	130
119	246	130
119	247	129
119	248	129
119	249	129
119	250	129
119	251	129
119	252	129
119	253	129
119	254	129
119	255	129
120	0	128
120	1	127
120	2	127
120	3	127
120	4	127
120	5	127
120	6	127
120	7	127
120	8	127
120	9	127
120	10	127
120	11	126
120	12	126
120	13	126
120	14	126
120	15	126
120	16	126
120	17	126
120	18	126
120	19	125
120	20	125
120	21	125
120	22	125
120	23	125
120	24	125
120	25	125
120	26	124
120	27	124
120	28	124
120	29	124
120	30	124
120	31	124
120	32	124
120	33	124
120	34	124
120	35	123
120	36	123
120	37	123
120	38	123
120	39	123
120	40	122
120	41	122
120	42	122
120	43	122
120	44	122
120	45	122
120	46	122
120	47	121
120	48	121
120	49	121
120	50	121
120	51	121
120	52	121
120	53	121
120	54	121
120	55	121
120	56	121
120	57	120
120	58	120
120	59	120
120	60	120
120	61	120
120	62	120
120	63	120
120	64	120
120	65	120
120	66	119
120	67	119
120	68	118
120	69	118
120	70	117
120	71	117
120	72	117
120	73	116
120	74	116
120	75	116
120	76	116
120	77	115
120	78	115
120	79	115
120	80	115
120	81	114
120	82	114
120	83	114
120	84	114
120	85	114
120	86	113
120	87	113
120	88	113
120	89	113
120	90	113
120	91	113
120	92	113
120	93	112
120	94	112
120	95	112
120	96	112
120	97	110
120	98	108
120	99	107
120	100	106
120	101	104
120	102	103
120	103	102
120	104	101
120	105	100
120	106	100
120	107	99
120	108	98
120	109	98
120	110	97
120	111	97
120	112	96
120	113	89
120	114	83
120	115	79
120	116	75
120	117	71
120	118	69
120	119	66
120	120	64
120	121	51
120	122	43
120	123	37
120	124	32
120	125	21
120	126	16
120	127	8
120	128	128
120	129	248
120	130	240
120	131	235
120	132	224
120	133	219
120	134	213
120	135	205
120	136	192
120	137	190
120	138	187
120	139	185
120	140	181
120	141	177
120	142	173
120	143	167
120	144	160
120	145	159
120	146	159
120	147	158
120	148	158
120	149	157
120	150	156
120	151	156
120	152	155
120	153	154
120	154	153
120	155	152
120	156	150
120	157	149
120	158	148
120	159	146
120	160	144
120	161	144
120	162	144
120	163	144
120	164	143
120	165	143
120	166	143
120	167	143
120	168	143
120	169	143
120	170	143
120	171	142
120	172	142
120	173	142
120	174	142
120	175	142
120	176	141
120	177	141
120	178	141
120	179	141
120	180	140
120	181	140
120	182	140
120	183	140
120	184	139
120	185	139
120	186	139
120	187	138
120	188	138
120	189	137
120	190	137
120	191	136
120	192	136
120	193	136
120	194	136
120	195	136
120	196	136
120	197	136
120	198	136
120	199	136
120	200	135
120	201	135
120	202	135
120	203	135
120	204	135
120	205	135
120	206	135
120	207	135
120	208	135
120	209	135
120	210	134
120	211	134
120	212	134
120	213	134
120	214	134
120	215	134
120	216	134
120	217	133
120	218	133
120	219	133
120	220	133
120	221	133
120	222	132
120	223	132
120	224	132
120	225	132
120	226	132
120	227	132
120	228	132
120	229	132
120	230	132
120	231	131
120	232	131
120	233	131
120	234	131
120	235	131
120	236	131
120	237	131
120	238	130
120	239	130
120	240	130
120	241	130
120	242	130
120	243	130
120	244	130
120	245	130
120	246	129
120	247	129
120	248	129
120	249	129
120	250	129
120	251	129
120	252	129
120	253	129
120	254	129
120	255	129
121	0	128
121	1	127
121	2	127
121	3	127
121	4	127
121	5	127
121	6	127
121	7	127
121	8	127
121	9	127
121	10	127
121	11	127
121	12	127
121	13	127
121	14	126
121	15	126
121	16	126
121	17	126
121	18	126
121	19	126
121	20	126
121	21	126
121	22	126
121	23	125
121	24	125
121	25	125
121	26	125
121	27	125
121	28	125
121	29	125
121	30	125
121	31	125
121	32	124
121	33	124
121	34	124
121	35	124
121	36	124
121	37	124
121	38	124
121	39	124
121	40	124
121	41	124
121	42	124
121	43	123
121	44	123
121	45	123
121	46	123
121	47	123
121	48	123
121	49	123
121	50	122
121	51	122
121	52	122
121	53	122
121	54	122
121	55	122
121	56	122
121	57	122
121	58	122
121	59	121
121	60	121
121	61	121
121	62	121
121	63	121
121	64	121
121	65	121
121	66	121
121	67	121
121	68	120
121	69	120
121	70	120
121	71	120
121	72	120
121	73	120
121	74	119
121	75	119
121	76	119
121	77	118
121	78	118
121	79	118
121	80	117
121	81	117
121	82	117
121	83	117
121	84	116
121	85	116
121	86	116
121	87	116
121	88	115
121	89	115
121	90	115
121	91	115
121	92	115
121	93	114
121	94	114
121	95	114
121	96	114
121	97	113
121	98	113
121	99	112
121	100	112
121	101	110
121	102	109
121	103	108
121	104	107
121	105	106
121	106	105
121	107	104
121	108	103
121	109	102
121	110	101
121	111	101
121	112	100
121	113	98
121	114	96
121	115	90
121	116	85
121	117	81
121	118	78
121	119	75
121	120	72
121	121	64
121	122	53
121	123	46
121	124	40
121	125	27
121	126	20
121	127	10
121	128	128
121	129	246
121	130	236
121	131	229
121	132	216
121	133	210
121	134	203
121	135	192
121	136	184
121	137	181
121	138	178
121	139	175
121	140	171
121	141	166
121	142	160
121	143	158
121	144	156
121	145	155
121	146	155
121	147	154
121	148	153
121	149	152
121	150	151
121	151	150
121	152	149
121	153	148
121	154	147
121	155	146
121	156	144
121	157	144
121	158	143
121	159	143
121	160	142
121	161	142
121	162	142
121	163	142
121	164	141
121	165	141
121	166	141
121	167	141
121	168	141
121	169	140
121	170	140
121	171	140
121	172	140
121	173	139
121	174	139
121	175	139
121	176	139
121	177	138
121	178	138
121	179	138
121	180	137
121	181	137
121	182	137
121	183	136
121	184	136
121	185	136
121	186	136
121	187	136
121	188	136
121	189	135
121	190	135
121	191	135
121	192	135
121	193	135
121	194	135
121	195	135
121	196	135
121	197	135
121	198	134
121	199	134
121	200	134
121	201	134
121	202	134
121	203	134
121	204	134
121	205	134
121	206	134
121	207	133
121	208	133
121	209	133
121	210	133
121	211	133
121	212	133
121	213	133
121	214	132
121	215	132
121	216	132
121	217	132
121	218	132
121	219	132
121	220	132
121	221	132
121	222	132
121	223	132
121	224	132
121	225	131
121	226	131
121	227	131
121	228	131
121	229	131
121	230	131
121	231	131
121	232	131
121	233	131
121	234	130
121	235	130
121	236	130
121	237	130
121	238	130
121	239	130
121	240	130
121	241	130
121	242	130
121	243	129
121	244	129
121	245	129
121	246	129
121	247	129
121	248	129
121	249	129
121	250	129
121	251	129
121	252	129
121	253	129
121	254	129
121	255	129
122	0	128
122	1	127
122	2	127
122	3	127
122	4	127
122	5	127
122	6	127
122	7	127
122	8	127
122	9	127
122	10	127
122	11	127
122	12	127
122	13	127
122	14	127
122	15	127
122	16	126
122	17	126
122	18	126
122	19	126
122	20	126
122	21	126
122	22	126
122	23	126
122	24	126
122	25	126
122	26	126
122	27	126
122	28	125
122	29	125
122	30	125
122	31	125
122	32	125
122	33	125
122	34	125
122	35	125
122	36	125
122	37	125
122	38	125
122	39	124
122	40	124
122	41	124
122	42	124
122	43	124
122	44	124
122	45	124
122	46	124
122	47	124
122	48	124
122	49	124
122	50	124
122	51	124
122	52	123
122	53	123
122	54	123
122	55	123
122	56	123
122	57	123
122	58	123
122	59	123
122	60	122
122	61	122
122	62	122
122	63	122
122	64	122
122	65	122
122	66	122
122	67	121
122	68	121
122	69	121
122	70	121
122	71	121
122	72	121
122	73	121
122	74	121
122	75	120
122	76	120
122	77	120
122	78	120
122	79	120
122	80	120
122	81	120
122	82	119
122	83	119
122	84	119
122	85	118
122	86	118
122	87	118
122	88	118
122	89	117
122	90	117
122	91	117
122	92	117
122	93	117
122	94	116
122	95	116
122	96	116
122	97	115
122	98	115
122	99	114
122	100	114
122	101	113
122	102	113
122	103	112
122	104	112
122	105	111
122	106	110
122	107	108
122	108	107
122	109	106
122	110	106
122	111	105
122	112	104
122	113	101
122	114	99
122	115	97
122	116	96
122	117	91
122	118	87
122	119	83
122	120	80
122	121	70
122	122	64
122	123	55
122	124	48
122	125	32
122	126	24
122	127	12
122	128	128
122	129	244
122	130	232
122	131	224
122	132	208
122	133	201
122	134	192
122	135	186
122	136	176
122	137	173
122	138	169
122	139	165
122	140	160
122	141	159
122	142	157
122	143	155
122	144	152
122	145	151
122	146	150
122	147	150
122	148	149
122	149	148
122	150	146
122	151	145
122	152	144
122	153	144
122	154	143
122	155	143
122	156	142
122	157	142
122	158	141
122	159	141
122	160	140
122	161	140
122	162	140
122	163	139
122	164	139
122	165	139
122	166	139
122	167	139
122	168	138
122	169	138
122	170	138
122	171	138
122	172	137
122	173	137
122	174	137
122	175	136
122	176	136
122	177	136
122	178	136
122	179	136
122	180	136
122	181	136
122	182	135
122	183	135
122	184	135
122	185	135
122	186	135
122	187	135
122	188	135
122	189	135
122	190	134
122	191	134
122	192	134
122	193	134
122	194	134
122	195	134
122	196	134
122	197	133
122	198	133
122	199	133
122	200	133
122	201	133
122	202	133
122	203	133
122	204	133
122	205	132
122	206	132
122	207	132
122	208	132
122	209	132
122	210	132
122	211	132
122	212	132
122	213	132
122	214	132
122	215	132
122	216	132
122	217	132
122	218	131
122	219	131
122	220	131
122	221	131
122	222	131
122	223	131
122	224	131
122	225	131
122	226	131
122	227	131
122	228	131
122	229	130
122	230	130
122	231	130
122	232	130
122	233	130
122	234	130
122	235	130
122	236	130
122	237	130
122	238	130
122	239	130
122	240	130
122	241	129
122	242	129
122	243	129
122	244	129
122	245	129
122	246	129
122	247	129
122	248	129
122	249	129
122	250	129
122	251	129
122	252	129
122	253	129
122	254	129
122	255	129
123	0	128
123	1	127
123	2	127
123	3	127
123	4	127
123	5	127
123	6	127
123	7	127
123	8	127
123	9	127
123	10	127
123	11	127
123	12	127
123	13	127
123	14	127
123	15	127
123	16	127
123	17	127
123	18	127
123	19	126
123	20	126
123	21	126
123	22	126
123	23	126
123	24	126
123	25	126
123	26	126
123	27	126
123	28	126
123	29	126
123	30	126
123	31	126
123	32	126
123	33	125
123	34	125
123	35	125
123	36	125
123	37	125
123	38	125
123	39	125
123	40	125
123	41	125
123	42	125
123	43	125
123	44	125
123	45	124
123	46	124
123	47	124
123	48	124
123	49	124
123	50	124
123	51	124
123	52	124
123	53	124
123	54	124
123	55	124
123	56	124
123	57	124
123	58	124
123	59	124
123	60	123
123	61	123
123	62	123
123	63	123
123	64	123
123	65	123
123	66	123
123	67	122
123	68	122
123	69	122
123	70	122
123	71	122
123	72	122
123	73	121
123	74	121
123	75	121
123	76	121
123	77	121
123	78	121
123	79	121
123	80	121
123	81	121
123	82	120
123	83	120
123	84	120
123	85	120
123	86	120
123	87	120
123	88	120
123	89	120
123	90	119
123	91	119
123	92	119
123	93	119
123	94	118
123	95	118
123	96	118
123	97	117
123	98	116
123	99	116
123	100	115
123	101	115
123	102	114
123	103	114
123	104	113
123	105	113
123	106	113
123	107	112
123	108	112
123	109	111
123	110	110
123	111	109
123	112	108
123	113	105
123	114	102
123	115	100
123	116	99
123	117	97
123	118	96
123	119	92
123	120	88
123	121	77
123	122	69
123	123	64
123	124	56
123	125	37
123	126	28
123	127	14
123	128	128
123	129	242
123	130	228
123	131	219
123	132	200
123	133	192
123	134	187
123	135	179
123	136	168
123	137	164
123	138	160
123	139	159
123	140	157
123	141	156
123	142	154
123	143	151
123	144	148
123	145	147
123	146	146
123	147	145
123	148	144
123	149	144
123	150	143
123	151	143
123	152	143
123	153	142
123	154	142
123	155	141
123	156	141
123	157	140
123	158	140
123	159	139
123	160	138
123	161	138
123	162	138
123	163	137
123	164	137
123	165	137
123	166	137
123	167	136
123	168	136
123	169	136
123	170	136
123	171	136
123	172	136
123	173	136
123	174	136
123	175	135
123	176	135
123	177	135
123	178	135
123	179	135
123	180	135
123	181	135
123	182	135
123	183	135
123	184	134
123	185	134
123	186	134
123	187	134
123	188	134
123	189	134
123	190	133
123	191	133
123	192	133
123	193	133
123	194	133
123	195	133
123	196	133
123	197	132
123	198	132
123	199	132
123	200	132
123	201	132
123	202	132
123	203	132
123	204	132
123	205	132
123	206	132
123	207	132
123	208	132
123	209	132
123	210	132
123	211	132
123	212	131
123	213	131
123	214	131
123	215	131
123	216	131
123	217	131
123	218	131
123	219	131
123	220	131
123	221	131
123	222	131
123	223	131
123	224	130
123	225	130
123	226	130
123	227	130
123	228	130
123	229	130
123	230	130
123	231	130
123	232	130
123	233	130
123	234	130
123	235	130
123	236	130
123	237	130
123	238	129
123	239	129
123	240	129
123	241	129
123	242	129
123	243	129
123	244	129
123	245	129
123	246	129
123	247	129
123	248	129
123	249	129
123	250	129
123	251	129
123	252	129
123	253	129
123	254	129
123	255	129
124	0	128
124	1	127
124	2	127
124	3	127
124	4	127
124	5	127
124	6	127
124	7	127
124	8	127
124	9	127
124	10	127
124	11	127
124	12	127
124	13	127
124	14	127
124	15	127
124	16	127
124	17	127
124	18	127
124	19	127
124	20	127
124	21	127
124	22	126
124	23	126
124	24	126
124	25	126
124	26	126
124	27	126
124	28	126
124	29	126
124	30	126
124	31	126
124	32	126
124	33	126
124	34	126
124	35	126
124	36	126
124	37	125
124	38	125
124	39	125
124	40	125
124	41	125
124	42	125
124	43	125
124	44	125
124	45	125
124	46	125
124	47	125
124	48	125
124	49	125
124	50	125
124	51	125
124	52	124
124	53	124
124	54	124
124	55	124
124	56	124
124	57	124
124	58	124
124	59	124
124	60	124
124	61	124
124	62	124
124	63	124
124	64	124
124	65	124
124	66	124
124	67	123
124	68	123
124	69	123
124	70	123
124	71	123
124	72	122
124	73	122
124	74	122
124	75	122
124	76	122
124	77	122
124	78	122
124	79	121
124	80	121
124	81	121
124	82	121
124	83	121
124	84	121
124	85	121
124	86	121
124	87	121
124	88	121
124	89	120
124	90	120
124	91	120
124	92	120
124	93	120
124	94	120
124	95	120
124	96	120
124	97	119
124	98	118
124	99	117
124	100	117
124	101	116
124	102	116
124	103	115
124	104	115
124	105	114
124	106	114
124	107	113
124	108	113
124	109	113
124	110	113
124	111	112
124	112	112
124	113	108
124	114	106
124	115	103
124	116	101
124	117	100
124	118	98
124	119	97
124	120	96
124	121	83
124	122	75
124	123	69
124	124	64
124	125	43
124	126	32
124	127	16
124	128	128
124	129	240
124	130	224
124	131	213
124	132	192
124	133	187
124	134	181
124	135	173
124	136	160
124	137	159
124	138	158
124	139	156
124	140	155
124	141	153
124	142	150
124	143	148
124	144	144
124	145	144
124	146	143
124	147	143
124	148	143
124	149	143
124	150	142
124	151	142
124	152	141
124	153	141
124	154	140
124	155	140
124	156	139
124	157	139
124	158	138
124	159	137
124	160	136
124	161	136
124	162	136
124	163	136
124	164	136
124	165	136
124	166	136
124	167	136
124	168	135
124	169	135
124	170	135
124	171	135
124	172	135
124	173	135
124	174	135
124	175	135
124	176	135
124	177	135
124	178	134
124	179	134
124	180	134
124	181	134
124	182	134
124	183	134
124	184	134
124	185	133
124	186	133
124	187	133
124	188	133
124	189	133
124	190	132
124	191	132
124	192	132
124	193	132
124	194	132
124	195	132
124	196	132
124	197	132
124	198	132
124	199	132
124	200	132
124	201	132
124	202	132
124	203	132
124	204	132
124	205	131
124	206	131
124	207	131
124	208	131
124	209	131
124	210	131
124	211	131
124	212	131
124	213	131
124	214	131
124	215	131
124	216	131
124	217	131
124	218	131
124	219	131
124	220	130
124	221	130
124	222	130
124	223	130
124	224	130
124	225	130
124	226	130
124	227	130
124	228	130
124	229	130
124	230	130
124	231	130
124	232	130
124	233	130
124	234	130
124	235	129
124	236	129
124	237	129
124	238	129
124	239	129
124	240	129
124	241	129
124	242	129
124	243	129
124	244	129
124	245	129
124	246	129
124	247	129
124	248	129
124	249	129
124	250	129
124	251	129
124	252	129
124	253	129
124	254	129
124	255	129
125	0	128
125	1	127
125	2	127
125	3	127
125	4	127
125	5	127
125	6	127
125	7	127
125	8	127
125	9	127
125	10	127
125	11	127
125	12	127
125	13	127
125	14	127
125	15	127
125	16	127
125	17	127
125	18	127
125	19	127
125	20	127
125	21	127
125	22	127
125	23	127
125	24	127
125	25	127
125	26	127
125	27	127
125	28	127
125	29	127
125	30	127
125	31	127
125	32	126
125	33	126
125	34	126
125	35	126
125	36	126
125	37	126
125	38	126
125	39	126
125	40	126
125	41	126
125	42	126
125	43	126
125	44	126
125	45	126
125	46	126
125	47	126
125	48	126
125	49	126
125	50	126
125	51	126
125	52	126
125	53	126
125	54	126
125	55	125
125	56	125
125	57	125
125	58	125
125	59	125
125	60	125
125	61	125
125	62	125
125	63	125
125	64	125
125	65	125
125	66	125
125	67	125
125	68	125
125	69	125
125	70	125
125	71	124
125	72	124
125	73	124
125	74	124
125	75	124
125	76	124
125	77	124
125	78	124
125	79	124
125	80	124
125	81	124
125	82	124
125	83	124
125	84	123
125	85	123
125	86	123
125	87	123
125	88	123
125	89	123
125	90	123
125	91	123
125	92	122
125	93	122
125	94	122
125	95	122
125	96	122
125	97	122
125	98	121
125	99	121
125	100	121
125	101	121
125	102	120
125	103	120
125	104	120
125	105	119
125	106	119
125	107	118
125	108	118
125	109	117
125	110	117
125	111	116
125	112	116
125	113	115
125	114	114
125	115	113
125	116	112
125	117	110
125	118	107
125	119	106
125	120	104
125	121	99
125	122	96
125	123	87
125	124	80
125	125	64
125	126	48
125	127	24
125	128	128
125	129	232
125	130	208
125	131	192
125	132	176
125	133	169
125	134	160
125	135	157
125	136	152
125	137	150
125	138	149
125	139	146
125	140	144
125	141	143
125	142	142
125	143	141
125	144	140
125	145	140
125	146	139
125	147	139
125	148	138
125	149	138
125	150	137
125	151	137
125	152	136
125	153	136
125	154	136
125	155	135
125	156	135
125	157	135
125	158	135
125	159	134
125	160	134
125	161	134
125	162	134
125	163	134
125	164	134
125	165	133
125	166	133
125	167	133
125	168	133
125	169	133
125	170	133
125	171	133
125	172	133
125	173	132
125	174	132
125	175	132
125	176	132
125	177	132
125	178	132
125	179	132
125	180	132
125	181	132
125	182	132
125	183	132
125	184	132
125	185	132
125	186	131
125	187	131
125	188	131
125	189	131
125	190	131
125	191	131
125	192	131
125	193	131
125	194	131
125	195	131
125	196	131
125	197	131
125	198	131
125	199	131
125	200	131
125	201	131
125	202	130
125	203	130
125	204	130
125	205	130
125	206	130
125	207	130
125	208	130
125	209	130
125	210	130
125	211	130
125	212	130
125	213	130
125	214	130
125	215	130
125	216	130
125	217	130
125	218	130
125	219	130
125	220	130
125	221	130
125	222	130
125	223	130
125	224	130
125	225	129
125	226	129
125	227	129
125	228	129
125	229	129
125	230	129
125	231	129
125	232	129
125	233	129
125	234	129
125	235	129
125	236	129
125	237	129
125	238	129
125	239	129
125	240	129
125	241	129
125	242	129
125	243	129
125	244	129
125	245	129
125	246	129
125	247	129
125	248	129
125	249	129
125	250	129
125	251	129
125	252	129
125	253	129
125	254	129
125	255	129
126	0	128
126	1	127
126	2	127
126	3	127
126	4	127
126	5	127
126	6	127
126	7	127
126	8	127
126	9	127
126	10	127
126	11	127
126	12	127
126	13	127
126	14	127
126	15	127
126	16	127
126	17	127
126	18	127
126	19	127
126	20	127
126	21	127
126	22	127
126	23	127
126	24	127
126	25	127
126	26	127
126	27	127
126	28	127
126	29	127
126	30	127
126	31	127
126	32	127
126	33	127
126	34	127
126	35	127
126	36	127
126	37	127
126	38	127
126	39	127
126	40	127
126	41	127
126	42	127
126	43	126
126	44	126
126	45	126
126	46	126
126	47	126
126	48	126
126	49	126
126	50	126
126	51	126
126	52	126
126	53	126
126	54	126
126	55	126
126	56	126
126	57	126
126	58	126
126	59	126
126	60	126
126	61	126
126	62	126
126	63	126
126	64	126
126	65	126
126	66	126
126	67	126
126	68	126
126	69	125
126	70	125
126	71	125
126	72	125
126	73	125
126	74	125
126	75	125
126	76	125
126	77	125
126	78	125
126	79	125
126	80	125
126	81	125
126	82	125
126	83	125
126	84	124
126	85	124
126	86	124
126	87	124
126	88	124
126	89	124
126	90	124
126	91	124
126	92	124
126	93	124
126	94	124
126	95	124
126	96	124
126	97	124
126	98	123
126	99	123
126	100	122
126	101	122
126	102	122
126	103	122
126	104	121
126	105	121
126	106	121
126	107	121
126	108	121
126	109	120
126	110	120
126	111	120
126	112	120
126	113	118
126	114	117
126	115	116
126	116	115
126	117	114
126	118	113
126	119	113
126	120	112
126	121	106
126	122	101
126	123	98
126	124	96
126	125	75
126	126	64
126	127	32
126	128	128
126	129	224
126	130	192
126	131	181
126	132	160
126	133	158
126	134	155
126	135	150
126	136	144
126	137	143
126	138	143
126	139	142
126	140	141
126	141	140
126	142	139
126	143	138
126	144	136
126	145	136
126	146	136
126	147	136
126	148	135
126	149	135
126	150	135
126	151	135
126	152	135
126	153	134
126	154	134
126	155	134
126	156	134
126	157	133
126	158	133
126	159	132
126	160	132
126	161	132
126	162	132
126	163	132
126	164	132
126	165	132
126	166	132
126	167	132
126	168	132
126	169	132
126	170	132
126	171	132
126	172	132
126	173	131
126	174	131
126	175	131
126	176	131
126	177	131
126	178	131
126	179	131
126	180	131
126	181	131
126	182	131
126	183	131
126	184	131
126	185	131
126	186	131
126	187	131
126	188	130
126	189	130
126	190	130
126	191	130
126	192	130
126	193	130
126	194	130
126	195	130
126	196	130
126	197	130
126	198	130
126	199	130
126	200	130
126	201	130
126	202	130
126	203	130
126	204	130
126	205	130
126	206	130
126	207	130
126	208	130
126	209	130
126	210	130
126	211	130
126	212	130
126	213	130
126	214	129
126	215	129
126	216	129
126	217	129
126	218	129
126	219	129
126	220	129
126	221	129
126	222	129
126	223	129
126	224	129
126	225	129
126	226	129
126	227	129
126	228	129
126	229	129
126	230	129
126	231	129
126	232	129
126	233	129
126	234	129
126	235	129
126	236	129
126	237	129
126	238	129
126	239	129
126	240	129
126	241	129
126	242	129
126	243	129
126	244	129
126	245	129
126	246	129
126	247	129
126	248	129
126	249	129
126	250	129
126	251	129
126	252	129
126	253	129
126	254	129
126	255	129
127	0	128
127	1	127
127	2	127
127	3	127
127	4	127
127	5	127
127	6	127
127	7	127
127	8	127
127	9	127
127	10	127
127	11	127
127	12	127
127	13	127
127	14	127
127	15	127
127	16	127
127	17	127
127	18	127
127	19	127
127	20	127
127	21	127
127	22	127
127	23	127
127	24	127
127	25	127
127	26	127
127	27	127
127	28	127
127	29	127
127	30	127
127	31	127
127	32	127
127	33	127
127	34	127
127	35	127
127	36	127
127	37	127
127	38	127
127	39	127
127	40	127
127	41	127
127	42	127
127	43	127
127	44	127
127	45	127
127	46	127
127	47	127
127	48	127
127	49	127
127	50	127
127	51	127
127	52	127
127	53	127
127	54	127
127	55	127
127	56	127
127	57	127
127	58	127
127	59	127
127	60	127
127	61	127
127	62	127
127	63	127
127	64	127
127	65	127
127	66	127
127	67	127
127	68	127
127	69	127
127	70	127
127	71	127
127	72	127
127	73	127
127	74	127
127	75	126
127	76	126
127	77	126
127	78	126
127	79	126
127	80	126
127	81	126
127	82	126
127	83	126
127	84	126
127	85	126
127	86	126
127	87	126
127	88	126
127	89	126
127	90	126
127	91	126
127	92	126
127	93	126
127	94	126
127	95	126
127	96	126
127	97	126
127	98	126
127	99	125
127	100	125
127	101	125
127	102	125
127	103	125
127	104	125
127	105	125
127	106	124
127	107	124
127	108	124
127	109	124
127	110	124
127	111	124
127	112	124
127	113	123
127	114	122
127	115	122
127	116	121
127	117	121
127	118	121
127	119	120
127	120	120
127	121	117
127	122	115
127	123	113
127	124	112
127	125	101
127	126	96
127	127	64
127	128	128
127	129	192
127	130	160
127	131	155
127	132	144
127	133	143
127	134	141
127	135	139
127	136	136
127	137	136
127	138	135
127	139	135
127	140	135
127	141	134
127	142	134
127	143	133
127	144	132
127	145	132
127	146	132
127	147	132
127	148	132
127	149	132
127	150	132
127	151	131
127	152	131
127	153	131
127	154	131
127	155	131
127	156	131
127	157	131
127	158	130
127	159	130
127	160	130
127	161	130
127	162	130
127	163	130
127	164	130
127	165	130
127	166	130
127	167	130
127	168	130
127	169	130
127	170	130
127	171	130
127	172	130
127	173	130
127	174	130
127	175	130
127	176	130
127	177	130
127	178	130
127	179	130
127	180	130
127	181	130
127	182	129
127	183	129
127	184	129
127	185	129
127	186	129
127	187	129
127	188	129
127	189	129
127	190	129
127	191	129
127	192	129
127	193	129
127	194	129
127	195	129
127	196	129
127	197	129
127	198	129
127	199	129
127	200	129
127	201	129
127	202	129
127	203	129
127	204	129
127	205	129
127	206	129
127	207	129
127	208	129
127	209	129
127	210	129
127	211	129
127	212	129
127	213	129
127	214	129
127	215	129
127	216	129
127	217	129
127	218	129
127	219	129
127	220	129
127	221	129
127	222	129
127	223	129
127	224	129
127	225	129
127	226	129
127	227	129
127	228	129
127	229	129
127	230	129
127	231	129
127	232	129
127	233	129
127	234	129
127	235	129
127	236	129
127	237	129
127	238	129
127	239	129
127	240	129
127	241	129
127	242	129
127	243	129
127	244	129
127	245	129
127	246	129
127	247	129
127	248	129
127	249	129
127	250	129
127	251	129
127	252	129
127	253	129
127	254	129
127	255	129
128	0	128
128	1	128
128	2	128
128	3	128
128	4	128
128	5	128
128	6	128
128	7	128
128	8	128
128	9	128
128	10	128
128	11	128
128	12	128
128	13	128
128	14	128
128	15	128
128	16	128
128	17	128
128	18	128
128	19	128
128	20	128
128	21	128
128	22	128
128	23	128
128	24	128
128	25	128
128	26	128
128	27	128
128	28	128
128	29	128
128	30	128
128	31	128
128	32	128
128	33	128
128	34	128
128	35	128
128	36	128
128	37	128
128	38	128
128	39	128
128	40	128
128	41	128
128	42	128
128	43	128
128	44	128
128	45	128
128	46	128
128	47	128
128	48	128
128	49	128
128	50	128
128	51	128
128	52	128
128	53	128
128	54	128
128	55	128
128	56	128
128	57	128
128	58	128
128	59	128
128	60	128
128	61	128
128	62	128
128	63	128
128	64	128
128	65	128
128	66	128
128	67	128
128	68	128
128	69	128
128	70	128
128	71	128
128	72	128
128	73	128
128	74	128
128	75	128
128	76	128
128	77	128
128	78	128
128	79	128
128	80	128
128	81	128
128	82	128
128	83	128
128	84	128
128	85	128
128	86	128
128	87	128
128	88	128
128	89	128
128	90	128
128	91	128
128	92	128
128	93	128
128	94	128
128	95	128
128	96	128
128	97	128
128	98	128
128	99	128
128	100	128
128	101	128
128	102	128
128	103	128
128	104	128
128	105	128
128	106	128
128	107	128
128	108	128
128	109	128
128	110	128
128	111	128
128	112	128
128	113	128
128	114	128
128	115	128
128	116	128
128	117	128
128	118	128
128	119	128
128	120	128
128	121	128
128	122	128
128	123	128
128	124	128
128	125	128
128	126	128
128	127	128
128	128	128
128	129	128
128	130	128
128	131	128
128	132	128
128	133	128
128	134	128
128	135	128
128	136	128
128	137	128
128	138	128
128	139	128
128	140	128
128	141	128
128	142	128
128	143	128
128	144	128
128	145	128
128	146	128
128	147	128
128	148	128
128	149	128
128	150	128
128	151	128
128	152	128
128	153	128
128	154	128
128	155	128
128	156	128
128	157	128
128	158	128
128	159	128
128	160	128
128	161	128
128	162	128
128	163	128
128	164	128
128	165	128
128	166	128
128	167	128
128	168	128
128	169	128
128	170	128
128	171	128
128	172	128
128	173	128
128	174	128
128	175	128
128	176	128
128	177	128
128	178	128
128	179	128
128	180	128
128	181	128
128	182	128
128	183	128
128	184	128
128	185	128
128	186	128
128	187	128
128	188	128
128	189	128
128	190	128
128	191	128
128	192	128
128	193	128
128	194	128
128	195	128
128	196	128
128	197	128
128	198	128
128	199	128
128	200	128
128	201	128
128	202	128
128	203	128
128	204	128
128	205	128
128	206	128
128	207	128
128	208	128
128	209	128
128	210	128
128	211	128
128	212	128
128	213	128
128	214	128
128	215	128
128	216	128
128	217	128
128	218	128
128	219	128
128	220	128
128	221	128
128	222	128
128	223	128
128	224	128
128	225	128
128	226	128
128	227	128
128	228	128
128	229	128
128	230	128
128	231	128
128	232	128
128	233	128
128	234	128
128	235	128
128	236	128
128	237	128
128	238	128
128	239	128
128	240	128
128	241	128
128	242	128
128	243	128
128	244	128
128	245	128
128	246	128
128	247	128
128	248	128
128	249	128
128	250	128
128	251	128
128	252	128
128	253	128
128	254	128
128	255	128
129	0	128
129	1	129
129	2	129
129	3	129
129	4	129
129	5	129
129	6	129
129	7	129
129	8	129
129	9	129
129	10	129
129	11	129
129	12	129
129	13	129
129	14	129
129	15	129
129	16	129
129	17	129
129	18	129
129	19	129
129	20	129
129	21	129
129	22	129
129	23	129
129	24	129
129	25	129
129	26	129
129	27	129
129	28	129
129	29	129
129	30	129
129	31	129
129	32	129
129	33	129
129	34	129
129	35	129
129	36	129
129	37	129
129	38	129
129	39	129
129	40	129
129	41	129
129	42	129
129	43	129
129	44	129
129	45	129
129	46	129
129	47	129
129	48	129
129	49	129
129	50	129
129	51	129
129	52	129
129	53	129
129	54	129
129	55	129
129	56	129
129	57	129
129	58	129
129	59	129
129	60	129
129	61	129
129	62	129
129	63	129
129	64	129
129	65	129
129	66	129
129	67	129
129	68	129
129	69	129
129	70	129
129	71	129
129	72	129
129	73	129
129	74	129
129	75	130
129	76	130
129	77	130
129	78	130
129	79	130
129	80	130
129	81	130
129	82	130
129	83	130
129	84	130
129	85	130
129	86	130
129	87	130
129	88	130
129	89	130
129	90	130
129	91	130
129	92	130
129	93	130
129	94	130
129	95	130
129	96	130
129	97	130
129	98	130
129	99	131
129	100	131
129	101	131
129	102	131
129	103	131
129	104	131
129	105	131
129	106	132
129	107	132
129	108	132
129	109	132
129	110	132
129	111	132
129	112	132
129	113	133
129	114	134
129	115	134
129	116	135
129	117	135
129	118	135
129	119	136
129	120	136
129	121	139
129	122	141
129	123	143
129	124	144
129	125	155
129	126	160
129	127	192
129	128	128
129	129	64
129	130	96
129	131	101
129	132	112
129	133	113
129	134	115
129	135	117
129	136	120
129	137	120
129	138	121
129	139	121
129	140	121
129	141	122
129	142	122
129	143	123
129	144	124
129	145	124
129	146	124
129	147	124
129	148	124
129	149	124
129	150	124
129	151	125
129	152	125
129	153	125
129	154	125
129	155	125
129	156	125
129	157	125
129	158	126
129	159	126
129	160	126
129	161	126
129	162	126
129	163	126
129	164	126
129	165	126
129	166	126
129	167	126
129	168	126
129	169	126
129	170	126
129	171	126
129	172	126
129	173	126
129	174	126
129	175	126
129	176	126
129	177	126
129	178	126
129	179	126
129	180	126
129	181	126
129	182	127
129	183	127
129	184	127
129	185	127
129	186	127
129	187	127
129	188	127
129	189	127
129	190	127
129	191	127
129	192	127
129	193	127
129	194	127
129	195	127
129	196	127
129	197	127
129	198	127
129	199	127
129	200	127
129	201	127
129	202	127
129	203	127
129	204	127
129	205	127
129	206	127
129	207	127
129	208	127
129	209	127
129	210	127
129	211	127
129	212	127
129	213	127
129	214	127
129	215	127
129	216	127
129	217	127
129	218	127
129	219	127
129	220	127
129	221	127
129	222	127
129	223	127
129	224	127
129	225	127
129	226	127
129	227	127
129	228	127
129	229	127
129	230	127
129	231	127
129	232	127
129	233	127
129	234	127
129	235	127
129	236	127
129	237	127
129	238	127
129	239	127
129	240	127
129	241	127
129	242	127
129	243	127
129	244	127
129	245	127
129	246	127
129	247	127
129	248	127
129	249	127
129	250	127
129	251	127
129	252	127
129	253	127
129	254	127
129	255	127
130	0	128
130	1	129
130	2	129
130	3	129
130	4	129
130	5	129
130	6	129
130	7	129
130	8	129
130	9	129
130	10	129
130	11	129
130	12	129
130	13	129
130	14	129
130	15	129
130	16	129
130	17	129
130	18	129
130	19	129
130	20	129
130	21	129
130	22	129
130	23	129
130	24	129
130	25	129
130	26	129
130	27	129
130	28	129
130	29	129
130	30	129
130	31	129
130	32	129
130	33	129
130	34	129
130	35	129
130	36	129
130	37	129
130	38	129
130	39	129
130	40	129
130	41	129
130	42	129
130	43	130
130	44	130
130	45	130
130	46	130
130	47	130
130	48	130
130	49	130
130	50	130
130	51	130
130	52	130
130	53	130
130	54	130
130	55	130
130	56	130
130	57	130
130	58	130
130	59	130
130	60	130
130	61	130
130	62	130
130	63	130
130	64	130
130	65	130
130	66	130
130	67	130
130	68	130
130	69	131
130	70	131
130	71	131
130	72	131
130	73	131
130	74	131
130	75	131
130	76	131
130	77	131
130	78	131
130	79	131
130	80	131
130	81	131
130	82	131
130	83	131
130	84	132
130	85	132
130	86	132
130	87	132
130	88	132
130	89	132
130	90	132
130	91	132
130	92	132
130	93	132
130	94	132
130	95	132
130	96	132
130	97	132
130	98	133
130	99	133
130	100	134
130	101	134
130	102	134
130	103	134
130	104	135
130	105	135
130	106	135
130	107	135
130	108	135
130	109	136
130	110	136
130	111	136
130	112	136
130	113	138
130	114	139
130	115	140
130	116	141
130	117	142
130	118	143
130	119	143
130	120	144
130	121	150
130	122	155
130	123	158
130	124	160
130	125	181
130	126	192
130	127	224
130	128	128
130	129	32
130	130	64
130	131	75
130	132	96
130	133	98
130	134	101
130	135	106
130	136	112
130	137	113
130	138	113
130	139	114
130	140	115
130	141	116
130	142	117
130	143	118
130	144	120
130	145	120
130	146	120
130	147	120
130	148	121
130	149	121
130	150	121
130	151	121
130	152	121
130	153	122
130	154	122
130	155	122
130	156	122
130	157	123
130	158	123
130	159	124
130	160	124
130	161	124
130	162	124
130	163	124
130	164	124
130	165	124
130	166	124
130	167	124
130	168	124
130	169	124
130	170	124
130	171	124
130	172	124
130	173	125
130	174	125
130	175	125
130	176	125
130	177	125
130	178	125
130	179	125
130	180	125
130	181	125
130	182	125
130	183	125
130	184	125
130	185	125
130	186	125
130	187	125
130	188	126
130	189	126
130	190	126
130	191	126
130	192	126
130	193	126
130	194	126
130	195	126
130	196	126
130	197	126
130	198	126
130	199	126
130	200	126
130	201	126
130	202	126
130	203	126
130	204	126
130	205	126
130	206	126
130	207	126
130	208	126
130	209	126
130	210	126
130	211	126
130	212	126
130	213	126
130	214	127
130	215	127
130	216	127
130	217	127
130	218	127
130	219	127
130	220	127
130	221	127
130	222	127
130	223	127
130	224	127
130	225	127
130	226	127
130	227	127
130	228	127
130	229	127
130	230	127
130	231	127
130	232	127
130	233	127
130	234	127
130	235	127
130	236	127
130	237	127
130	238	127
130	239	127
130	240	127
130	241	127
130	242	127
130	243	127
130	244	127
130	245	127
130	246	127
130	247	127
130	248	127
130	249	127
130	250	127
130	251	127
130	252	127
130	253	127
130	254	127
130	255	127
131	0	128
131	1	129
131	2	129
131	3	129
131	4	129
131	5	129
131	6	129
131	7	129
131	8	129
131	9	129
131	10	129
131	11	129
131	12	129
131	13	129
131	14	129
131	15	129
131	16	129
131	17	129
131	18	129
131	19	129
131	20	129
131	21	129
131	22	129
131	23	129
131	24	129
131	25	129
131	26	129
131	27	129
131	28	129
131	29	129
131	30	129
131	31	129
131	32	130
131	33	130
131	34	130
131	35	130
131	36	130
131	37	130
131	38	130
131	39	130
131	40	130
131	41	130
131	42	130
131	43	130
131	44	130
131	45	130
131	46	130
131	47	130
131	48	130
131	49	130
131	50	130
131	51	130
131	52	130
131	53	130
131	54	130
131	55	131
131	56	131
131	57	131
131	58	131
131	59	131
131	60	131
131	61	131
131	62	131
131	63	131
131	64	131
131	65	131
131	66	131
131	67	131
131	68	131
131	69	131
131	70	131
131	71	132
131	72	132
131	73	132
131	74	132
131	75	132
131	76	132
131	77	132
131	78	132
131	79	132
131	80	132
131	81	132
131	82	132
131	83	132
131	84	133
131	85	133
131	86	133
131	87	133
131	88	133
131	89	133
131	90	133
131	91	133
131	92	134
131	93	134
131	94	134
131	95	134
131	96	134
131	97	134
131	98	135
131	99	135
131	100	135
131	101	135
131	102	136
131	103	136
131	104	136
131	105	137
131	106	137
131	107	138
131	108	138
131	109	139
131	110	139
131	111	140
131	112	140
131	113	141
131	114	142
131	115	143
131	116	144
131	117	146
131	118	149
131	119	150
131	120	152
131	121	157
131	122	160
131	123	169
131	124	176
131	125	192
131	126	208
131	127	232
131	128	128
131	129	24
131	130	48
131	131	64
131	132	80
131	133	87
131	134	96
131	135	99
131	136	104
131	137	106
131	138	107
131	139	110
131	140	112
131	141	113
131	142	114
131	143	115
131	144	116
131	145	116
131	146	117
131	147	117
131	148	118
131	149	118
131	150	119
131	151	119
131	152	120
131	153	120
131	154	120
131	155	121
131	156	121
131	157	121
131	158	121
131	159	122
131	160	122
131	161	122
131	162	122
131	163	122
131	164	122
131	165	123
131	166	123
131	167	123
131	168	123
131	169	123
131	170	123
131	171	123
131	172	123
131	173	124
131	174	124
131	175	124
131	176	124
131	177	124
131	178	124
131	179	124
131	180	124
131	181	124
131	182	124
131	183	124
131	184	124
131	185	124
131	186	125
131	187	125
131	188	125
131	189	125
131	190	125
131	191	125
131	192	125
131	193	125
131	194	125
131	195	125
131	196	125
131	197	125
131	198	125
131	199	125
131	200	125
131	201	125
131	202	126
131	203	126
131	204	126
131	205	126
131	206	126
131	207	126
131	208	126
131	209	126
131	210	126
131	211	126
131	212	126
131	213	126
131	214	126
131	215	126
131	216	126
131	217	126
131	218	126
131	219	126
131	220	126
131	221	126
131	222	126
131	223	126
131	224	126
131	225	127
131	226	127
131	227	127
131	228	127
131	229	127
131	230	127
131	231	127
131	232	127
131	233	127
131	234	127
131	235	127
131	236	127
131	237	127
131	238	127
131	239	127
131	240	127
131	241	127
131	242	127
131	243	127
131	244	127
131	245	127
131	246	127
131	247	127
131	248	127
131	249	127
131	250	127
131	251	127
131	252	127
131	253	127
131	254	127
131	255	127
132	0	128
132	1	129
132	2	129
132	3	129
132	4	129
132	5	129
132	6	129
132	7	129
132	8	129
132	9	129
132	10	129
132	11	129
132	12	129
132	13	129
132	14	129
132	15	129
132	16	129
132	17	129
132	18	129
132	19	129
132	20	129
132	21	129
132	22	130
132	23	130
132	24	130
132	25	130
132	26	130
132	27	130
132	28	130
132	29	130
132	30	130
132	31	130
132	32	130
132	33	130
132	34	130
132	35	130
132	36	130
132	37	131
132	38	131
132	39	131
132	40	131
132	41	131
132	42	131
132	43	131
132	44	131
132	45	131
132	46	131
132	47	131
132	48	131
132	49	131
132	50	131
132	51	131
132	52	132
132	53	132
132	54	132
132	55	132
132	56	132
132	57	132
132	58	132
132	59	132
132	60	132
132	61	132
132	62	132
132	63	132
132	64	132
132	65	132
132	66	132
132	67	133
132	68	133
132	69	133
132	70	133
132	71	133
132	72	134
132	73	134
132	74	134
132	75	134
132	76	134
132	77	134
132	78	134
132	79	135
132	80	135
132	81	135
132	82	135
132	83	135
132	84	135
132	85	135
132	86	135
132	87	135
132	88	135
132	89	136
132	90	136
132	91	136
132	92	136
132	93	136
132	94	136
132	95	136
132	96	136
132	97	137
132	98	138
132	99	139
132	100	139
132	101	140
132	102	140
132	103	141
132	104	141
132	105	142
132	106	142
132	107	143
132	108	143
132	109	143
132	110	143
132	111	144
132	112	144
132	113	148
132	114	150
132	115	153
132	116	155
132	117	156
132	118	158
132	119	159
132	120	160
132	121	173
132	122	181
132	123	187
132	124	192
132	125	213
132	126	224
132	127	240
132	128	128
132	129	16
132	130	32
132	131	43
132	132	64
132	133	69
132	134	75
132	135	83
132	136	96
132	137	97
132	138	98
132	139	100
132	140	101
132	141	103
132	142	106
132	143	108
132	144	112
132	145	112
132	146	113
132	147	113
132	148	113
132	149	113
132	150	114
132	151	114
132	152	115
132	153	115
132	154	116
132	155	116
132	156	117
132	157	117
132	158	118
132	159	119
132	160	120
132	161	120
132	162	120
132	163	120
132	164	120
132	165	120
132	166	120
132	167	120
132	168	121
132	169	121
132	170	121
132	171	121
132	172	121
132	173	121
132	174	121
132	175	121
132	176	121
132	177	121
132	178	122
132	179	122
132	180	122
132	181	122
132	182	122
132	183	122
132	184	122
132	185	123
132	186	123
132	187	123
132	188	123
132	189	123
132	190	124
132	191	124
132	192	124
132	193	124
132	194	124
132	195	124
132	196	124
132	197	124
132	198	124
132	199	124
132	200	124
132	201	124
132	202	124
132	203	124
132	204	124
132	205	125
132	206	125
132	207	125
132	208	125
132	209	125
132	210	125
132	211	125
132	212	125
132	213	125
132	214	125
132	215	125
132	216	125
132	217	125
132	218	125
132	219	125
132	220	126
132	221	126
132	222	126
132	223	126
132	224	126
132	225	126
132	226	126
132	227	126
132	228	126
132	229	126
132	230	126
132	231	126
132	232	126
132	233	126
132	234	126
132	235	127
132	236	127
132	237	127
132	238	127
132	239	127
132	240	127
132	241	127
132	242	127
132	243	127
132	244	127
132	245	127
132	246	127
132	247	127
132	248	127
132	249	127
132	250	127
132	251	127
132	252	127
132	253	127
132	254	127
132	255	127
133	0	128
133	1	129
133	2	129
133	3	129
133	4	129
133	5	129
133	6	129
133	7	129
133	8	129
133	9	129
133	10	129
133	11	129
133	12	129
133	13	129
133	14	129
133	15	129
133	16	129
133	17	129
133	18	129
133	19	130
133	20	130
133	21	130
133	22	130
133	23	130
133	24	130
133	25	130
133	26	130
133	27	130
133	28	130
133	29	130
133	30	130
133	31	130
133	32	130
133	33	131
133	34	131
133	35	131
133	36	131
133	37	131
133	38	131
133	39	131
133	40	131
133	41	131
133	42	131
133	43	131
133	44	131
133	45	132
133	46	132
133	47	132
133	48	132
133	49	132
133	50	132
133	51	132
133	52	132
133	53	132
133	54	132
133	55	132
133	56	132
133	57	132
133	58	132
133	59	132
133	60	133
133	61	133
133	62	133
133	63	133
133	64	133
133	65	133
133	66	133
133	67	134
133	68	134
133	69	134
133	70	134
133	71	134
133	72	134
133	73	135
133	74	135
133	75	135
133	76	135
133	77	135
133	78	135
133	79	135
133	80	135
133	81	135
133	82	136
133	83	136
133	84	136
133	85	136
133	86	136
133	87	136
133	88	136
133	89	136
133	90	137
133	91	137
133	92	137
133	93	137
133	94	138
133	95	138
133	96	138
133	97	139
133	98	140
133	99	140
133	100	141
133	101	141
133	102	142
133	103	142
133	104	143
133	105	143
133	106	143
133	107	144
133	108	144
133	109	145
133	110	146
133	111	147
133	112	148
133	113	151
133	114	154
133	115	156
133	116	157
133	117	159
133	118	160
133	119	164
133	120	168
133	121	179
133	122	187
133	123	192
133	124	200
133	125	219
133	126	228
133	127	242
133	128	128
133	129	14
133	130	28
133	131	37
133	132	56
133	133	64
133	134	69
133	135	77
133	136	88
133	137	92
133	138	96
133	139	97
133	140	99
133	141	100
133	142	102
133	143	105
133	144	108
133	145	109
133	146	110
133	147	111
133	148	112
133	149	112
133	150	113
133	151	113
133	152	113
133	153	114
133	154	114
133	155	115
133	156	115
133	157	116
133	158	116
133	159	117
133	160	118
133	161	118
133	162	118
133	163	119
133	164	119
133	165	119
133	166	119
133	167	120
133	168	120
133	169	120
133	170	120
133	171	120
133	172	120
133	173	120
133	174	120
133	175	121
133	176	121
133	177	121
133	178	121
133	179	121
133	180	121
133	181	121
133	182	121
133	183	121
133	184	122
133	185	122
133	186	122
133	187	122
133	188	122
133	189	122
133	190	123
133	191	123
133	192	123
133	193	123
133	194	123
133	195	123
133	196	123
133	197	124
133	198	124
133	199	124
133	200	124
133	201	124
133	202	124
133	203	124
133	204	124
133	205	124
133	206	124
133	207	124
133	208	124
133	209	124
133	210	124
133	211	124
133	212	125
133	213	125
133	214	125
133	215	125
133	216	125
133	217	125
133	218	125
133	219	125
133	220	125
133	221	125
133	222	125
133	223	125
133	224	126
133	225	126
133	226	126
133	227	126
133	228	126
133	229	126
133	230	126
133	231	126
133	232	126
133	233	126
133	234	126
133	235	126
133	236	126
133	237	126
133	238	127
133	239	127
133	240	127
133	241	127
133	242	127
133	243	127
133	244	127
133	245	127
133	246	127
133	247	127
133	248	127
133	249	127
133	250	127
133	251	127
133	252	127
133	253	127
133	254	127
133	255	127
134	0	128
134	1	129
134	2	129
134	3	129
134	4	129
134	5	129
134	6	129
134	7	129
134	8	129
134	9	129
134	10	129
134	11	129
134	12	129
134	13	129
134	14	129
134	15	129
134	16	130
134	17	130
134	18	130
134	19	130
134	20	130
134	21	130
134	22	130
134	23	130
134	24	130
134	25	130
134	26	130
134	27	130
134	28	131
134	29	131
134	30	131
134	31	131
134	32	131
134	33	131
134	34	131
134	35	131
134	36	131
134	37	131
134	38	131
134	39	132
134	40	132
134	41	132
134	42	132
134	43	132
134	44	132
134	45	132
134	46	132
134	47	132
134	48	132
134	49	132
134	50	132
134	51	132
134	52	133
134	53	133
134	54	133
134	55	133
134	56	133
134	57	133
134	58	133
134	59	133
134	60	134
134	61	134
134	62	134
134	63	134
134	64	134
134	65	134
134	66	134
134	67	135
134	68	135
134	69	135
134	70	135
134	71	135
134	72	135
134	73	135
134	74	135
134	75	136
134	76	136
134	77	136
134	78	136
134	79	136
134	80	136
134	81	136
134	82	137
134	83	137
134	84	137
134	85	138
134	86	138
134	87	138
134	88	138
134	89	139
134	90	139
134	91	139
134	92	139
134	93	139
134	94	140
134	95	140
134	96	140
134	97	141
134	98	141
134	99	142
134	100	142
134	101	143
134	102	143
134	103	144
134	104	144
134	105	145
134	106	146
134	107	148
134	108	149
134	109	150
134	110	150
134	111	151
134	112	152
134	113	155
134	114	157
134	115	159
134	116	160
134	117	165
134	118	169
134	119	173
134	120	176
134	121	186
134	122	192
134	123	201
134	124	208
134	125	224
134	126	232
134	127	244
134	128	128
134	129	12
134	130	24
134	131	32
134	132	48
134	133	55
134	134	64
134	135	70
134	136	80
134	137	83
134	138	87
134	139	91
134	140	96
134	141	97
134	142	99
134	143	101
134	144	104
134	145	105
134	146	106
134	147	106
134	148	107
134	149	108
134	150	110
134	151	111
134	152	112
134	153	112
134	154	113
134	155	113
134	156	114
134	157	114
134	158	115
134	159	115
134	160	116
134	161	116
134	162	116
134	163	117
134	164	117
134	165	117
134	166	117
134	167	117
134	168	118
134	169	118
134	170	118
134	171	118
134	172	119
134	173	119
134	174	119
134	175	120
134	176	120
134	177	120
134	178	120
134	179	120
134	180	120
134	181	120
134	182	121
134	183	121
134	184	121
134	185	121
134	186	121
134	187	121
134	188	121
134	189	121
134	190	122
134	191	122
134	192	122
134	193	122
134	194	122
134	195	122
134	196	122
134	197	123
134	198	123
134	199	123
134	200	123
134	201	123
134	202	123
134	203	123
134	204	123
134	205	124
134	206	124
134	207	124
134	208	124
134	209	124
134	210	124
134	211	124
134	212	124
134	213	124
134	214	124
134	215	124
134	216	124
134	217	124
134	218	125
134	219	125
134	220	125
134	221	125
134	222	125
134	223	125
134	224	125
134	225	125
134	226	125
134	227	125
134	228	125
134	229	126
134	230	126
134	231	126
134	232	126
134	233	126
134	234	126
134	235	126
134	236	126
134	237	126
134	238	126
134	239	126
134	240	126
134	241	127
134	242	127
134	243	127
134	244	127
134	245	127
134	246	127
134	247	127
134	248	127
134	249	127
134	250	127
134	251	127
134	252	127
134	253	127
134	254	127
134	255	127
135	0	128
135	1	129
135	2	129
135	3	129
135	4	129
135	5	129
135	6	129
135	7	129
135	8	129
135	9	129
135	10	129
135	11	129
135	12	129
135	13	129
135	14	130
135	15	130
135	16	130
135	17	130
135	18	130
135	19	130
135	20	130
135	21	130
135	22	130
135	23	131
135	24	131
135	25	131
135	26	131
135	27	131
135	28	131
135	29	131
135	30	131
135	31	131
135	32	132
135	33	132
135	34	132
135	35	132
135	36	132
135	37	132
135	38	132
135	39	132
135	40	132
135	41	132
135	42	132
135	43	133
135	44	133
135	45	133
135	46	133
135	47	133
135	48	133
135	49	133
135	50	134
135	51	134
135	52	134
135	53	134
135	54	134
135	55	134
135	56	134
135	57	134
135	58	134
135	59	135
135	60	135
135	61	135
135	62	135
135	63	135
135	64	135
135	65	135
135	66	135
135	67	135
135	68	136
135	69	136
135	70	136
135	71	136
135	72	136
135	73	136
135	74	137
135	75	137
135	76	137
135	77	138
135	78	138
135	79	138
135	80	139
135	81	139
135	82	139
135	83	139
135	84	140
135	85	140
135	86	140
135	87	140
135	88	141
135	89	141
135	90	141
135	91	141
135	92	141
135	93	142
135	94	142
135	95	142
135	96	142
135	97	143
135	98	143
135	99	144
135	100	144
135	101	146
135	102	147
135	103	148
135	104	149
135	105	150
135	106	151
135	107	152
135	108	153
135	109	154
135	110	155
135	111	155
135	112	156
135	113	158
135	114	160
135	115	166
135	116	171
135	117	175
135	118	178
135	119	181
135	120	184
135	121	192
135	122	203
135	123	210
135	124	216
135	125	229
135	126	236
135	127	246
135	128	128
135	129	10
135	130	20
135	131	27
135	132	40
135	133	46
135	134	53
135	135	64
135	136	72
135	137	75
135	138	78
135	139	81
135	140	85
135	141	90
135	142	96
135	143	98
135	144	100
135	145	101
135	146	101
135	147	102
135	148	103
135	149	104
135	150	105
135	151	106
135	152	107
135	153	108
135	154	109
135	155	110
135	156	112
135	157	112
135	158	113
135	159	113
135	160	114
135	161	114
135	162	114
135	163	114
135	164	115
135	165	115
135	166	115
135	167	115
135	168	115
135	169	116
135	170	116
135	171	116
135	172	116
135	173	117
135	174	117
135	175	117
135	176	117
135	177	118
135	178	118
135	179	118
135	180	119
135	181	119
135	182	119
135	183	120
135	184	120
135	185	120
135	186	120
135	187	120
135	188	120
135	189	121
135	190	121
135	191	121
135	192	121
135	193	121
135	194	121
135	195	121
135	196	121
135	197	121
135	198	122
135	199	122
135	200	122
135	201	122
135	202	122
135	203	122
135	204	122
135	205	122
135	206	122
135	207	123
135	208	123
135	209	123
135	210	123
135	211	123
135	212	123
135	213	123
135	214	124
135	215	124
135	216	124
135	217	124
135	218	124
135	219	124
135	220	124
135	221	124
135	222	124
135	223	124
135	224	124
135	225	125
135	226	125
135	227	125
135	228	125
135	229	125
135	230	125
135	231	125
135	232	125
135	233	125
135	234	126
135	235	126
135	236	126
135	237	126
135	238	126
135	239	126
135	240	126
135	241	126
135	242	126
135	243	127
135	244	127
135	245	127
135	246	127
135	247	127
135	248	127
135	249	127
135	250	127
135	251	127
135	252	127
135	253	127
135	254	127
135	255	127
136	0	128
136	1	129
136	2	129
136	3	129
136	4	129
136	5	129
136	6	129
136	7	129
136	8	129
136	9	129
136	10	129
136	11	130
136	12	130
136	13	130
136	14	130
136	15	130
136	16	130
136	17	130
136	18	130
136	19	131
136	20	131
136	21	131
136	22	131
136	23	131
136	24	131
136	25	131
136	26	132
136	27	132
136	28	132
136	29	132
136	30	132
136	31	132
136	32	132
136	33	132
136	34	132
136	35	133
136	36	133
136	37	133
136	38	133
136	39	133
136	40	134
136	41	134
136	42	134
136	43	134
136	44	134
136	45	134
136	46	134
136	47	135
136	48	135
136	49	135
136	50	135
136	51	135
136	52	135
136	53	135
136	54	135
136	55	135
136	56	135
136	57	136
136	58	136
136	59	136
136	60	136
136	61	136
136	62	136
136	63	136
136	64	136
136	65	136
136	66	137
136	67	137
136	68	138
136	69	138
136	70	139
136	71	139
136	72	139
136	73	140
136	74	140
136	75	140
136	76	140
136	77	141
136	78	141
136	79	141
136	80	141
136	81	142
136	82	142
136	83	142
136	84	142
136	85	142
136	86	143
136	87	143
136	88	143
136	89	143
136	90	143
136	91	143
136	92	143
136	93	144
136	94	144
136	95	144
136	96	144
136	97	146
136	98	148
136	99	149
136	100	150
136	101	152
136	102	153
136	103	154
136	104	155
136	105	156
136	106	156
136	107	157
136	108	158
136	109	158
136	110	159
136	111	159
136	112	160
136	113	167
136	114	173
136	115	177
136	116	181
136	117	185
136	118	187
136	119	190
136	120	192
136	121	205
136	122	213
136	123	219
136	124	224
136	125	235
136	126	240
136	127	248
136	128	128
136	129	8
136	130	16
136	131	21
136	132	32
136	133	37
136	134	43
136	135	51
136	136	64
136	137	66
136	138	69
136	139	71
136	140	75
136	141	79
136	142	83
136	143	89
136	144	96
136	145	97
136	146	97
136	147	98
136	148	98
136	149	99
136	150	100
136	151	100
136	152	101
136	153	102
136	154	103
136	155	104
136	156	106
136	157	107
136	158	108
136	159	110
136	160	112
136	161	112
136	162	112
136	163	112
136	164	113
136	165	113
136	166	113
136	167	113
136	168	113
136	169	113
136	170	113
136	171	114
136	172	114
136	173	114
136	174	114
136	175	114
136	176	115
136	177	115
136	178	115
136	179	115
136	180	116
136	181	116
136	182	116
136	183	116
136	184	117
136	185	117
136	186	117
136	187	118
136	188	118
136	189	119
136	190	119
136	191	120
136	192	120
136	193	120
136	194	120
136	195	120
136	196	120
136	197	120
136	198	120
136	199	120
136	200	121
136	201	121
136	202	121
136	203	121
136	204	121
136	205	121
136	206	121
136	207	121
136	208	121
136	209	121
136	210	122
136	211	122
136	212	122
136	213	122
136	214	122
136	215	122
136	216	122
136	217	123
136	218	123
136	219	123
136	220	123
136	221	123
136	222	124
136	223	124
136	224	124
136	225	124
136	226	124
136	227	124
136	228	124
136	229	124
136	230	124
136	231	125
136	232	125
136	233	125
136	234	125
136	235	125
136	236	125
136	237	125
136	238	126
136	239	126
136	240	126
136	241	126
136	242	126
136	243	126
136	244	126
136	245	126
136	246	127
136	247	127
136	248	127
136	249	127
136	250	127
136	251	127
136	252	127
136	253	127
136	254	127
136	255	127
137	0	128
137	1	129
137	2	129
137	3	129
137	4	129
137	5	129
137	6	129
137	7	129
137	8	129
137	9	129
137	10	130
137	11	130
137	12	130
137	13	130
137	14	130
137	15	130
137	16	130
137	17	130
137	18	131
137	19	131
137	20	131
137	21	131
137	22	131
137	23	131
137	24	132
137	25	132
137	26	132
137	27	132
137	28	132
137	29	132
137	30	132
137	31	132
137	32	132
137	33	133
137	34	133
137	35	133
137	36	133
137	37	134
137	38	134
137	39	134
137	40	134
137	41	134
137	42	134
137	43	134
137	44	135
137	45	135
137	46	135
137	47	135
137	48	135
137	49	135
137	50	135
137	51	135
137	52	135
137	53	135
137	54	136
137	55	136
137	56	136
137	57	136
137	58	136
137	59	136
137	60	136
137	61	136
137	62	137
137	63	137
137	64	137
137	65	137
137	66	138
137	67	138
137	68	139
137	69	139
137	70	139
137	71	140
137	72	140
137	73	140
137	74	141
137	75	141
137	76	141
137	77	141
137	78	142
137	79	142
137	80	142
137	81	142
137	82	142
137	83	143
137	84	143
137	85	143
137	86	143
137	87	143
137	88	143
137	89	144
137	90	144
137	91	144
137	92	144
137	93	145
137	94	145
137	95	146
137	96	146
137	97	148
137	98	149
137	99	151
137	100	152
137	101	153
137	102	154
137	103	155
137	104	156
137	105	157
137	106	158
137	107	158
137	108	159
137	109	159
137	110	160
137	111	162
137	112	164
137	113	171
137	114	176
137	115	180
137	116	184
137	117	187
137	118	190
137	119	192
137	120	196
137	121	208
137	122	216
137	123	222
137	124	226
137	125	236
137	126	241
137	127	248
137	128	128
137	129	8
137	130	15
137	131	20
137	132	30
137	133	34
137	134	40
137	135	48
137	136	60
137	137	64
137	138	66
137	139	69
137	140	72
137	141	76
137	142	80
137	143	85
137	144	92
137	145	94
137	146	96
137	147	97
137	148	97
137	149	98
137	150	98
137	151	99
137	152	100
137	153	101
137	154	102
137	155	103
137	156	104
137	157	105
137	158	107
137	159	108
137	160	110
137	161	110
137	162	111
137	163	111
137	164	112
137	165	112
137	166	112
137	167	112
137	168	113
137	169	113
137	170	113
137	171	113
137	172	113
137	173	113
137	174	114
137	175	114
137	176	114
137	177	114
137	178	114
137	179	115
137	180	115
137	181	115
137	182	115
137	183	116
137	184	116
137	185	116
137	186	117
137	187	117
137	188	117
137	189	118
137	190	118
137	191	119
137	192	119
137	193	119
137	194	119
137	195	120
137	196	120
137	197	120
137	198	120
137	199	120
137	200	120
137	201	120
137	202	120
137	203	121
137	204	121
137	205	121
137	206	121
137	207	121
137	208	121
137	209	121
137	210	121
137	211	121
137	212	121
137	213	122
137	214	122
137	215	122
137	216	122
137	217	122
137	218	122
137	219	122
137	220	123
137	221	123
137	222	123
137	223	123
137	224	124
137	225	124
137	226	124
137	227	124
137	228	124
137	229	124
137	230	124
137	231	124
137	232	124
137	233	125
137	234	125
137	235	125
137	236	125
137	237	125
137	238	125
137	239	126
137	240	126
137	241	126
137	242	126
137	243	126
137	244	126
137	245	126
137	246	126
137	247	127
137	248	127
137	249	127
137	250	127
137	251	127
137	252	127
137	253	127
137	254	127
137	255	127
138	0	128
138	1	129
138	2	129
138	3	129
138	4	129
138	5	129
138	6	129
138	7	129
138	8	129
138	9	129
138	10	130
138	11	130
138	12	130
138	13	130
138	14	130
138	15	130
138	16	130
138	17	131
138	18	131
138	19	131
138	20	131
138	21	131
138	22	131
138	23	132
138	24	132
138	25	132
138	26	132
138	27	132
138	28	132
138	29	132
138	30	133
138	31	133
138	32	133
138	33	133
138	34	133
138	35	134
138	36	134
138	37	134
138	38	134
138	39	134
138	40	134
138	41	135
138	42	135
138	43	135
138	44	135
138	45	135
138	46	135
138	47	135
138	48	135
138	49	135
138	50	136
138	51	136
138	52	136
138	53	136
138	54	136
138	55	136
138	56	136
138	57	136
138	58	137
138	59	137
138	60	137
138	61	137
138	62	138
138	63	138
138	64	138
138	65	138
138	66	139
138	67	139
138	68	140
138	69	140
138	70	140
138	71	141
138	72	141
138	73	141
138	74	141
138	75	142
138	76	142
138	77	142
138	78	142
138	79	142
138	80	143
138	81	143
138	82	143
138	83	143
138	84	143
138	85	144
138	86	144
138	87	144
138	88	144
138	89	145
138	90	145
138	91	146
138	92	146
138	93	147
138	94	147
138	95	148
138	96	148
138	97	150
138	98	151
138	99	152
138	100	154
138	101	155
138	102	156
138	103	157
138	104	157
138	105	158
138	106	159
138	107	159
138	108	160
138	109	162
138	110	164
138	111	166
138	112	168
138	113	174
138	114	179
138	115	183
138	116	187
138	117	190
138	118	192
138	119	196
138	120	200
138	121	211
138	122	219
138	123	224
138	124	228
138	125	237
138	126	242
138	127	249
138	128	128
138	129	7
138	130	14
138	131	19
138	132	28
138	133	32
138	134	37
138	135	45
138	136	56
138	137	60
138	138	64
138	139	66
138	140	69
138	141	73
138	142	77
138	143	82
138	144	88
138	145	90
138	146	92
138	147	94
138	148	96
138	149	97
138	150	97
138	151	98
138	152	99
138	153	99
138	154	100
138	155	101
138	156	102
138	157	104
138	158	105
138	159	106
138	160	108
138	161	108
138	162	109
138	163	109
138	164	110
138	165	110
138	166	111
138	167	111
138	168	112
138	169	112
138	170	112
138	171	112
138	172	113
138	173	113
138	174	113
138	175	113
138	176	113
138	177	114
138	178	114
138	179	114
138	180	114
138	181	114
138	182	115
138	183	115
138	184	115
138	185	115
138	186	116
138	187	116
138	188	116
138	189	117
138	190	117
138	191	118
138	192	118
138	193	118
138	194	118
138	195	119
138	196	119
138	197	119
138	198	119
138	199	120
138	200	120
138	201	120
138	202	120
138	203	120
138	204	120
138	205	120
138	206	120
138	207	121
138	208	121
138	209	121
138	210	121
138	211	121
138	212	121
138	213	121
138	214	121
138	215	121
138	216	122
138	217	122
138	218	122
138	219	122
138	220	122
138	221	122
138	222	123
138	223	123
138	224	123
138	225	123
138	226	123
138	227	124
138	228	124
138	229	124
138	230	124
138	231	124
138	232	124
138	233	124
138	234	125
138	235	125
138	236	125
138	237	125
138	238	125
138	239	125
138	240	126
138	241	126
138	242	126
138	243	126
138	244	126
138	245	126
138	246	126
138	247	127
138	248	127
138	249	127
138	250	127
138	251	127
138	252	127
138	253	127
138	254	127
138	255	127
139	0	128
139	1	129
139	2	129
139	3	129
139	4	129
139	5	129
139	6	129
139	7	129
139	8	129
139	9	130
139	10	130
139	11	130
139	12	130
139	13	130
139	14	130
139	15	131
139	16	131
139	17	131
139	18	131
139	19	131
139	20	131
139	21	132
139	22	132
139	23	132
139	24	132
139	25	132
139	26	132
139	27	132
139	28	133
139	29	133
139	30	133
139	31	133
139	32	134
139	33	134
139	34	134
139	35	134
139	36	134
139	37	134
139	38	135
139	39	135
139	40	135
139	41	135
139	42	135
139	43	135
139	44	135
139	45	135
139	46	135
139	47	136
139	48	136
139	49	136
139	50	136
139	51	136
139	52	136
139	53	136
139	54	137
139	55	137
139	56	137
139	57	137
139	58	138
139	59	138
139	60	138
139	61	138
139	62	139
139	63	139
139	64	139
139	65	139
139	66	140
139	67	140
139	68	140
139	69	141
139	70	141
139	71	141
139	72	142
139	73	142
139	74	142
139	75	142
139	76	143
139	77	143
139	78	143
139	79	143
139	80	143
139	81	144
139	82	144
139	83	144
139	84	144
139	85	145
139	86	145
139	87	146
139	88	146
139	89	147
139	90	147
139	91	148
139	92	148
139	93	149
139	94	149
139	95	150
139	96	150
139	97	152
139	98	153
139	99	154
139	100	155
139	101	156
139	102	157
139	103	158
139	104	159
139	105	159
139	106	160
139	107	162
139	108	165
139	109	167
139	110	169
139	111	170
139	112	172
139	113	178
139	114	182
139	115	186
139	116	189
139	117	192
139	118	197
139	119	201
139	120	204
139	121	214
139	122	221
139	123	226
139	124	230
139	125	239
139	126	243
139	127	250
139	128	128
139	129	6
139	130	13
139	131	17
139	132	26
139	133	30
139	134	35
139	135	42
139	136	52
139	137	55
139	138	59
139	139	64
139	140	67
139	141	70
139	142	74
139	143	78
139	144	84
139	145	86
139	146	87
139	147	89
139	148	91
139	149	94
139	150	96
139	151	97
139	152	97
139	153	98
139	154	99
139	155	100
139	156	101
139	157	102
139	158	103
139	159	104
139	160	106
139	161	106
139	162	107
139	163	107
139	164	108
139	165	108
139	166	109
139	167	109
139	168	110
139	169	110
139	170	111
139	171	111
139	172	112
139	173	112
139	174	112
139	175	112
139	176	113
139	177	113
139	178	113
139	179	113
139	180	113
139	181	114
139	182	114
139	183	114
139	184	114
139	185	115
139	186	115
139	187	115
139	188	116
139	189	116
139	190	116
139	191	117
139	192	117
139	193	117
139	194	117
139	195	118
139	196	118
139	197	118
139	198	118
139	199	119
139	200	119
139	201	119
139	202	119
139	203	120
139	204	120
139	205	120
139	206	120
139	207	120
139	208	120
139	209	120
139	210	121
139	211	121
139	212	121
139	213	121
139	214	121
139	215	121
139	216	121
139	217	121
139	218	121
139	219	122
139	220	122
139	221	122
139	222	122
139	223	122
139	224	122
139	225	123
139	226	123
139	227	123
139	228	123
139	229	124
139	230	124
139	231	124
139	232	124
139	233	124
139	234	124
139	235	124
139	236	125
139	237	125
139	238	125
139	239	125
139	240	125
139	241	125
139	242	126
139	243	126
139	244	126
139	245	126
139	246	126
139	247	126
139	248	127
139	249	127
139	250	127
139	251	127
139	252	127
139	253	127
139	254	127
139	255	127
140	0	128
140	1	129
140	2	129
140	3	129
140	4	129
140	5	129
140	6	129
140	7	129
140	8	130
140	9	130
140	10	130
140	11	130
140	12	130
140	13	130
140	14	131
140	15	131
140	16	131
140	17	131
140	18	131
140	19	131
140	20	132
140	21	132
140	22	132
140	23	132
140	24	132
140	25	132
140	26	133
140	27	133
140	28	133
140	29	133
140	30	134
140	31	134
140	32	134
140	33	134
140	34	134
140	35	135
140	36	135
140	37	135
140	38	135
140	39	135
140	40	135
140	41	135
140	42	135
140	43	136
140	44	136
140	45	136
140	46	136
140	47	136
140	48	136
140	49	136
140	50	137
140	51	137
140	52	137
140	53	138
140	54	138
140	55	138
140	56	138
140	57	139
140	58	139
140	59	139
140	60	139
140	61	139
140	62	140
140	63	140
140	64	140
140	65	140
140	66	141
140	67	141
140	68	141
140	69	142
140	70	142
140	71	142
140	72	142
140	73	143
140	74	143
140	75	143
140	76	143
140	77	143
140	78	144
140	79	144
140	80	144
140	81	145
140	82	145
140	83	146
140	84	146
140	85	147
140	86	148
140	87	148
140	88	149
140	89	149
140	90	150
140	91	150
140	92	150
140	93	151
140	94	151
140	95	152
140	96	152
140	97	153
140	98	155
140	99	156
140	100	157
140	101	158
140	102	159
140	103	159
140	104	160
140	105	163
140	106	165
140	107	167
140	108	169
140	109	171
140	110	173
140	111	174
140	112	176
140	113	181
140	114	186
140	115	189
140	116	192
140	117	197
140	118	201
140	119	205
140	120	208
140	121	218
140	122	224
140	123	229
140	124	232
140	125	240
140	126	244
140	127	250
140	128	128
140	129	6
140	130	12
140	131	16
140	132	24
140	133	27
140	134	32
140	135	38
140	136	48
140	137	51
140	138	55
140	139	59
140	140	64
140	141	67
140	142	70
140	143	75
140	144	80
140	145	82
140	146	83
140	147	85
140	148	87
140	149	89
140	150	91
140	151	93
140	152	96
140	153	97
140	154	97
140	155	98
140	156	99
140	157	100
140	158	101
140	159	103
140	160	104
140	161	104
140	162	105
140	163	105
140	164	106
140	165	106
140	166	106
140	167	107
140	168	107
140	169	108
140	170	108
140	171	109
140	172	110
140	173	110
140	174	111
140	175	111
140	176	112
140	177	112
140	178	112
140	179	113
140	180	113
140	181	113
140	182	113
140	183	113
140	184	114
140	185	114
140	186	114
140	187	114
140	188	115
140	189	115
140	190	115
140	191	116
140	192	116
140	193	116
140	194	116
140	195	117
140	196	117
140	197	117
140	198	117
140	199	117
140	200	118
140	201	118
140	202	118
140	203	118
140	204	119
140	205	119
140	206	119
140	207	120
140	208	120
140	209	120
140	210	120
140	211	120
140	212	120
140	213	120
140	214	121
140	215	121
140	216	121
140	217	121
140	218	121
140	219	121
140	220	121
140	221	121
140	222	122
140	223	122
140	224	122
140	225	122
140	226	122
140	227	123
140	228	123
140	229	123
140	230	123
140	231	124
140	232	124
140	233	124
140	234	124
140	235	124
140	236	124
140	237	125
140	238	125
140	239	125
140	240	125
140	241	125
140	242	125
140	243	126
140	244	126
140	245	126
140	246	126
140	247	126
140	248	126
140	249	127
140	250	127
140	251	127
140	252	127
140	253	127
140	254	127
140	255	127
141	0	128
141	1	129
141	2	129
141	3	129
141	4	129
141	5	129
141	6	129
141	7	129
141	8	130
141	9	130
141	10	130
141	11	130
141	12	130
141	13	131
141	14	131
141	15	131
141	16	131
141	17	131
141	18	132
141	19	132
141	20	132
141	21	132
141	22	132
141	23	132
141	24	133
141	25	133
141	26	133
141	27	133
141	28	134
141	29	134
141	30	134
141	31	134
141	32	134
141	33	135
141	34	135
141	35	135
141	36	135
141	37	135
141	38	135
141	39	135
141	40	136
141	41	136
141	42	136
141	43	136
141	44	136
141	45	136
141	46	137
141	47	137
141	48	137
141	49	138
141	50	138
141	51	138
141	52	138
141	53	139
141	54	139
141	55	139
141	56	139
141	57	140
141	58	140
141	59	140
141	60	140
141	61	140
141	62	141
141	63	141
141	64	141
141	65	141
141	66	142
141	67	142
141	68	142
141	69	142
141	70	143
141	71	143
141	72	143
141	73	143
141	74	144
141	75	144
141	76	144
141	77	145
141	78	145
141	79	146
141	80	147
141	81	147
141	82	148
141	83	148
141	84	149
141	85	149
141	86	150
141	87	150
141	88	151
141	89	151
141	90	152
141	91	152
141	92	153
141	93	153
141	94	153
141	95	154
141	96	154
141	97	155
141	98	156
141	99	157
141	100	158
141	101	159
141	102	160
141	103	163
141	104	165
141	105	168
141	106	170
141	107	172
141	108	174
141	109	175
141	110	177
141	111	179
141	112	180
141	113	185
141	114	189
141	115	192
141	116	197
141	117	202
141	118	206
141	119	209
141	120	212
141	121	221
141	122	227
141	123	231
141	124	234
141	125	241
141	126	245
141	127	250
141	128	128
141	129	6
141	130	11
141	131	15
141	132	22
141	133	25
141	134	29
141	135	35
141	136	44
141	137	47
141	138	50
141	139	54
141	140	59
141	141	64
141	142	67
141	143	71
141	144	76
141	145	77
141	146	79
141	147	81
141	148	82
141	149	84
141	150	86
141	151	88
141	152	91
141	153	93
141	154	96
141	155	97
141	156	98
141	157	99
141	158	100
141	159	101
141	160	102
141	161	102
141	162	103
141	163	103
141	164	103
141	165	104
141	166	104
141	167	105
141	168	105
141	169	106
141	170	106
141	171	107
141	172	107
141	173	108
141	174	108
141	175	109
141	176	109
141	177	110
141	178	111
141	179	111
141	180	112
141	181	112
141	182	112
141	183	113
141	184	113
141	185	113
141	186	113
141	187	114
141	188	114
141	189	114
141	190	114
141	191	115
141	192	115
141	193	115
141	194	115
141	195	116
141	196	116
141	197	116
141	198	116
141	199	116
141	200	117
141	201	117
141	202	117
141	203	117
141	204	118
141	205	118
141	206	118
141	207	118
141	208	119
141	209	119
141	210	119
141	211	120
141	212	120
141	213	120
141	214	120
141	215	120
141	216	120
141	217	121
141	218	121
141	219	121
141	220	121
141	221	121
141	222	121
141	223	121
141	224	122
141	225	122
141	226	122
141	227	122
141	228	122
141	229	123
141	230	123
141	231	123
141	232	123
141	233	124
141	234	124
141	235	124
141	236	124
141	237	124
141	238	124
141	239	125
141	240	125
141	241	125
141	242	125
141	243	125
141	244	126
141	245	126
141	246	126
141	247	126
141	248	126
141	249	127
141	250	127
141	251	127
141	252	127
141	253	127
141	254	127
141	255	127
142	0	128
142	1	129
142	2	129
142	3	129
142	4	129
142	5	129
142	6	129
142	7	130
142	8	130
142	9	130
142	10	130
142	11	130
142	12	131
142	13	131
142	14	131
142	15	131
142	16	132
142	17	132
142	18	132
142	19	132
142	20	132
142	21	132
142	22	133
142	23	133
142	24	133
142	25	134
142	26	134
142	27	134
142	28	134
142	29	134
142	30	135
142	31	135
142	32	135
142	33	135
142	34	135
142	35	135
142	36	136
142	37	136
142	38	136
142	39	136
142	40	136
142	41	136
142	42	137
142	43	137
142	44	137
142	45	138
142	46	138
142	47	138
142	48	139
142	49	139
142	50	139
142	51	139
142	52	140
142	53	140
142	54	140
142	55	140
142	56	141
142	57	141
142	58	141
142	59	141
142	60	141
142	61	142
142	62	142
142	63	142
142	64	142
142	65	142
142	66	143
142	67	143
142	68	143
142	69	143
142	70	144
142	71	144
142	72	144
142	73	145
142	74	146
142	75	146
142	76	147
142	77	148
142	78	148
142	79	149
142	80	149
142	81	150
142	82	150
142	83	151
142	84	151
142	85	152
142	86	152
142	87	153
142	88	153
142	89	154
142	90	154
142	91	154
142	92	155
142	93	155
142	94	155
142	95	156
142	96	156
142	97	157
142	98	158
142	99	159
142	100	160
142	101	163
142	102	166
142	103	168
142	104	171
142	105	173
142	106	175
142	107	177
142	108	178
142	109	180
142	110	181
142	111	183
142	112	184
142	113	188
142	114	192
142	115	198
142	116	203
142	117	207
142	118	210
142	119	213
142	120	216
142	121	224
142	122	229
142	123	233
142	124	236
142	125	243
142	126	246
142	127	251
142	128	128
142	129	5
142	130	10
142	131	13
142	132	20
142	133	23
142	134	27
142	135	32
142	136	40
142	137	43
142	138	46
142	139	49
142	140	53
142	141	58
142	142	64
142	143	68
142	144	72
142	145	73
142	146	75
142	147	76
142	148	78
142	149	79
142	150	81
142	151	83
142	152	85
142	153	88
142	154	90
142	155	93
142	156	96
142	157	97
142	158	98
142	159	99
142	160	100
142	161	100
142	162	101
142	163	101
142	164	101
142	165	102
142	166	102
142	167	102
142	168	103
142	169	103
142	170	104
142	171	104
142	172	105
142	173	105
142	174	106
142	175	106
142	176	107
142	177	107
142	178	108
142	179	108
142	180	109
142	181	110
142	182	110
142	183	111
142	184	112
142	185	112
142	186	112
142	187	113
142	188	113
142	189	113
142	190	113
142	191	114
142	192	114
142	193	114
142	194	114
142	195	114
142	196	115
142	197	115
142	198	115
142	199	115
142	200	115
142	201	116
142	202	116
142	203	116
142	204	116
142	205	117
142	206	117
142	207	117
142	208	117
142	209	118
142	210	118
142	211	118
142	212	119
142	213	119
142	214	119
142	215	120
142	216	120
142	217	120
142	218	120
142	219	120
142	220	120
142	221	121
142	222	121
142	223	121
142	224	121
142	225	121
142	226	121
142	227	122
142	228	122
142	229	122
142	230	122
142	231	122
142	232	123
142	233	123
142	234	123
142	235	124
142	236	124
142	237	124
142	238	124
142	239	124
142	240	124
142	241	125
142	242	125
142	243	125
142	244	125
142	245	126
142	246	126
142	247	126
142	248	126
142	249	126
142	250	127
142	251	127
142	252	127
142	253	127
142	254	127
142	255	127
143	0	128
143	1	129
143	2	129
143	3	129
143	4	129
143	5	129
143	6	130
143	7	130
143	8	130
143	9	130
143	10	130
143	11	131
143	12	131
143	13	131
143	14	131
143	15	132
143	16	132
143	17	132
143	18	132
143	19	132
143	20	133
143	21	133
143	22	133
143	23	134
143	24	134
143	25	134
143	26	134
143	27	135
143	28	135
143	29	135
143	30	135
143	31	135
143	32	136
143	33	136
143	34	136
143	35	136
143	36	136
143	37	136
143	38	137
143	39	137
143	40	138
143	41	138
143	42	138
143	43	139
143	44	139
143	45	139
143	46	139
143	47	140
143	48	140
143	49	140
143	50	140
143	51	141
143	52	141
143	53	141
143	54	141
143	55	142
143	56	142
143	57	142
143	58	142
143	59	142
143	60	142
143	61	143
143	62	143
143	63	143
143	64	143
143	65	143
143	66	144
143	67	144
143	68	144
143	69	145
143	70	146
143	71	146
143	72	147
143	73	148
143	74	149
143	75	149
143	76	150
143	77	150
143	78	151
143	79	151
143	80	152
143	81	152
143	82	153
143	83	153
143	84	154
143	85	154
143	86	155
143	87	155
143	88	155
143	89	156
143	90	156
143	91	156
143	92	157
143	93	157
143	94	157
143	95	158
143	96	158
143	97	159
143	98	160
143	99	163
143	100	166
143	101	169
143	102	172
143	103	174
143	104	176
143	105	178
143	106	180
143	107	181
143	108	183
143	109	184
143	110	186
143	111	187
143	112	188
143	113	192
143	114	198
143	115	204
143	116	208
143	117	212
143	118	215
143	119	218
143	120	220
143	121	227
143	122	232
143	123	235
143	124	238
143	125	244
143	126	247
143	127	252
143	128	128
143	129	4
143	130	9
143	131	12
143	132	18
143	133	21
143	134	24
143	135	29
143	136	36
143	137	38
143	138	41
143	139	44
143	140	48
143	141	52
143	142	58
143	143	64
143	144	68
143	145	69
143	146	70
143	147	72
143	148	73
143	149	75
143	150	76
143	151	78
143	152	80
143	153	82
143	154	84
143	155	87
143	156	90
143	157	93
143	158	96
143	159	97
143	160	98
143	161	98
143	162	99
143	163	99
143	164	99
143	165	100
143	166	100
143	167	100
143	168	101
143	169	101
143	170	101
143	171	102
143	172	102
143	173	103
143	174	103
143	175	104
143	176	104
143	177	105
143	178	105
143	179	106
143	180	106
143	181	107
143	182	107
143	183	108
143	184	109
143	185	110
143	186	110
143	187	111
143	188	112
143	189	112
143	190	112
143	191	113
143	192	113
143	193	113
143	194	113
143	195	113
143	196	114
143	197	114
143	198	114
143	199	114
143	200	114
143	201	114
143	202	115
143	203	115
143	204	115
143	205	115
143	206	116
143	207	116
143	208	116
143	209	116
143	210	117
143	211	117
143	212	117
143	213	117
143	214	118
143	215	118
143	216	118
143	217	119
143	218	119
143	219	120
143	220	120
143	221	120
143	222	120
143	223	120
143	224	120
143	225	121
143	226	121
143	227	121
143	228	121
143	229	121
143	230	122
143	231	122
143	232	122
143	233	122
143	234	123
143	235	123
143	236	123
143	237	124
143	238	124
143	239	124
143	240	124
143	241	124
143	242	125
143	243	125
143	244	125
143	245	125
143	246	126
143	247	126
143	248	126
143	249	126
143	250	126
143	251	127
143	252	127
143	253	127
143	254	127
143	255	127
144	0	128
144	1	129
144	2	129
144	3	129
144	4	129
144	5	129
144	6	130
144	7	130
144	8	130
144	9	130
144	10	131
144	11	131
144	12	131
144	13	132
144	14	132
144	15	132
144	16	132
144	17	132
144	18	133
144	19	133
144	20	134
144	21	134
144	22	134
144	23	134
144	24	135
144	25	135
144	26	135
144	27	135
144	28	135
144	29	136
144	30	136
144	31	136
144	32	136
144	33	136
144	34	137
144	35	137
144	36	138
144	37	138
144	38	139
144	39	139
144	40	139
144	41	140
144	42	140
144	43	140
144	44	140
144	45	141
144	46	141
144	47	141
144	48	141
144	49	142
144	50	142
144	51	142
144	52	142
144	53	142
144	54	143
144	55	143
144	56	143
144	57	143
144	58	143
144	59	143
144	60	143
144	61	144
144	62	144
144	63	144
144	64	144
144	65	145
144	66	146
144	67	147
144	68	148
144	69	148
144	70	149
144	71	150
144	72	150
144	73	151
144	74	152
144	75	152
144	76	153
144	77	153
144	78	154
144	79	154
144	80	155
144	81	155
144	82	156
144	83	156
144	84	156
144	85	157
144	86	157
144	87	157
144	88	158
144	89	158
144	90	158
144	91	159
144	92	159
144	93	159
144	94	159
144	95	160
144	96	160
144	97	164
144	98	167
144	99	170
144	100	173
144	101	175
144	102	177
144	103	179
144	104	181
144	105	183
144	106	185
144	107	186
144	108	187
144	109	189
144	110	190
144	111	191
144	112	192
144	113	199
144	114	205
144	115	209
144	116	213
144	117	217
144	118	219
144	119	222
144	120	224
144	121	230
144	122	235
144	123	238
144	124	240
144	125	245
144	126	248
144	127	252
144	128	128
144	129	4
144	130	8
144	131	11
144	132	16
144	133	18
144	134	21
144	135	26
144	136	32
144	137	34
144	138	37
144	139	39
144	140	43
144	141	47
144	142	51
144	143	57
144	144	64
144	145	65
144	146	66
144	147	67
144	148	69
144	149	70
144	150	71
144	151	73
144	152	75
144	153	77
144	154	79
144	155	81
144	156	83
144	157	86
144	158	89
144	159	92
144	160	96
144	161	96
144	162	97
144	163	97
144	164	97
144	165	97
144	166	98
144	167	98
144	168	98
144	169	99
144	170	99
144	171	99
144	172	100
144	173	100
144	174	100
144	175	101
144	176	101
144	177	102
144	178	102
144	179	103
144	180	103
144	181	104
144	182	104
144	183	105
144	184	106
144	185	106
144	186	107
144	187	108
144	188	108
144	189	109
144	190	110
144	191	111
144	192	112
144	193	112
144	194	112
144	195	112
144	196	113
144	197	113
144	198	113
144	199	113
144	200	113
144	201	113
144	202	113
144	203	114
144	204	114
144	205	114
144	206	114
144	207	114
144	208	115
144	209	115
144	210	115
144	211	115
144	212	116
144	213	116
144	214	116
144	215	116
144	216	117
144	217	117
144	218	117
144	219	118
144	220	118
144	221	119
144	222	119
144	223	120
144	224	120
144	225	120
144	226	120
144	227	120
144	228	121
144	229	121
144	230	121
144	231	121
144	232	121
144	233	122
144	234	122
144	235	122
144	236	122
144	237	123
144	238	123
144	239	124
144	240	124
144	241	124
144	242	124
144	243	124
144	244	125
144	245	125
144	246	125
144	247	126
144	248	126
144	249	126
144	250	126
144	251	127
144	252	127
144	253	127
144	254	127
144	255	127
145	0	128
145	1	129
145	2	129
145	3	129
145	4	129
145	5	129
145	6	130
145	7	130
145	8	130
145	9	131
145	10	131
145	11	131
145	12	131
145	13	132
145	14	132
145	15	132
145	16	132
145	17	133
145	18	133
145	19	133
145	20	134
145	21	134
145	22	134
145	23	135
145	24	135
145	25	135
145	26	135
145	27	135
145	28	136
145	29	136
145	30	136
145	31	136
145	32	136
145	33	137
145	34	137
145	35	138
145	36	138
145	37	139
145	38	139
145	39	139
145	40	140
145	41	140
145	42	140
145	43	140
145	44	141
145	45	141
145	46	141
145	47	141
145	48	142
145	49	142
145	50	142
145	51	142
145	52	142
145	53	143
145	54	143
145	55	143
145	56	143
145	57	143
145	58	143
145	59	144
145	60	144
145	61	144
145	62	144
145	63	145
145	64	145
145	65	146
145	66	147
145	67	148
145	68	148
145	69	149
145	70	150
145	71	151
145	72	151
145	73	152
145	74	152
145	75	153
145	76	153
145	77	154
145	78	154
145	79	155
145	80	155
145	81	156
145	82	156
145	83	157
145	84	157
145	85	157
145	86	158
145	87	158
145	88	158
145	89	159
145	90	159
145	91	159
145	92	159
145	93	160
145	94	160
145	95	161
145	96	162
145	97	166
145	98	169
145	99	172
145	100	174
145	101	177
145	102	179
145	103	181
145	104	183
145	105	184
145	106	186
145	107	187
145	108	189
145	109	190
145	110	191
145	111	192
145	112	194
145	113	201
145	114	206
145	115	211
145	116	215
145	117	218
145	118	221
145	119	223
145	120	225
145	121	231
145	122	235
145	123	238
145	124	240
145	125	246
145	126	248
145	127	252
145	128	128
145	129	4
145	130	8
145	131	10
145	132	16
145	133	18
145	134	21
145	135	25
145	136	31
145	137	33
145	138	35
145	139	38
145	140	41
145	141	45
145	142	50
145	143	55
145	144	62
145	145	64
145	146	65
145	147	66
145	148	67
145	149	69
145	150	70
145	151	72
145	152	73
145	153	75
145	154	77
145	155	79
145	156	82
145	157	84
145	158	87
145	159	90
145	160	94
145	161	95
145	162	96
145	163	96
145	164	97
145	165	97
145	166	97
145	167	97
145	168	98
145	169	98
145	170	98
145	171	99
145	172	99
145	173	99
145	174	100
145	175	100
145	176	101
145	177	101
145	178	102
145	179	102
145	180	103
145	181	103
145	182	104
145	183	104
145	184	105
145	185	105
145	186	106
145	187	107
145	188	108
145	189	108
145	190	109
145	191	110
145	192	111
145	193	111
145	194	112
145	195	112
145	196	112
145	197	112
145	198	113
145	199	113
145	200	113
145	201	113
145	202	113
145	203	113
145	204	114
145	205	114
145	206	114
145	207	114
145	208	114
145	209	115
145	210	115
145	211	115
145	212	115
145	213	116
145	214	116
145	215	116
145	216	116
145	217	117
145	218	117
145	219	117
145	220	118
145	221	118
145	222	119
145	223	119
145	224	120
145	225	120
145	226	120
145	227	120
145	228	120
145	229	121
145	230	121
145	231	121
145	232	121
145	233	121
145	234	122
145	235	122
145	236	122
145	237	123
145	238	123
145	239	123
145	240	124
145	241	124
145	242	124
145	243	124
145	244	125
145	245	125
145	246	125
145	247	125
145	248	126
145	249	126
145	250	126
145	251	127
145	252	127
145	253	127
145	254	127
145	255	127
146	0	128
146	1	129
146	2	129
146	3	129
146	4	129
146	5	130
146	6	130
146	7	130
146	8	130
146	9	131
146	10	131
146	11	131
146	12	132
146	13	132
146	14	132
146	15	132
146	16	132
146	17	133
146	18	133
146	19	134
146	20	134
146	21	134
146	22	135
146	23	135
146	24	135
146	25	135
146	26	135
146	27	136
146	28	136
146	29	136
146	30	136
146	31	137
146	32	137
146	33	137
146	34	138
146	35	138
146	36	139
146	37	139
146	38	139
146	39	140
146	40	140
146	41	140
146	42	141
146	43	141
146	44	141
146	45	141
146	46	142
146	47	142
146	48	142
146	49	142
146	50	142
146	51	143
146	52	143
146	53	143
146	54	143
146	55	143
146	56	143
146	57	144
146	58	144
146	59	144
146	60	144
146	61	145
146	62	145
146	63	146
146	64	146
146	65	147
146	66	148
146	67	149
146	68	149
146	69	150
146	70	151
146	71	151
146	72	152
146	73	153
146	74	153
146	75	154
146	76	154
146	77	155
146	78	155
146	79	156
146	80	156
146	81	156
146	82	157
146	83	157
146	84	158
146	85	158
146	86	158
146	87	159
146	88	159
146	89	159
146	90	159
146	91	160
146	92	160
146	93	161
146	94	162
146	95	163
146	96	164
146	97	168
146	98	171
146	99	173
146	100	176
146	101	178
146	102	180
146	103	182
146	104	184
146	105	186
146	106	187
146	107	188
146	108	190
146	109	191
146	110	192
146	111	194
146	112	196
146	113	203
146	114	208
146	115	212
146	116	216
146	117	219
146	118	222
146	119	224
146	120	226
146	121	232
146	122	236
146	123	239
146	124	241
146	125	246
146	126	248
146	127	252
146	128	128
146	129	4
146	130	8
146	131	10
146	132	15
146	133	17
146	134	20
146	135	24
146	136	30
146	137	32
146	138	34
146	139	37
146	140	40
146	141	44
146	142	48
146	143	53
146	144	60
146	145	62
146	146	64
146	147	65
146	148	66
146	149	68
146	150	69
146	151	70
146	152	72
146	153	74
146	154	76
146	155	78
146	156	80
146	157	83
146	158	85
146	159	88
146	160	92
146	161	93
146	162	94
146	163	95
146	164	96
146	165	96
146	166	97
146	167	97
146	168	97
146	169	97
146	170	98
146	171	98
146	172	98
146	173	99
146	174	99
146	175	100
146	176	100
146	177	100
146	178	101
146	179	101
146	180	102
146	181	102
146	182	103
146	183	103
146	184	104
146	185	105
146	186	105
146	187	106
146	188	107
146	189	107
146	190	108
146	191	109
146	192	110
146	193	110
146	194	111
146	195	111
146	196	112
146	197	112
146	198	112
146	199	112
146	200	113
146	201	113
146	202	113
146	203	113
146	204	113
146	205	113
146	206	114
146	207	114
146	208	114
146	209	114
146	210	114
146	211	115
146	212	115
146	213	115
146	214	115
146	215	116
146	216	116
146	217	116
146	218	117
146	219	117
146	220	117
146	221	118
146	222	118
146	223	119
146	224	119
146	225	119
146	226	120
146	227	120
146	228	120
146	229	120
146	230	121
146	231	121
146	232	121
146	233	121
146	234	121
146	235	122
146	236	122
146	237	122
146	238	123
146	239	123
146	240	124
146	241	124
146	242	124
146	243	124
146	244	124
146	245	125
146	246	125
146	247	125
146	248	126
146	249	126
146	250	126
146	251	126
146	252	127
146	253	127
146	254	127
146	255	127
147	0	128
147	1	129
147	2	129
147	3	129
147	4	129
147	5	130
147	6	130
147	7	130
147	8	130
147	9	131
147	10	131
147	11	131
147	12	132
147	13	132
147	14	132
147	15	132
147	16	133
147	17	133
147	18	134
147	19	134
147	20	134
147	21	134
147	22	135
147	23	135
147	24	135
147	25	135
147	26	136
147	27	136
147	28	136
147	29	136
147	30	137
147	31	137
147	32	138
147	33	138
147	34	138
147	35	139
147	36	139
147	37	139
147	38	140
147	39	140
147	40	140
147	41	141
147	42	141
147	43	141
147	44	141
147	45	142
147	46	142
147	47	142
147	48	142
147	49	143
147	50	143
147	51	143
147	52	143
147	53	143
147	54	143
147	55	144
147	56	144
147	57	144
147	58	144
147	59	145
147	60	145
147	61	146
147	62	146
147	63	147
147	64	147
147	65	148
147	66	149
147	67	149
147	68	150
147	69	151
147	70	152
147	71	152
147	72	153
147	73	153
147	74	154
147	75	154
147	76	155
147	77	155
147	78	156
147	79	156
147	80	157
147	81	157
147	82	157
147	83	158
147	84	158
147	85	158
147	86	159
147	87	159
147	88	159
147	89	160
147	90	160
147	91	161
147	92	162
147	93	163
147	94	164
147	95	165
147	96	166
147	97	169
147	98	172
147	99	175
147	100	178
147	101	180
147	102	182
147	103	184
147	104	185
147	105	187
147	106	188
147	107	190
147	108	191
147	109	192
147	110	194
147	111	196
147	112	198
147	113	204
147	114	210
147	115	214
147	116	217
147	117	220
147	118	223
147	119	225
147	120	227
147	121	233
147	122	237
147	123	239
147	124	242
147	125	246
147	126	249
147	127	252
147	128	128
147	129	4
147	130	7
147	131	10
147	132	14
147	133	17
147	134	19
147	135	23
147	136	29
147	137	31
147	138	33
147	139	36
147	140	39
147	141	42
147	142	46
147	143	52
147	144	58
147	145	60
147	146	62
147	147	64
147	148	65
147	149	66
147	150	68
147	151	69
147	152	71
147	153	72
147	154	74
147	155	76
147	156	78
147	157	81
147	158	84
147	159	87
147	160	90
147	161	91
147	162	92
147	163	93
147	164	94
147	165	95
147	166	96
147	167	96
147	168	97
147	169	97
147	170	97
147	171	98
147	172	98
147	173	98
147	174	99
147	175	99
147	176	99
147	177	100
147	178	100
147	179	101
147	180	101
147	181	102
147	182	102
147	183	103
147	184	103
147	185	104
147	186	104
147	187	105
147	188	106
147	189	107
147	190	107
147	191	108
147	192	109
147	193	109
147	194	110
147	195	110
147	196	111
147	197	111
147	198	112
147	199	112
147	200	112
147	201	112
147	202	113
147	203	113
147	204	113
147	205	113
147	206	113
147	207	113
147	208	114
147	209	114
147	210	114
147	211	114
147	212	115
147	213	115
147	214	115
147	215	115
147	216	116
147	217	116
147	218	116
147	219	117
147	220	117
147	221	117
147	222	118
147	223	118
147	224	118
147	225	119
147	226	119
147	227	120
147	228	120
147	229	120
147	230	120
147	231	121
147	232	121
147	233	121
147	234	121
147	235	122
147	236	122
147	237	122
147	238	122
147	239	123
147	240	123
147	241	124
147	242	124
147	243	124
147	244	124
147	245	125
147	246	125
147	247	125
147	248	126
147	249	126
147	250	126
147	251	126
147	252	127
147	253	127
147	254	127
147	255	127
148	0	128
148	1	129
148	2	129
148	3	129
148	4	129
148	5	130
148	6	130
148	7	130
148	8	130
148	9	131
148	10	131
148	11	131
148	12	132
148	13	132
148	14	132
148	15	133
148	16	133
148	17	133
148	18	134
148	19	134
148	20	134
148	21	135
148	22	135
148	23	135
148	24	135
148	25	136
148	26	136
148	27	136
148	28	136
148	29	137
148	30	137
148	31	138
148	32	138
148	33	138
148	34	139
148	35	139
148	36	140
148	37	140
148	38	140
148	39	141
148	40	141
148	41	141
148	42	141
148	43	142
148	44	142
148	45	142
148	46	142
148	47	142
148	48	143
148	49	143
148	50	143
148	51	143
148	52	143
148	53	144
148	54	144
148	55	144
148	56	144
148	57	145
148	58	145
148	59	146
148	60	146
148	61	147
148	62	147
148	63	148
148	64	148
148	65	149
148	66	150
148	67	150
148	68	151
148	69	152
148	70	152
148	71	153
148	72	154
148	73	154
148	74	155
148	75	155
148	76	156
148	77	156
148	78	157
148	79	157
148	80	157
148	81	158
148	82	158
148	83	158
148	84	159
148	85	159
148	86	159
148	87	160
148	88	160
148	89	161
148	90	162
148	91	163
148	92	164
148	93	165
148	94	166
148	95	167
148	96	168
148	97	171
148	98	174
148	99	177
148	100	179
148	101	181
148	102	183
148	103	185
148	104	187
148	105	188
148	106	190
148	107	191
148	108	192
148	109	194
148	110	196
148	111	198
148	112	200
148	113	206
148	114	211
148	115	215
148	116	219
148	117	222
148	118	224
148	119	226
148	120	228
148	121	234
148	122	237
148	123	240
148	124	242
148	125	247
148	126	249
148	127	252
148	128	128
148	129	4
148	130	7
148	131	9
148	132	14
148	133	16
148	134	19
148	135	22
148	136	28
148	137	30
148	138	32
148	139	34
148	140	37
148	141	41
148	142	45
148	143	50
148	144	56
148	145	58
148	146	60
148	147	62
148	148	64
148	149	65
148	150	66
148	151	68
148	152	69
148	153	71
148	154	73
148	155	75
148	156	77
148	157	79
148	158	82
148	159	85
148	160	88
148	161	89
148	162	90
148	163	91
148	164	92
148	165	93
148	166	94
148	167	95
148	168	96
148	169	96
148	170	97
148	171	97
148	172	97
148	173	98
148	174	98
148	175	98
148	176	99
148	177	99
148	178	99
148	179	100
148	180	100
148	181	101
148	182	101
148	183	102
148	184	102
148	185	103
148	186	104
148	187	104
148	188	105
148	189	106
148	190	106
148	191	107
148	192	108
148	193	108
148	194	109
148	195	109
148	196	110
148	197	110
148	198	111
148	199	111
148	200	112
148	201	112
148	202	112
148	203	112
148	204	113
148	205	113
148	206	113
148	207	113
148	208	113
148	209	114
148	210	114
148	211	114
148	212	114
148	213	114
148	214	115
148	215	115
148	216	115
148	217	115
148	218	116
148	219	116
148	220	116
148	221	117
148	222	117
148	223	118
148	224	118
148	225	118
148	226	119
148	227	119
148	228	120
148	229	120
148	230	120
148	231	120
148	232	121
148	233	121
148	234	121
148	235	121
148	236	122
148	237	122
148	238	122
148	239	123
148	240	123
148	241	123
148	242	124
148	243	124
148	244	124
148	245	125
148	246	125
148	247	125
148	248	126
148	249	126
148	250	126
148	251	126
148	252	127
148	253	127
148	254	127
148	255	127
149	0	128
149	1	129
149	2	129
149	3	129
149	4	129
149	5	130
149	6	130
149	7	130
149	8	131
149	9	131
149	10	131
149	11	132
149	12	132
149	13	132
149	14	132
149	15	133
149	16	133
149	17	134
149	18	134
149	19	134
149	20	135
149	21	135
149	22	135
149	23	135
149	24	136
149	25	136
149	26	136
149	27	136
149	28	137
149	29	137
149	30	138
149	31	138
149	32	138
149	33	139
149	34	139
149	35	140
149	36	140
149	37	140
149	38	141
149	39	141
149	40	141
149	41	141
149	42	142
149	43	142
149	44	142
149	45	142
149	46	143
149	47	143
149	48	143
149	49	143
149	50	143
149	51	144
149	52	144
149	53	144
149	54	144
149	55	145
149	56	145
149	57	146
149	58	146
149	59	147
149	60	147
149	61	148
149	62	148
149	63	149
149	64	149
149	65	150
149	66	151
149	67	151
149	68	152
149	69	153
149	70	153
149	71	154
149	72	154
149	73	155
149	74	155
149	75	156
149	76	156
149	77	157
149	78	157
149	79	158
149	80	158
149	81	158
149	82	159
149	83	159
149	84	159
149	85	160
149	86	160
149	87	161
149	88	162
149	89	163
149	90	164
149	91	165
149	92	166
149	93	167
149	94	168
149	95	169
149	96	170
149	97	173
149	98	176
149	99	179
149	100	181
149	101	183
149	102	185
149	103	186
149	104	188
149	105	189
149	106	191
149	107	192
149	108	194
149	109	196
149	110	198
149	111	200
149	112	202
149	113	208
149	114	213
149	115	217
149	116	220
149	117	223
149	118	225
149	119	227
149	120	229
149	121	234
149	122	238
149	123	241
149	124	242
149	125	247
149	126	249
149	127	253
149	128	128
149	129	3
149	130	7
149	131	9
149	132	14
149	133	15
149	134	18
149	135	22
149	136	27
149	137	29
149	138	31
149	139	33
149	140	36
149	141	39
149	142	43
149	143	48
149	144	54
149	145	56
149	146	58
149	147	60
149	148	62
149	149	64
149	150	65
149	151	67
149	152	68
149	153	70
149	154	71
149	155	73
149	156	75
149	157	77
149	158	80
149	159	83
149	160	86
149	161	87
149	162	88
149	163	89
149	164	90
149	165	91
149	166	92
149	167	93
149	168	94
149	169	95
149	170	96
149	171	96
149	172	97
149	173	97
149	174	97
149	175	98
149	176	98
149	177	98
149	178	99
149	179	99
149	180	100
149	181	100
149	182	101
149	183	101
149	184	102
149	185	102
149	186	103
149	187	103
149	188	104
149	189	105
149	190	105
149	191	106
149	192	107
149	193	107
149	194	108
149	195	108
149	196	109
149	197	109
149	198	110
149	199	110
149	200	111
149	201	111
149	202	112
149	203	112
149	204	112
149	205	112
149	206	113
149	207	113
149	208	113
149	209	113
149	210	113
149	211	114
149	212	114
149	213	114
149	214	114
149	215	115
149	216	115
149	217	115
149	218	115
149	219	116
149	220	116
149	221	116
149	222	117
149	223	117
149	224	118
149	225	118
149	226	118
149	227	119
149	228	119
149	229	120
149	230	120
149	231	120
149	232	120
149	233	121
149	234	121
149	235	121
149	236	121
149	237	122
149	238	122
149	239	122
149	240	123
149	241	123
149	242	124
149	243	124
149	244	124
149	245	124
149	246	125
149	247	125
149	248	125
149	249	126
149	250	126
149	251	126
149	252	127
149	253	127
149	254	127
149	255	127
150	0	128
150	1	129
150	2	129
150	3	129
150	4	129
150	5	130
150	6	130
150	7	130
150	8	131
150	9	131
150	10	131
150	11	132
150	12	132
150	13	132
150	14	133
150	15	133
150	16	134
150	17	134
150	18	134
150	19	135
150	20	135
150	21	135
150	22	135
150	23	135
150	24	136
150	25	136
150	26	136
150	27	137
150	28	137
150	29	138
150	30	138
150	31	139
150	32	139
150	33	139
150	34	140
150	35	140
150	36	140
150	37	141
150	38	141
150	39	141
150	40	142
150	41	142
150	42	142
150	43	142
150	44	143
150	45	143
150	46	143
150	47	143
150	48	143
150	49	144
150	50	144
150	51	144
150	52	144
150	53	145
150	54	145
150	55	146
150	56	146
150	57	147
150	58	147
150	59	148
150	60	148
150	61	149
150	62	149
150	63	150
150	64	150
150	65	151
150	66	152
150	67	152
150	68	153
150	69	154
150	70	154
150	71	155
150	72	155
150	73	156
150	74	156
150	75	157
150	76	157
150	77	158
150	78	158
150	79	158
150	80	159
150	81	159
150	82	159
150	83	160
150	84	160
150	85	161
150	86	162
150	87	163
150	88	165
150	89	166
150	90	167
150	91	168
150	92	169
150	93	169
150	94	170
150	95	171
150	96	172
150	97	175
150	98	178
150	99	180
150	100	182
150	101	184
150	102	186
150	103	188
150	104	189
150	105	191
150	106	192
150	107	194
150	108	197
150	109	199
150	110	201
150	111	202
150	112	204
150	113	210
150	114	214
150	115	218
150	116	221
150	117	224
150	118	226
150	119	228
150	120	230
150	121	235
150	122	239
150	123	241
150	124	243
150	125	247
150	126	250
150	127	253
150	128	128
150	129	3
150	130	6
150	131	9
150	132	13
150	133	15
150	134	17
150	135	21
150	136	26
150	137	28
150	138	30
150	139	32
150	140	35
150	141	38
150	142	42
150	143	46
150	144	52
150	145	54
150	146	55
150	147	57
150	148	59
150	149	62
150	150	64
150	151	65
150	152	67
150	153	68
150	154	70
150	155	72
150	156	74
150	157	76
150	158	78
150	159	81
150	160	84
150	161	85
150	162	86
150	163	87
150	164	87
150	165	88
150	166	89
150	167	90
150	168	91
150	169	93
150	170	94
150	171	95
150	172	96
150	173	96
150	174	97
150	175	97
150	176	97
150	177	98
150	178	98
150	179	98
150	180	99
150	181	99
150	182	100
150	183	100
150	184	101
150	185	101
150	186	102
150	187	102
150	188	103
150	189	104
150	190	104
150	191	105
150	192	106
150	193	106
150	194	107
150	195	107
150	196	108
150	197	108
150	198	109
150	199	109
150	200	110
150	201	110
150	202	111
150	203	111
150	204	112
150	205	112
150	206	112
150	207	112
150	208	113
150	209	113
150	210	113
150	211	113
150	212	113
150	213	114
150	214	114
150	215	114
150	216	114
150	217	115
150	218	115
150	219	115
150	220	116
150	221	116
150	222	116
150	223	117
150	224	117
150	225	117
150	226	118
150	227	118
150	228	119
150	229	119
150	230	120
150	231	120
150	232	120
150	233	121
150	234	121
150	235	121
150	236	121
150	237	121
150	238	122
150	239	122
150	240	122
150	241	123
150	242	123
150	243	124
150	244	124
150	245	124
150	246	125
150	247	125
150	248	125
150	249	126
150	250	126
150	251	126
150	252	127
150	253	127
150	254	127
150	255	127
151	0	128
151	1	129
151	2	129
151	3	129
151	4	129
151	5	130
151	6	130
151	7	130
151	8	131
151	9	131
151	10	132
151	11	132
151	12	132
151	13	132
151	14	133
151	15	133
151	16	134
151	17	134
151	18	134
151	19	135
151	20	135
151	21	135
151	22	135
151	23	136
151	24	136
151	25	136
151	26	137
151	27	137
151	28	138
151	29	138
151	30	139
151	31	139
151	32	140
151	33	140
151	34	140
151	35	141
151	36	141
151	37	141
151	38	141
151	39	142
151	40	142
151	41	142
151	42	142
151	43	143
151	44	143
151	45	143
151	46	143
151	47	143
151	48	144
151	49	144
151	50	144
151	51	145
151	52	145
151	53	146
151	54	146
151	55	147
151	56	147
151	57	148
151	58	148
151	59	149
151	60	149
151	61	150
151	62	150
151	63	151
151	64	151
151	65	152
151	66	152
151	67	153
151	68	154
151	69	154
151	70	155
151	71	155
151	72	156
151	73	156
151	74	157
151	75	157
151	76	158
151	77	158
151	78	159
151	79	159
151	80	159
151	81	160
151	82	160
151	83	161
151	84	162
151	85	164
151	86	165
151	87	166
151	88	167
151	89	168
151	90	169
151	91	170
151	92	171
151	93	172
151	94	172
151	95	173
151	96	174
151	97	177
151	98	180
151	99	182
151	100	184
151	101	186
151	102	188
151	103	189
151	104	191
151	105	192
151	106	194
151	107	197
151	108	199
151	109	201
151	110	203
151	111	204
151	112	206
151	113	212
151	114	216
151	115	220
151	116	223
151	117	225
151	118	227
151	119	229
151	120	231
151	121	236
151	122	239
151	123	242
151	124	244
151	125	248
151	126	250
151	127	253
151	128	128
151	129	3
151	130	6
151	131	8
151	132	12
151	133	14
151	134	17
151	135	20
151	136	25
151	137	27
151	138	29
151	139	31
151	140	33
151	141	36
151	142	40
151	143	44
151	144	50
151	145	52
151	146	53
151	147	55
151	148	57
151	149	59
151	150	62
151	151	64
151	152	65
151	153	67
151	154	68
151	155	70
151	156	72
151	157	74
151	158	76
151	159	79
151	160	82
151	161	83
151	162	84
151	163	84
151	164	85
151	165	86
151	166	87
151	167	88
151	168	89
151	169	90
151	170	91
151	171	92
151	172	94
151	173	95
151	174	96
151	175	96
151	176	97
151	177	97
151	178	97
151	179	98
151	180	98
151	181	99
151	182	99
151	183	100
151	184	100
151	185	101
151	186	101
151	187	102
151	188	102
151	189	103
151	190	104
151	191	104
151	192	105
151	193	105
151	194	106
151	195	106
151	196	107
151	197	107
151	198	108
151	199	108
151	200	109
151	201	109
151	202	110
151	203	110
151	204	111
151	205	111
151	206	112
151	207	112
151	208	112
151	209	113
151	210	113
151	211	113
151	212	113
151	213	113
151	214	114
151	215	114
151	216	114
151	217	114
151	218	115
151	219	115
151	220	115
151	221	115
151	222	116
151	223	116
151	224	116
151	225	117
151	226	117
151	227	118
151	228	118
151	229	119
151	230	119
151	231	120
151	232	120
151	233	120
151	234	121
151	235	121
151	236	121
151	237	121
151	238	122
151	239	122
151	240	122
151	241	123
151	242	123
151	243	124
151	244	124
151	245	124
151	246	124
151	247	125
151	248	125
151	249	126
151	250	126
151	251	126
151	252	127
151	253	127
151	254	127
151	255	127
152	0	128
152	1	129
152	2	129
152	3	129
152	4	130
152	5	130
152	6	130
152	7	131
152	8	131
152	9	131
152	10	132
152	11	132
152	12	132
152	13	133
152	14	133
152	15	134
152	16	134
152	17	134
152	18	135
152	19	135
152	20	135
152	21	135
152	22	136
152	23	136
152	24	136
152	25	137
152	26	137
152	27	138
152	28	138
152	29	139
152	30	139
152	31	140
152	32	140
152	33	140
152	34	141
152	35	141
152	36	141
152	37	142
152	38	142
152	39	142
152	40	142
152	41	143
152	42	143
152	43	143
152	44	143
152	45	143
152	46	144
152	47	144
152	48	144
152	49	145
152	50	145
152	51	146
152	52	146
152	53	147
152	54	148
152	55	148
152	56	149
152	57	149
152	58	150
152	59	150
152	60	150
152	61	151
152	62	151
152	63	152
152	64	152
152	65	153
152	66	153
152	67	154
152	68	155
152	69	155
152	70	156
152	71	156
152	72	157
152	73	157
152	74	158
152	75	158
152	76	159
152	77	159
152	78	159
152	79	160
152	80	160
152	81	161
152	82	163
152	83	164
152	84	165
152	85	166
152	86	167
152	87	168
152	88	169
152	89	170
152	90	171
152	91	172
152	92	173
152	93	174
152	94	174
152	95	175
152	96	176
152	97	179
152	98	181
152	99	184
152	100	186
152	101	187
152	102	189
152	103	191
152	104	192
152	105	195
152	106	197
152	107	199
152	108	201
152	109	203
152	110	205
152	111	206
152	112	208
152	113	213
152	114	218
152	115	221
152	116	224
152	117	226
152	118	229
152	119	230
152	120	232
152	121	237
152	122	240
152	123	242
152	124	244
152	125	248
152	126	250
152	127	253
152	128	128
152	129	3
152	130	6
152	131	8
152	132	12
152	133	14
152	134	16
152	135	19
152	136	24
152	137	26
152	138	27
152	139	30
152	140	32
152	141	35
152	142	38
152	143	43
152	144	48
152	145	50
152	146	51
152	147	53
152	148	55
152	149	57
152	150	59
152	151	61
152	152	64
152	153	65
152	154	67
152	155	69
152	156	70
152	157	72
152	158	75
152	159	77
152	160	80
152	161	81
152	162	82
152	163	82
152	164	83
152	165	84
152	166	85
152	167	86
152	168	87
152	169	88
152	170	89
152	171	90
152	172	91
152	173	92
152	174	93
152	175	95
152	176	96
152	177	96
152	178	97
152	179	97
152	180	97
152	181	98
152	182	98
152	183	99
152	184	99
152	185	100
152	186	100
152	187	101
152	188	101
152	189	102
152	190	103
152	191	103
152	192	104
152	193	104
152	194	105
152	195	105
152	196	106
152	197	106
152	198	106
152	199	107
152	200	107
152	201	108
152	202	108
152	203	109
152	204	110
152	205	110
152	206	111
152	207	111
152	208	112
152	209	112
152	210	112
152	211	113
152	212	113
152	213	113
152	214	113
152	215	113
152	216	114
152	217	114
152	218	114
152	219	114
152	220	115
152	221	115
152	222	115
152	223	116
152	224	116
152	225	116
152	226	117
152	227	117
152	228	118
152	229	118
152	230	119
152	231	119
152	232	120
152	233	120
152	234	120
152	235	121
152	236	121
152	237	121
152	238	121
152	239	122
152	240	122
152	241	122
152	242	123
152	243	123
152	244	124
152	245	124
152	246	124
152	247	125
152	248	125
152	249	125
152	250	126
152	251	126
152	252	126
152	253	127
152	254	127
152	255	127
153	0	128
153	1	129
153	2	129
153	3	129
153	4	130
153	5	130
153	6	130
153	7	131
153	8	131
153	9	131
153	10	132
153	11	132
153	12	132
153	13	133
153	14	133
153	15	134
153	16	134
153	17	135
153	18	135
153	19	135
153	20	135
153	21	136
153	22	136
153	23	136
153	24	137
153	25	137
153	26	138
153	27	138
153	28	139
153	29	139
153	30	140
153	31	140
153	32	140
153	33	141
153	34	141
153	35	141
153	36	142
153	37	142
153	38	142
153	39	143
153	40	143
153	41	143
153	42	143
153	43	143
153	44	144
153	45	144
153	46	144
153	47	145
153	48	145
153	49	146
153	50	147
153	51	147
153	52	148
153	53	148
153	54	149
153	55	149
153	56	150
153	57	150
153	58	151
153	59	151
153	60	151
153	61	152
153	62	152
153	63	153
153	64	153
153	65	154
153	66	154
153	67	155
153	68	156
153	69	156
153	70	157
153	71	157
153	72	158
153	73	158
153	74	158
153	75	159
153	76	159
153	77	160
153	78	160
153	79	161
153	80	163
153	81	164
153	82	165
153	83	166
153	84	167
153	85	168
153	86	169
153	87	170
153	88	171
153	89	172
153	90	173
153	91	174
153	92	175
153	93	176
153	94	177
153	95	177
153	96	178
153	97	181
153	98	183
153	99	185
153	100	187
153	101	189
153	102	191
153	103	192
153	104	195
153	105	197
153	106	199
153	107	201
153	108	203
153	109	205
153	110	207
153	111	209
153	112	210
153	113	215
153	114	219
153	115	223
153	116	225
153	117	228
153	118	230
153	119	231
153	120	233
153	121	238
153	122	241
153	123	243
153	124	244
153	125	248
153	126	250
153	127	253
153	128	128
153	129	3
153	130	6
153	131	8
153	132	12
153	133	13
153	134	15
153	135	18
153	136	23
153	137	25
153	138	26
153	139	28
153	140	31
153	141	33
153	142	37
153	143	41
153	144	46
153	145	47
153	146	49
153	147	51
153	148	53
153	149	55
153	150	57
153	151	59
153	152	61
153	153	64
153	154	65
153	155	67
153	156	69
153	157	71
153	158	73
153	159	75
153	160	78
153	161	79
153	162	79
153	163	80
153	164	81
153	165	82
153	166	83
153	167	84
153	168	85
153	169	86
153	170	87
153	171	88
153	172	89
153	173	90
153	174	91
153	175	92
153	176	93
153	177	95
153	178	96
153	179	96
153	180	97
153	181	97
153	182	98
153	183	98
153	184	98
153	185	99
153	186	99
153	187	100
153	188	100
153	189	101
153	190	102
153	191	102
153	192	103
153	193	103
153	194	104
153	195	104
153	196	105
153	197	105
153	198	105
153	199	106
153	200	106
153	201	107
153	202	107
153	203	108
153	204	108
153	205	109
153	206	109
153	207	110
153	208	111
153	209	111
153	210	112
153	211	112
153	212	112
153	213	113
153	214	113
153	215	113
153	216	113
153	217	113
153	218	114
153	219	114
153	220	114
153	221	115
153	222	115
153	223	115
153	224	116
153	225	116
153	226	116
153	227	117
153	228	117
153	229	118
153	230	118
153	231	119
153	232	119
153	233	120
153	234	120
153	235	120
153	236	121
153	237	121
153	238	121
153	239	121
153	240	122
153	241	122
153	242	123
153	243	123
153	244	124
153	245	124
153	246	124
153	247	125
153	248	125
153	249	125
153	250	126
153	251	126
153	252	126
153	253	127
153	254	127
153	255	127
154	0	128
154	1	129
154	2	129
154	3	129
154	4	130
154	5	130
154	6	130
154	7	131
154	8	131
154	9	132
154	10	132
154	11	132
154	12	133
154	13	133
154	14	134
154	15	134
154	16	134
154	17	135
154	18	135
154	19	135
154	20	136
154	21	136
154	22	136
154	23	137
154	24	137
154	25	138
154	26	138
154	27	139
154	28	139
154	29	140
154	30	140
154	31	141
154	32	141
154	33	141
154	34	142
154	35	142
154	36	142
154	37	142
154	38	143
154	39	143
154	40	143
154	41	143
154	42	144
154	43	144
154	44	144
154	45	145
154	46	145
154	47	146
154	48	147
154	49	147
154	50	148
154	51	148
154	52	149
154	53	149
154	54	150
154	55	150
154	56	151
154	57	151
154	58	152
154	59	152
154	60	153
154	61	153
154	62	153
154	63	154
154	64	154
154	65	155
154	66	155
154	67	156
154	68	156
154	69	157
154	70	157
154	71	158
154	72	158
154	73	159
154	74	159
154	75	160
154	76	160
154	77	161
154	78	163
154	79	164
154	80	165
154	81	167
154	82	168
154	83	169
154	84	170
154	85	171
154	86	172
154	87	173
154	88	174
154	89	175
154	90	175
154	91	176
154	92	177
154	93	178
154	94	179
154	95	179
154	96	180
154	97	183
154	98	185
154	99	187
154	100	189
154	101	190
154	102	192
154	103	195
154	104	197
154	105	200
154	106	202
154	107	204
154	108	206
154	109	207
154	110	209
154	111	211
154	112	212
154	113	217
154	114	221
154	115	224
154	116	227
154	117	229
154	118	231
154	119	233
154	120	234
154	121	238
154	122	241
154	123	243
154	124	245
154	125	249
154	126	250
154	127	253
154	128	128
154	129	3
154	130	6
154	131	7
154	132	11
154	133	13
154	134	15
154	135	18
154	136	22
154	137	23
154	138	25
154	139	27
154	140	29
154	141	32
154	142	35
154	143	39
154	144	44
154	145	45
154	146	47
154	147	49
154	148	50
154	149	52
154	150	54
154	151	56
154	152	59
154	153	61
154	154	64
154	155	66
154	156	67
154	157	69
154	158	71
154	159	73
154	160	76
154	161	77
154	162	77
154	163	78
154	164	79
154	165	80
154	166	81
154	167	81
154	168	82
154	169	83
154	170	84
154	171	85
154	172	86
154	173	87
154	174	88
154	175	89
154	176	91
154	177	92
154	178	93
154	179	95
154	180	96
154	181	96
154	182	97
154	183	97
154	184	98
154	185	98
154	186	99
154	187	99
154	188	100
154	189	100
154	190	101
154	191	101
154	192	102
154	193	102
154	194	103
154	195	103
154	196	103
154	197	104
154	198	104
154	199	105
154	200	105
154	201	106
154	202	106
154	203	107
154	204	107
154	205	108
154	206	108
154	207	109
154	208	109
154	209	110
154	210	111
154	211	111
154	212	112
154	213	112
154	214	112
154	215	113
154	216	113
154	217	113
154	218	113
154	219	114
154	220	114
154	221	114
154	222	114
154	223	115
154	224	115
154	225	115
154	226	116
154	227	116
154	228	117
154	229	117
154	230	118
154	231	118
154	232	119
154	233	119
154	234	120
154	235	120
154	236	120
154	237	121
154	238	121
154	239	121
154	240	122
154	241	122
154	242	122
154	243	123
154	244	123
154	245	124
154	246	124
154	247	124
154	248	125
154	249	125
154	250	126
154	251	126
154	252	126
154	253	127
154	254	127
154	255	127
155	0	128
155	1	129
155	2	129
155	3	129
155	4	130
155	5	130
155	6	130
155	7	131
155	8	131
155	9	132
155	10	132
155	11	132
155	12	133
155	13	134
155	14	134
155	15	134
155	16	135
155	17	135
155	18	135
155	19	136
155	20	136
155	21	136
155	22	137
155	23	137
155	24	138
155	25	139
155	26	139
155	27	140
155	28	140
155	29	140
155	30	141
155	31	141
155	32	142
155	33	142
155	34	142
155	35	142
155	36	143
155	37	143
155	38	143
155	39	143
155	40	144
155	41	144
155	42	144
155	43	145
155	44	145
155	45	146
155	46	147
155	47	147
155	48	148
155	49	149
155	50	149
155	51	150
155	52	150
155	53	151
155	54	151
155	55	152
155	56	152
155	57	152
155	58	153
155	59	153
155	60	154
155	61	154
155	62	154
155	63	155
155	64	155
155	65	156
155	66	156
155	67	157
155	68	157
155	69	158
155	70	158
155	71	159
155	72	159
155	73	160
155	74	160
155	75	161
155	76	163
155	77	164
155	78	166
155	79	167
155	80	168
155	81	169
155	82	170
155	83	171
155	84	172
155	85	173
155	86	174
155	87	175
155	88	176
155	89	177
155	90	178
155	91	178
155	92	179
155	93	180
155	94	181
155	95	181
155	96	182
155	97	184
155	98	187
155	99	189
155	100	190
155	101	192
155	102	195
155	103	198
155	104	200
155	105	202
155	106	204
155	107	206
155	108	208
155	109	210
155	110	211
155	111	213
155	112	214
155	113	219
155	114	222
155	115	225
155	116	228
155	117	230
155	118	232
155	119	234
155	120	235
155	121	239
155	122	242
155	123	244
155	124	246
155	125	249
155	126	251
155	127	253
155	128	128
155	129	3
155	130	5
155	131	7
155	132	10
155	133	12
155	134	14
155	135	17
155	136	21
155	137	22
155	138	24
155	139	26
155	140	28
155	141	31
155	142	34
155	143	37
155	144	42
155	145	43
155	146	45
155	147	46
155	148	48
155	149	50
155	150	52
155	151	54
155	152	56
155	153	58
155	154	61
155	155	64
155	156	66
155	157	67
155	158	69
155	159	72
155	160	74
155	161	75
155	162	75
155	163	76
155	164	77
155	165	78
155	166	78
155	167	79
155	168	80
155	169	81
155	170	82
155	171	83
155	172	84
155	173	85
155	174	86
155	175	87
155	176	88
155	177	89
155	178	90
155	179	92
155	180	93
155	181	95
155	182	96
155	183	96
155	184	97
155	185	97
155	186	98
155	187	98
155	188	99
155	189	99
155	190	100
155	191	100
155	192	101
155	193	101
155	194	102
155	195	102
155	196	102
155	197	103
155	198	103
155	199	104
155	200	104
155	201	104
155	202	105
155	203	105
155	204	106
155	205	106
155	206	107
155	207	107
155	208	108
155	209	109
155	210	109
155	211	110
155	212	111
155	213	111
155	214	112
155	215	112
155	216	112
155	217	113
155	218	113
155	219	113
155	220	113
155	221	114
155	222	114
155	223	114
155	224	114
155	225	115
155	226	115
155	227	116
155	228	116
155	229	116
155	230	117
155	231	117
155	232	118
155	233	119
155	234	119
155	235	120
155	236	120
155	237	120
155	238	121
155	239	121
155	240	121
155	241	122
155	242	122
155	243	122
155	244	123
155	245	124
155	246	124
155	247	124
155	248	125
155	249	125
155	250	126
155	251	126
155	252	126
155	253	127
155	254	127
155	255	127
156	0	128
156	1	129
156	2	129
156	3	129
156	4	130
156	5	130
156	6	131
156	7	131
156	8	132
156	9	132
156	10	132
156	11	133
156	12	133
156	13	134
156	14	134
156	15	135
156	16	135
156	17	135
156	18	136
156	19	136
156	20	136
156	21	137
156	22	137
156	23	138
156	24	139
156	25	139
156	26	140
156	27	140
156	28	141
156	29	141
156	30	141
156	31	142
156	32	142
156	33	142
156	34	143
156	35	143
156	36	143
156	37	143
156	38	144
156	39	144
156	40	144
156	41	145
156	42	146
156	43	146
156	44	147
156	45	148
156	46	148
156	47	149
156	48	149
156	49	150
156	50	150
156	51	151
156	52	151
156	53	152
156	54	152
156	55	153
156	56	153
156	57	154
156	58	154
156	59	154
156	60	155
156	61	155
156	62	155
156	63	156
156	64	156
156	65	157
156	66	157
156	67	158
156	68	158
156	69	159
156	70	159
156	71	160
156	72	160
156	73	162
156	74	163
156	75	164
156	76	166
156	77	167
156	78	168
156	79	170
156	80	171
156	81	172
156	82	173
156	83	174
156	84	175
156	85	176
156	86	177
156	87	177
156	88	178
156	89	179
156	90	180
156	91	181
156	92	181
156	93	182
156	94	183
156	95	183
156	96	184
156	97	186
156	98	188
156	99	190
156	100	192
156	101	195
156	102	198
156	103	200
156	104	203
156	105	205
156	106	207
156	107	209
156	108	210
156	109	212
156	110	213
156	111	215
156	112	216
156	113	220
156	114	224
156	115	227
156	116	229
156	117	231
156	118	233
156	119	235
156	120	236
156	121	240
156	122	243
156	123	245
156	124	246
156	125	249
156	126	251
156	127	254
156	128	128
156	129	2
156	130	5
156	131	7
156	132	10
156	133	11
156	134	13
156	135	16
156	136	20
156	137	21
156	138	23
156	139	25
156	140	27
156	141	29
156	142	32
156	143	36
156	144	40
156	145	41
156	146	43
156	147	44
156	148	46
156	149	47
156	150	49
156	151	51
156	152	53
156	153	56
156	154	58
156	155	61
156	156	64
156	157	66
156	158	68
156	159	70
156	160	72
156	161	73
156	162	73
156	163	74
156	164	75
156	165	75
156	166	76
156	167	77
156	168	78
156	169	79
156	170	79
156	171	80
156	172	81
156	173	82
156	174	83
156	175	84
156	176	85
156	177	86
156	178	88
156	179	89
156	180	90
156	181	92
156	182	93
156	183	94
156	184	96
156	185	96
156	186	97
156	187	97
156	188	98
156	189	98
156	190	99
156	191	99
156	192	100
156	193	100
156	194	101
156	195	101
156	196	101
156	197	102
156	198	102
156	199	102
156	200	103
156	201	103
156	202	104
156	203	104
156	204	105
156	205	105
156	206	106
156	207	106
156	208	107
156	209	107
156	210	108
156	211	108
156	212	109
156	213	110
156	214	110
156	215	111
156	216	112
156	217	112
156	218	112
156	219	113
156	220	113
156	221	113
156	222	113
156	223	114
156	224	114
156	225	114
156	226	115
156	227	115
156	228	115
156	229	116
156	230	116
156	231	117
156	232	117
156	233	118
156	234	119
156	235	119
156	236	120
156	237	120
156	238	120
156	239	121
156	240	121
156	241	121
156	242	122
156	243	122
156	244	123
156	245	123
156	246	124
156	247	124
156	248	124
156	249	125
156	250	125
156	251	126
156	252	126
156	253	127
156	254	127
156	255	127
157	0	128
157	1	129
157	2	129
157	3	129
157	4	130
157	5	130
157	6	131
157	7	131
157	8	132
157	9	132
157	10	132
157	11	133
157	12	134
157	13	134
157	14	135
157	15	135
157	16	135
157	17	136
157	18	136
157	19	136
157	20	137
157	21	138
157	22	138
157	23	139
157	24	139
157	25	140
157	26	140
157	27	141
157	28	141
157	29	142
157	30	142
157	31	142
157	32	142
157	33	143
157	34	143
157	35	143
157	36	144
157	37	144
157	38	144
157	39	145
157	40	146
157	41	146
157	42	147
157	43	148
157	44	148
157	45	149
157	46	150
157	47	150
157	48	151
157	49	151
157	50	152
157	51	152
157	52	153
157	53	153
157	54	153
157	55	154
157	56	154
157	57	155
157	58	155
157	59	155
157	60	156
157	61	156
157	62	156
157	63	157
157	64	157
157	65	158
157	66	158
157	67	159
157	68	159
157	69	160
157	70	160
157	71	162
157	72	163
157	73	165
157	74	166
157	75	167
157	76	169
157	77	170
157	78	171
157	79	172
157	80	173
157	81	174
157	82	175
157	83	176
157	84	177
157	85	178
157	86	179
157	87	180
157	88	181
157	89	181
157	90	182
157	91	183
157	92	183
157	93	184
157	94	185
157	95	185
157	96	186
157	97	188
157	98	190
157	99	192
157	100	195
157	101	198
157	102	201
157	103	203
157	104	205
157	105	207
157	106	209
157	107	211
157	108	213
157	109	214
157	110	215
157	111	217
157	112	218
157	113	222
157	114	226
157	115	228
157	116	231
157	117	233
157	118	234
157	119	236
157	120	237
157	121	241
157	122	243
157	123	245
157	124	246
157	125	250
157	126	251
157	127	254
157	128	128
157	129	2
157	130	5
157	131	6
157	132	10
157	133	11
157	134	13
157	135	15
157	136	19
157	137	20
157	138	22
157	139	23
157	140	25
157	141	28
157	142	30
157	143	34
157	144	38
157	145	39
157	146	41
157	147	42
157	148	43
157	149	45
157	150	47
157	151	49
157	152	51
157	153	53
157	154	55
157	155	58
157	156	61
157	157	64
157	158	66
157	159	68
157	160	70
157	161	71
157	162	71
157	163	72
157	164	73
157	165	73
157	166	74
157	167	75
157	168	75
157	169	76
157	170	77
157	171	78
157	172	79
157	173	80
157	174	81
157	175	82
157	176	83
157	177	84
157	178	85
157	179	86
157	180	87
157	181	89
157	182	90
157	183	91
157	184	93
157	185	94
157	186	96
157	187	96
157	188	97
157	189	97
157	190	98
157	191	98
157	192	99
157	193	99
157	194	100
157	195	100
157	196	100
157	197	101
157	198	101
157	199	101
157	200	102
157	201	102
157	202	103
157	203	103
157	204	103
157	205	104
157	206	104
157	207	105
157	208	105
157	209	106
157	210	106
157	211	107
157	212	108
157	213	108
157	214	109
157	215	110
157	216	110
157	217	111
157	218	112
157	219	112
157	220	112
157	221	113
157	222	113
157	223	113
157	224	114
157	225	114
157	226	114
157	227	114
157	228	115
157	229	115
157	230	116
157	231	116
157	232	117
157	233	117
157	234	118
157	235	118
157	236	119
157	237	120
157	238	120
157	239	120
157	240	121
157	241	121
157	242	121
157	243	122
157	244	122
157	245	123
157	246	124
157	247	124
157	248	124
157	249	125
157	250	125
157	251	126
157	252	126
157	253	127
157	254	127
157	255	127
158	0	128
158	1	129
158	2	129
158	3	130
158	4	130
158	5	130
158	6	131
158	7	131
158	8	132
158	9	132
158	10	133
158	11	133
158	12	134
158	13	134
158	14	135
158	15	135
158	16	136
158	17	136
158	18	136
158	19	137
158	20	138
158	21	138
158	22	139
158	23	139
158	24	140
158	25	140
158	26	141
158	27	141
158	28	142
158	29	142
158	30	142
158	31	143
158	32	143
158	33	143
158	34	144
158	35	144
158	36	144
158	37	145
158	38	146
158	39	146
158	40	147
158	41	148
158	42	149
158	43	149
158	44	150
158	45	150
158	46	151
158	47	151
158	48	152
158	49	152
158	50	153
158	51	153
158	52	154
158	53	154
158	54	155
158	55	155
158	56	155
158	57	156
158	58	156
158	59	156
158	60	157
158	61	157
158	62	157
158	63	158
158	64	158
158	65	159
158	66	159
158	67	160
158	68	160
158	69	162
158	70	163
158	71	165
158	72	166
158	73	168
158	74	169
158	75	170
158	76	172
158	77	173
158	78	174
158	79	175
158	80	176
158	81	177
158	82	178
158	83	179
158	84	180
158	85	181
158	86	181
158	87	182
158	88	183
158	89	184
158	90	184
158	91	185
158	92	186
158	93	186
158	94	187
158	95	187
158	96	188
158	97	190
158	98	192
158	99	195
158	100	198
158	101	201
158	102	204
158	103	206
158	104	208
158	105	210
158	106	212
158	107	213
158	108	215
158	109	216
158	110	218
158	111	219
158	112	220
158	113	224
158	114	227
158	115	230
158	116	232
158	117	234
158	118	235
158	119	237
158	120	238
158	121	242
158	122	244
158	123	246
158	124	247
158	125	250
158	126	252
158	127	254
158	128	128
158	129	2
158	130	4
158	131	6
158	132	9
158	133	10
158	134	12
158	135	14
158	136	18
158	137	19
158	138	21
158	139	22
158	140	24
158	141	26
158	142	29
158	143	32
158	144	36
158	145	37
158	146	38
158	147	40
158	148	41
158	149	43
158	150	44
158	151	46
158	152	48
158	153	50
158	154	52
158	155	55
158	156	58
158	157	61
158	158	64
158	159	66
158	160	68
158	161	69
158	162	69
158	163	70
158	164	70
158	165	71
158	166	72
158	167	72
158	168	73
158	169	74
158	170	75
158	171	75
158	172	76
158	173	77
158	174	78
158	175	79
158	176	80
158	177	81
158	178	82
158	179	83
158	180	84
158	181	86
158	182	87
158	183	88
158	184	90
158	185	91
158	186	93
158	187	94
158	188	96
158	189	96
158	190	97
158	191	97
158	192	98
158	193	98
158	194	99
158	195	99
158	196	99
158	197	100
158	198	100
158	199	100
158	200	101
158	201	101
158	202	101
158	203	102
158	204	102
158	205	103
158	206	103
158	207	104
158	208	104
158	209	105
158	210	105
158	211	106
158	212	106
158	213	107
158	214	107
158	215	108
158	216	109
158	217	110
158	218	110
158	219	111
158	220	112
158	221	112
158	222	112
158	223	113
158	224	113
158	225	113
158	226	114
158	227	114
158	228	114
158	229	115
158	230	115
158	231	116
158	232	116
158	233	117
158	234	117
158	235	118
158	236	118
158	237	119
158	238	120
158	239	120
158	240	120
158	241	121
158	242	121
158	243	122
158	244	122
158	245	123
158	246	123
158	247	124
158	248	124
158	249	125
158	250	125
158	251	126
158	252	126
158	253	126
158	254	127
158	255	127
159	0	128
159	1	129
159	2	129
159	3	130
159	4	130
159	5	131
159	6	131
159	7	132
159	8	132
159	9	132
159	10	133
159	11	134
159	12	134
159	13	135
159	14	135
159	15	135
159	16	136
159	17	136
159	18	137
159	19	138
159	20	138
159	21	139
159	22	140
159	23	140
159	24	141
159	25	141
159	26	142
159	27	142
159	28	142
159	29	143
159	30	143
159	31	143
159	32	144
159	33	144
159	34	144
159	35	145
159	36	146
159	37	147
159	38	147
159	39	148
159	40	149
159	41	149
159	42	150
159	43	151
159	44	151
159	45	152
159	46	152
159	47	153
159	48	153
159	49	154
159	50	154
159	51	155
159	52	155
159	53	155
159	54	156
159	55	156
159	56	157
159	57	157
159	58	157
159	59	158
159	60	158
159	61	158
159	62	158
159	63	159
159	64	159
159	65	160
159	66	160
159	67	162
159	68	164
159	69	165
159	70	167
159	71	168
159	72	170
159	73	171
159	74	172
159	75	173
159	76	175
159	77	176
159	78	177
159	79	178
159	80	179
159	81	180
159	82	180
159	83	181
159	84	182
159	85	183
159	86	184
159	87	184
159	88	185
159	89	186
159	90	186
159	91	187
159	92	188
159	93	188
159	94	189
159	95	189
159	96	190
159	97	192
159	98	196
159	99	199
159	100	202
159	101	204
159	102	207
159	103	209
159	104	211
159	105	212
159	106	214
159	107	216
159	108	217
159	109	218
159	110	220
159	111	221
159	112	222
159	113	226
159	114	229
159	115	231
159	116	233
159	117	235
159	118	237
159	119	238
159	120	239
159	121	242
159	122	245
159	123	246
159	124	248
159	125	250
159	126	252
159	127	254
159	128	128
159	129	2
159	130	4
159	131	6
159	132	8
159	133	10
159	134	11
159	135	14
159	136	17
159	137	18
159	138	19
159	139	21
159	140	23
159	141	25
159	142	27
159	143	30
159	144	34
159	145	35
159	146	36
159	147	38
159	148	39
159	149	40
159	150	42
159	151	44
159	152	45
159	153	47
159	154	49
159	155	52
159	156	54
159	157	57
159	158	60
159	159	64
159	160	66
159	161	67
159	162	67
159	163	68
159	164	68
159	165	69
159	166	70
159	167	70
159	168	71
159	169	72
159	170	72
159	171	73
159	172	74
159	173	75
159	174	76
159	175	76
159	176	77
159	177	78
159	178	79
159	179	80
159	180	81
159	181	83
159	182	84
159	183	85
159	184	86
159	185	88
159	186	89
159	187	91
159	188	92
159	189	94
159	190	96
159	191	96
159	192	97
159	193	97
159	194	98
159	195	98
159	196	98
159	197	98
159	198	99
159	199	99
159	200	99
159	201	100
159	202	100
159	203	101
159	204	101
159	205	101
159	206	102
159	207	102
159	208	103
159	209	103
159	210	104
159	211	104
159	212	105
159	213	105
159	214	106
159	215	107
159	216	107
159	217	108
159	218	109
159	219	109
159	220	110
159	221	111
159	222	112
159	223	112
159	224	112
159	225	113
159	226	113
159	227	113
159	228	114
159	229	114
159	230	114
159	231	115
159	232	115
159	233	116
159	234	116
159	235	117
159	236	118
159	237	118
159	238	119
159	239	120
159	240	120
159	241	121
159	242	121
159	243	121
159	244	122
159	245	122
159	246	123
159	247	124
159	248	124
159	249	124
159	250	125
159	251	125
159	252	126
159	253	126
159	254	127
159	255	127
160	0	128
160	1	129
160	2	129
160	3	130
160	4	130
160	5	131
160	6	131
160	7	132
160	8	132
160	9	133
160	10	134
160	11	134
160	12	135
160	13	135
160	14	135
160	15	136
160	16	136
160	17	137
160	18	138
160	19	139
160	20	139
160	21	140
160	22	140
160	23	141
160	24	141
160	25	142
160	26	142
160	27	143
160	28	143
160	29	143
160	30	143
160	31	144
160	32	144
160	33	145
160	34	146
160	35	147
160	36	148
160	37	148
160	38	149
160	39	150
160	40	150
160	41	151
160	42	152
160	43	152
160	44	153
160	45	153
160	46	154
160	47	154
160	48	155
160	49	155
160	50	156
160	51	156
160	52	156
160	53	157
160	54	157
160	55	157
160	56	158
160	57	158
160	58	158
160	59	159
160	60	159
160	61	159
160	62	159
160	63	160
160	64	160
160	65	162
160	66	164
160	67	165
160	68	167
160	69	169
160	70	170
160	71	171
160	72	173
160	73	174
160	74	175
160	75	176
160	76	177
160	77	178
160	78	179
160	79	180
160	80	181
160	81	182
160	82	183
160	83	184
160	84	185
160	85	185
160	86	186
160	87	187
160	88	187
160	89	188
160	90	189
160	91	189
160	92	190
160	93	190
160	94	191
160	95	191
160	96	192
160	97	196
160	98	199
160	99	202
160	100	205
160	101	207
160	102	209
160	103	211
160	104	213
160	105	215
160	106	217
160	107	218
160	108	219
160	109	221
160	110	222
160	111	223
160	112	224
160	113	228
160	114	230
160	115	233
160	116	235
160	117	236
160	118	238
160	119	239
160	120	240
160	121	243
160	122	245
160	123	247
160	124	248
160	125	251
160	126	252
160	127	254
160	128	128
160	129	2
160	130	4
160	131	5
160	132	8
160	133	9
160	134	11
160	135	13
160	136	16
160	137	17
160	138	18
160	139	20
160	140	21
160	141	23
160	142	26
160	143	28
160	144	32
160	145	33
160	146	34
160	147	35
160	148	37
160	149	38
160	150	39
160	151	41
160	152	43
160	153	45
160	154	47
160	155	49
160	156	51
160	157	54
160	158	57
160	159	60
160	160	64
160	161	65
160	162	65
160	163	66
160	164	66
160	165	67
160	166	67
160	167	68
160	168	69
160	169	69
160	170	70
160	171	71
160	172	71
160	173	72
160	174	73
160	175	74
160	176	75
160	177	76
160	178	77
160	179	78
160	180	79
160	181	80
160	182	81
160	183	82
160	184	83
160	185	85
160	186	86
160	187	87
160	188	89
160	189	91
160	190	92
160	191	94
160	192	96
160	193	96
160	194	97
160	195	97
160	196	97
160	197	97
160	198	98
160	199	98
160	200	98
160	201	99
160	202	99
160	203	99
160	204	100
160	205	100
160	206	100
160	207	101
160	208	101
160	209	102
160	210	102
160	211	103
160	212	103
160	213	104
160	214	104
160	215	105
160	216	106
160	217	106
160	218	107
160	219	108
160	220	108
160	221	109
160	222	110
160	223	111
160	224	112
160	225	112
160	226	113
160	227	113
160	228	113
160	229	113
160	230	114
160	231	114
160	232	115
160	233	115
160	234	116
160	235	116
160	236	117
160	237	117
160	238	118
160	239	119
160	240	120
160	241	120
160	242	121
160	243	121
160	244	121
160	245	122
160	246	122
160	247	123
160	248	124
160	249	124
160	250	125
160	251	125
160	252	126
160	253	126
160	254	127
160	255	127
161	0	128
161	1	129
161	2	129
161	3	130
161	4	130
161	5	131
161	6	131
161	7	132
161	8	132
161	9	133
161	10	134
161	11	134
161	12	135
161	13	135
161	14	136
161	15	136
161	16	136
161	17	137
161	18	138
161	19	139
161	20	139
161	21	140
161	22	141
161	23	141
161	24	142
161	25	142
161	26	142
161	27	143
161	28	143
161	29	143
161	30	144
161	31	144
161	32	144
161	33	145
161	34	146
161	35	147
161	36	148
161	37	149
161	38	149
161	39	150
161	40	151
161	41	151
161	42	152
161	43	153
161	44	153
161	45	154
161	46	154
161	47	155
161	48	155
161	49	155
161	50	156
161	51	156
161	52	157
161	53	157
161	54	157
161	55	158
161	56	158
161	57	158
161	58	159
161	59	159
161	60	159
161	61	159
161	62	160
161	63	160
161	64	161
161	65	163
161	66	165
161	67	166
161	68	168
161	69	170
161	70	171
161	71	172
161	72	174
161	73	175
161	74	176
161	75	177
161	76	178
161	77	179
161	78	180
161	79	181
161	80	182
161	81	183
161	82	184
161	83	184
161	84	185
161	85	186
161	86	187
161	87	187
161	88	188
161	89	189
161	90	189
161	91	190
161	92	190
161	93	191
161	94	191
161	95	192
161	96	193
161	97	197
161	98	200
161	99	203
161	100	206
161	101	208
161	102	210
161	103	212
161	104	214
161	105	216
161	106	217
161	107	219
161	108	220
161	109	221
161	110	222
161	111	223
161	112	224
161	113	228
161	114	231
161	115	233
161	116	235
161	117	237
161	118	238
161	119	239
161	120	240
161	121	243
161	122	246
161	123	247
161	124	248
161	125	251
161	126	252
161	127	254
161	128	128
161	129	2
161	130	4
161	131	5
161	132	8
161	133	9
161	134	10
161	135	13
161	136	16
161	137	17
161	138	18
161	139	19
161	140	21
161	141	23
161	142	25
161	143	28
161	144	32
161	145	33
161	146	34
161	147	35
161	148	36
161	149	37
161	150	39
161	151	40
161	152	42
161	153	44
161	154	46
161	155	48
161	156	50
161	157	53
161	158	56
161	159	59
161	160	63
161	161	64
161	162	65
161	163	65
161	164	66
161	165	66
161	166	67
161	167	67
161	168	68
161	169	69
161	170	69
161	171	70
161	172	71
161	173	72
161	174	72
161	175	73
161	176	74
161	177	75
161	178	76
161	179	77
161	180	78
161	181	79
161	182	80
161	183	81
161	184	82
161	185	84
161	186	85
161	187	86
161	188	88
161	189	90
161	190	91
161	191	93
161	192	95
161	193	96
161	194	96
161	195	97
161	196	97
161	197	97
161	198	97
161	199	98
161	200	98
161	201	98
161	202	99
161	203	99
161	204	99
161	205	100
161	206	100
161	207	101
161	208	101
161	209	101
161	210	102
161	211	102
161	212	103
161	213	103
161	214	104
161	215	105
161	216	105
161	217	106
161	218	107
161	219	107
161	220	108
161	221	109
161	222	110
161	223	111
161	224	112
161	225	112
161	226	112
161	227	113
161	228	113
161	229	113
161	230	114
161	231	114
161	232	114
161	233	115
161	234	115
161	235	116
161	236	117
161	237	117
161	238	118
161	239	119
161	240	120
161	241	120
161	242	120
161	243	121
161	244	121
161	245	122
161	246	122
161	247	123
161	248	124
161	249	124
161	250	125
161	251	125
161	252	126
161	253	126
161	254	127
161	255	127
162	0	128
162	1	129
162	2	129
162	3	130
162	4	130
162	5	131
162	6	131
162	7	132
162	8	132
162	9	133
162	10	134
162	11	134
162	12	135
162	13	135
162	14	136
162	15	136
162	16	136
162	17	137
162	18	138
162	19	139
162	20	140
162	21	140
162	22	141
162	23	141
162	24	142
162	25	142
162	26	142
162	27	143
162	28	143
162	29	143
162	30	144
162	31	144
162	32	145
162	33	146
162	34	147
162	35	148
162	36	148
162	37	149
162	38	150
162	39	151
162	40	151
162	41	152
162	42	152
162	43	153
162	44	153
162	45	154
162	46	154
162	47	155
162	48	155
162	49	156
162	50	156
162	51	157
162	52	157
162	53	157
162	54	158
162	55	158
162	56	158
162	57	159
162	58	159
162	59	159
162	60	159
162	61	160
162	62	160
162	63	161
162	64	162
162	65	164
162	66	166
162	67	167
162	68	169
162	69	170
162	70	172
162	71	173
162	72	174
162	73	176
162	74	177
162	75	178
162	76	179
162	77	180
162	78	181
162	79	182
162	80	183
162	81	184
162	82	184
162	83	185
162	84	186
162	85	187
162	86	187
162	87	188
162	88	189
162	89	189
162	90	190
162	91	190
162	92	191
162	93	191
162	94	192
162	95	193
162	96	194
162	97	198
162	98	201
162	99	204
162	100	206
162	101	209
162	102	211
162	103	213
162	104	215
162	105	216
162	106	218
162	107	219
162	108	221
162	109	222
162	110	223
162	111	224
162	112	225
162	113	228
162	114	231
162	115	233
162	116	235
162	117	237
162	118	238
162	119	239
162	120	240
162	121	244
162	122	246
162	123	247
162	124	248
162	125	251
162	126	252
162	127	254
162	128	128
162	129	2
162	130	4
162	131	5
162	132	8
162	133	9
162	134	10
162	135	12
162	136	16
162	137	17
162	138	18
162	139	19
162	140	21
162	141	23
162	142	25
162	143	28
162	144	31
162	145	32
162	146	33
162	147	34
162	148	35
162	149	37
162	150	38
162	151	40
162	152	41
162	153	43
162	154	45
162	155	47
162	156	50
162	157	52
162	158	55
162	159	58
162	160	62
162	161	63
162	162	64
162	163	65
162	164	65
162	165	66
162	166	66
162	167	67
162	168	67
162	169	68
162	170	69
162	171	69
162	172	70
162	173	71
162	174	72
162	175	72
162	176	73
162	177	74
162	178	75
162	179	76
162	180	77
162	181	78
162	182	79
162	183	80
162	184	82
162	185	83
162	186	84
162	187	86
162	188	87
162	189	89
162	190	90
162	191	92
162	192	94
162	193	95
162	194	96
162	195	96
162	196	97
162	197	97
162	198	97
162	199	97
162	200	98
162	201	98
162	202	98
162	203	99
162	204	99
162	205	99
162	206	100
162	207	100
162	208	101
162	209	101
162	210	102
162	211	102
162	212	103
162	213	103
162	214	104
162	215	104
162	216	105
162	217	105
162	218	106
162	219	107
162	220	108
162	221	108
162	222	109
162	223	110
162	224	111
162	225	112
162	226	112
162	227	113
162	228	113
162	229	113
162	230	114
162	231	114
162	232	114
162	233	115
162	234	115
162	235	116
162	236	116
162	237	117
162	238	118
162	239	119
162	240	120
162	241	120
162	242	120
162	243	121
162	244	121
162	245	122
162	246	122
162	247	123
162	248	124
162	249	124
162	250	125
162	251	125
162	252	126
162	253	126
162	254	127
162	255	127
163	0	128
163	1	129
163	2	129
163	3	130
163	4	130
163	5	131
163	6	131
163	7	132
163	8	132
163	9	133
163	10	134
163	11	134
163	12	135
163	13	135
163	14	136
163	15	136
163	16	137
163	17	138
163	18	138
163	19	139
163	20	140
163	21	140
163	22	141
163	23	141
163	24	142
163	25	142
163	26	143
163	27	143
163	28	143
163	29	144
163	30	144
163	31	145
163	32	146
163	33	146
163	34	147
163	35	148
163	36	149
163	37	150
163	38	150
163	39	151
163	40	152
163	41	152
163	42	153
163	43	153
163	44	154
163	45	154
163	46	155
163	47	155
163	48	156
163	49	156
163	50	156
163	51	157
163	52	157
163	53	158
163	54	158
163	55	158
163	56	159
163	57	159
163	58	159
163	59	159
163	60	160
163	61	160
163	62	161
163	63	162
163	64	163
163	65	165
163	66	167
163	67	168
163	68	170
163	69	171
163	70	173
163	71	174
163	72	175
163	73	176
163	74	178
163	75	179
163	76	180
163	77	181
163	78	182
163	79	182
163	80	183
163	81	184
163	82	185
163	83	186
163	84	186
163	85	187
163	86	188
163	87	189
163	88	189
163	89	190
163	90	190
163	91	191
163	92	191
163	93	192
163	94	193
163	95	194
163	96	195
163	97	199
163	98	202
163	99	205
163	100	207
163	101	210
163	102	212
163	103	214
163	104	215
163	105	217
163	106	218
163	107	220
163	108	221
163	109	222
163	110	223
163	111	225
163	112	226
163	113	229
163	114	232
163	115	234
163	116	236
163	117	237
163	118	239
163	119	240
163	120	241
163	121	244
163	122	246
163	123	247
163	124	248
163	125	251
163	126	252
163	127	254
163	128	128
163	129	2
163	130	4
163	131	5
163	132	8
163	133	9
163	134	10
163	135	12
163	136	15
163	137	16
163	138	17
163	139	19
163	140	20
163	141	22
163	142	24
163	143	27
163	144	30
163	145	31
163	146	33
163	147	34
163	148	35
163	149	36
163	150	38
163	151	39
163	152	41
163	153	42
163	154	44
163	155	46
163	156	49
163	157	51
163	158	54
163	159	57
163	160	61
163	161	62
163	162	63
163	163	64
163	164	65
163	165	65
163	166	66
163	167	66
163	168	67
163	169	67
163	170	68
163	171	69
163	172	70
163	173	70
163	174	71
163	175	72
163	176	73
163	177	74
163	178	74
163	179	75
163	180	76
163	181	77
163	182	78
163	183	80
163	184	81
163	185	82
163	186	83
163	187	85
163	188	86
163	189	88
163	190	89
163	191	91
163	192	93
163	193	94
163	194	95
163	195	96
163	196	96
163	197	97
163	198	97
163	199	97
163	200	97
163	201	98
163	202	98
163	203	98
163	204	99
163	205	99
163	206	100
163	207	100
163	208	100
163	209	101
163	210	101
163	211	102
163	212	102
163	213	103
163	214	103
163	215	104
163	216	104
163	217	105
163	218	106
163	219	106
163	220	107
163	221	108
163	222	109
163	223	110
163	224	110
163	225	111
163	226	112
163	227	112
163	228	113
163	229	113
163	230	113
163	231	114
163	232	114
163	233	115
163	234	115
163	235	116
163	236	116
163	237	117
163	238	118
163	239	118
163	240	119
163	241	120
163	242	120
163	243	121
163	244	121
163	245	122
163	246	122
163	247	123
163	248	124
163	249	124
163	250	125
163	251	125
163	252	126
163	253	126
163	254	127
163	255	127
164	0	128
164	1	129
164	2	129
164	3	130
164	4	130
164	5	131
164	6	132
164	7	132
164	8	132
164	9	133
164	10	134
164	11	135
164	12	135
164	13	135
164	14	136
164	15	136
164	16	137
164	17	138
164	18	139
164	19	139
164	20	140
164	21	141
164	22	141
164	23	142
164	24	142
164	25	142
164	26	143
164	27	143
164	28	143
164	29	144
164	30	144
164	31	145
164	32	146
164	33	147
164	34	148
164	35	149
164	36	149
164	37	150
164	38	151
164	39	151
164	40	152
164	41	153
164	42	153
164	43	154
164	44	154
164	45	155
164	46	155
164	47	156
164	48	156
164	49	156
164	50	157
164	51	157
164	52	158
164	53	158
164	54	158
164	55	159
164	56	159
164	57	159
164	58	159
164	59	160
164	60	160
164	61	161
164	62	162
164	63	163
164	64	164
164	65	166
164	66	168
164	67	169
164	68	171
164	69	172
164	70	173
164	71	175
164	72	176
164	73	177
164	74	178
164	75	179
164	76	180
164	77	181
164	78	182
164	79	183
164	80	184
164	81	185
164	82	186
164	83	186
164	84	187
164	85	188
164	86	188
164	87	189
164	88	190
164	89	190
164	90	191
164	91	191
164	92	192
164	93	193
164	94	194
164	95	195
164	96	196
164	97	200
164	98	203
164	99	205
164	100	208
164	101	210
164	102	212
164	103	214
164	104	216
164	105	218
164	106	219
164	107	220
164	108	222
164	109	223
164	110	224
164	111	225
164	112	226
164	113	229
164	114	232
164	115	234
164	116	236
164	117	238
164	118	239
164	119	240
164	120	241
164	121	244
164	122	246
164	123	247
164	124	248
164	125	251
164	126	252
164	127	254
164	128	128
164	129	2
164	130	4
164	131	5
164	132	8
164	133	9
164	134	10
164	135	12
164	136	15
164	137	16
164	138	17
164	139	18
164	140	20
164	141	22
164	142	24
164	143	27
164	144	30
164	145	31
164	146	32
164	147	33
164	148	34
164	149	36
164	150	37
164	151	38
164	152	40
164	153	42
164	154	44
164	155	46
164	156	48
164	157	51
164	158	53
164	159	56
164	160	60
164	161	61
164	162	62
164	163	63
164	164	64
164	165	65
164	166	65
164	167	66
164	168	66
164	169	67
164	170	68
164	171	68
164	172	69
164	173	70
164	174	70
164	175	71
164	176	72
164	177	73
164	178	74
164	179	75
164	180	76
164	181	77
164	182	78
164	183	79
164	184	80
164	185	81
164	186	83
164	187	84
164	188	85
164	189	87
164	190	88
164	191	90
164	192	92
164	193	93
164	194	94
164	195	95
164	196	96
164	197	96
164	198	97
164	199	97
164	200	97
164	201	97
164	202	98
164	203	98
164	204	98
164	205	99
164	206	99
164	207	100
164	208	100
164	209	100
164	210	101
164	211	101
164	212	102
164	213	102
164	214	103
164	215	103
164	216	104
164	217	105
164	218	105
164	219	106
164	220	107
164	221	107
164	222	108
164	223	109
164	224	110
164	225	111
164	226	112
164	227	112
164	228	113
164	229	113
164	230	113
164	231	114
164	232	114
164	233	114
164	234	115
164	235	115
164	236	116
164	237	117
164	238	117
164	239	118
164	240	119
164	241	120
164	242	120
164	243	121
164	244	121
164	245	121
164	246	122
164	247	123
164	248	124
164	249	124
164	250	124
164	251	125
164	252	126
164	253	126
164	254	127
164	255	127
165	0	128
165	1	129
165	2	129
165	3	130
165	4	130
165	5	131
165	6	132
165	7	132
165	8	133
165	9	133
165	10	134
165	11	135
165	12	135
165	13	135
165	14	136
165	15	136
165	16	137
165	17	138
165	18	139
165	19	140
165	20	140
165	21	141
165	22	141
165	23	142
165	24	142
165	25	143
165	26	143
165	27	143
165	28	144
165	29	144
165	30	145
165	31	146
165	32	146
165	33	147
165	34	148
165	35	149
165	36	150
165	37	150
165	38	151
165	39	152
165	40	152
165	41	153
165	42	154
165	43	154
165	44	155
165	45	155
165	46	155
165	47	156
165	48	156
165	49	157
165	50	157
165	51	157
165	52	158
165	53	158
165	54	159
165	55	159
165	56	159
165	57	159
165	58	160
165	59	160
165	60	161
165	61	162
165	62	163
165	63	164
165	64	165
165	65	167
165	66	168
165	67	170
165	68	172
165	69	173
165	70	174
165	71	176
165	72	177
165	73	178
165	74	179
165	75	180
165	76	181
165	77	182
165	78	183
165	79	184
165	80	185
165	81	185
165	82	186
165	83	187
165	84	188
165	85	188
165	86	189
165	87	190
165	88	190
165	89	191
165	90	191
165	91	192
165	92	193
165	93	194
165	94	195
165	95	196
165	96	197
165	97	200
165	98	204
165	99	206
165	100	209
165	101	211
165	102	213
165	103	215
165	104	217
165	105	218
165	106	220
165	107	221
165	108	222
165	109	223
165	110	225
165	111	226
165	112	226
165	113	230
165	114	232
165	115	235
165	116	236
165	117	238
165	118	239
165	119	240
165	120	241
165	121	244
165	122	246
165	123	248
165	124	249
165	125	251
165	126	252
165	127	254
165	128	128
165	129	2
165	130	4
165	131	5
165	132	7
165	133	8
165	134	10
165	135	12
165	136	15
165	137	16
165	138	17
165	139	18
165	140	20
165	141	21
165	142	24
165	143	26
165	144	30
165	145	30
165	146	31
165	147	33
165	148	34
165	149	35
165	150	36
165	151	38
165	152	39
165	153	41
165	154	43
165	155	45
165	156	47
165	157	50
165	158	52
165	159	56
165	160	59
165	161	60
165	162	61
165	163	62
165	164	63
165	165	64
165	166	65
165	167	65
165	168	66
165	169	66
165	170	67
165	171	68
165	172	68
165	173	69
165	174	70
165	175	71
165	176	71
165	177	72
165	178	73
165	179	74
165	180	75
165	181	76
165	182	77
165	183	78
165	184	79
165	185	80
165	186	82
165	187	83
165	188	84
165	189	86
165	190	88
165	191	89
165	192	91
165	193	92
165	194	93
165	195	94
165	196	95
165	197	96
165	198	96
165	199	97
165	200	97
165	201	97
165	202	97
165	203	98
165	204	98
165	205	99
165	206	99
165	207	99
165	208	100
165	209	100
165	210	101
165	211	101
165	212	101
165	213	102
165	214	102
165	215	103
165	216	104
165	217	104
165	218	105
165	219	106
165	220	106
165	221	107
165	222	108
165	223	109
165	224	110
165	225	110
165	226	111
165	227	112
165	228	112
165	229	113
165	230	113
165	231	113
165	232	114
165	233	114
165	234	115
165	235	115
165	236	116
165	237	116
165	238	117
165	239	118
165	240	119
165	241	120
165	242	120
165	243	121
165	244	121
165	245	121
165	246	122
165	247	123
165	248	123
165	249	124
165	250	124
165	251	125
165	252	126
165	253	126
165	254	127
165	255	127
166	0	128
166	1	129
166	2	129
166	3	130
166	4	130
166	5	131
166	6	132
166	7	132
166	8	133
166	9	134
166	10	134
166	11	135
166	12	135
166	13	136
166	14	136
166	15	137
166	16	138
166	17	138
166	18	139
166	19	140
166	20	140
166	21	141
166	22	141
166	23	142
166	24	142
166	25	143
166	26	143
166	27	143
166	28	144
166	29	144
166	30	145
166	31	146
166	32	147
166	33	148
166	34	149
166	35	149
166	36	150
166	37	151
166	38	152
166	39	152
166	40	153
166	41	153
166	42	154
166	43	154
166	44	155
166	45	155
166	46	156
166	47	156
166	48	157
166	49	157
166	50	157
166	51	158
166	52	158
166	53	158
166	54	159
166	55	159
166	56	159
166	57	160
166	58	160
166	59	161
166	60	162
166	61	163
166	62	164
166	63	165
166	64	166
166	65	168
166	66	169
166	67	171
166	68	172
166	69	174
166	70	175
166	71	176
166	72	178
166	73	179
166	74	180
166	75	181
166	76	182
166	77	183
166	78	184
166	79	185
166	80	185
166	81	186
166	82	187
166	83	188
166	84	188
166	85	189
166	86	190
166	87	190
166	88	191
166	89	191
166	90	192
166	91	193
166	92	194
166	93	195
166	94	196
166	95	197
166	96	198
166	97	201
166	98	204
166	99	207
166	100	210
166	101	212
166	102	214
166	103	216
166	104	217
166	105	219
166	106	220
166	107	222
166	108	223
166	109	224
166	110	225
166	111	226
166	112	227
166	113	230
166	114	233
166	115	235
166	116	237
166	117	238
166	118	239
166	119	241
166	120	242
166	121	244
166	122	246
166	123	248
166	124	249
166	125	251
166	126	252
166	127	254
166	128	128
166	129	2
166	130	4
166	131	5
166	132	7
166	133	8
166	134	10
166	135	12
166	136	14
166	137	15
166	138	17
166	139	18
166	140	19
166	141	21
166	142	23
166	143	26
166	144	29
166	145	30
166	146	31
166	147	32
166	148	33
166	149	34
166	150	36
166	151	37
166	152	39
166	153	40
166	154	42
166	155	44
166	156	46
166	157	49
166	158	52
166	159	55
166	160	58
166	161	59
166	162	60
166	163	61
166	164	62
166	165	63
166	166	64
166	167	65
166	168	65
166	169	66
166	170	66
166	171	67
166	172	68
166	173	68
166	174	69
166	175	70
166	176	71
166	177	71
166	178	72
166	179	73
166	180	74
166	181	75
166	182	76
166	183	77
166	184	78
166	185	80
166	186	81
166	187	82
166	188	84
166	189	85
166	190	87
166	191	88
166	192	90
166	193	91
166	194	92
166	195	93
166	196	94
166	197	95
166	198	96
166	199	96
166	200	97
166	201	97
166	202	97
166	203	98
166	204	98
166	205	98
166	206	99
166	207	99
166	208	99
166	209	100
166	210	100
166	211	101
166	212	101
166	213	102
166	214	102
166	215	103
166	216	103
166	217	104
166	218	104
166	219	105
166	220	106
166	221	107
166	222	107
166	223	108
166	224	109
166	225	110
166	226	111
166	227	112
166	228	112
166	229	113
166	230	113
166	231	113
166	232	114
166	233	114
166	234	115
166	235	115
166	236	116
166	237	116
166	238	117
166	239	118
166	240	118
166	241	119
166	242	120
166	243	120
166	244	121
166	245	121
166	246	122
166	247	122
166	248	123
166	249	124
166	250	124
166	251	125
166	252	126
166	253	126
166	254	127
166	255	127
167	0	128
167	1	129
167	2	129
167	3	130
167	4	130
167	5	131
167	6	132
167	7	132
167	8	133
167	9	134
167	10	134
167	11	135
167	12	135
167	13	136
167	14	136
167	15	137
167	16	138
167	17	139
167	18	139
167	19	140
167	20	141
167	21	141
167	22	142
167	23	142
167	24	142
167	25	143
167	26	143
167	27	144
167	28	144
167	29	145
167	30	146
167	31	147
167	32	148
167	33	148
167	34	149
167	35	150
167	36	151
167	37	151
167	38	152
167	39	153
167	40	153
167	41	154
167	42	154
167	43	155
167	44	155
167	45	156
167	46	156
167	47	157
167	48	157
167	49	157
167	50	158
167	51	158
167	52	158
167	53	159
167	54	159
167	55	159
167	56	160
167	57	160
167	58	161
167	59	162
167	60	163
167	61	164
167	62	165
167	63	166
167	64	167
167	65	169
167	66	170
167	67	172
167	68	173
167	69	175
167	70	176
167	71	177
167	72	178
167	73	180
167	74	181
167	75	182
167	76	183
167	77	183
167	78	184
167	79	185
167	80	186
167	81	187
167	82	188
167	83	188
167	84	189
167	85	190
167	86	190
167	87	191
167	88	191
167	89	192
167	90	193
167	91	194
167	92	195
167	93	196
167	94	197
167	95	198
167	96	199
167	97	202
167	98	205
167	99	208
167	100	210
167	101	213
167	102	215
167	103	216
167	104	218
167	105	220
167	106	221
167	107	222
167	108	223
167	109	225
167	110	226
167	111	227
167	112	228
167	113	231
167	114	233
167	115	235
167	116	237
167	117	238
167	118	240
167	119	241
167	120	242
167	121	245
167	122	246
167	123	248
167	124	249
167	125	251
167	126	252
167	127	254
167	128	128
167	129	2
167	130	4
167	131	5
167	132	7
167	133	8
167	134	10
167	135	11
167	136	14
167	137	15
167	138	16
167	139	18
167	140	19
167	141	21
167	142	23
167	143	25
167	144	28
167	145	29
167	146	30
167	147	31
167	148	33
167	149	34
167	150	35
167	151	36
167	152	38
167	153	40
167	154	41
167	155	43
167	156	46
167	157	48
167	158	51
167	159	54
167	160	57
167	161	58
167	162	59
167	163	60
167	164	61
167	165	62
167	166	63
167	167	64
167	168	65
167	169	65
167	170	66
167	171	66
167	172	67
167	173	68
167	174	68
167	175	69
167	176	70
167	177	71
167	178	72
167	179	73
167	180	73
167	181	74
167	182	75
167	183	76
167	184	78
167	185	79
167	186	80
167	187	81
167	188	83
167	189	84
167	190	86
167	191	87
167	192	89
167	193	90
167	194	91
167	195	92
167	196	93
167	197	94
167	198	95
167	199	96
167	200	96
167	201	97
167	202	97
167	203	97
167	204	98
167	205	98
167	206	98
167	207	99
167	208	99
167	209	99
167	210	100
167	211	100
167	212	101
167	213	101
167	214	102
167	215	102
167	216	103
167	217	103
167	218	104
167	219	105
167	220	105
167	221	106
167	222	107
167	223	108
167	224	108
167	225	109
167	226	110
167	227	111
167	228	112
167	229	112
167	230	113
167	231	113
167	232	114
167	233	114
167	234	114
167	235	115
167	236	115
167	237	116
167	238	117
167	239	117
167	240	118
167	241	119
167	242	120
167	243	120
167	244	121
167	245	121
167	246	122
167	247	122
167	248	123
167	249	124
167	250	124
167	251	125
167	252	126
167	253	126
167	254	127
167	255	127
168	0	128
168	1	129
168	2	129
168	3	130
168	4	130
168	5	131
168	6	132
168	7	132
168	8	133
168	9	134
168	10	134
168	11	135
168	12	135
168	13	136
168	14	136
168	15	137
168	16	138
168	17	139
168	18	140
168	19	140
168	20	141
168	21	141
168	22	142
168	23	142
168	24	143
168	25	143
168	26	143
168	27	144
168	28	144
168	29	145
168	30	146
168	31	147
168	32	148
168	33	149
168	34	150
168	35	150
168	36	151
168	37	152
168	38	152
168	39	153
168	40	154
168	41	154
168	42	155
168	43	155
168	44	156
168	45	156
168	46	157
168	47	157
168	48	157
168	49	158
168	50	158
168	51	158
168	52	159
168	53	159
168	54	159
168	55	160
168	56	160
168	57	161
168	58	162
168	59	163
168	60	164
168	61	165
168	62	166
168	63	167
168	64	168
168	65	170
168	66	171
168	67	173
168	68	174
168	69	176
168	70	177
168	71	178
168	72	179
168	73	180
168	74	181
168	75	182
168	76	183
168	77	184
168	78	185
168	79	186
168	80	187
168	81	187
168	82	188
168	83	189
168	84	190
168	85	190
168	86	191
168	87	191
168	88	192
168	89	193
168	90	194
168	91	195
168	92	196
168	93	197
168	94	198
168	95	199
168	96	200
168	97	203
168	98	206
168	99	209
168	100	211
168	101	213
168	102	215
168	103	217
168	104	219
168	105	220
168	106	222
168	107	223
168	108	224
168	109	225
168	110	226
168	111	227
168	112	228
168	113	231
168	114	234
168	115	236
168	116	237
168	117	239
168	118	240
168	119	241
168	120	242
168	121	245
168	122	247
168	123	248
168	124	249
168	125	251
168	126	252
168	127	254
168	128	128
168	129	2
168	130	4
168	131	5
168	132	7
168	133	8
168	134	9
168	135	11
168	136	14
168	137	15
168	138	16
168	139	17
168	140	19
168	141	20
168	142	22
168	143	25
168	144	28
168	145	29
168	146	30
168	147	31
168	148	32
168	149	33
168	150	34
168	151	36
168	152	37
168	153	39
168	154	41
168	155	43
168	156	45
168	157	47
168	158	50
168	159	53
168	160	56
168	161	57
168	162	58
168	163	59
168	164	60
168	165	61
168	166	62
168	167	63
168	168	64
168	169	65
168	170	65
168	171	66
168	172	66
168	173	67
168	174	68
168	175	69
168	176	69
168	177	70
168	178	71
168	179	72
168	180	73
168	181	74
168	182	75
168	183	76
168	184	77
168	185	78
168	186	79
168	187	80
168	188	82
168	189	83
168	190	85
168	191	86
168	192	88
168	193	89
168	194	90
168	195	91
168	196	92
168	197	93
168	198	94
168	199	95
168	200	96
168	201	96
168	202	97
168	203	97
168	204	97
168	205	98
168	206	98
168	207	98
168	208	99
168	209	99
168	210	99
168	211	100
168	212	100
168	213	101
168	214	101
168	215	102
168	216	102
168	217	103
168	218	104
168	219	104
168	220	105
168	221	106
168	222	106
168	223	107
168	224	108
168	225	109
168	226	110
168	227	111
168	228	112
168	229	112
168	230	113
168	231	113
168	232	113
168	233	114
168	234	114
168	235	115
168	236	115
168	237	116
168	238	116
168	239	117
168	240	118
168	241	119
168	242	120
168	243	120
168	244	121
168	245	121
168	246	122
168	247	122
168	248	123
168	249	124
168	250	124
168	251	125
168	252	126
168	253	126
168	254	127
168	255	127
169	0	128
169	1	129
169	2	129
169	3	130
169	4	131
169	5	131
169	6	132
169	7	132
169	8	133
169	9	134
169	10	134
169	11	135
169	12	135
169	13	136
169	14	136
169	15	137
169	16	138
169	17	139
169	18	140
169	19	140
169	20	141
169	21	142
169	22	142
169	23	142
169	24	143
169	25	143
169	26	144
169	27	144
169	28	145
169	29	146
169	30	147
169	31	148
169	32	148
169	33	149
169	34	150
169	35	151
169	36	152
169	37	152
169	38	153
169	39	153
169	40	154
169	41	155
169	42	155
169	43	156
169	44	156
169	45	156
169	46	157
169	47	157
169	48	158
169	49	158
169	50	158
169	51	159
169	52	159
169	53	159
169	54	160
169	55	160
169	56	161
169	57	162
169	58	163
169	59	164
169	60	165
169	61	166
169	62	167
169	63	168
169	64	169
169	65	171
169	66	172
169	67	174
169	68	175
169	69	176
169	70	178
169	71	179
169	72	180
169	73	181
169	74	182
169	75	183
169	76	184
169	77	185
169	78	186
169	79	187
169	80	187
169	81	188
169	82	189
169	83	189
169	84	190
169	85	191
169	86	191
169	87	192
169	88	193
169	89	194
169	90	195
169	91	196
169	92	197
169	93	198
169	94	199
169	95	200
169	96	201
169	97	204
169	98	207
169	99	210
169	100	212
169	101	214
169	102	216
169	103	218
169	104	219
169	105	221
169	106	222
169	107	223
169	108	225
169	109	226
169	110	227
169	111	228
169	112	228
169	113	232
169	114	234
169	115	236
169	116	238
169	117	239
169	118	240
169	119	241
169	120	242
169	121	245
169	122	247
169	123	248
169	124	249
169	125	251
169	126	253
169	127	254
169	128	128
169	129	2
169	130	3
169	131	5
169	132	7
169	133	8
169	134	9
169	135	11
169	136	14
169	137	15
169	138	16
169	139	17
169	140	18
169	141	20
169	142	22
169	143	24
169	144	28
169	145	28
169	146	29
169	147	30
169	148	31
169	149	33
169	150	34
169	151	35
169	152	37
169	153	38
169	154	40
169	155	42
169	156	44
169	157	46
169	158	49
169	159	52
169	160	55
169	161	56
169	162	57
169	163	58
169	164	59
169	165	60
169	166	61
169	167	62
169	168	63
169	169	64
169	170	65
169	171	65
169	172	66
169	173	67
169	174	67
169	175	68
169	176	69
169	177	69
169	178	70
169	179	71
169	180	72
169	181	73
169	182	74
169	183	75
169	184	76
169	185	77
169	186	78
169	187	80
169	188	81
169	189	82
169	190	84
169	191	85
169	192	87
169	193	88
169	194	89
169	195	90
169	196	91
169	197	92
169	198	93
169	199	94
169	200	95
169	201	96
169	202	96
169	203	97
169	204	97
169	205	97
169	206	98
169	207	98
169	208	98
169	209	99
169	210	99
169	211	100
169	212	100
169	213	100
169	214	101
169	215	101
169	216	102
169	217	103
169	218	103
169	219	104
169	220	104
169	221	105
169	222	106
169	223	107
169	224	108
169	225	108
169	226	109
169	227	110
169	228	111
169	229	112
169	230	112
169	231	113
169	232	113
169	233	114
169	234	114
169	235	114
169	236	115
169	237	116
169	238	116
169	239	117
169	240	118
169	241	119
169	242	120
169	243	120
169	244	121
169	245	121
169	246	122
169	247	122
169	248	123
169	249	124
169	250	124
169	251	125
169	252	125
169	253	126
169	254	127
169	255	127
170	0	128
170	1	129
170	2	129
170	3	130
170	4	131
170	5	131
170	6	132
170	7	132
170	8	133
170	9	134
170	10	135
170	11	135
170	12	136
170	13	136
170	14	137
170	15	138
170	16	138
170	17	139
170	18	140
170	19	141
170	20	141
170	21	142
170	22	142
170	23	143
170	24	143
170	25	143
170	26	144
170	27	144
170	28	145
170	29	146
170	30	147
170	31	148
170	32	149
170	33	150
170	34	151
170	35	151
170	36	152
170	37	153
170	38	153
170	39	154
170	40	154
170	41	155
170	42	155
170	43	156
170	44	156
170	45	157
170	46	157
170	47	158
170	48	158
170	49	158
170	50	159
170	51	159
170	52	159
170	53	160
170	54	160
170	55	161
170	56	162
170	57	163
170	58	164
170	59	165
170	60	166
170	61	167
170	62	168
170	63	169
170	64	170
170	65	172
170	66	173
170	67	175
170	68	176
170	69	177
170	70	179
170	71	180
170	72	181
170	73	182
170	74	183
170	75	184
170	76	185
170	77	186
170	78	186
170	79	187
170	80	188
170	81	189
170	82	189
170	83	190
170	84	191
170	85	191
170	86	192
170	87	193
170	88	194
170	89	195
170	90	196
170	91	197
170	92	198
170	93	199
170	94	200
170	95	201
170	96	202
170	97	205
170	98	208
170	99	211
170	100	213
170	101	215
170	102	217
170	103	218
170	104	220
170	105	221
170	106	223
170	107	224
170	108	225
170	109	226
170	110	227
170	111	228
170	112	229
170	113	232
170	114	234
170	115	236
170	116	238
170	117	239
170	118	241
170	119	242
170	120	242
170	121	245
170	122	247
170	123	248
170	124	249
170	125	252
170	126	253
170	127	254
170	128	128
170	129	2
170	130	3
170	131	4
170	132	7
170	133	8
170	134	9
170	135	11
170	136	14
170	137	14
170	138	15
170	139	17
170	140	18
170	141	20
170	142	22
170	143	24
170	144	27
170	145	28
170	146	29
170	147	30
170	148	31
170	149	32
170	150	33
170	151	35
170	152	36
170	153	38
170	154	39
170	155	41
170	156	43
170	157	45
170	158	48
170	159	51
170	160	54
170	161	55
170	162	56
170	163	57
170	164	58
170	165	59
170	166	60
170	167	61
170	168	62
170	169	63
170	170	64
170	171	65
170	172	65
170	173	66
170	174	67
170	175	67
170	176	68
170	177	69
170	178	70
170	179	70
170	180	71
170	181	72
170	182	73
170	183	74
170	184	75
170	185	76
170	186	77
170	187	79
170	188	80
170	189	81
170	190	83
170	191	84
170	192	86
170	193	87
170	194	88
170	195	89
170	196	90
170	197	91
170	198	92
170	199	93
170	200	94
170	201	95
170	202	96
170	203	96
170	204	97
170	205	97
170	206	97
170	207	98
170	208	98
170	209	98
170	210	99
170	211	99
170	212	100
170	213	100
170	214	101
170	215	101
170	216	102
170	217	102
170	218	103
170	219	103
170	220	104
170	221	105
170	222	105
170	223	106
170	224	107
170	225	108
170	226	109
170	227	110
170	228	111
170	229	112
170	230	112
170	231	113
170	232	113
170	233	113
170	234	114
170	235	114
170	236	115
170	237	115
170	238	116
170	239	117
170	240	118
170	241	118
170	242	119
170	243	120
170	244	120
170	245	121
170	246	121
170	247	122
170	248	123
170	249	124
170	250	124
170	251	125
170	252	125
170	253	126
170	254	127
170	255	127
171	0	128
171	1	129
171	2	129
171	3	130
171	4	131
171	5	131
171	6	132
171	7	132
171	8	133
171	9	134
171	10	135
171	11	135
171	12	136
171	13	136
171	14	137
171	15	138
171	16	139
171	17	140
171	18	140
171	19	141
171	20	141
171	21	142
171	22	142
171	23	143
171	24	143
171	25	144
171	26	144
171	27	145
171	28	146
171	29	147
171	30	148
171	31	149
171	32	150
171	33	150
171	34	151
171	35	152
171	36	152
171	37	153
171	38	154
171	39	154
171	40	155
171	41	155
171	42	156
171	43	156
171	44	157
171	45	157
171	46	158
171	47	158
171	48	158
171	49	159
171	50	159
171	51	159
171	52	160
171	53	160
171	54	161
171	55	162
171	56	163
171	57	164
171	58	166
171	59	167
171	60	167
171	61	168
171	62	169
171	63	170
171	64	171
171	65	173
171	66	174
171	67	176
171	68	177
171	69	178
171	70	179
171	71	181
171	72	182
171	73	183
171	74	184
171	75	185
171	76	185
171	77	186
171	78	187
171	79	188
171	80	189
171	81	189
171	82	190
171	83	191
171	84	191
171	85	192
171	86	193
171	87	194
171	88	195
171	89	196
171	90	198
171	91	199
171	92	199
171	93	200
171	94	201
171	95	202
171	96	203
171	97	206
171	98	209
171	99	211
171	100	214
171	101	216
171	102	217
171	103	219
171	104	221
171	105	222
171	106	223
171	107	225
171	108	226
171	109	227
171	110	228
171	111	229
171	112	230
171	113	232
171	114	235
171	115	237
171	116	238
171	117	240
171	118	241
171	119	242
171	120	243
171	121	245
171	122	247
171	123	248
171	124	249
171	125	252
171	126	253
171	127	254
171	128	128
171	129	2
171	130	3
171	131	4
171	132	7
171	133	8
171	134	9
171	135	11
171	136	13
171	137	14
171	138	15
171	139	16
171	140	18
171	141	19
171	142	21
171	143	24
171	144	26
171	145	27
171	146	28
171	147	29
171	148	30
171	149	31
171	150	33
171	151	34
171	152	35
171	153	37
171	154	39
171	155	40
171	156	42
171	157	45
171	158	47
171	159	50
171	160	53
171	161	54
171	162	55
171	163	56
171	164	57
171	165	57
171	166	58
171	167	60
171	168	61
171	169	62
171	170	63
171	171	64
171	172	65
171	173	65
171	174	66
171	175	67
171	176	67
171	177	68
171	178	69
171	179	70
171	180	71
171	181	71
171	182	72
171	183	73
171	184	74
171	185	75
171	186	77
171	187	78
171	188	79
171	189	80
171	190	82
171	191	83
171	192	85
171	193	86
171	194	87
171	195	88
171	196	89
171	197	89
171	198	90
171	199	92
171	200	93
171	201	94
171	202	95
171	203	96
171	204	96
171	205	97
171	206	97
171	207	97
171	208	98
171	209	98
171	210	98
171	211	99
171	212	99
171	213	100
171	214	100
171	215	101
171	216	101
171	217	102
171	218	102
171	219	103
171	220	104
171	221	104
171	222	105
171	223	106
171	224	106
171	225	107
171	226	108
171	227	109
171	228	110
171	229	111
171	230	112
171	231	112
171	232	113
171	233	113
171	234	114
171	235	114
171	236	115
171	237	115
171	238	116
171	239	116
171	240	117
171	241	118
171	242	119
171	243	120
171	244	120
171	245	121
171	246	121
171	247	122
171	248	123
171	249	124
171	250	124
171	251	125
171	252	125
171	253	126
171	254	127
171	255	127
172	0	128
172	1	129
172	2	129
172	3	130
172	4	131
172	5	131
172	6	132
172	7	133
172	8	134
172	9	134
172	10	135
172	11	135
172	12	136
172	13	136
172	14	137
172	15	138
172	16	139
172	17	140
172	18	140
172	19	141
172	20	142
172	21	142
172	22	143
172	23	143
172	24	143
172	25	144
172	26	144
172	27	145
172	28	146
172	29	147
172	30	148
172	31	149
172	32	150
172	33	151
172	34	152
172	35	152
172	36	153
172	37	154
172	38	154
172	39	155
172	40	155
172	41	156
172	42	156
172	43	157
172	44	157
172	45	158
172	46	158
172	47	158
172	48	159
172	49	159
172	50	159
172	51	160
172	52	160
172	53	161
172	54	162
172	55	163
172	56	165
172	57	166
172	58	167
172	59	168
172	60	169
172	61	169
172	62	170
172	63	171
172	64	172
172	65	174
172	66	175
172	67	176
172	68	178
172	69	179
172	70	180
172	71	181
172	72	182
172	73	183
172	74	184
172	75	185
172	76	186
172	77	187
172	78	188
172	79	189
172	80	189
172	81	190
172	82	191
172	83	191
172	84	192
172	85	193
172	86	194
172	87	195
172	88	197
172	89	198
172	90	199
172	91	200
172	92	201
172	93	201
172	94	202
172	95	203
172	96	204
172	97	207
172	98	210
172	99	212
172	100	214
172	101	216
172	102	218
172	103	220
172	104	221
172	105	223
172	106	224
172	107	225
172	108	226
172	109	227
172	110	228
172	111	229
172	112	230
172	113	233
172	114	235
172	115	237
172	116	239
172	117	240
172	118	241
172	119	242
172	120	243
172	121	246
172	122	247
172	123	249
172	124	250
172	125	252
172	126	253
172	127	254
172	128	128
172	129	2
172	130	3
172	131	4
172	132	6
172	133	7
172	134	9
172	135	10
172	136	13
172	137	14
172	138	15
172	139	16
172	140	17
172	141	19
172	142	21
172	143	23
172	144	26
172	145	27
172	146	28
172	147	29
172	148	30
172	149	31
172	150	32
172	151	33
172	152	35
172	153	36
172	154	38
172	155	40
172	156	42
172	157	44
172	158	46
172	159	49
172	160	52
172	161	53
172	162	54
172	163	55
172	164	55
172	165	56
172	166	57
172	167	58
172	168	59
172	169	61
172	170	62
172	171	63
172	172	64
172	173	65
172	174	65
172	175	66
172	176	67
172	177	67
172	178	68
172	179	69
172	180	70
172	181	71
172	182	72
172	183	73
172	184	74
172	185	75
172	186	76
172	187	77
172	188	78
172	189	80
172	190	81
172	191	82
172	192	84
172	193	85
172	194	86
172	195	87
172	196	87
172	197	88
172	198	89
172	199	90
172	200	91
172	201	93
172	202	94
172	203	95
172	204	96
172	205	96
172	206	97
172	207	97
172	208	97
172	209	98
172	210	98
172	211	98
172	212	99
172	213	99
172	214	100
172	215	100
172	216	101
172	217	101
172	218	102
172	219	102
172	220	103
172	221	104
172	222	104
172	223	105
172	224	106
172	225	107
172	226	108
172	227	109
172	228	110
172	229	111
172	230	112
172	231	112
172	232	113
172	233	113
172	234	113
172	235	114
172	236	114
172	237	115
172	238	116
172	239	116
172	240	117
172	241	118
172	242	119
172	243	120
172	244	120
172	245	121
172	246	121
172	247	122
172	248	122
172	249	123
172	250	124
172	251	125
172	252	125
172	253	126
172	254	127
172	255	127
173	0	128
173	1	129
173	2	129
173	3	130
173	4	131
173	5	131
173	6	132
173	7	133
173	8	134
173	9	134
173	10	135
173	11	135
173	12	136
173	13	136
173	14	137
173	15	138
173	16	139
173	17	140
173	18	141
173	19	141
173	20	142
173	21	142
173	22	143
173	23	143
173	24	144
173	25	144
173	26	145
173	27	146
173	28	147
173	29	148
173	30	149
173	31	150
173	32	150
173	33	151
173	34	152
173	35	153
173	36	153
173	37	154
173	38	155
173	39	155
173	40	156
173	41	156
173	42	157
173	43	157
173	44	157
173	45	158
173	46	158
173	47	159
173	48	159
173	49	159
173	50	160
173	51	160
173	52	161
173	53	162
173	54	164
173	55	165
173	56	166
173	57	167
173	58	168
173	59	169
173	60	170
173	61	170
173	62	171
173	63	172
173	64	173
173	65	175
173	66	176
173	67	177
173	68	179
173	69	180
173	70	181
173	71	182
173	72	183
173	73	184
173	74	185
173	75	186
173	76	187
173	77	188
173	78	189
173	79	189
173	80	190
173	81	191
173	82	191
173	83	192
173	84	193
173	85	194
173	86	196
173	87	197
173	88	198
173	89	199
173	90	200
173	91	201
173	92	202
173	93	202
173	94	203
173	95	204
173	96	205
173	97	208
173	98	211
173	99	213
173	100	215
173	101	217
173	102	219
173	103	221
173	104	222
173	105	223
173	106	225
173	107	226
173	108	227
173	109	228
173	110	229
173	111	230
173	112	230
173	113	233
173	114	236
173	115	237
173	116	239
173	117	240
173	118	241
173	119	242
173	120	243
173	121	246
173	122	248
173	123	249
173	124	250
173	125	252
173	126	253
173	127	254
173	128	128
173	129	2
173	130	3
173	131	4
173	132	6
173	133	7
173	134	8
173	135	10
173	136	13
173	137	14
173	138	15
173	139	16
173	140	17
173	141	19
173	142	20
173	143	23
173	144	26
173	145	26
173	146	27
173	147	28
173	148	29
173	149	30
173	150	31
173	151	33
173	152	34
173	153	35
173	154	37
173	155	39
173	156	41
173	157	43
173	158	45
173	159	48
173	160	51
173	161	52
173	162	53
173	163	54
173	164	54
173	165	55
173	166	56
173	167	57
173	168	58
173	169	59
173	170	60
173	171	62
173	172	63
173	173	64
173	174	65
173	175	65
173	176	66
173	177	67
173	178	67
173	179	68
173	180	69
173	181	70
173	182	71
173	183	72
173	184	73
173	185	74
173	186	75
173	187	76
173	188	77
173	189	79
173	190	80
173	191	81
173	192	83
173	193	84
173	194	85
173	195	86
173	196	86
173	197	87
173	198	88
173	199	89
173	200	90
173	201	91
173	202	92
173	203	94
173	204	95
173	205	96
173	206	96
173	207	97
173	208	97
173	209	97
173	210	98
173	211	98
173	212	99
173	213	99
173	214	99
173	215	100
173	216	100
173	217	101
173	218	101
173	219	102
173	220	103
173	221	103
173	222	104
173	223	105
173	224	106
173	225	106
173	226	107
173	227	108
173	228	109
173	229	110
173	230	111
173	231	112
173	232	112
173	233	113
173	234	113
173	235	114
173	236	114
173	237	115
173	238	115
173	239	116
173	240	117
173	241	118
173	242	119
173	243	120
173	244	120
173	245	121
173	246	121
173	247	122
173	248	122
173	249	123
173	250	124
173	251	125
173	252	125
173	253	126
173	254	127
173	255	127
174	0	128
174	1	129
174	2	129
174	3	130
174	4	131
174	5	132
174	6	132
174	7	133
174	8	134
174	9	134
174	10	135
174	11	135
174	12	136
174	13	137
174	14	138
174	15	139
174	16	140
174	17	140
174	18	141
174	19	141
174	20	142
174	21	142
174	22	143
174	23	143
174	24	144
174	25	144
174	26	145
174	27	146
174	28	147
174	29	148
174	30	149
174	31	150
174	32	151
174	33	152
174	34	152
174	35	153
174	36	154
174	37	154
174	38	155
174	39	155
174	40	156
174	41	156
174	42	157
174	43	157
174	44	158
174	45	158
174	46	159
174	47	159
174	48	159
174	49	160
174	50	160
174	51	161
174	52	162
174	53	164
174	54	165
174	55	166
174	56	167
174	57	168
174	58	169
174	59	170
174	60	171
174	61	172
174	62	172
174	63	173
174	64	174
174	65	176
174	66	177
174	67	178
174	68	180
174	69	181
174	70	182
174	71	183
174	72	184
174	73	185
174	74	186
174	75	187
174	76	188
174	77	188
174	78	189
174	79	190
174	80	191
174	81	191
174	82	192
174	83	193
174	84	194
174	85	196
174	86	197
174	87	198
174	88	199
174	89	200
174	90	201
174	91	202
174	92	203
174	93	204
174	94	204
174	95	205
174	96	206
174	97	209
174	98	212
174	99	214
174	100	216
174	101	218
174	102	220
174	103	221
174	104	223
174	105	224
174	106	225
174	107	226
174	108	227
174	109	228
174	110	229
174	111	230
174	112	231
174	113	234
174	114	236
174	115	238
174	116	239
174	117	241
174	118	242
174	119	243
174	120	244
174	121	246
174	122	248
174	123	249
174	124	250
174	125	252
174	126	253
174	127	254
174	128	128
174	129	2
174	130	3
174	131	4
174	132	6
174	133	7
174	134	8
174	135	10
174	136	12
174	137	13
174	138	14
174	139	15
174	140	17
174	141	18
174	142	20
174	143	22
174	144	25
174	145	26
174	146	27
174	147	28
174	148	29
174	149	30
174	150	31
174	151	32
174	152	33
174	153	35
174	154	36
174	155	38
174	156	40
174	157	42
174	158	44
174	159	47
174	160	50
174	161	51
174	162	52
174	163	52
174	164	53
174	165	54
174	166	55
174	167	56
174	168	57
174	169	58
174	170	59
174	171	60
174	172	62
174	173	63
174	174	64
174	175	65
174	176	65
174	177	66
174	178	67
174	179	68
174	180	68
174	181	69
174	182	70
174	183	71
174	184	72
174	185	73
174	186	74
174	187	75
174	188	76
174	189	78
174	190	79
174	191	80
174	192	82
174	193	83
174	194	84
174	195	84
174	196	85
174	197	86
174	198	87
174	199	88
174	200	89
174	201	90
174	202	91
174	203	92
174	204	94
174	205	95
174	206	96
174	207	96
174	208	97
174	209	97
174	210	97
174	211	98
174	212	98
174	213	99
174	214	99
174	215	100
174	216	100
174	217	101
174	218	101
174	219	102
174	220	102
174	221	103
174	222	104
174	223	104
174	224	105
174	225	106
174	226	107
174	227	108
174	228	109
174	229	110
174	230	111
174	231	112
174	232	112
174	233	113
174	234	113
174	235	114
174	236	114
174	237	115
174	238	115
174	239	116
174	240	116
174	241	117
174	242	118
174	243	119
174	244	120
174	245	121
174	246	121
174	247	122
174	248	122
174	249	123
174	250	124
174	251	124
174	252	125
174	253	126
174	254	127
174	255	127
175	0	128
175	1	129
175	2	129
175	3	130
175	4	131
175	5	132
175	6	132
175	7	133
175	8	134
175	9	135
175	10	135
175	11	136
175	12	136
175	13	137
175	14	138
175	15	139
175	16	140
175	17	140
175	18	141
175	19	142
175	20	142
175	21	143
175	22	143
175	23	143
175	24	144
175	25	145
175	26	146
175	27	147
175	28	148
175	29	149
175	30	150
175	31	151
175	32	152
175	33	152
175	34	153
175	35	154
175	36	154
175	37	155
175	38	155
175	39	156
175	40	156
175	41	157
175	42	157
175	43	158
175	44	158
175	45	159
175	46	159
175	47	159
175	48	160
175	49	160
175	50	161
175	51	163
175	52	164
175	53	165
175	54	166
175	55	167
175	56	168
175	57	169
175	58	170
175	59	171
175	60	172
175	61	173
175	62	173
175	63	174
175	64	175
175	65	176
175	66	178
175	67	179
175	68	180
175	69	182
175	70	183
175	71	184
175	72	185
175	73	186
175	74	187
175	75	188
175	76	188
175	77	189
175	78	190
175	79	191
175	80	191
175	81	192
175	82	193
175	83	195
175	84	196
175	85	197
175	86	198
175	87	199
175	88	200
175	89	201
175	90	202
175	91	203
175	92	204
175	93	205
175	94	205
175	95	206
175	96	207
175	97	210
175	98	212
175	99	215
175	100	217
175	101	219
175	102	220
175	103	222
175	104	223
175	105	225
175	106	226
175	107	227
175	108	228
175	109	229
175	110	230
175	111	231
175	112	232
175	113	234
175	114	236
175	115	238
175	116	240
175	117	241
175	118	242
175	119	243
175	120	244
175	121	246
175	122	248
175	123	249
175	124	250
175	125	252
175	126	253
175	127	254
175	128	128
175	129	2
175	130	3
175	131	4
175	132	6
175	133	7
175	134	8
175	135	10
175	136	12
175	137	13
175	138	14
175	139	15
175	140	16
175	141	18
175	142	20
175	143	22
175	144	24
175	145	25
175	146	26
175	147	27
175	148	28
175	149	29
175	150	30
175	151	31
175	152	33
175	153	34
175	154	36
175	155	37
175	156	39
175	157	41
175	158	44
175	159	46
175	160	49
175	161	50
175	162	51
175	163	51
175	164	52
175	165	53
175	166	54
175	167	55
175	168	56
175	169	57
175	170	58
175	171	59
175	172	60
175	173	61
175	174	63
175	175	64
175	176	65
175	177	65
175	178	66
175	179	67
175	180	68
175	181	68
175	182	69
175	183	70
175	184	71
175	185	72
175	186	73
175	187	74
175	188	76
175	189	77
175	190	78
175	191	80
175	192	81
175	193	82
175	194	83
175	195	83
175	196	84
175	197	85
175	198	86
175	199	87
175	200	88
175	201	89
175	202	90
175	203	91
175	204	92
175	205	93
175	206	95
175	207	96
175	208	96
175	209	97
175	210	97
175	211	97
175	212	98
175	213	98
175	214	99
175	215	99
175	216	100
175	217	100
175	218	101
175	219	101
175	220	102
175	221	102
175	222	103
175	223	104
175	224	104
175	225	105
175	226	106
175	227	107
175	228	108
175	229	109
175	230	110
175	231	111
175	232	112
175	233	113
175	234	113
175	235	113
175	236	114
175	237	114
175	238	115
175	239	116
175	240	116
175	241	117
175	242	118
175	243	119
175	244	120
175	245	120
175	246	121
175	247	121
175	248	122
175	249	123
175	250	124
175	251	124
175	252	125
175	253	126
175	254	127
175	255	127
176	0	128
176	1	129
176	2	130
176	3	130
176	4	131
176	5	132
176	6	132
176	7	133
176	8	134
176	9	135
176	10	135
176	11	136
176	12	136
176	13	137
176	14	138
176	15	139
176	16	140
176	17	141
176	18	141
176	19	142
176	20	142
176	21	143
176	22	143
176	23	144
176	24	144
176	25	145
176	26	146
176	27	148
176	28	149
176	29	150
176	30	150
176	31	151
176	32	152
176	33	153
176	34	153
176	35	154
176	36	155
176	37	155
176	38	156
176	39	156
176	40	157
176	41	157
176	42	158
176	43	158
176	44	159
176	45	159
176	46	159
176	47	160
176	48	160
176	49	161
176	50	163
176	51	164
176	52	165
176	53	166
176	54	167
176	55	168
176	56	169
176	57	170
176	58	171
176	59	172
176	60	173
176	61	174
176	62	174
176	63	175
176	64	176
176	65	177
176	66	179
176	67	180
176	68	181
176	69	182
176	70	184
176	71	185
176	72	186
176	73	187
176	74	187
176	75	188
176	76	189
176	77	190
176	78	191
176	79	191
176	80	192
176	81	193
176	82	195
176	83	196
176	84	197
176	85	198
176	86	199
176	87	200
176	88	201
176	89	202
176	90	203
176	91	204
176	92	205
176	93	206
176	94	206
176	95	207
176	96	208
176	97	211
176	98	213
176	99	216
176	100	218
176	101	219
176	102	221
176	103	223
176	104	224
176	105	225
176	106	226
176	107	228
176	108	229
176	109	230
176	110	230
176	111	231
176	112	232
176	113	235
176	114	237
176	115	239
176	116	240
176	117	241
176	118	242
176	119	243
176	120	244
176	121	246
176	122	248
176	123	249
176	124	250
176	125	252
176	126	253
176	127	254
176	128	128
176	129	2
176	130	3
176	131	4
176	132	6
176	133	7
176	134	8
176	135	10
176	136	12
176	137	13
176	138	14
176	139	15
176	140	16
176	141	17
176	142	19
176	143	21
176	144	24
176	145	25
176	146	26
176	147	26
176	148	27
176	149	28
176	150	30
176	151	31
176	152	32
176	153	33
176	154	35
176	155	37
176	156	38
176	157	40
176	158	43
176	159	45
176	160	48
176	161	49
176	162	50
176	163	50
176	164	51
176	165	52
176	166	53
176	167	54
176	168	55
176	169	56
176	170	57
176	171	58
176	172	59
176	173	60
176	174	61
176	175	63
176	176	64
176	177	65
176	178	65
176	179	66
176	180	67
176	181	68
176	182	69
176	183	69
176	184	70
176	185	71
176	186	72
176	187	74
176	188	75
176	189	76
176	190	77
176	191	79
176	192	80
176	193	81
176	194	82
176	195	82
176	196	83
176	197	84
176	198	85
176	199	86
176	200	87
176	201	88
176	202	89
176	203	90
176	204	91
176	205	92
176	206	93
176	207	95
176	208	96
176	209	96
176	210	97
176	211	97
176	212	97
176	213	98
176	214	98
176	215	99
176	216	99
176	217	100
176	218	100
176	219	101
176	220	101
176	221	102
176	222	103
176	223	103
176	224	104
176	225	105
176	226	106
176	227	106
176	228	107
176	229	108
176	230	110
176	231	111
176	232	112
176	233	112
176	234	113
176	235	113
176	236	114
176	237	114
176	238	115
176	239	115
176	240	116
176	241	117
176	242	118
176	243	119
176	244	120
176	245	120
176	246	121
176	247	121
176	248	122
176	249	123
176	250	124
176	251	124
176	252	125
176	253	126
176	254	126
176	255	127
177	0	128
177	1	129
177	2	130
177	3	130
177	4	131
177	5	132
177	6	132
177	7	133
177	8	134
177	9	135
177	10	135
177	11	136
177	12	136
177	13	138
177	14	139
177	15	139
177	16	140
177	17	141
177	18	142
177	19	142
177	20	143
177	21	143
177	22	143
177	23	144
177	24	145
177	25	146
177	26	147
177	27	148
177	28	149
177	29	150
177	30	151
177	31	152
177	32	152
177	33	153
177	34	154
177	35	155
177	36	155
177	37	156
177	38	156
177	39	157
177	40	157
177	41	158
177	42	158
177	43	159
177	44	159
177	45	159
177	46	160
177	47	160
177	48	161
177	49	163
177	50	164
177	51	165
177	52	166
177	53	167
177	54	168
177	55	169
177	56	170
177	57	171
177	58	172
177	59	173
177	60	174
177	61	175
177	62	175
177	63	176
177	64	177
177	65	178
177	66	180
177	67	181
177	68	182
177	69	183
177	70	184
177	71	185
177	72	186
177	73	187
177	74	188
177	75	189
177	76	190
177	77	191
177	78	191
177	79	192
177	80	193
177	81	195
177	82	196
177	83	197
177	84	198
177	85	199
177	86	200
177	87	201
177	88	202
177	89	203
177	90	204
177	91	205
177	92	206
177	93	207
177	94	207
177	95	208
177	96	209
177	97	212
177	98	214
177	99	216
177	100	218
177	101	220
177	102	222
177	103	223
177	104	225
177	105	226
177	106	227
177	107	228
177	108	229
177	109	230
177	110	231
177	111	232
177	112	232
177	113	235
177	114	237
177	115	239
177	116	240
177	117	242
177	118	243
177	119	243
177	120	244
177	121	247
177	122	248
177	123	249
177	124	250
177	125	252
177	126	253
177	127	255
177	128	128
177	129	1
177	130	3
177	131	4
177	132	6
177	133	7
177	134	8
177	135	9
177	136	12
177	137	13
177	138	13
177	139	14
177	140	16
177	141	17
177	142	19
177	143	21
177	144	24
177	145	24
177	146	25
177	147	26
177	148	27
177	149	28
177	150	29
177	151	30
177	152	31
177	153	33
177	154	34
177	155	36
177	156	38
177	157	40
177	158	42
177	159	44
177	160	47
177	161	48
177	162	49
177	163	49
177	164	50
177	165	51
177	166	52
177	167	53
177	168	54
177	169	55
177	170	56
177	171	57
177	172	58
177	173	59
177	174	60
177	175	61
177	176	63
177	177	64
177	178	65
177	179	65
177	180	66
177	181	67
177	182	68
177	183	69
177	184	70
177	185	71
177	186	72
177	187	73
177	188	74
177	189	75
177	190	76
177	191	78
177	192	79
177	193	80
177	194	81
177	195	81
177	196	82
177	197	83
177	198	84
177	199	85
177	200	86
177	201	87
177	202	88
177	203	89
177	204	90
177	205	91
177	206	92
177	207	93
177	208	95
177	209	96
177	210	96
177	211	97
177	212	97
177	213	97
177	214	98
177	215	98
177	216	99
177	217	99
177	218	100
177	219	100
177	220	101
177	221	101
177	222	102
177	223	103
177	224	104
177	225	104
177	226	105
177	227	106
177	228	107
177	229	108
177	230	109
177	231	110
177	232	111
177	233	112
177	234	113
177	235	113
177	236	113
177	237	114
177	238	114
177	239	115
177	240	116
177	241	117
177	242	117
177	243	118
177	244	120
177	245	120
177	246	121
177	247	121
177	248	122
177	249	123
177	250	124
177	251	124
177	252	125
177	253	126
177	254	126
177	255	127
178	0	128
178	1	129
178	2	130
178	3	130
178	4	131
178	5	132
178	6	132
178	7	133
178	8	134
178	9	135
178	10	135
178	11	136
178	12	137
178	13	138
178	14	139
178	15	140
178	16	140
178	17	141
178	18	142
178	19	142
178	20	143
178	21	143
178	22	144
178	23	144
178	24	145
178	25	147
178	26	148
178	27	149
178	28	150
178	29	151
178	30	151
178	31	152
178	32	153
178	33	154
178	34	154
178	35	155
178	36	156
178	37	156
178	38	157
178	39	157
178	40	158
178	41	158
178	42	158
178	43	159
178	44	159
178	45	160
178	46	160
178	47	161
178	48	163
178	49	164
178	50	165
178	51	166
178	52	167
178	53	168
178	54	169
178	55	170
178	56	171
178	57	172
178	58	173
178	59	174
178	60	175
178	61	176
178	62	177
178	63	177
178	64	178
178	65	179
178	66	181
178	67	182
178	68	183
178	69	184
178	70	185
178	71	186
178	72	187
178	73	188
178	74	189
178	75	190
178	76	191
178	77	191
178	78	192
178	79	193
178	80	195
178	81	196
178	82	197
178	83	198
178	84	199
178	85	200
178	86	201
178	87	202
178	88	203
178	89	204
178	90	205
178	91	206
178	92	207
178	93	208
178	94	209
178	95	209
178	96	210
178	97	213
178	98	215
178	99	217
178	100	219
178	101	221
178	102	223
178	103	224
178	104	225
178	105	227
178	106	228
178	107	229
178	108	230
178	109	231
178	110	231
178	111	232
178	112	233
178	113	236
178	114	238
178	115	239
178	116	241
178	117	242
178	118	243
178	119	244
178	120	244
178	121	247
178	122	248
178	123	249
178	124	250
178	125	252
178	126	253
178	127	255
178	128	128
178	129	1
178	130	3
178	131	4
178	132	6
178	133	7
178	134	8
178	135	9
178	136	12
178	137	12
178	138	13
178	139	14
178	140	15
178	141	17
178	142	18
178	143	20
178	144	23
178	145	24
178	146	25
178	147	25
178	148	26
178	149	27
178	150	28
178	151	29
178	152	31
178	153	32
178	154	33
178	155	35
178	156	37
178	157	39
178	158	41
178	159	43
178	160	46
178	161	47
178	162	47
178	163	48
178	164	49
178	165	50
178	166	51
178	167	52
178	168	53
178	169	54
178	170	55
178	171	56
178	172	57
178	173	58
178	174	59
178	175	60
178	176	61
178	177	63
178	178	64
178	179	65
178	180	65
178	181	66
178	182	67
178	183	68
178	184	69
178	185	70
178	186	71
178	187	72
178	188	73
178	189	74
178	190	75
178	191	77
178	192	78
178	193	79
178	194	79
178	195	80
178	196	81
178	197	82
178	198	83
178	199	84
178	200	85
178	201	86
178	202	87
178	203	88
178	204	89
178	205	90
178	206	91
178	207	92
178	208	93
178	209	95
178	210	96
178	211	96
178	212	97
178	213	97
178	214	98
178	215	98
178	216	98
178	217	99
178	218	99
178	219	100
178	220	100
178	221	101
178	222	102
178	223	102
178	224	103
178	225	104
178	226	105
178	227	105
178	228	106
178	229	107
178	230	108
178	231	109
178	232	111
178	233	112
178	234	112
178	235	113
178	236	113
178	237	114
178	238	114
178	239	115
178	240	116
178	241	116
178	242	117
178	243	118
178	244	119
178	245	120
178	246	121
178	247	121
178	248	122
178	249	123
178	250	124
178	251	124
178	252	125
178	253	126
178	254	126
178	255	127
179	0	128
179	1	129
179	2	130
179	3	130
179	4	131
179	5	132
179	6	132
179	7	134
179	8	134
179	9	135
179	10	136
179	11	136
179	12	137
179	13	138
179	14	139
179	15	140
179	16	141
179	17	141
179	18	142
179	19	143
179	20	143
179	21	143
179	22	144
179	23	145
179	24	146
179	25	147
179	26	148
179	27	149
179	28	150
179	29	151
179	30	152
179	31	153
179	32	154
179	33	154
179	34	155
179	35	155
179	36	156
179	37	157
179	38	157
179	39	158
179	40	158
179	41	158
179	42	159
179	43	159
179	44	160
179	45	160
179	46	161
179	47	163
179	48	164
179	49	165
179	50	166
179	51	168
179	52	169
179	53	170
179	54	171
179	55	172
179	56	173
179	57	173
179	58	174
179	59	175
179	60	176
179	61	177
179	62	178
179	63	178
179	64	179
179	65	180
179	66	182
179	67	183
179	68	184
179	69	185
179	70	186
179	71	187
179	72	188
179	73	189
179	74	190
179	75	191
179	76	191
179	77	192
179	78	193
179	79	195
179	80	196
179	81	197
179	82	198
179	83	200
179	84	201
179	85	202
179	86	203
179	87	204
179	88	205
179	89	205
179	90	206
179	91	207
179	92	208
179	93	209
179	94	210
179	95	210
179	96	211
179	97	214
179	98	216
179	99	218
179	100	220
179	101	222
179	102	223
179	103	225
179	104	226
179	105	227
179	106	228
179	107	229
179	108	230
179	109	231
179	110	232
179	111	233
179	112	234
179	113	236
179	114	238
179	115	240
179	116	241
179	117	242
179	118	243
179	119	244
179	120	245
179	121	247
179	122	248
179	123	250
179	124	250
179	125	252
179	126	253
179	127	255
179	128	128
179	129	1
179	130	3
179	131	4
179	132	6
179	133	6
179	134	8
179	135	9
179	136	11
179	137	12
179	138	13
179	139	14
179	140	15
179	141	16
179	142	18
179	143	20
179	144	22
179	145	23
179	146	24
179	147	25
179	148	26
179	149	27
179	150	28
179	151	29
179	152	30
179	153	31
179	154	33
179	155	34
179	156	36
179	157	38
179	158	40
179	159	42
179	160	45
179	161	46
179	162	46
179	163	47
179	164	48
179	165	49
179	166	50
179	167	51
179	168	51
179	169	52
179	170	53
179	171	54
179	172	55
179	173	56
179	174	58
179	175	59
179	176	60
179	177	61
179	178	63
179	179	64
179	180	65
179	181	65
179	182	66
179	183	67
179	184	68
179	185	69
179	186	70
179	187	71
179	188	72
179	189	73
179	190	74
179	191	76
179	192	77
179	193	78
179	194	78
179	195	79
179	196	80
179	197	81
179	198	82
179	199	83
179	200	83
179	201	84
179	202	85
179	203	86
179	204	87
179	205	88
179	206	90
179	207	91
179	208	92
179	209	93
179	210	95
179	211	96
179	212	96
179	213	97
179	214	97
179	215	98
179	216	98
179	217	98
179	218	99
179	219	99
179	220	100
179	221	101
179	222	101
179	223	102
179	224	102
179	225	103
179	226	104
179	227	105
179	228	106
179	229	107
179	230	108
179	231	109
179	232	110
179	233	111
179	234	112
179	235	113
179	236	113
179	237	113
179	238	114
179	239	115
179	240	115
179	241	116
179	242	117
179	243	118
179	244	119
179	245	120
179	246	120
179	247	121
179	248	122
179	249	122
179	250	124
179	251	124
179	252	125
179	253	126
179	254	126
179	255	127
180	0	128
180	1	129
180	2	130
180	3	130
180	4	131
180	5	132
180	6	133
180	7	134
180	8	134
180	9	135
180	10	136
180	11	136
180	12	137
180	13	138
180	14	139
180	15	140
180	16	141
180	17	142
180	18	142
180	19	143
180	20	143
180	21	144
180	22	144
180	23	145
180	24	147
180	25	148
180	26	149
180	27	150
180	28	151
180	29	152
180	30	153
180	31	153
180	32	154
180	33	155
180	34	155
180	35	156
180	36	156
180	37	157
180	38	157
180	39	158
180	40	158
180	41	159
180	42	159
180	43	160
180	44	160
180	45	161
180	46	163
180	47	164
180	48	165
180	49	167
180	50	168
180	51	169
180	52	170
180	53	171
180	54	172
180	55	173
180	56	174
180	57	175
180	58	175
180	59	176
180	60	177
180	61	178
180	62	179
180	63	179
180	64	180
180	65	181
180	66	183
180	67	184
180	68	185
180	69	186
180	70	187
180	71	188
180	72	189
180	73	190
180	74	190
180	75	191
180	76	192
180	77	193
180	78	195
180	79	196
180	80	197
180	81	199
180	82	200
180	83	201
180	84	202
180	85	203
180	86	204
180	87	205
180	88	206
180	89	207
180	90	207
180	91	208
180	92	209
180	93	210
180	94	211
180	95	211
180	96	212
180	97	215
180	98	217
180	99	219
180	100	221
180	101	222
180	102	224
180	103	225
180	104	227
180	105	228
180	106	229
180	107	230
180	108	231
180	109	232
180	110	233
180	111	233
180	112	234
180	113	236
180	114	238
180	115	240
180	116	241
180	117	242
180	118	243
180	119	244
180	120	245
180	121	247
180	122	249
180	123	250
180	124	250
180	125	252
180	126	253
180	127	255
180	128	128
180	129	1
180	130	3
180	131	4
180	132	6
180	133	6
180	134	7
180	135	9
180	136	11
180	137	12
180	138	13
180	139	14
180	140	15
180	141	16
180	142	18
180	143	20
180	144	22
180	145	23
180	146	23
180	147	24
180	148	25
180	149	26
180	150	27
180	151	28
180	152	29
180	153	31
180	154	32
180	155	34
180	156	35
180	157	37
180	158	39
180	159	41
180	160	44
180	161	45
180	162	45
180	163	46
180	164	47
180	165	48
180	166	49
180	167	49
180	168	50
180	169	51
180	170	52
180	171	53
180	172	54
180	173	55
180	174	56
180	175	57
180	176	59
180	177	60
180	178	61
180	179	63
180	180	64
180	181	65
180	182	66
180	183	66
180	184	67
180	185	68
180	186	69
180	187	70
180	188	71
180	189	72
180	190	73
180	191	75
180	192	76
180	193	77
180	194	77
180	195	78
180	196	79
180	197	80
180	198	81
180	199	81
180	200	82
180	201	83
180	202	84
180	203	85
180	204	86
180	205	87
180	206	88
180	207	89
180	208	91
180	209	92
180	210	93
180	211	95
180	212	96
180	213	96
180	214	97
180	215	97
180	216	98
180	217	98
180	218	99
180	219	99
180	220	100
180	221	100
180	222	101
180	223	101
180	224	102
180	225	103
180	226	103
180	227	104
180	228	105
180	229	106
180	230	107
180	231	108
180	232	109
180	233	111
180	234	112
180	235	112
180	236	113
180	237	113
180	238	114
180	239	114
180	240	115
180	241	116
180	242	117
180	243	118
180	244	119
180	245	120
180	246	120
180	247	121
180	248	122
180	249	122
180	250	123
180	251	124
180	252	125
180	253	126
180	254	126
180	255	127
181	0	128
181	1	129
181	2	130
181	3	130
181	4	131
181	5	132
181	6	133
181	7	134
181	8	135
181	9	135
181	10	136
181	11	136
181	12	138
181	13	139
181	14	140
181	15	141
181	16	141
181	17	142
181	18	142
181	19	143
181	20	143
181	21	144
181	22	145
181	23	146
181	24	147
181	25	148
181	26	150
181	27	151
181	28	151
181	29	152
181	30	153
181	31	154
181	32	154
181	33	155
181	34	156
181	35	156
181	36	157
181	37	157
181	38	158
181	39	158
181	40	159
181	41	159
181	42	160
181	43	160
181	44	161
181	45	163
181	46	164
181	47	165
181	48	167
181	49	168
181	50	169
181	51	170
181	52	171
181	53	172
181	54	173
181	55	174
181	56	175
181	57	176
181	58	177
181	59	177
181	60	178
181	61	179
181	62	180
181	63	180
181	64	181
181	65	182
181	66	184
181	67	185
181	68	186
181	69	187
181	70	188
181	71	189
181	72	190
181	73	190
181	74	191
181	75	192
181	76	193
181	77	195
181	78	196
181	79	197
181	80	199
181	81	200
181	82	201
181	83	202
181	84	203
181	85	204
181	86	205
181	87	206
181	88	207
181	89	208
181	90	209
181	91	209
181	92	210
181	93	211
181	94	212
181	95	212
181	96	213
181	97	216
181	98	218
181	99	220
181	100	222
181	101	223
181	102	225
181	103	226
181	104	227
181	105	228
181	106	230
181	107	231
181	108	231
181	109	232
181	110	233
181	111	234
181	112	234
181	113	237
181	114	239
181	115	240
181	116	242
181	117	243
181	118	244
181	119	245
181	120	245
181	121	247
181	122	249
181	123	250
181	124	251
181	125	252
181	126	253
181	127	255
181	128	128
181	129	1
181	130	3
181	131	4
181	132	5
181	133	6
181	134	7
181	135	9
181	136	11
181	137	11
181	138	12
181	139	13
181	140	14
181	141	16
181	142	17
181	143	19
181	144	22
181	145	22
181	146	23
181	147	24
181	148	25
181	149	25
181	150	26
181	151	28
181	152	29
181	153	30
181	154	31
181	155	33
181	156	34
181	157	36
181	158	38
181	159	40
181	160	43
181	161	44
181	162	44
181	163	45
181	164	46
181	165	47
181	166	47
181	167	48
181	168	49
181	169	50
181	170	51
181	171	52
181	172	53
181	173	54
181	174	55
181	175	56
181	176	57
181	177	59
181	178	60
181	179	61
181	180	63
181	181	64
181	182	65
181	183	66
181	184	66
181	185	67
181	186	68
181	187	69
181	188	70
181	189	71
181	190	72
181	191	74
181	192	75
181	193	76
181	194	76
181	195	77
181	196	78
181	197	79
181	198	79
181	199	80
181	200	81
181	201	82
181	202	83
181	203	84
181	204	85
181	205	86
181	206	87
181	207	88
181	208	89
181	209	91
181	210	92
181	211	93
181	212	95
181	213	96
181	214	96
181	215	97
181	216	97
181	217	98
181	218	98
181	219	99
181	220	99
181	221	100
181	222	100
181	223	101
181	224	102
181	225	102
181	226	103
181	227	104
181	228	105
181	229	105
181	230	106
181	231	108
181	232	109
181	233	110
181	234	111
181	235	112
181	236	113
181	237	113
181	238	114
181	239	114
181	240	115
181	241	115
181	242	116
181	243	117
181	244	118
181	245	120
181	246	120
181	247	121
181	248	121
181	249	122
181	250	123
181	251	124
181	252	125
181	253	126
181	254	126
181	255	127
182	0	128
182	1	129
182	2	130
182	3	130
182	4	131
182	5	132
182	6	133
182	7	134
182	8	135
182	9	135
182	10	136
182	11	137
182	12	138
182	13	139
182	14	140
182	15	141
182	16	142
182	17	142
182	18	143
182	19	143
182	20	144
182	21	144
182	22	145
182	23	147
182	24	148
182	25	149
182	26	150
182	27	151
182	28	152
182	29	153
182	30	154
182	31	154
182	32	155
182	33	156
182	34	156
182	35	157
182	36	157
182	37	158
182	38	158
182	39	159
182	40	159
182	41	160
182	42	160
182	43	161
182	44	163
182	45	164
182	46	166
182	47	167
182	48	168
182	49	169
182	50	170
182	51	171
182	52	172
182	53	173
182	54	174
182	55	175
182	56	176
182	57	177
182	58	178
182	59	178
182	60	179
182	61	180
182	62	181
182	63	181
182	64	182
182	65	183
182	66	184
182	67	186
182	68	187
182	69	188
182	70	189
182	71	190
182	72	190
182	73	191
182	74	192
182	75	193
182	76	195
182	77	196
182	78	198
182	79	199
182	80	200
182	81	201
182	82	202
182	83	203
182	84	204
182	85	205
182	86	206
182	87	207
182	88	208
182	89	209
182	90	210
182	91	210
182	92	211
182	93	212
182	94	213
182	95	213
182	96	214
182	97	216
182	98	219
182	99	221
182	100	222
182	101	224
182	102	225
182	103	227
182	104	228
182	105	229
182	106	230
182	107	231
182	108	232
182	109	233
182	110	234
182	111	234
182	112	235
182	113	237
182	114	239
182	115	241
182	116	242
182	117	243
182	118	244
182	119	245
182	120	246
182	121	248
182	122	249
182	123	250
182	124	251
182	125	252
182	126	253
182	127	255
182	128	128
182	129	1
182	130	3
182	131	4
182	132	5
182	133	6
182	134	7
182	135	8
182	136	10
182	137	11
182	138	12
182	139	13
182	140	14
182	141	15
182	142	17
182	143	19
182	144	21
182	145	22
182	146	22
182	147	23
182	148	24
182	149	25
182	150	26
182	151	27
182	152	28
182	153	29
182	154	31
182	155	32
182	156	34
182	157	35
182	158	37
182	159	40
182	160	42
182	161	43
182	162	43
182	163	44
182	164	45
182	165	46
182	166	46
182	167	47
182	168	48
182	169	49
182	170	50
182	171	51
182	172	52
182	173	53
182	174	54
182	175	55
182	176	56
182	177	57
182	178	58
182	179	60
182	180	61
182	181	63
182	182	64
182	183	65
182	184	66
182	185	66
182	186	67
182	187	68
182	188	69
182	189	70
182	190	72
182	191	73
182	192	74
182	193	75
182	194	75
182	195	76
182	196	77
182	197	78
182	198	78
182	199	79
182	200	80
182	201	81
182	202	82
182	203	83
182	204	84
182	205	85
182	206	86
182	207	87
182	208	88
182	209	89
182	210	90
182	211	92
182	212	93
182	213	95
182	214	96
182	215	96
182	216	97
182	217	97
182	218	98
182	219	98
182	220	99
182	221	99
182	222	100
182	223	100
182	224	101
182	225	102
182	226	102
182	227	103
182	228	104
182	229	105
182	230	106
182	231	107
182	232	108
182	233	109
182	234	111
182	235	112
182	236	112
182	237	113
182	238	113
182	239	114
182	240	114
182	241	115
182	242	116
182	243	117
182	244	118
182	245	119
182	246	120
182	247	121
182	248	121
182	249	122
182	250	123
182	251	124
182	252	125
182	253	126
182	254	126
182	255	127
183	0	128
183	1	129
183	2	130
183	3	131
183	4	131
183	5	132
183	6	133
183	7	134
183	8	135
183	9	135
183	10	136
183	11	137
183	12	138
183	13	139
183	14	140
183	15	141
183	16	142
183	17	142
183	18	143
183	19	143
183	20	144
183	21	145
183	22	146
183	23	147
183	24	149
183	25	150
183	26	151
183	27	152
183	28	153
183	29	153
183	30	154
183	31	155
183	32	156
183	33	156
183	34	157
183	35	157
183	36	158
183	37	158
183	38	159
183	39	159
183	40	160
183	41	160
183	42	162
183	43	163
183	44	164
183	45	166
183	46	167
183	47	168
183	48	169
183	49	170
183	50	172
183	51	173
183	52	174
183	53	174
183	54	175
183	55	176
183	56	177
183	57	178
183	58	179
183	59	180
183	60	180
183	61	181
183	62	182
183	63	182
183	64	183
183	65	184
183	66	185
183	67	187
183	68	188
183	69	189
183	70	189
183	71	190
183	72	191
183	73	192
183	74	194
183	75	195
183	76	196
183	77	198
183	78	199
183	79	200
183	80	201
183	81	202
183	82	204
183	83	205
183	84	206
183	85	206
183	86	207
183	87	208
183	88	209
183	89	210
183	90	211
183	91	212
183	92	212
183	93	213
183	94	214
183	95	214
183	96	215
183	97	217
183	98	220
183	99	221
183	100	223
183	101	225
183	102	226
183	103	227
183	104	229
183	105	230
183	106	231
183	107	232
183	108	233
183	109	233
183	110	234
183	111	235
183	112	236
183	113	238
183	114	240
183	115	241
183	116	242
183	117	243
183	118	244
183	119	245
183	120	246
183	121	248
183	122	249
183	123	250
183	124	251
183	125	253
183	126	253
183	127	255
183	128	128
183	129	1
183	130	3
183	131	3
183	132	5
183	133	6
183	134	7
183	135	8
183	136	10
183	137	11
183	138	12
183	139	13
183	140	14
183	141	15
183	142	16
183	143	18
183	144	20
183	145	21
183	146	22
183	147	23
183	148	23
183	149	24
183	150	25
183	151	26
183	152	27
183	153	29
183	154	30
183	155	31
183	156	33
183	157	35
183	158	36
183	159	39
183	160	41
183	161	42
183	162	42
183	163	43
183	164	44
183	165	44
183	166	45
183	167	46
183	168	47
183	169	48
183	170	49
183	171	50
183	172	50
183	173	51
183	174	52
183	175	54
183	176	55
183	177	56
183	178	57
183	179	58
183	180	60
183	181	61
183	182	62
183	183	64
183	184	65
183	185	66
183	186	67
183	187	67
183	188	68
183	189	69
183	190	71
183	191	72
183	192	73
183	193	74
183	194	74
183	195	75
183	196	76
183	197	76
183	198	77
183	199	78
183	200	79
183	201	80
183	202	81
183	203	82
183	204	82
183	205	83
183	206	84
183	207	86
183	208	87
183	209	88
183	210	89
183	211	90
183	212	92
183	213	93
183	214	94
183	215	96
183	216	96
183	217	97
183	218	97
183	219	98
183	220	98
183	221	99
183	222	99
183	223	100
183	224	100
183	225	101
183	226	102
183	227	103
183	228	103
183	229	104
183	230	105
183	231	106
183	232	107
183	233	109
183	234	110
183	235	111
183	236	112
183	237	113
183	238	113
183	239	114
183	240	114
183	241	115
183	242	116
183	243	117
183	244	118
183	245	119
183	246	120
183	247	121
183	248	121
183	249	122
183	250	123
183	251	124
183	252	125
183	253	125
183	254	126
183	255	127
184	0	128
184	1	129
184	2	130
184	3	131
184	4	132
184	5	132
184	6	133
184	7	134
184	8	135
184	9	136
184	10	136
184	11	137
184	12	139
184	13	140
184	14	141
184	15	141
184	16	142
184	17	143
184	18	143
184	19	144
184	20	144
184	21	146
184	22	147
184	23	148
184	24	149
184	25	150
184	26	151
184	27	152
184	28	153
184	29	154
184	30	155
184	31	155
184	32	156
184	33	157
184	34	157
184	35	158
184	36	158
184	37	159
184	38	159
184	39	160
184	40	160
184	41	162
184	42	163
184	43	164
184	44	166
184	45	167
184	46	168
184	47	170
184	48	171
184	49	172
184	50	173
184	51	174
184	52	175
184	53	176
184	54	177
184	55	177
184	56	178
184	57	179
184	58	180
184	59	181
184	60	181
184	61	182
184	62	183
184	63	183
184	64	184
184	65	185
184	66	186
184	67	187
184	68	188
184	69	189
184	70	190
184	71	191
184	72	192
184	73	194
184	74	195
184	75	196
184	76	198
184	77	199
184	78	200
184	79	202
184	80	203
184	81	204
184	82	205
184	83	206
184	84	207
184	85	208
184	86	209
184	87	209
184	88	210
184	89	211
184	90	212
184	91	213
184	92	213
184	93	214
184	94	215
184	95	215
184	96	216
184	97	218
184	98	220
184	99	222
184	100	224
184	101	226
184	102	227
184	103	228
184	104	229
184	105	230
184	106	231
184	107	232
184	108	233
184	109	234
184	110	235
184	111	235
184	112	236
184	113	238
184	114	240
184	115	241
184	116	243
184	117	244
184	118	245
184	119	245
184	120	246
184	121	248
184	122	249
184	123	250
184	124	251
184	125	253
184	126	254
184	127	255
184	128	128
184	129	1
184	130	2
184	131	3
184	132	5
184	133	6
184	134	7
184	135	8
184	136	10
184	137	11
184	138	11
184	139	12
184	140	13
184	141	15
184	142	16
184	143	18
184	144	20
184	145	21
184	146	21
184	147	22
184	148	23
184	149	24
184	150	25
184	151	26
184	152	27
184	153	28
184	154	29
184	155	30
184	156	32
184	157	34
184	158	36
184	159	38
184	160	40
184	161	41
184	162	41
184	163	42
184	164	43
184	165	43
184	166	44
184	167	45
184	168	46
184	169	47
184	170	47
184	171	48
184	172	49
184	173	50
184	174	51
184	175	52
184	176	53
184	177	54
184	178	56
184	179	57
184	180	58
184	181	60
184	182	61
184	183	62
184	184	64
184	185	65
184	186	66
184	187	67
184	188	68
184	189	69
184	190	70
184	191	71
184	192	72
184	193	73
184	194	73
184	195	74
184	196	75
184	197	75
184	198	76
184	199	77
184	200	78
184	201	79
184	202	79
184	203	80
184	204	81
184	205	82
184	206	83
184	207	84
184	208	85
184	209	86
184	210	88
184	211	89
184	212	90
184	213	92
184	214	93
184	215	94
184	216	96
184	217	96
184	218	97
184	219	97
184	220	98
184	221	98
184	222	99
184	223	99
184	224	100
184	225	101
184	226	101
184	227	102
184	228	103
184	229	104
184	230	105
184	231	106
184	232	107
184	233	108
184	234	109
184	235	110
184	236	112
184	237	112
184	238	113
184	239	113
184	240	114
184	241	115
184	242	115
184	243	116
184	244	117
184	245	119
184	246	120
184	247	120
184	248	121
184	249	122
184	250	123
184	251	124
184	252	124
184	253	125
184	254	126
184	255	127
185	0	128
185	1	129
185	2	130
185	3	131
185	4	132
185	5	132
185	6	134
185	7	134
185	8	135
185	9	136
185	10	136
185	11	138
185	12	139
185	13	140
185	14	141
185	15	142
185	16	142
185	17	143
185	18	143
185	19	144
185	20	145
185	21	146
185	22	148
185	23	149
185	24	150
185	25	151
185	26	152
185	27	153
185	28	154
185	29	154
185	30	155
185	31	156
185	32	156
185	33	157
185	34	158
185	35	158
185	36	159
185	37	159
185	38	160
185	39	160
185	40	162
185	41	163
185	42	165
185	43	166
185	44	167
185	45	169
185	46	170
185	47	171
185	48	172
185	49	173
185	50	174
185	51	175
185	52	176
185	53	177
185	54	178
185	55	179
185	56	179
185	57	180
185	58	181
185	59	182
185	60	182
185	61	183
185	62	184
185	63	184
185	64	185
185	65	186
185	66	187
185	67	188
185	68	189
185	69	190
185	70	191
185	71	192
185	72	194
185	73	195
185	74	197
185	75	198
185	76	199
185	77	201
185	78	202
185	79	203
185	80	204
185	81	205
185	82	206
185	83	207
185	84	208
185	85	209
185	86	210
185	87	211
185	88	211
185	89	212
185	90	213
185	91	214
185	92	214
185	93	215
185	94	216
185	95	216
185	96	217
185	97	219
185	98	221
185	99	223
185	100	225
185	101	226
185	102	228
185	103	229
185	104	230
185	105	231
185	106	232
185	107	233
185	108	234
185	109	234
185	110	235
185	111	236
185	112	236
185	113	239
185	114	240
185	115	242
185	116	243
185	117	244
185	118	245
185	119	246
185	120	246
185	121	248
185	122	250
185	123	250
185	124	251
185	125	253
185	126	254
185	127	255
185	128	128
185	129	1
185	130	2
185	131	3
185	132	5
185	133	6
185	134	6
185	135	8
185	136	10
185	137	10
185	138	11
185	139	12
185	140	13
185	141	14
185	142	16
185	143	17
185	144	20
185	145	20
185	146	21
185	147	22
185	148	22
185	149	23
185	150	24
185	151	25
185	152	26
185	153	27
185	154	28
185	155	30
185	156	31
185	157	33
185	158	35
185	159	37
185	160	39
185	161	40
185	162	40
185	163	41
185	164	42
185	165	42
185	166	43
185	167	44
185	168	45
185	169	45
185	170	46
185	171	47
185	172	48
185	173	49
185	174	50
185	175	51
185	176	52
185	177	53
185	178	54
185	179	55
185	180	57
185	181	58
185	182	59
185	183	61
185	184	62
185	185	64
185	186	65
185	187	66
185	188	67
185	189	68
185	190	69
185	191	70
185	192	71
185	193	72
185	194	72
185	195	73
185	196	74
185	197	74
185	198	75
185	199	76
185	200	77
185	201	77
185	202	78
185	203	79
185	204	80
185	205	81
185	206	82
185	207	83
185	208	84
185	209	85
185	210	86
185	211	87
185	212	89
185	213	90
185	214	91
185	215	93
185	216	94
185	217	96
185	218	96
185	219	97
185	220	97
185	221	98
185	222	98
185	223	99
185	224	100
185	225	100
185	226	101
185	227	102
185	228	102
185	229	103
185	230	104
185	231	105
185	232	106
185	233	107
185	234	108
185	235	110
185	236	111
185	237	112
185	238	113
185	239	113
185	240	114
185	241	114
185	242	115
185	243	116
185	244	117
185	245	118
185	246	120
185	247	120
185	248	121
185	249	122
185	250	122
185	251	124
185	252	124
185	253	125
185	254	126
185	255	127
186	0	128
186	1	129
186	2	130
186	3	131
186	4	132
186	5	132
186	6	134
186	7	135
186	8	135
186	9	136
186	10	137
186	11	138
186	12	139
186	13	140
186	14	141
186	15	142
186	16	142
186	17	143
186	18	144
186	19	144
186	20	146
186	21	147
186	22	148
186	23	150
186	24	151
186	25	152
186	26	153
186	27	153
186	28	154
186	29	155
186	30	156
186	31	156
186	32	157
186	33	158
186	34	158
186	35	159
186	36	159
186	37	160
186	38	160
186	39	162
186	40	163
186	41	165
186	42	166
186	43	167
186	44	169
186	45	170
186	46	171
186	47	172
186	48	173
186	49	174
186	50	175
186	51	176
186	52	177
186	53	178
186	54	179
186	55	180
186	56	181
186	57	181
186	58	182
186	59	183
186	60	183
186	61	184
186	62	185
186	63	185
186	64	186
186	65	187
186	66	188
186	67	189
186	68	190
186	69	191
186	70	192
186	71	194
186	72	195
186	73	197
186	74	198
186	75	199
186	76	201
186	77	202
186	78	203
186	79	204
186	80	205
186	81	206
186	82	207
186	83	208
186	84	209
186	85	210
186	86	211
186	87	212
186	88	213
186	89	213
186	90	214
186	91	215
186	92	215
186	93	216
186	94	217
186	95	217
186	96	218
186	97	220
186	98	222
186	99	224
186	100	226
186	101	227
186	102	228
186	103	230
186	104	231
186	105	232
186	106	233
186	107	233
186	108	234
186	109	235
186	110	236
186	111	236
186	112	237
186	113	239
186	114	241
186	115	242
186	116	243
186	117	244
186	118	245
186	119	246
186	120	246
186	121	248
186	122	250
186	123	251
186	124	251
186	125	253
186	126	254
186	127	255
186	128	128
186	129	1
186	130	2
186	131	3
186	132	5
186	133	5
186	134	6
186	135	8
186	136	10
186	137	10
186	138	11
186	139	12
186	140	13
186	141	14
186	142	15
186	143	17
186	144	19
186	145	20
186	146	20
186	147	21
186	148	22
186	149	23
186	150	23
186	151	24
186	152	25
186	153	26
186	154	28
186	155	29
186	156	30
186	157	32
186	158	34
186	159	36
186	160	38
186	161	39
186	162	39
186	163	40
186	164	41
186	165	41
186	166	42
186	167	43
186	168	43
186	169	44
186	170	45
186	171	46
186	172	47
186	173	48
186	174	49
186	175	50
186	176	51
186	177	52
186	178	53
186	179	54
186	180	55
186	181	57
186	182	58
186	183	59
186	184	61
186	185	62
186	186	64
186	187	65
186	188	66
186	189	67
186	190	68
186	191	69
186	192	70
186	193	71
186	194	71
186	195	72
186	196	73
186	197	73
186	198	74
186	199	75
186	200	75
186	201	76
186	202	77
186	203	78
186	204	79
186	205	80
186	206	81
186	207	82
186	208	83
186	209	84
186	210	85
186	211	86
186	212	87
186	213	89
186	214	90
186	215	91
186	216	93
186	217	94
186	218	96
186	219	96
186	220	97
186	221	97
186	222	98
186	223	98
186	224	99
186	225	100
186	226	100
186	227	101
186	228	102
186	229	103
186	230	103
186	231	104
186	232	105
186	233	106
186	234	108
186	235	109
186	236	110
186	237	112
186	238	112
186	239	113
186	240	114
186	241	114
186	242	115
186	243	116
186	244	117
186	245	118
186	246	119
186	247	120
186	248	121
186	249	121
186	250	122
186	251	124
186	252	124
186	253	125
186	254	126
186	255	127
187	0	128
187	1	129
187	2	130
187	3	131
187	4	132
187	5	133
187	6	134
187	7	135
187	8	135
187	9	136
187	10	137
187	11	139
187	12	140
187	13	141
187	14	141
187	15	142
187	16	143
187	17	143
187	18	144
187	19	145
187	20	146
187	21	148
187	22	149
187	23	150
187	24	151
187	25	152
187	26	153
187	27	154
187	28	155
187	29	156
187	30	156
187	31	157
187	32	158
187	33	158
187	34	159
187	35	159
187	36	160
187	37	160
187	38	162
187	39	163
187	40	165
187	41	166
187	42	168
187	43	169
187	44	170
187	45	171
187	46	173
187	47	174
187	48	175
187	49	176
187	50	177
187	51	178
187	52	178
187	53	179
187	54	180
187	55	181
187	56	182
187	57	182
187	58	183
187	59	184
187	60	185
187	61	185
187	62	186
187	63	186
187	64	187
187	65	188
187	66	189
187	67	190
187	68	191
187	69	192
187	70	194
187	71	195
187	72	197
187	73	198
187	74	200
187	75	201
187	76	202
187	77	203
187	78	205
187	79	206
187	80	207
187	81	208
187	82	209
187	83	210
187	84	210
187	85	211
187	86	212
187	87	213
187	88	214
187	89	214
187	90	215
187	91	216
187	92	217
187	93	217
187	94	218
187	95	218
187	96	219
187	97	221
187	98	223
187	99	225
187	100	226
187	101	228
187	102	229
187	103	230
187	104	231
187	105	232
187	106	233
187	107	234
187	108	235
187	109	236
187	110	236
187	111	237
187	112	238
187	113	240
187	114	241
187	115	243
187	116	244
187	117	245
187	118	245
187	119	246
187	120	247
187	121	249
187	122	250
187	123	251
187	124	251
187	125	253
187	126	254
187	127	255
187	128	128
187	129	1
187	130	2
187	131	3
187	132	5
187	133	5
187	134	6
187	135	7
187	136	9
187	137	10
187	138	11
187	139	11
187	140	12
187	141	13
187	142	15
187	143	16
187	144	18
187	145	19
187	146	20
187	147	20
187	148	21
187	149	22
187	150	23
187	151	24
187	152	25
187	153	26
187	154	27
187	155	28
187	156	30
187	157	31
187	158	33
187	159	35
187	160	37
187	161	38
187	162	38
187	163	39
187	164	39
187	165	40
187	166	41
187	167	42
187	168	42
187	169	43
187	170	44
187	171	45
187	172	46
187	173	46
187	174	47
187	175	48
187	176	49
187	177	50
187	178	51
187	179	53
187	180	54
187	181	55
187	182	56
187	183	58
187	184	59
187	185	61
187	186	62
187	187	64
187	188	65
187	189	66
187	190	67
187	191	68
187	192	69
187	193	70
187	194	70
187	195	71
187	196	71
187	197	72
187	198	73
187	199	74
187	200	74
187	201	75
187	202	76
187	203	77
187	204	78
187	205	78
187	206	79
187	207	80
187	208	81
187	209	82
187	210	83
187	211	85
187	212	86
187	213	87
187	214	88
187	215	90
187	216	91
187	217	93
187	218	94
187	219	96
187	220	96
187	221	97
187	222	97
187	223	98
187	224	98
187	225	99
187	226	100
187	227	100
187	228	101
187	229	102
187	230	103
187	231	104
187	232	105
187	233	106
187	234	107
187	235	108
187	236	110
187	237	111
187	238	112
187	239	113
187	240	113
187	241	114
187	242	115
187	243	115
187	244	116
187	245	117
187	246	119
187	247	120
187	248	121
187	249	121
187	250	122
187	251	123
187	252	124
187	253	125
187	254	126
187	255	127
188	0	128
188	1	129
188	2	130
188	3	131
188	4	132
188	5	133
188	6	134
188	7	135
188	8	136
188	9	136
188	10	138
188	11	139
188	12	140
188	13	141
188	14	142
188	15	142
188	16	143
188	17	144
188	18	144
188	19	146
188	20	147
188	21	149
188	22	150
188	23	151
188	24	152
188	25	153
188	26	154
188	27	155
188	28	155
188	29	156
188	30	157
188	31	157
188	32	158
188	33	159
188	34	159
188	35	160
188	36	160
188	37	162
188	38	163
188	39	165
188	40	166
188	41	168
188	42	169
188	43	170
188	44	172
188	45	173
188	46	174
188	47	175
188	48	176
188	49	177
188	50	178
188	51	179
188	52	180
188	53	181
188	54	181
188	55	182
188	56	183
188	57	184
188	58	184
188	59	185
188	60	186
188	61	186
188	62	187
188	63	187
188	64	188
188	65	189
188	66	190
188	67	191
188	68	192
188	69	194
188	70	195
188	71	197
188	72	198
188	73	200
188	74	201
188	75	202
188	76	204
188	77	205
188	78	206
188	79	207
188	80	208
188	81	209
188	82	210
188	83	211
188	84	212
188	85	213
188	86	213
188	87	214
188	88	215
188	89	216
188	90	216
188	91	217
188	92	218
188	93	218
188	94	219
188	95	219
188	96	220
188	97	222
188	98	224
188	99	226
188	100	227
188	101	229
188	102	230
188	103	231
188	104	232
188	105	233
188	106	234
188	107	235
188	108	235
188	109	236
188	110	237
188	111	237
188	112	238
188	113	240
188	114	242
188	115	243
188	116	244
188	117	245
188	118	246
188	119	246
188	120	247
188	121	249
188	122	250
188	123	251
188	124	252
188	125	253
188	126	254
188	127	255
188	128	128
188	129	1
188	130	2
188	131	3
188	132	4
188	133	5
188	134	6
188	135	7
188	136	9
188	137	10
188	138	10
188	139	11
188	140	12
188	141	13
188	142	14
188	143	16
188	144	18
188	145	19
188	146	19
188	147	20
188	148	21
188	149	21
188	150	22
188	151	23
188	152	24
188	153	25
188	154	26
188	155	27
188	156	29
188	157	30
188	158	32
188	159	34
188	160	36
188	161	37
188	162	37
188	163	38
188	164	38
188	165	39
188	166	40
188	167	40
188	168	41
188	169	42
188	170	43
188	171	43
188	172	44
188	173	45
188	174	46
188	175	47
188	176	48
188	177	49
188	178	50
188	179	51
188	180	52
188	181	54
188	182	55
188	183	56
188	184	58
188	185	59
188	186	61
188	187	62
188	188	64
188	189	65
188	190	66
188	191	67
188	192	68
188	193	69
188	194	69
188	195	70
188	196	70
188	197	71
188	198	72
188	199	72
188	200	73
188	201	74
188	202	75
188	203	75
188	204	76
188	205	77
188	206	78
188	207	79
188	208	80
188	209	81
188	210	82
188	211	83
188	212	84
188	213	86
188	214	87
188	215	88
188	216	90
188	217	91
188	218	93
188	219	94
188	220	96
188	221	96
188	222	97
188	223	97
188	224	98
188	225	99
188	226	99
188	227	100
188	228	101
188	229	101
188	230	102
188	231	103
188	232	104
188	233	105
188	234	106
188	235	107
188	236	109
188	237	110
188	238	112
188	239	112
188	240	113
188	241	114
188	242	114
188	243	115
188	244	116
188	245	117
188	246	118
188	247	120
188	248	120
188	249	121
188	250	122
188	251	123
188	252	124
188	253	125
188	254	126
188	255	127
189	0	128
189	1	129
189	2	130
189	3	131
189	4	132
189	5	133
189	6	134
189	7	135
189	8	136
189	9	136
189	10	138
189	11	139
189	12	140
189	13	141
189	14	142
189	15	143
189	16	143
189	17	144
189	18	145
189	19	147
189	20	148
189	21	149
189	22	151
189	23	152
189	24	153
189	25	154
189	26	154
189	27	155
189	28	156
189	29	157
189	30	157
189	31	158
189	32	158
189	33	159
189	34	160
189	35	160
189	36	162
189	37	163
189	38	165
189	39	167
189	40	168
189	41	169
189	42	171
189	43	172
189	44	173
189	45	174
189	46	175
189	47	176
189	48	177
189	49	178
189	50	179
189	51	180
189	52	181
189	53	182
189	54	183
189	55	183
189	56	184
189	57	185
189	58	185
189	59	186
189	60	187
189	61	187
189	62	188
189	63	188
189	64	189
189	65	190
189	66	191
189	67	192
189	68	194
189	69	195
189	70	197
189	71	199
189	72	200
189	73	201
189	74	203
189	75	204
189	76	205
189	77	206
189	78	207
189	79	208
189	80	209
189	81	210
189	82	211
189	83	212
189	84	213
189	85	214
189	86	215
189	87	215
189	88	216
189	89	217
189	90	217
189	91	218
189	92	219
189	93	219
189	94	220
189	95	220
189	96	221
189	97	223
189	98	225
189	99	227
189	100	228
189	101	229
189	102	231
189	103	232
189	104	233
189	105	234
189	106	234
189	107	235
189	108	236
189	109	237
189	110	237
189	111	238
189	112	238
189	113	240
189	114	242
189	115	243
189	116	244
189	117	245
189	118	246
189	119	247
189	120	247
189	121	249
189	122	250
189	123	251
189	124	252
189	125	253
189	126	254
189	127	255
189	128	128
189	129	1
189	130	2
189	131	3
189	132	4
189	133	5
189	134	6
189	135	7
189	136	9
189	137	9
189	138	10
189	139	11
189	140	12
189	141	13
189	142	14
189	143	16
189	144	18
189	145	18
189	146	19
189	147	19
189	148	20
189	149	21
189	150	22
189	151	22
189	152	23
189	153	24
189	154	25
189	155	27
189	156	28
189	157	29
189	158	31
189	159	33
189	160	35
189	161	36
189	162	36
189	163	37
189	164	37
189	165	38
189	166	39
189	167	39
189	168	40
189	169	41
189	170	41
189	171	42
189	172	43
189	173	44
189	174	45
189	175	46
189	176	47
189	177	48
189	178	49
189	179	50
189	180	51
189	181	52
189	182	53
189	183	55
189	184	56
189	185	57
189	186	59
189	187	61
189	188	62
189	189	64
189	190	65
189	191	66
189	192	67
189	193	68
189	194	68
189	195	69
189	196	69
189	197	70
189	198	71
189	199	71
189	200	72
189	201	73
189	202	73
189	203	74
189	204	75
189	205	76
189	206	77
189	207	78
189	208	79
189	209	80
189	210	81
189	211	82
189	212	83
189	213	84
189	214	85
189	215	87
189	216	88
189	217	89
189	218	91
189	219	93
189	220	94
189	221	96
189	222	96
189	223	97
189	224	98
189	225	98
189	226	99
189	227	99
189	228	100
189	229	101
189	230	102
189	231	102
189	232	103
189	233	104
189	234	105
189	235	107
189	236	108
189	237	109
189	238	111
189	239	112
189	240	113
189	241	113
189	242	114
189	243	115
189	244	116
189	245	117
189	246	118
189	247	120
189	248	120
189	249	121
189	250	122
189	251	123
189	252	124
189	253	125
189	254	126
189	255	127
190	0	128
190	1	129
190	2	130
190	3	131
190	4	132
190	5	133
190	6	134
190	7	135
190	8	136
190	9	137
190	10	138
190	11	140
190	12	141
190	13	142
190	14	142
190	15	143
190	16	144
190	17	144
190	18	146
190	19	147
190	20	149
190	21	150
190	22	151
190	23	152
190	24	153
190	25	154
190	26	155
190	27	156
190	28	157
190	29	157
190	30	158
190	31	158
190	32	159
190	33	160
190	34	160
190	35	162
190	36	164
190	37	165
190	38	167
190	39	168
190	40	170
190	41	171
190	42	172
190	43	173
190	44	175
190	45	176
190	46	177
190	47	178
190	48	179
190	49	180
190	50	180
190	51	181
190	52	182
190	53	183
190	54	184
190	55	184
190	56	185
190	57	186
190	58	186
190	59	187
190	60	188
190	61	188
190	62	189
190	63	189
190	64	190
190	65	191
190	66	192
190	67	194
190	68	196
190	69	197
190	70	199
190	71	200
190	72	202
190	73	203
190	74	204
190	75	205
190	76	207
190	77	208
190	78	209
190	79	210
190	80	211
190	81	212
190	82	212
190	83	213
190	84	214
190	85	215
190	86	216
190	87	216
190	88	217
190	89	218
190	90	218
190	91	219
190	92	220
190	93	220
190	94	221
190	95	221
190	96	222
190	97	224
190	98	226
190	99	227
190	100	229
190	101	230
190	102	231
190	103	232
190	104	233
190	105	234
190	106	235
190	107	236
190	108	237
190	109	237
190	110	238
190	111	238
190	112	239
190	113	241
190	114	242
190	115	244
190	116	245
190	117	246
190	118	246
190	119	247
190	120	248
190	121	249
190	122	250
190	123	251
190	124	252
190	125	253
190	126	254
190	127	255
190	128	128
190	129	1
190	130	2
190	131	3
190	132	4
190	133	5
190	134	6
190	135	7
190	136	8
190	137	9
190	138	10
190	139	10
190	140	11
190	141	12
190	142	14
190	143	15
190	144	17
190	145	18
190	146	18
190	147	19
190	148	19
190	149	20
190	150	21
190	151	22
190	152	23
190	153	24
190	154	25
190	155	26
190	156	27
190	157	29
190	158	30
190	159	32
190	160	34
190	161	35
190	162	35
190	163	36
190	164	36
190	165	37
190	166	38
190	167	38
190	168	39
190	169	40
190	170	40
190	171	41
190	172	42
190	173	43
190	174	44
190	175	44
190	176	45
190	177	46
190	178	47
190	179	48
190	180	49
190	181	51
190	182	52
190	183	53
190	184	54
190	185	56
190	186	57
190	187	59
190	188	60
190	189	62
190	190	64
190	191	65
190	192	66
190	193	67
190	194	67
190	195	68
190	196	68
190	197	69
190	198	70
190	199	70
190	200	71
190	201	72
190	202	72
190	203	73
190	204	74
190	205	75
190	206	76
190	207	76
190	208	77
190	209	78
190	210	79
190	211	80
190	212	81
190	213	83
190	214	84
190	215	85
190	216	86
190	217	88
190	218	89
190	219	91
190	220	92
190	221	94
190	222	96
190	223	96
190	224	97
190	225	98
190	226	98
190	227	99
190	228	99
190	229	100
190	230	101
190	231	102
190	232	103
190	233	104
190	234	105
190	235	106
190	236	107
190	237	109
190	238	110
190	239	112
190	240	112
190	241	113
190	242	114
190	243	114
190	244	115
190	245	116
190	246	118
190	247	119
190	248	120
190	249	121
190	250	122
190	251	123
190	252	124
190	253	125
190	254	126
190	255	127
191	0	128
191	1	129
191	2	130
191	3	131
191	4	132
191	5	133
191	6	134
191	7	135
191	8	136
191	9	137
191	10	139
191	11	140
191	12	141
191	13	142
191	14	143
191	15	143
191	16	144
191	17	145
191	18	147
191	19	148
191	20	150
191	21	151
191	22	152
191	23	153
191	24	154
191	25	155
191	26	156
191	27	156
191	28	157
191	29	158
191	30	158
191	31	159
191	32	160
191	33	160
191	34	162
191	35	164
191	36	165
191	37	167
191	38	168
191	39	170
191	40	171
191	41	172
191	42	174
191	43	175
191	44	176
191	45	177
191	46	178
191	47	179
191	48	180
191	49	181
191	50	182
191	51	183
191	52	183
191	53	184
191	54	185
191	55	186
191	56	186
191	57	187
191	58	188
191	59	188
191	60	189
191	61	189
191	62	190
191	63	190
191	64	191
191	65	192
191	66	194
191	67	196
191	68	197
191	69	199
191	70	200
191	71	202
191	72	203
191	73	204
191	74	206
191	75	207
191	76	208
191	77	209
191	78	210
191	79	211
191	80	212
191	81	213
191	82	214
191	83	215
191	84	215
191	85	216
191	86	217
191	87	218
191	88	218
191	89	219
191	90	220
191	91	220
191	92	221
191	93	221
191	94	222
191	95	222
191	96	223
191	97	225
191	98	227
191	99	228
191	100	230
191	101	231
191	102	232
191	103	233
191	104	234
191	105	235
191	106	236
191	107	236
191	108	237
191	109	238
191	110	238
191	111	239
191	112	240
191	113	241
191	114	243
191	115	244
191	116	245
191	117	246
191	118	247
191	119	247
191	120	248
191	121	249
191	122	250
191	123	251
191	124	252
191	125	253
191	126	254
191	127	255
191	128	128
191	129	1
191	130	2
191	131	3
191	132	4
191	133	5
191	134	6
191	135	7
191	136	8
191	137	9
191	138	9
191	139	10
191	140	11
191	141	12
191	142	13
191	143	15
191	144	16
191	145	17
191	146	18
191	147	18
191	148	19
191	149	20
191	150	20
191	151	21
191	152	22
191	153	23
191	154	24
191	155	25
191	156	26
191	157	28
191	158	29
191	159	31
191	160	33
191	161	34
191	162	34
191	163	35
191	164	35
191	165	36
191	166	36
191	167	37
191	168	38
191	169	38
191	170	39
191	171	40
191	172	41
191	173	41
191	174	42
191	175	43
191	176	44
191	177	45
191	178	46
191	179	47
191	180	48
191	181	49
191	182	50
191	183	52
191	184	53
191	185	54
191	186	56
191	187	57
191	188	59
191	189	60
191	190	62
191	191	64
191	192	65
191	193	66
191	194	66
191	195	67
191	196	67
191	197	68
191	198	68
191	199	69
191	200	70
191	201	70
191	202	71
191	203	72
191	204	73
191	205	73
191	206	74
191	207	75
191	208	76
191	209	77
191	210	78
191	211	79
191	212	80
191	213	81
191	214	82
191	215	84
191	216	85
191	217	86
191	218	88
191	219	89
191	220	91
191	221	92
191	222	94
191	223	96
191	224	96
191	225	97
191	226	98
191	227	98
191	228	99
191	229	100
191	230	100
191	231	101
191	232	102
191	233	103
191	234	104
191	235	105
191	236	106
191	237	108
191	238	109
191	239	111
191	240	112
191	241	113
191	242	113
191	243	114
191	244	115
191	245	116
191	246	117
191	247	119
191	248	120
191	249	121
191	250	122
191	251	123
191	252	124
191	253	125
191	254	126
191	255	127
192	0	128
192	1	129
192	2	130
192	3	131
192	4	132
192	5	134
192	6	135
192	7	135
192	8	136
192	9	138
192	10	139
192	11	140
192	12	141
192	13	142
192	14	143
192	15	143
192	16	144
192	17	146
192	18	148
192	19	149
192	20	150
192	21	152
192	22	153
192	23	154
192	24	155
192	25	156
192	26	156
192	27	157
192	28	158
192	29	158
192	30	159
192	31	159
192	32	160
192	33	162
192	34	164
192	35	165
192	36	167
192	37	169
192	38	170
192	39	171
192	40	173
192	41	174
192	42	175
192	43	176
192	44	177
192	45	178
192	46	179
192	47	180
192	48	181
192	49	182
192	50	183
192	51	184
192	52	185
192	53	185
192	54	186
192	55	187
192	56	187
192	57	188
192	58	189
192	59	189
192	60	190
192	61	190
192	62	191
192	63	191
192	64	192
192	65	194
192	66	196
192	67	197
192	68	199
192	69	201
192	70	202
192	71	203
192	72	205
192	73	206
192	74	207
192	75	208
192	76	209
192	77	210
192	78	211
192	79	212
192	80	213
192	81	214
192	82	215
192	83	216
192	84	217
192	85	217
192	86	218
192	87	219
192	88	219
192	89	220
192	90	221
192	91	221
192	92	222
192	93	222
192	94	223
192	95	223
192	96	224
192	97	226
192	98	228
192	99	229
192	100	230
192	101	232
192	102	233
192	103	234
192	104	235
192	105	236
192	106	236
192	107	237
192	108	238
192	109	238
192	110	239
192	111	239
192	112	240
192	113	242
192	114	243
192	115	244
192	116	245
192	117	246
192	118	247
192	119	247
192	120	248
192	121	250
192	122	251
192	123	251
192	124	252
192	125	253
192	126	254
192	127	255
192	128	128
192	129	1
192	130	2
192	131	3
192	132	4
192	133	5
192	134	5
192	135	6
192	136	8
192	137	9
192	138	9
192	139	10
192	140	11
192	141	12
192	142	13
192	143	14
192	144	16
192	145	17
192	146	17
192	147	18
192	148	18
192	149	19
192	150	20
192	151	20
192	152	21
192	153	22
192	154	23
192	155	24
192	156	26
192	157	27
192	158	28
192	159	30
192	160	32
192	161	33
192	162	33
192	163	34
192	164	34
192	165	35
192	166	35
192	167	36
192	168	37
192	169	37
192	170	38
192	171	39
192	172	39
192	173	40
192	174	41
192	175	42
192	176	43
192	177	44
192	178	45
192	179	46
192	180	47
192	181	48
192	182	49
192	183	50
192	184	51
192	185	53
192	186	54
192	187	55
192	188	57
192	189	59
192	190	60
192	191	62
192	192	64
192	193	65
192	194	65
192	195	66
192	196	66
192	197	67
192	198	67
192	199	68
192	200	69
192	201	69
192	202	70
192	203	71
192	204	71
192	205	72
192	206	73
192	207	74
192	208	75
192	209	76
192	210	77
192	211	78
192	212	79
192	213	80
192	214	81
192	215	82
192	216	83
192	217	85
192	218	86
192	219	87
192	220	89
192	221	91
192	222	92
192	223	94
192	224	96
192	225	97
192	226	97
192	227	98
192	228	98
192	229	99
192	230	100
192	231	100
192	232	101
192	233	102
192	234	103
192	235	104
192	236	106
192	237	107
192	238	108
192	239	110
192	240	112
192	241	113
192	242	113
192	243	114
192	244	115
192	245	116
192	246	117
192	247	118
192	248	120
192	249	121
192	250	121
192	251	122
192	252	124
192	253	125
192	254	126
192	255	127
193	0	128
193	1	129
193	2	130
193	3	131
193	4	132
193	5	134
193	6	135
193	7	136
193	8	136
193	9	138
193	10	139
193	11	141
193	12	142
193	13	142
193	14	143
193	15	144
193	16	144
193	17	146
193	18	148
193	19	149
193	20	151
193	21	152
193	22	153
193	23	154
193	24	155
193	25	156
193	26	157
193	27	157
193	28	158
193	29	159
193	30	159
193	31	160
193	32	161
193	33	163
193	34	165
193	35	166
193	36	168
193	37	170
193	38	171
193	39	172
193	40	174
193	41	175
193	42	176
193	43	177
193	44	178
193	45	179
193	46	180
193	47	181
193	48	182
193	49	183
193	50	184
193	51	184
193	52	185
193	53	186
193	54	187
193	55	187
193	56	188
193	57	189
193	58	189
193	59	190
193	60	190
193	61	191
193	62	191
193	63	192
193	64	193
193	65	195
193	66	197
193	67	198
193	68	200
193	69	202
193	70	203
193	71	204
193	72	206
193	73	207
193	74	208
193	75	209
193	76	210
193	77	211
193	78	212
193	79	213
193	80	214
193	81	215
193	82	216
193	83	216
193	84	217
193	85	218
193	86	219
193	87	219
193	88	220
193	89	221
193	90	221
193	91	222
193	92	222
193	93	223
193	94	223
193	95	224
193	96	224
193	97	226
193	98	228
193	99	229
193	100	231
193	101	232
193	102	233
193	103	234
193	104	235
193	105	236
193	106	237
193	107	237
193	108	238
193	109	239
193	110	239
193	111	240
193	112	240
193	113	242
193	114	243
193	115	245
193	116	246
193	117	246
193	118	247
193	119	248
193	120	248
193	121	250
193	122	251
193	123	252
193	124	252
193	125	253
193	126	254
193	127	255
193	128	128
193	129	1
193	130	2
193	131	3
193	132	4
193	133	4
193	134	5
193	135	6
193	136	8
193	137	8
193	138	9
193	139	10
193	140	10
193	141	11
193	142	13
193	143	14
193	144	16
193	145	16
193	146	17
193	147	17
193	148	18
193	149	19
193	150	19
193	151	20
193	152	21
193	153	22
193	154	23
193	155	24
193	156	25
193	157	27
193	158	28
193	159	30
193	160	32
193	161	32
193	162	33
193	163	33
193	164	34
193	165	34
193	166	35
193	167	35
193	168	36
193	169	37
193	170	37
193	171	38
193	172	39
193	173	40
193	174	40
193	175	41
193	176	42
193	177	43
193	178	44
193	179	45
193	180	46
193	181	47
193	182	48
193	183	49
193	184	50
193	185	52
193	186	53
193	187	54
193	188	56
193	189	58
193	190	59
193	191	61
193	192	63
193	193	64
193	194	65
193	195	65
193	196	66
193	197	66
193	198	67
193	199	67
193	200	68
193	201	69
193	202	69
193	203	70
193	204	71
193	205	72
193	206	72
193	207	73
193	208	74
193	209	75
193	210	76
193	211	77
193	212	78
193	213	79
193	214	80
193	215	81
193	216	82
193	217	84
193	218	85
193	219	86
193	220	88
193	221	90
193	222	91
193	223	93
193	224	95
193	225	96
193	226	97
193	227	97
193	228	98
193	229	99
193	230	99
193	231	100
193	232	101
193	233	102
193	234	103
193	235	104
193	236	105
193	237	107
193	238	108
193	239	110
193	240	112
193	241	112
193	242	113
193	243	114
193	244	114
193	245	115
193	246	117
193	247	118
193	248	120
193	249	120
193	250	121
193	251	122
193	252	124
193	253	125
193	254	126
193	255	127
194	0	128
194	1	129
194	2	130
194	3	131
194	4	132
194	5	134
194	6	135
194	7	136
194	8	136
194	9	138
194	10	140
194	11	141
194	12	142
194	13	142
194	14	143
194	15	144
194	16	145
194	17	147
194	18	148
194	19	150
194	20	151
194	21	152
194	22	153
194	23	154
194	24	155
194	25	156
194	26	157
194	27	158
194	28	158
194	29	159
194	30	159
194	31	160
194	32	162
194	33	164
194	34	166
194	35	167
194	36	169
194	37	170
194	38	172
194	39	173
194	40	174
194	41	176
194	42	177
194	43	178
194	44	179
194	45	180
194	46	181
194	47	182
194	48	183
194	49	184
194	50	184
194	51	185
194	52	186
194	53	187
194	54	187
194	55	188
194	56	189
194	57	189
194	58	190
194	59	190
194	60	191
194	61	191
194	62	192
194	63	193
194	64	194
194	65	196
194	66	198
194	67	199
194	68	201
194	69	202
194	70	204
194	71	205
194	72	206
194	73	208
194	74	209
194	75	210
194	76	211
194	77	212
194	78	213
194	79	214
194	80	215
194	81	216
194	82	216
194	83	217
194	84	218
194	85	219
194	86	219
194	87	220
194	88	221
194	89	221
194	90	222
194	91	222
194	92	223
194	93	223
194	94	224
194	95	225
194	96	225
194	97	227
194	98	228
194	99	230
194	100	231
194	101	232
194	102	233
194	103	234
194	104	235
194	105	236
194	106	237
194	107	238
194	108	238
194	109	239
194	110	239
194	111	240
194	112	240
194	113	242
194	114	244
194	115	245
194	116	246
194	117	246
194	118	247
194	119	248
194	120	248
194	121	250
194	122	251
194	123	252
194	124	252
194	125	253
194	126	254
194	127	255
194	128	128
194	129	1
194	130	2
194	131	3
194	132	4
194	133	4
194	134	5
194	135	6
194	136	8
194	137	8
194	138	9
194	139	10
194	140	10
194	141	11
194	142	12
194	143	14
194	144	16
194	145	16
194	146	17
194	147	17
194	148	18
194	149	18
194	150	19
194	151	20
194	152	21
194	153	22
194	154	23
194	155	24
194	156	25
194	157	26
194	158	28
194	159	29
194	160	31
194	161	31
194	162	32
194	163	33
194	164	33
194	165	34
194	166	34
194	167	35
194	168	35
194	169	36
194	170	37
194	171	37
194	172	38
194	173	39
194	174	40
194	175	40
194	176	41
194	177	42
194	178	43
194	179	44
194	180	45
194	181	46
194	182	47
194	183	48
194	184	50
194	185	51
194	186	52
194	187	54
194	188	55
194	189	57
194	190	58
194	191	60
194	192	62
194	193	63
194	194	64
194	195	65
194	196	65
194	197	66
194	198	66
194	199	67
194	200	67
194	201	68
194	202	69
194	203	69
194	204	70
194	205	71
194	206	72
194	207	72
194	208	73
194	209	74
194	210	75
194	211	76
194	212	77
194	213	78
194	214	79
194	215	80
194	216	82
194	217	83
194	218	84
194	219	86
194	220	87
194	221	89
194	222	90
194	223	92
194	224	94
194	225	96
194	226	97
194	227	97
194	228	98
194	229	98
194	230	99
194	231	100
194	232	101
194	233	102
194	234	103
194	235	104
194	236	105
194	237	106
194	238	108
194	239	109
194	240	111
194	241	112
194	242	113
194	243	114
194	244	114
194	245	115
194	246	116
194	247	118
194	248	120
194	249	120
194	250	121
194	251	122
194	252	124
194	253	125
194	254	126
194	255	127
195	0	128
195	1	129
195	2	130
195	3	131
195	4	132
195	5	134
195	6	135
195	7	136
195	8	137
195	9	138
195	10	140
195	11	141
195	12	142
195	13	143
195	14	143
195	15	144
195	16	146
195	17	147
195	18	149
195	19	150
195	20	152
195	21	153
195	22	154
195	23	155
195	24	156
195	25	156
195	26	157
195	27	158
195	28	159
195	29	159
195	30	160
195	31	161
195	32	163
195	33	165
195	34	167
195	35	168
195	36	170
195	37	171
195	38	173
195	39	174
195	40	175
195	41	176
195	42	178
195	43	179
195	44	180
195	45	181
195	46	182
195	47	182
195	48	183
195	49	184
195	50	185
195	51	186
195	52	186
195	53	187
195	54	188
195	55	189
195	56	189
195	57	190
195	58	190
195	59	191
195	60	191
195	61	192
195	62	193
195	63	194
195	64	195
195	65	197
195	66	199
195	67	200
195	68	202
195	69	203
195	70	205
195	71	206
195	72	207
195	73	208
195	74	210
195	75	211
195	76	212
195	77	213
195	78	214
195	79	214
195	80	215
195	81	216
195	82	217
195	83	218
195	84	218
195	85	219
195	86	220
195	87	221
195	88	221
195	89	222
195	90	222
195	91	223
195	92	223
195	93	224
195	94	225
195	95	225
195	96	226
195	97	227
195	98	229
195	99	230
195	100	232
195	101	233
195	102	234
195	103	235
195	104	236
195	105	236
195	106	237
195	107	238
195	108	239
195	109	239
195	110	240
195	111	240
195	112	241
195	113	242
195	114	244
195	115	245
195	116	246
195	117	247
195	118	247
195	119	248
195	120	248
195	121	250
195	122	251
195	123	252
195	124	252
195	125	253
195	126	254
195	127	255
195	128	128
195	129	1
195	130	2
195	131	3
195	132	4
195	133	4
195	134	5
195	135	6
195	136	8
195	137	8
195	138	9
195	139	9
195	140	10
195	141	11
195	142	12
195	143	14
195	144	15
195	145	16
195	146	16
195	147	17
195	148	17
195	149	18
195	150	19
195	151	20
195	152	20
195	153	21
195	154	22
195	155	23
195	156	24
195	157	26
195	158	27
195	159	29
195	160	30
195	161	31
195	162	31
195	163	32
195	164	33
195	165	33
195	166	34
195	167	34
195	168	35
195	169	35
195	170	36
195	171	37
195	172	38
195	173	38
195	174	39
195	175	40
195	176	41
195	177	42
195	178	42
195	179	43
195	180	44
195	181	45
195	182	46
195	183	48
195	184	49
195	185	50
195	186	51
195	187	53
195	188	54
195	189	56
195	190	57
195	191	59
195	192	61
195	193	62
195	194	63
195	195	64
195	196	65
195	197	65
195	198	66
195	199	66
195	200	67
195	201	67
195	202	68
195	203	69
195	204	70
195	205	70
195	206	71
195	207	72
195	208	73
195	209	74
195	210	74
195	211	75
195	212	76
195	213	77
195	214	78
195	215	80
195	216	81
195	217	82
195	218	83
195	219	85
195	220	86
195	221	88
195	222	89
195	223	91
195	224	93
195	225	95
195	226	96
195	227	97
195	228	97
195	229	98
195	230	99
195	231	100
195	232	100
195	233	101
195	234	102
195	235	103
195	236	104
195	237	106
195	238	107
195	239	109
195	240	110
195	241	112
195	242	113
195	243	113
195	244	114
195	245	115
195	246	116
195	247	118
195	248	119
195	249	120
195	250	121
195	251	122
195	252	124
195	253	125
195	254	126
195	255	127
196	0	128
196	1	129
196	2	130
196	3	132
196	4	132
196	5	134
196	6	135
196	7	136
196	8	137
196	9	139
196	10	140
196	11	141
196	12	142
196	13	143
196	14	143
196	15	144
196	16	146
196	17	148
196	18	149
196	19	151
196	20	152
196	21	153
196	22	154
196	23	155
196	24	156
196	25	157
196	26	158
196	27	158
196	28	159
196	29	159
196	30	160
196	31	162
196	32	164
196	33	166
196	34	168
196	35	169
196	36	171
196	37	172
196	38	173
196	39	175
196	40	176
196	41	177
196	42	178
196	43	179
196	44	180
196	45	181
196	46	182
196	47	183
196	48	184
196	49	185
196	50	186
196	51	186
196	52	187
196	53	188
196	54	188
196	55	189
196	56	190
196	57	190
196	58	191
196	59	191
196	60	192
196	61	193
196	62	194
196	63	195
196	64	196
196	65	198
196	66	200
196	67	201
196	68	203
196	69	204
196	70	205
196	71	207
196	72	208
196	73	209
196	74	210
196	75	211
196	76	212
196	77	213
196	78	214
196	79	215
196	80	216
196	81	217
196	82	218
196	83	218
196	84	219
196	85	220
196	86	220
196	87	221
196	88	222
196	89	222
196	90	223
196	91	223
196	92	224
196	93	225
196	94	225
196	95	226
196	96	226
196	97	228
196	98	229
196	99	231
196	100	232
196	101	233
196	102	234
196	103	235
196	104	236
196	105	237
196	106	238
196	107	238
196	108	239
196	109	239
196	110	240
196	111	241
196	112	241
196	113	243
196	114	244
196	115	245
196	116	246
196	117	247
196	118	247
196	119	248
196	120	248
196	121	250
196	122	251
196	123	252
196	124	252
196	125	254
196	126	254
196	127	255
196	128	128
196	129	1
196	130	2
196	131	2
196	132	4
196	133	4
196	134	5
196	135	6
196	136	8
196	137	8
196	138	9
196	139	9
196	140	10
196	141	11
196	142	12
196	143	13
196	144	15
196	145	15
196	146	16
196	147	17
196	148	17
196	149	18
196	150	18
196	151	19
196	152	20
196	153	21
196	154	22
196	155	23
196	156	24
196	157	25
196	158	27
196	159	28
196	160	30
196	161	30
196	162	31
196	163	31
196	164	32
196	165	33
196	166	33
196	167	34
196	168	34
196	169	35
196	170	36
196	171	36
196	172	37
196	173	38
196	174	38
196	175	39
196	176	40
196	177	41
196	178	42
196	179	43
196	180	44
196	181	45
196	182	46
196	183	47
196	184	48
196	185	49
196	186	51
196	187	52
196	188	53
196	189	55
196	190	56
196	191	58
196	192	60
196	193	61
196	194	62
196	195	63
196	196	64
196	197	65
196	198	65
196	199	66
196	200	66
196	201	67
196	202	68
196	203	68
196	204	69
196	205	70
196	206	70
196	207	71
196	208	72
196	209	73
196	210	74
196	211	75
196	212	76
196	213	77
196	214	78
196	215	79
196	216	80
196	217	81
196	218	83
196	219	84
196	220	85
196	221	87
196	222	88
196	223	90
196	224	92
196	225	94
196	226	96
196	227	97
196	228	97
196	229	98
196	230	98
196	231	99
196	232	100
196	233	101
196	234	102
196	235	103
196	236	104
196	237	105
196	238	107
196	239	108
196	240	110
196	241	112
196	242	113
196	243	113
196	244	114
196	245	115
196	246	116
196	247	117
196	248	119
196	249	120
196	250	121
196	251	122
196	252	124
196	253	124
196	254	126
196	255	127
197	0	128
197	1	129
197	2	130
197	3	132
197	4	133
197	5	134
197	6	135
197	7	136
197	8	137
197	9	139
197	10	140
197	11	141
197	12	142
197	13	143
197	14	144
197	15	145
197	16	146
197	17	148
197	18	150
197	19	151
197	20	152
197	21	154
197	22	155
197	23	155
197	24	156
197	25	157
197	26	158
197	27	159
197	28	159
197	29	160
197	30	161
197	31	163
197	32	165
197	33	167
197	34	168
197	35	170
197	36	172
197	37	173
197	38	174
197	39	176
197	40	177
197	41	178
197	42	179
197	43	180
197	44	181
197	45	182
197	46	183
197	47	184
197	48	185
197	49	185
197	50	186
197	51	187
197	52	188
197	53	188
197	54	189
197	55	190
197	56	190
197	57	191
197	58	191
197	59	192
197	60	193
197	61	194
197	62	195
197	63	196
197	64	197
197	65	199
197	66	200
197	67	202
197	68	204
197	69	205
197	70	206
197	71	208
197	72	209
197	73	210
197	74	211
197	75	212
197	76	213
197	77	214
197	78	215
197	79	216
197	80	217
197	81	217
197	82	218
197	83	219
197	84	220
197	85	220
197	86	221
197	87	222
197	88	222
197	89	223
197	90	223
197	91	224
197	92	225
197	93	225
197	94	226
197	95	226
197	96	226
197	97	228
197	98	230
197	99	231
197	100	232
197	101	234
197	102	235
197	103	235
197	104	236
197	105	237
197	106	238
197	107	239
197	108	239
197	109	240
197	110	240
197	111	241
197	112	241
197	113	243
197	114	244
197	115	245
197	116	246
197	117	247
197	118	248
197	119	248
197	120	249
197	121	250
197	122	251
197	123	252
197	124	252
197	125	254
197	126	254
197	127	255
197	128	128
197	129	1
197	130	2
197	131	2
197	132	4
197	133	4
197	134	5
197	135	6
197	136	7
197	137	8
197	138	8
197	139	9
197	140	10
197	141	11
197	142	12
197	143	13
197	144	15
197	145	15
197	146	16
197	147	16
197	148	17
197	149	17
197	150	18
197	151	19
197	152	20
197	153	21
197	154	21
197	155	22
197	156	24
197	157	25
197	158	26
197	159	28
197	160	30
197	161	30
197	162	30
197	163	31
197	164	31
197	165	32
197	166	33
197	167	33
197	168	34
197	169	34
197	170	35
197	171	36
197	172	36
197	173	37
197	174	38
197	175	39
197	176	39
197	177	40
197	178	41
197	179	42
197	180	43
197	181	44
197	182	45
197	183	46
197	184	47
197	185	48
197	186	50
197	187	51
197	188	52
197	189	54
197	190	56
197	191	57
197	192	59
197	193	60
197	194	61
197	195	62
197	196	63
197	197	64
197	198	65
197	199	65
197	200	66
197	201	66
197	202	67
197	203	68
197	204	68
197	205	69
197	206	70
197	207	71
197	208	71
197	209	72
197	210	73
197	211	74
197	212	75
197	213	76
197	214	77
197	215	78
197	216	79
197	217	80
197	218	82
197	219	83
197	220	84
197	221	86
197	222	88
197	223	89
197	224	91
197	225	93
197	226	95
197	227	96
197	228	97
197	229	97
197	230	98
197	231	99
197	232	100
197	233	101
197	234	101
197	235	102
197	236	104
197	237	105
197	238	106
197	239	108
197	240	110
197	241	111
197	242	112
197	243	113
197	244	114
197	245	115
197	246	116
197	247	117
197	248	119
197	249	120
197	250	121
197	251	122
197	252	123
197	253	124
197	254	126
197	255	127
198	0	128
198	1	129
198	2	130
198	3	132
198	4	133
198	5	134
198	6	135
198	7	136
198	8	138
198	9	139
198	10	140
198	11	141
198	12	142
198	13	143
198	14	144
198	15	145
198	16	147
198	17	149
198	18	150
198	19	152
198	20	153
198	21	154
198	22	155
198	23	156
198	24	157
198	25	157
198	26	158
198	27	159
198	28	159
198	29	160
198	30	162
198	31	164
198	32	166
198	33	168
198	34	169
198	35	171
198	36	172
198	37	174
198	38	175
198	39	176
198	40	178
198	41	179
198	42	180
198	43	181
198	44	182
198	45	183
198	46	184
198	47	185
198	48	185
198	49	186
198	50	187
198	51	188
198	52	188
198	53	189
198	54	190
198	55	190
198	56	191
198	57	191
198	58	192
198	59	193
198	60	194
198	61	195
198	62	196
198	63	197
198	64	198
198	65	200
198	66	201
198	67	203
198	68	204
198	69	206
198	70	207
198	71	208
198	72	210
198	73	211
198	74	212
198	75	213
198	76	214
198	77	215
198	78	216
198	79	217
198	80	217
198	81	218
198	82	219
198	83	220
198	84	220
198	85	221
198	86	222
198	87	222
198	88	223
198	89	223
198	90	224
198	91	225
198	92	225
198	93	226
198	94	226
198	95	227
198	96	227
198	97	229
198	98	230
198	99	232
198	100	233
198	101	234
198	102	235
198	103	236
198	104	237
198	105	237
198	106	238
198	107	239
198	108	239
198	109	240
198	110	241
198	111	241
198	112	242
198	113	243
198	114	244
198	115	245
198	116	246
198	117	247
198	118	248
198	119	248
198	120	249
198	121	250
198	122	251
198	123	252
198	124	252
198	125	254
198	126	254
198	127	255
198	128	128
198	129	1
198	130	2
198	131	2
198	132	4
198	133	4
198	134	5
198	135	6
198	136	7
198	137	8
198	138	8
198	139	9
198	140	10
198	141	11
198	142	12
198	143	13
198	144	14
198	145	15
198	146	15
198	147	16
198	148	17
198	149	17
198	150	18
198	151	19
198	152	19
198	153	20
198	154	21
198	155	22
198	156	23
198	157	24
198	158	26
198	159	27
198	160	29
198	161	29
198	162	30
198	163	30
198	164	31
198	165	31
198	166	32
198	167	33
198	168	33
198	169	34
198	170	34
198	171	35
198	172	36
198	173	36
198	174	37
198	175	38
198	176	39
198	177	39
198	178	40
198	179	41
198	180	42
198	181	43
198	182	44
198	183	45
198	184	46
198	185	48
198	186	49
198	187	50
198	188	52
198	189	53
198	190	55
198	191	56
198	192	58
198	193	59
198	194	60
198	195	61
198	196	62
198	197	63
198	198	64
198	199	65
198	200	65
198	201	66
198	202	66
198	203	67
198	204	68
198	205	68
198	206	69
198	207	70
198	208	71
198	209	71
198	210	72
198	211	73
198	212	74
198	213	75
198	214	76
198	215	77
198	216	78
198	217	80
198	218	81
198	219	82
198	220	84
198	221	85
198	222	87
198	223	88
198	224	90
198	225	92
198	226	94
198	227	96
198	228	97
198	229	97
198	230	98
198	231	99
198	232	99
198	233	100
198	234	101
198	235	102
198	236	103
198	237	104
198	238	106
198	239	107
198	240	109
198	241	111
198	242	112
198	243	113
198	244	114
198	245	115
198	246	116
198	247	117
198	248	118
198	249	120
198	250	121
198	251	122
198	252	123
198	253	124
198	254	126
198	255	127
199	0	128
199	1	129
199	2	130
199	3	132
199	4	133
199	5	134
199	6	135
199	7	136
199	8	138
199	9	139
199	10	141
199	11	142
199	12	142
199	13	143
199	14	144
199	15	146
199	16	148
199	17	149
199	18	151
199	19	152
199	20	153
199	21	154
199	22	155
199	23	156
199	24	157
199	25	158
199	26	158
199	27	159
199	28	160
199	29	161
199	30	163
199	31	165
199	32	167
199	33	169
199	34	170
199	35	172
199	36	173
199	37	175
199	38	176
199	39	177
199	40	178
199	41	180
199	42	181
199	43	182
199	44	183
199	45	183
199	46	184
199	47	185
199	48	186
199	49	187
199	50	188
199	51	188
199	52	189
199	53	190
199	54	190
199	55	191
199	56	191
199	57	192
199	58	193
199	59	194
199	60	195
199	61	196
199	62	197
199	63	198
199	64	199
199	65	201
199	66	202
199	67	204
199	68	205
199	69	207
199	70	208
199	71	209
199	72	210
199	73	212
199	74	213
199	75	214
199	76	215
199	77	215
199	78	216
199	79	217
199	80	218
199	81	219
199	82	220
199	83	220
199	84	221
199	85	222
199	86	222
199	87	223
199	88	223
199	89	224
199	90	225
199	91	225
199	92	226
199	93	226
199	94	227
199	95	227
199	96	228
199	97	229
199	98	231
199	99	232
199	100	233
199	101	234
199	102	235
199	103	236
199	104	237
199	105	238
199	106	238
199	107	239
199	108	240
199	109	240
199	110	241
199	111	241
199	112	242
199	113	243
199	114	245
199	115	246
199	116	246
199	117	247
199	118	248
199	119	248
199	120	249
199	121	250
199	122	251
199	123	252
199	124	252
199	125	254
199	126	254
199	127	255
199	128	128
199	129	1
199	130	2
199	131	2
199	132	4
199	133	4
199	134	5
199	135	6
199	136	7
199	137	8
199	138	8
199	139	9
199	140	10
199	141	10
199	142	11
199	143	13
199	144	14
199	145	15
199	146	15
199	147	16
199	148	16
199	149	17
199	150	18
199	151	18
199	152	19
199	153	20
199	154	21
199	155	22
199	156	23
199	157	24
199	158	25
199	159	27
199	160	28
199	161	29
199	162	29
199	163	30
199	164	30
199	165	31
199	166	31
199	167	32
199	168	33
199	169	33
199	170	34
199	171	34
199	172	35
199	173	36
199	174	36
199	175	37
199	176	38
199	177	39
199	178	40
199	179	41
199	180	41
199	181	42
199	182	43
199	183	44
199	184	46
199	185	47
199	186	48
199	187	49
199	188	51
199	189	52
199	190	54
199	191	55
199	192	57
199	193	58
199	194	59
199	195	60
199	196	61
199	197	62
199	198	63
199	199	64
199	200	65
199	201	65
199	202	66
199	203	66
199	204	67
199	205	68
199	206	68
199	207	69
199	208	70
199	209	71
199	210	72
199	211	73
199	212	73
199	213	74
199	214	75
199	215	76
199	216	78
199	217	79
199	218	80
199	219	81
199	220	83
199	221	84
199	222	86
199	223	87
199	224	89
199	225	91
199	226	93
199	227	95
199	228	96
199	229	97
199	230	98
199	231	98
199	232	99
199	233	100
199	234	101
199	235	102
199	236	103
199	237	104
199	238	105
199	239	107
199	240	108
199	241	110
199	242	112
199	243	113
199	244	114
199	245	114
199	246	115
199	247	117
199	248	118
199	249	120
199	250	121
199	251	122
199	252	123
199	253	124
199	254	126
199	255	127
200	0	128
200	1	129
200	2	130
200	3	132
200	4	133
200	5	134
200	6	135
200	7	136
200	8	138
200	9	140
200	10	141
200	11	142
200	12	143
200	13	143
200	14	144
200	15	146
200	16	148
200	17	150
200	18	151
200	19	152
200	20	154
200	21	155
200	22	156
200	23	157
200	24	157
200	25	158
200	26	159
200	27	159
200	28	160
200	29	162
200	30	164
200	31	166
200	32	168
200	33	170
200	34	171
200	35	173
200	36	174
200	37	176
200	38	177
200	39	178
200	40	179
200	41	180
200	42	181
200	43	182
200	44	183
200	45	184
200	46	185
200	47	186
200	48	187
200	49	187
200	50	188
200	51	189
200	52	190
200	53	190
200	54	191
200	55	191
200	56	192
200	57	193
200	58	194
200	59	195
200	60	196
200	61	197
200	62	198
200	63	199
200	64	200
200	65	202
200	66	203
200	67	205
200	68	206
200	69	208
200	70	209
200	71	210
200	72	211
200	73	212
200	74	213
200	75	214
200	76	215
200	77	216
200	78	217
200	79	218
200	80	219
200	81	219
200	82	220
200	83	221
200	84	222
200	85	222
200	86	223
200	87	223
200	88	224
200	89	225
200	90	225
200	91	226
200	92	226
200	93	227
200	94	227
200	95	228
200	96	228
200	97	230
200	98	231
200	99	232
200	100	234
200	101	235
200	102	236
200	103	237
200	104	237
200	105	238
200	106	239
200	107	239
200	108	240
200	109	241
200	110	241
200	111	242
200	112	242
200	113	244
200	114	245
200	115	246
200	116	247
200	117	247
200	118	248
200	119	249
200	120	249
200	121	250
200	122	251
200	123	252
200	124	252
200	125	254
200	126	254
200	127	255
200	128	128
200	129	1
200	130	2
200	131	2
200	132	4
200	133	4
200	134	5
200	135	6
200	136	7
200	137	7
200	138	8
200	139	9
200	140	9
200	141	10
200	142	11
200	143	12
200	144	14
200	145	14
200	146	15
200	147	15
200	148	16
200	149	17
200	150	17
200	151	18
200	152	19
200	153	19
200	154	20
200	155	21
200	156	22
200	157	24
200	158	25
200	159	26
200	160	28
200	161	28
200	162	29
200	163	29
200	164	30
200	165	30
200	166	31
200	167	31
200	168	32
200	169	33
200	170	33
200	171	34
200	172	34
200	173	35
200	174	36
200	175	37
200	176	37
200	177	38
200	178	39
200	179	40
200	180	41
200	181	42
200	182	43
200	183	44
200	184	45
200	185	46
200	186	47
200	187	48
200	188	50
200	189	51
200	190	53
200	191	54
200	192	56
200	193	57
200	194	58
200	195	59
200	196	60
200	197	61
200	198	62
200	199	63
200	200	64
200	201	65
200	202	65
200	203	66
200	204	66
200	205	67
200	206	68
200	207	69
200	208	69
200	209	70
200	210	71
200	211	72
200	212	73
200	213	74
200	214	75
200	215	76
200	216	77
200	217	78
200	218	79
200	219	80
200	220	82
200	221	83
200	222	85
200	223	86
200	224	88
200	225	90
200	226	92
200	227	94
200	228	96
200	229	97
200	230	97
200	231	98
200	232	99
200	233	99
200	234	100
200	235	101
200	236	102
200	237	104
200	238	105
200	239	106
200	240	108
200	241	110
200	242	112
200	243	113
200	244	113
200	245	114
200	246	115
200	247	116
200	248	118
200	249	120
200	250	121
200	251	122
200	252	123
200	253	124
200	254	126
200	255	127
201	0	128
201	1	129
201	2	131
201	3	132
201	4	133
201	5	134
201	6	135
201	7	136
201	8	138
201	9	140
201	10	141
201	11	142
201	12	143
201	13	144
201	14	145
201	15	147
201	16	148
201	17	150
201	18	152
201	19	153
201	20	154
201	21	155
201	22	156
201	23	157
201	24	158
201	25	158
201	26	159
201	27	160
201	28	161
201	29	163
201	30	165
201	31	167
201	32	169
201	33	171
201	34	172
201	35	174
201	36	175
201	37	176
201	38	178
201	39	179
201	40	180
201	41	181
201	42	182
201	43	183
201	44	184
201	45	185
201	46	186
201	47	187
201	48	187
201	49	188
201	50	189
201	51	189
201	52	190
201	53	191
201	54	191
201	55	192
201	56	193
201	57	194
201	58	195
201	59	196
201	60	197
201	61	198
201	62	199
201	63	200
201	64	201
201	65	203
201	66	204
201	67	206
201	68	207
201	69	208
201	70	210
201	71	211
201	72	212
201	73	213
201	74	214
201	75	215
201	76	216
201	77	217
201	78	218
201	79	219
201	80	219
201	81	220
201	82	221
201	83	221
201	84	222
201	85	223
201	86	223
201	87	224
201	88	225
201	89	225
201	90	226
201	91	226
201	92	227
201	93	227
201	94	228
201	95	228
201	96	228
201	97	230
201	98	232
201	99	233
201	100	234
201	101	235
201	102	236
201	103	237
201	104	238
201	105	238
201	106	239
201	107	240
201	108	240
201	109	241
201	110	241
201	111	242
201	112	242
201	113	244
201	114	245
201	115	246
201	116	247
201	117	248
201	118	248
201	119	249
201	120	249
201	121	250
201	122	251
201	123	252
201	124	253
201	125	254
201	126	254
201	127	255
201	128	128
201	129	1
201	130	2
201	131	2
201	132	3
201	133	4
201	134	5
201	135	6
201	136	7
201	137	7
201	138	8
201	139	8
201	140	9
201	141	10
201	142	11
201	143	12
201	144	14
201	145	14
201	146	15
201	147	15
201	148	16
201	149	16
201	150	17
201	151	18
201	152	18
201	153	19
201	154	20
201	155	21
201	156	22
201	157	23
201	158	24
201	159	26
201	160	28
201	161	28
201	162	28
201	163	29
201	164	29
201	165	30
201	166	30
201	167	31
201	168	31
201	169	32
201	170	33
201	171	33
201	172	34
201	173	35
201	174	35
201	175	36
201	176	37
201	177	37
201	178	38
201	179	39
201	180	40
201	181	41
201	182	42
201	183	43
201	184	44
201	185	45
201	186	46
201	187	48
201	188	49
201	189	50
201	190	52
201	191	53
201	192	55
201	193	56
201	194	57
201	195	58
201	196	59
201	197	60
201	198	61
201	199	62
201	200	63
201	201	64
201	202	65
201	203	65
201	204	66
201	205	67
201	206	67
201	207	68
201	208	69
201	209	69
201	210	70
201	211	71
201	212	72
201	213	73
201	214	74
201	215	75
201	216	76
201	217	77
201	218	78
201	219	80
201	220	81
201	221	82
201	222	84
201	223	85
201	224	87
201	225	89
201	226	91
201	227	93
201	228	95
201	229	96
201	230	97
201	231	98
201	232	98
201	233	99
201	234	100
201	235	101
201	236	102
201	237	103
201	238	104
201	239	106
201	240	108
201	241	109
201	242	111
201	243	112
201	244	113
201	245	114
201	246	115
201	247	116
201	248	118
201	249	120
201	250	121
201	251	122
201	252	123
201	253	124
201	254	125
201	255	127
202	0	128
202	1	129
202	2	131
202	3	132
202	4	133
202	5	135
202	6	136
202	7	137
202	8	138
202	9	140
202	10	141
202	11	142
202	12	143
202	13	144
202	14	145
202	15	147
202	16	149
202	17	151
202	18	152
202	19	153
202	20	154
202	21	155
202	22	156
202	23	157
202	24	158
202	25	159
202	26	159
202	27	160
202	28	162
202	29	164
202	30	166
202	31	168
202	32	170
202	33	172
202	34	173
202	35	175
202	36	176
202	37	177
202	38	179
202	39	180
202	40	181
202	41	182
202	42	183
202	43	184
202	44	185
202	45	186
202	46	186
202	47	187
202	48	188
202	49	189
202	50	189
202	51	190
202	52	191
202	53	191
202	54	192
202	55	193
202	56	194
202	57	195
202	58	196
202	59	197
202	60	198
202	61	199
202	62	200
202	63	201
202	64	202
202	65	204
202	66	205
202	67	207
202	68	208
202	69	209
202	70	211
202	71	212
202	72	213
202	73	214
202	74	215
202	75	216
202	76	217
202	77	218
202	78	218
202	79	219
202	80	220
202	81	221
202	82	221
202	83	222
202	84	223
202	85	223
202	86	224
202	87	225
202	88	225
202	89	226
202	90	226
202	91	227
202	92	227
202	93	228
202	94	228
202	95	229
202	96	229
202	97	231
202	98	232
202	99	233
202	100	234
202	101	235
202	102	236
202	103	237
202	104	238
202	105	239
202	106	239
202	107	240
202	108	241
202	109	241
202	110	242
202	111	242
202	112	242
202	113	244
202	114	245
202	115	246
202	116	247
202	117	248
202	118	248
202	119	249
202	120	249
202	121	251
202	122	252
202	123	252
202	124	253
202	125	254
202	126	254
202	127	255
202	128	128
202	129	1
202	130	2
202	131	2
202	132	3
202	133	4
202	134	4
202	135	5
202	136	7
202	137	7
202	138	8
202	139	8
202	140	9
202	141	10
202	142	11
202	143	12
202	144	14
202	145	14
202	146	14
202	147	15
202	148	15
202	149	16
202	150	17
202	151	17
202	152	18
202	153	19
202	154	20
202	155	21
202	156	22
202	157	23
202	158	24
202	159	25
202	160	27
202	161	27
202	162	28
202	163	28
202	164	29
202	165	29
202	166	30
202	167	30
202	168	31
202	169	31
202	170	32
202	171	33
202	172	33
202	173	34
202	174	35
202	175	35
202	176	36
202	177	37
202	178	38
202	179	38
202	180	39
202	181	40
202	182	41
202	183	42
202	184	43
202	185	44
202	186	45
202	187	47
202	188	48
202	189	49
202	190	51
202	191	52
202	192	54
202	193	55
202	194	56
202	195	57
202	196	58
202	197	59
202	198	60
202	199	61
202	200	62
202	201	63
202	202	64
202	203	65
202	204	65
202	205	66
202	206	67
202	207	67
202	208	68
202	209	69
202	210	70
202	211	70
202	212	71
202	213	72
202	214	73
202	215	74
202	216	75
202	217	76
202	218	77
202	219	79
202	220	80
202	221	81
202	222	83
202	223	84
202	224	86
202	225	88
202	226	90
202	227	92
202	228	94
202	229	96
202	230	97
202	231	97
202	232	98
202	233	99
202	234	100
202	235	101
202	236	102
202	237	103
202	238	104
202	239	105
202	240	107
202	241	109
202	242	111
202	243	112
202	244	113
202	245	114
202	246	115
202	247	116
202	248	118
202	249	119
202	250	120
202	251	121
202	252	123
202	253	124
202	254	125
202	255	127
203	0	128
203	1	129
203	2	131
203	3	132
203	4	133
203	5	135
203	6	136
203	7	137
203	8	139
203	9	140
203	10	141
203	11	142
203	12	143
203	13	144
203	14	146
203	15	148
203	16	150
203	17	151
203	18	152
203	19	154
203	20	155
203	21	156
203	22	157
203	23	158
203	24	158
203	25	159
203	26	160
203	27	161
203	28	163
203	29	166
203	30	167
203	31	169
203	32	171
203	33	173
203	34	174
203	35	176
203	36	177
203	37	178
203	38	179
203	39	181
203	40	182
203	41	183
203	42	184
203	43	185
203	44	185
203	45	186
203	46	187
203	47	188
203	48	189
203	49	189
203	50	190
203	51	191
203	52	191
203	53	192
203	54	193
203	55	194
203	56	195
203	57	196
203	58	198
203	59	199
203	60	199
203	61	200
203	62	201
203	63	202
203	64	203
203	65	205
203	66	206
203	67	208
203	68	209
203	69	210
203	70	211
203	71	213
203	72	214
203	73	215
203	74	216
203	75	217
203	76	217
203	77	218
203	78	219
203	79	220
203	80	221
203	81	221
203	82	222
203	83	223
203	84	223
203	85	224
203	86	225
203	87	225
203	88	226
203	89	226
203	90	227
203	91	227
203	92	228
203	93	228
203	94	229
203	95	229
203	96	230
203	97	231
203	98	232
203	99	234
203	100	235
203	101	236
203	102	237
203	103	238
203	104	238
203	105	239
203	106	240
203	107	240
203	108	241
203	109	241
203	110	242
203	111	242
203	112	243
203	113	244
203	114	245
203	115	246
203	116	247
203	117	248
203	118	248
203	119	249
203	120	249
203	121	251
203	122	252
203	123	252
203	124	253
203	125	254
203	126	254
203	127	255
203	128	128
203	129	1
203	130	2
203	131	2
203	132	3
203	133	4
203	134	4
203	135	5
203	136	7
203	137	7
203	138	8
203	139	8
203	140	9
203	141	10
203	142	11
203	143	12
203	144	13
203	145	14
203	146	14
203	147	15
203	148	15
203	149	16
203	150	16
203	151	17
203	152	18
203	153	18
203	154	19
203	155	20
203	156	21
203	157	22
203	158	24
203	159	25
203	160	26
203	161	27
203	162	27
203	163	28
203	164	28
203	165	29
203	166	29
203	167	30
203	168	30
203	169	31
203	170	31
203	171	32
203	172	33
203	173	33
203	174	34
203	175	35
203	176	35
203	177	36
203	178	37
203	179	38
203	180	39
203	181	39
203	182	40
203	183	41
203	184	42
203	185	43
203	186	45
203	187	46
203	188	47
203	189	48
203	190	50
203	191	51
203	192	53
203	193	54
203	194	55
203	195	56
203	196	57
203	197	57
203	198	58
203	199	60
203	200	61
203	201	62
203	202	63
203	203	64
203	204	65
203	205	65
203	206	66
203	207	67
203	208	67
203	209	68
203	210	69
203	211	70
203	212	71
203	213	71
203	214	72
203	215	73
203	216	74
203	217	75
203	218	77
203	219	78
203	220	79
203	221	80
203	222	82
203	223	83
203	224	85
203	225	87
203	226	89
203	227	90
203	228	93
203	229	95
203	230	96
203	231	97
203	232	98
203	233	98
203	234	99
203	235	100
203	236	101
203	237	102
203	238	104
203	239	105
203	240	106
203	241	108
203	242	110
203	243	112
203	244	113
203	245	114
203	246	115
203	247	116
203	248	117
203	249	119
203	250	120
203	251	121
203	252	123
203	253	124
203	254	125
203	255	127
204	0	128
204	1	129
204	2	131
204	3	132
204	4	134
204	5	135
204	6	136
204	7	137
204	8	139
204	9	140
204	10	142
204	11	143
204	12	143
204	13	144
204	14	146
204	15	148
204	16	150
204	17	152
204	18	153
204	19	154
204	20	155
204	21	156
204	22	157
204	23	158
204	24	159
204	25	159
204	26	160
204	27	162
204	28	165
204	29	167
204	30	169
204	31	170
204	32	172
204	33	174
204	34	175
204	35	176
204	36	178
204	37	179
204	38	180
204	39	181
204	40	182
204	41	183
204	42	184
204	43	185
204	44	186
204	45	187
204	46	188
204	47	189
204	48	189
204	49	190
204	50	191
204	51	191
204	52	192
204	53	193
204	54	194
204	55	195
204	56	197
204	57	198
204	58	199
204	59	200
204	60	201
204	61	201
204	62	202
204	63	203
204	64	204
204	65	206
204	66	207
204	67	208
204	68	210
204	69	211
204	70	212
204	71	213
204	72	214
204	73	215
204	74	216
204	75	217
204	76	218
204	77	219
204	78	220
204	79	221
204	80	221
204	81	222
204	82	223
204	83	223
204	84	224
204	85	225
204	86	225
204	87	226
204	88	226
204	89	227
204	90	227
204	91	228
204	92	228
204	93	229
204	94	229
204	95	230
204	96	230
204	97	232
204	98	233
204	99	234
204	100	235
204	101	236
204	102	237
204	103	238
204	104	239
204	105	239
204	106	240
204	107	241
204	108	241
204	109	242
204	110	242
204	111	243
204	112	243
204	113	244
204	114	246
204	115	247
204	116	247
204	117	248
204	118	249
204	119	249
204	120	250
204	121	251
204	122	252
204	123	252
204	124	253
204	125	254
204	126	254
204	127	255
204	128	128
204	129	1
204	130	2
204	131	2
204	132	3
204	133	4
204	134	4
204	135	5
204	136	6
204	137	7
204	138	7
204	139	8
204	140	9
204	141	9
204	142	10
204	143	12
204	144	13
204	145	13
204	146	14
204	147	14
204	148	15
204	149	15
204	150	16
204	151	17
204	152	17
204	153	18
204	154	19
204	155	20
204	156	21
204	157	22
204	158	23
204	159	24
204	160	26
204	161	26
204	162	27
204	163	27
204	164	28
204	165	28
204	166	29
204	167	29
204	168	30
204	169	30
204	170	31
204	171	31
204	172	32
204	173	33
204	174	33
204	175	34
204	176	35
204	177	35
204	178	36
204	179	37
204	180	38
204	181	39
204	182	40
204	183	41
204	184	42
204	185	43
204	186	44
204	187	45
204	188	46
204	189	48
204	190	49
204	191	50
204	192	52
204	193	53
204	194	54
204	195	55
204	196	55
204	197	56
204	198	57
204	199	58
204	200	59
204	201	61
204	202	62
204	203	63
204	204	64
204	205	65
204	206	65
204	207	66
204	208	67
204	209	67
204	210	68
204	211	69
204	212	70
204	213	71
204	214	72
204	215	73
204	216	74
204	217	75
204	218	76
204	219	77
204	220	78
204	221	80
204	222	81
204	223	82
204	224	84
204	225	86
204	226	87
204	227	89
204	228	91
204	229	94
204	230	96
204	231	97
204	232	97
204	233	98
204	234	99
204	235	100
204	236	101
204	237	102
204	238	103
204	239	104
204	240	106
204	241	108
204	242	110
204	243	112
204	244	113
204	245	113
204	246	114
204	247	116
204	248	117
204	249	119
204	250	120
204	251	121
204	252	122
204	253	124
204	254	125
204	255	127
205	0	128
205	1	129
205	2	131
205	3	132
205	4	134
205	5	135
205	6	136
205	7	137
205	8	139
205	9	141
205	10	142
205	11	143
205	12	144
205	13	145
205	14	147
205	15	149
205	16	150
205	17	152
205	18	153
205	19	155
205	20	156
205	21	157
205	22	157
205	23	158
205	24	159
205	25	160
205	26	161
205	27	164
205	28	166
205	29	168
205	30	170
205	31	171
205	32	173
205	33	175
205	34	176
205	35	177
205	36	179
205	37	180
205	38	181
205	39	182
205	40	183
205	41	184
205	42	185
205	43	186
205	44	187
205	45	188
205	46	189
205	47	189
205	48	190
205	49	191
205	50	191
205	51	192
205	52	193
205	53	194
205	54	196
205	55	197
205	56	198
205	57	199
205	58	200
205	59	201
205	60	202
205	61	202
205	62	203
205	63	204
205	64	205
205	65	207
205	66	208
205	67	209
205	68	211
205	69	212
205	70	213
205	71	214
205	72	215
205	73	216
205	74	217
205	75	218
205	76	219
205	77	220
205	78	221
205	79	221
205	80	222
205	81	223
205	82	223
205	83	224
205	84	225
205	85	225
205	86	226
205	87	226
205	88	227
205	89	227
205	90	228
205	91	228
205	92	229
205	93	229
205	94	230
205	95	230
205	96	230
205	97	232
205	98	233
205	99	235
205	100	236
205	101	237
205	102	237
205	103	238
205	104	239
205	105	240
205	106	240
205	107	241
205	108	241
205	109	242
205	110	242
205	111	243
205	112	243
205	113	245
205	114	246
205	115	247
205	116	248
205	117	248
205	118	249
205	119	249
205	120	250
205	121	251
205	122	252
205	123	252
205	124	253
205	125	254
205	126	254
205	127	255
205	128	128
205	129	1
205	130	2
205	131	2
205	132	3
205	133	4
205	134	4
205	135	5
205	136	6
205	137	7
205	138	7
205	139	8
205	140	8
205	141	9
205	142	10
205	143	11
205	144	13
205	145	13
205	146	14
205	147	14
205	148	15
205	149	15
205	150	16
205	151	16
205	152	17
205	153	18
205	154	19
205	155	19
205	156	20
205	157	21
205	158	23
205	159	24
205	160	26
205	161	26
205	162	26
205	163	27
205	164	27
205	165	28
205	166	28
205	167	29
205	168	29
205	169	30
205	170	30
205	171	31
205	172	31
205	173	32
205	174	33
205	175	33
205	176	34
205	177	35
205	178	35
205	179	36
205	180	37
205	181	38
205	182	39
205	183	40
205	184	41
205	185	42
205	186	43
205	187	44
205	188	45
205	189	47
205	190	48
205	191	49
205	192	51
205	193	52
205	194	53
205	195	54
205	196	54
205	197	55
205	198	56
205	199	57
205	200	58
205	201	59
205	202	60
205	203	62
205	204	63
205	205	64
205	206	65
205	207	65
205	208	66
205	209	67
205	210	67
205	211	68
205	212	69
205	213	70
205	214	71
205	215	72
205	216	73
205	217	74
205	218	75
205	219	76
205	220	77
205	221	79
205	222	80
205	223	81
205	224	83
205	225	85
205	226	86
205	227	88
205	228	90
205	229	92
205	230	95
205	231	96
205	232	97
205	233	98
205	234	99
205	235	99
205	236	100
205	237	101
205	238	103
205	239	104
205	240	106
205	241	107
205	242	109
205	243	111
205	244	112
205	245	113
205	246	114
205	247	115
205	248	117
205	249	119
205	250	120
205	251	121
205	252	122
205	253	124
205	254	125
205	255	127
206	0	128
206	1	129
206	2	131
206	3	132
206	4	134
206	5	135
206	6	136
206	7	138
206	8	140
206	9	141
206	10	142
206	11	143
206	12	144
206	13	145
206	14	147
206	15	149
206	16	151
206	17	152
206	18	154
206	19	155
206	20	156
206	21	157
206	22	158
206	23	159
206	24	159
206	25	160
206	26	162
206	27	165
206	28	167
206	29	169
206	30	171
206	31	172
206	32	174
206	33	176
206	34	177
206	35	178
206	36	180
206	37	181
206	38	182
206	39	183
206	40	184
206	41	185
206	42	186
206	43	187
206	44	188
206	45	188
206	46	189
206	47	190
206	48	191
206	49	191
206	50	192
206	51	193
206	52	194
206	53	196
206	54	197
206	55	198
206	56	199
206	57	200
206	58	201
206	59	202
206	60	203
206	61	204
206	62	204
206	63	205
206	64	206
206	65	208
206	66	209
206	67	210
206	68	212
206	69	213
206	70	214
206	71	215
206	72	216
206	73	217
206	74	218
206	75	219
206	76	220
206	77	220
206	78	221
206	79	222
206	80	223
206	81	223
206	82	224
206	83	225
206	84	225
206	85	226
206	86	226
206	87	227
206	88	227
206	89	228
206	90	228
206	91	229
206	92	229
206	93	230
206	94	230
206	95	231
206	96	231
206	97	232
206	98	234
206	99	235
206	100	236
206	101	237
206	102	238
206	103	239
206	104	239
206	105	240
206	106	241
206	107	241
206	108	242
206	109	242
206	110	243
206	111	243
206	112	244
206	113	245
206	114	246
206	115	247
206	116	248
206	117	248
206	118	249
206	119	249
206	120	250
206	121	251
206	122	252
206	123	252
206	124	253
206	125	254
206	126	254
206	127	255
206	128	128
206	129	1
206	130	2
206	131	2
206	132	3
206	133	4
206	134	4
206	135	5
206	136	6
206	137	7
206	138	7
206	139	8
206	140	8
206	141	9
206	142	10
206	143	11
206	144	12
206	145	13
206	146	13
206	147	14
206	148	14
206	149	15
206	150	15
206	151	16
206	152	17
206	153	17
206	154	18
206	155	19
206	156	20
206	157	21
206	158	22
206	159	24
206	160	25
206	161	25
206	162	26
206	163	26
206	164	27
206	165	27
206	166	28
206	167	28
206	168	29
206	169	29
206	170	30
206	171	30
206	172	31
206	173	31
206	174	32
206	175	33
206	176	33
206	177	34
206	178	35
206	179	36
206	180	36
206	181	37
206	182	38
206	183	39
206	184	40
206	185	41
206	186	42
206	187	43
206	188	44
206	189	46
206	190	47
206	191	48
206	192	50
206	193	51
206	194	52
206	195	52
206	196	53
206	197	54
206	198	55
206	199	56
206	200	57
206	201	58
206	202	59
206	203	60
206	204	62
206	205	63
206	206	64
206	207	65
206	208	65
206	209	66
206	210	67
206	211	68
206	212	68
206	213	69
206	214	70
206	215	71
206	216	72
206	217	73
206	218	74
206	219	75
206	220	76
206	221	78
206	222	79
206	223	80
206	224	82
206	225	84
206	226	85
206	227	87
206	228	89
206	229	91
206	230	94
206	231	96
206	232	97
206	233	97
206	234	98
206	235	99
206	236	100
206	237	101
206	238	102
206	239	104
206	240	105
206	241	107
206	242	109
206	243	111
206	244	112
206	245	113
206	246	114
206	247	115
206	248	116
206	249	118
206	250	120
206	251	121
206	252	122
206	253	124
206	254	125
206	255	127
207	0	128
207	1	129
207	2	131
207	3	132
207	4	134
207	5	135
207	6	136
207	7	138
207	8	140
207	9	141
207	10	142
207	11	143
207	12	144
207	13	146
207	14	148
207	15	150
207	16	152
207	17	153
207	18	154
207	19	155
207	20	156
207	21	157
207	22	158
207	23	159
207	24	160
207	25	161
207	26	164
207	27	166
207	28	168
207	29	170
207	30	172
207	31	173
207	32	175
207	33	176
207	34	178
207	35	179
207	36	180
207	37	182
207	38	183
207	39	184
207	40	185
207	41	186
207	42	187
207	43	188
207	44	188
207	45	189
207	46	190
207	47	191
207	48	191
207	49	192
207	50	193
207	51	195
207	52	196
207	53	197
207	54	198
207	55	199
207	56	200
207	57	201
207	58	202
207	59	203
207	60	204
207	61	205
207	62	205
207	63	206
207	64	207
207	65	208
207	66	210
207	67	211
207	68	212
207	69	214
207	70	215
207	71	216
207	72	217
207	73	218
207	74	219
207	75	220
207	76	220
207	77	221
207	78	222
207	79	223
207	80	223
207	81	224
207	82	225
207	83	225
207	84	226
207	85	226
207	86	227
207	87	227
207	88	228
207	89	228
207	90	229
207	91	229
207	92	230
207	93	230
207	94	231
207	95	231
207	96	232
207	97	233
207	98	234
207	99	235
207	100	236
207	101	237
207	102	238
207	103	239
207	104	240
207	105	240
207	106	241
207	107	241
207	108	242
207	109	242
207	110	243
207	111	243
207	112	244
207	113	245
207	114	246
207	115	247
207	116	248
207	117	248
207	118	249
207	119	249
207	120	250
207	121	251
207	122	252
207	123	252
207	124	253
207	125	254
207	126	254
207	127	255
207	128	128
207	129	1
207	130	2
207	131	2
207	132	3
207	133	4
207	134	4
207	135	5
207	136	6
207	137	7
207	138	7
207	139	8
207	140	8
207	141	9
207	142	10
207	143	11
207	144	12
207	145	13
207	146	13
207	147	14
207	148	14
207	149	15
207	150	15
207	151	16
207	152	16
207	153	17
207	154	18
207	155	19
207	156	20
207	157	21
207	158	22
207	159	23
207	160	24
207	161	25
207	162	25
207	163	26
207	164	26
207	165	27
207	166	27
207	167	28
207	168	28
207	169	29
207	170	29
207	171	30
207	172	30
207	173	31
207	174	31
207	175	32
207	176	33
207	177	33
207	178	34
207	179	35
207	180	36
207	181	36
207	182	37
207	183	38
207	184	39
207	185	40
207	186	41
207	187	42
207	188	44
207	189	45
207	190	46
207	191	48
207	192	49
207	193	50
207	194	51
207	195	51
207	196	52
207	197	53
207	198	54
207	199	55
207	200	56
207	201	57
207	202	58
207	203	59
207	204	60
207	205	61
207	206	63
207	207	64
207	208	65
207	209	65
207	210	66
207	211	67
207	212	68
207	213	68
207	214	69
207	215	70
207	216	71
207	217	72
207	218	73
207	219	74
207	220	76
207	221	77
207	222	78
207	223	80
207	224	81
207	225	83
207	226	84
207	227	86
207	228	88
207	229	90
207	230	92
207	231	95
207	232	96
207	233	97
207	234	98
207	235	99
207	236	100
207	237	101
207	238	102
207	239	103
207	240	104
207	241	106
207	242	108
207	243	110
207	244	112
207	245	113
207	246	114
207	247	115
207	248	116
207	249	118
207	250	120
207	251	121
207	252	122
207	253	124
207	254	125
207	255	127
208	0	128
208	1	130
208	2	131
208	3	132
208	4	134
208	5	135
208	6	136
208	7	138
208	8	140
208	9	141
208	10	142
208	11	143
208	12	144
208	13	146
208	14	149
208	15	150
208	16	152
208	17	153
208	18	155
208	19	156
208	20	157
208	21	158
208	22	159
208	23	159
208	24	160
208	25	163
208	26	165
208	27	167
208	28	169
208	29	171
208	30	173
208	31	174
208	32	176
208	33	177
208	34	179
208	35	180
208	36	181
208	37	182
208	38	184
208	39	185
208	40	186
208	41	187
208	42	187
208	43	188
208	44	189
208	45	190
208	46	191
208	47	191
208	48	192
208	49	193
208	50	195
208	51	196
208	52	197
208	53	198
208	54	199
208	55	200
208	56	201
208	57	202
208	58	203
208	59	204
208	60	205
208	61	206
208	62	206
208	63	207
208	64	208
208	65	209
208	66	211
208	67	212
208	68	213
208	69	214
208	70	216
208	71	217
208	72	218
208	73	219
208	74	219
208	75	220
208	76	221
208	77	222
208	78	223
208	79	223
208	80	224
208	81	225
208	82	225
208	83	226
208	84	226
208	85	227
208	86	228
208	87	228
208	88	229
208	89	229
208	90	230
208	91	230
208	92	230
208	93	231
208	94	231
208	95	232
208	96	232
208	97	233
208	98	235
208	99	236
208	100	237
208	101	238
208	102	239
208	103	239
208	104	240
208	105	241
208	106	241
208	107	242
208	108	242
208	109	243
208	110	243
208	111	244
208	112	244
208	113	245
208	114	246
208	115	247
208	116	248
208	117	249
208	118	249
208	119	250
208	120	250
208	121	251
208	122	252
208	123	253
208	124	253
208	125	254
208	126	254
208	127	255
208	128	128
208	129	1
208	130	2
208	131	2
208	132	3
208	133	3
208	134	4
208	135	5
208	136	6
208	137	6
208	138	7
208	139	7
208	140	8
208	141	9
208	142	10
208	143	11
208	144	12
208	145	12
208	146	13
208	147	13
208	148	14
208	149	14
208	150	15
208	151	15
208	152	16
208	153	17
208	154	17
208	155	18
208	156	19
208	157	20
208	158	21
208	159	23
208	160	24
208	161	24
208	162	25
208	163	25
208	164	26
208	165	26
208	166	26
208	167	27
208	168	27
208	169	28
208	170	28
208	171	29
208	172	30
208	173	30
208	174	31
208	175	31
208	176	32
208	177	33
208	178	33
208	179	34
208	180	35
208	181	36
208	182	37
208	183	37
208	184	38
208	185	39
208	186	40
208	187	42
208	188	43
208	189	44
208	190	45
208	191	47
208	192	48
208	193	49
208	194	50
208	195	50
208	196	51
208	197	52
208	198	53
208	199	54
208	200	55
208	201	56
208	202	57
208	203	58
208	204	59
208	205	60
208	206	61
208	207	63
208	208	64
208	209	65
208	210	65
208	211	66
208	212	67
208	213	68
208	214	69
208	215	69
208	216	70
208	217	71
208	218	72
208	219	74
208	220	75
208	221	76
208	222	77
208	223	79
208	224	80
208	225	82
208	226	83
208	227	85
208	228	87
208	229	89
208	230	91
208	231	93
208	232	96
208	233	97
208	234	97
208	235	98
208	236	99
208	237	100
208	238	101
208	239	103
208	240	104
208	241	106
208	242	107
208	243	110
208	244	112
208	245	113
208	246	114
208	247	115
208	248	116
208	249	118
208	250	120
208	251	121
208	252	122
208	253	124
208	254	125
208	255	126
209	0	128
209	1	130
209	2	131
209	3	132
209	4	134
209	5	135
209	6	136
209	7	139
209	8	140
209	9	142
209	10	143
209	11	143
209	12	145
209	13	147
209	14	149
209	15	151
209	16	152
209	17	154
209	18	155
209	19	156
209	20	157
209	21	158
209	22	159
209	23	160
209	24	161
209	25	164
209	26	166
209	27	168
209	28	170
209	29	172
209	30	174
209	31	175
209	32	177
209	33	178
209	34	180
209	35	181
209	36	182
209	37	183
209	38	184
209	39	185
209	40	186
209	41	187
209	42	188
209	43	189
209	44	190
209	45	191
209	46	191
209	47	192
209	48	193
209	49	195
209	50	196
209	51	197
209	52	198
209	53	199
209	54	200
209	55	201
209	56	202
209	57	203
209	58	204
209	59	205
209	60	206
209	61	207
209	62	207
209	63	208
209	64	209
209	65	210
209	66	212
209	67	213
209	68	214
209	69	215
209	70	216
209	71	217
209	72	218
209	73	219
209	74	220
209	75	221
209	76	222
209	77	223
209	78	223
209	79	224
209	80	225
209	81	225
209	82	226
209	83	227
209	84	227
209	85	228
209	86	228
209	87	229
209	88	229
209	89	230
209	90	230
209	91	231
209	92	231
209	93	231
209	94	232
209	95	232
209	96	232
209	97	234
209	98	235
209	99	236
209	100	237
209	101	238
209	102	239
209	103	240
209	104	240
209	105	241
209	106	242
209	107	242
209	108	243
209	109	243
209	110	243
209	111	244
209	112	244
209	113	246
209	114	247
209	115	247
209	116	248
209	117	249
209	118	249
209	119	250
209	120	250
209	121	251
209	122	252
209	123	253
209	124	253
209	125	254
209	126	255
209	127	255
209	128	128
209	129	1
209	130	1
209	131	2
209	132	3
209	133	3
209	134	4
209	135	5
209	136	6
209	137	6
209	138	7
209	139	7
209	140	8
209	141	9
209	142	9
209	143	10
209	144	12
209	145	12
209	146	13
209	147	13
209	148	13
209	149	14
209	150	14
209	151	15
209	152	16
209	153	16
209	154	17
209	155	18
209	156	19
209	157	20
209	158	21
209	159	22
209	160	24
209	161	24
209	162	24
209	163	25
209	164	25
209	165	25
209	166	26
209	167	26
209	168	27
209	169	27
209	170	28
209	171	28
209	172	29
209	173	29
209	174	30
209	175	31
209	176	31
209	177	32
209	178	33
209	179	33
209	180	34
209	181	35
209	182	36
209	183	37
209	184	38
209	185	39
209	186	40
209	187	41
209	188	42
209	189	43
209	190	44
209	191	46
209	192	47
209	193	48
209	194	49
209	195	49
209	196	50
209	197	51
209	198	52
209	199	53
209	200	54
209	201	55
209	202	56
209	203	57
209	204	58
209	205	59
209	206	60
209	207	61
209	208	63
209	209	64
209	210	65
209	211	65
209	212	66
209	213	67
209	214	68
209	215	69
209	216	70
209	217	71
209	218	72
209	219	73
209	220	74
209	221	75
209	222	76
209	223	78
209	224	79
209	225	81
209	226	82
209	227	84
209	228	86
209	229	88
209	230	90
209	231	92
209	232	95
209	233	96
209	234	97
209	235	98
209	236	99
209	237	100
209	238	101
209	239	102
209	240	104
209	241	105
209	242	107
209	243	109
209	244	111
209	245	113
209	246	113
209	247	114
209	248	116
209	249	117
209	250	120
209	251	121
209	252	122
209	253	124
209	254	125
209	255	126
210	0	128
210	1	130
210	2	131
210	3	132
210	4	134
210	5	135
210	6	137
210	7	139
210	8	140
210	9	142
210	10	143
210	11	144
210	12	145
210	13	148
210	14	150
210	15	151
210	16	153
210	17	154
210	18	156
210	19	157
210	20	158
210	21	158
210	22	159
210	23	160
210	24	163
210	25	165
210	26	167
210	27	169
210	28	171
210	29	173
210	30	175
210	31	177
210	32	178
210	33	179
210	34	181
210	35	182
210	36	183
210	37	184
210	38	185
210	39	186
210	40	187
210	41	188
210	42	189
210	43	190
210	44	191
210	45	191
210	46	192
210	47	193
210	48	195
210	49	196
210	50	197
210	51	198
210	52	199
210	53	200
210	54	201
210	55	202
210	56	203
210	57	204
210	58	205
210	59	206
210	60	207
210	61	208
210	62	209
210	63	209
210	64	210
210	65	211
210	66	213
210	67	214
210	68	215
210	69	216
210	70	217
210	71	218
210	72	219
210	73	220
210	74	221
210	75	222
210	76	223
210	77	223
210	78	224
210	79	225
210	80	225
210	81	226
210	82	227
210	83	227
210	84	228
210	85	228
210	86	229
210	87	229
210	88	230
210	89	230
210	90	231
210	91	231
210	92	231
210	93	232
210	94	232
210	95	233
210	96	233
210	97	234
210	98	236
210	99	237
210	100	238
210	101	238
210	102	239
210	103	240
210	104	241
210	105	241
210	106	242
210	107	242
210	108	243
210	109	243
210	110	244
210	111	244
210	112	244
210	113	246
210	114	247
210	115	248
210	116	248
210	117	249
210	118	249
210	119	250
210	120	250
210	121	251
210	122	252
210	123	253
210	124	253
210	125	254
210	126	255
210	127	255
210	128	128
210	129	1
210	130	1
210	131	2
210	132	3
210	133	3
210	134	4
210	135	5
210	136	6
210	137	6
210	138	7
210	139	7
210	140	8
210	141	8
210	142	9
210	143	10
210	144	12
210	145	12
210	146	12
210	147	13
210	148	13
210	149	14
210	150	14
210	151	15
210	152	15
210	153	16
210	154	17
210	155	18
210	156	18
210	157	19
210	158	20
210	159	22
210	160	23
210	161	23
210	162	24
210	163	24
210	164	25
210	165	25
210	166	25
210	167	26
210	168	26
210	169	27
210	170	27
210	171	28
210	172	28
210	173	29
210	174	29
210	175	30
210	176	31
210	177	31
210	178	32
210	179	33
210	180	33
210	181	34
210	182	35
210	183	36
210	184	37
210	185	38
210	186	39
210	187	40
210	188	41
210	189	42
210	190	43
210	191	45
210	192	46
210	193	47
210	194	47
210	195	48
210	196	49
210	197	50
210	198	51
210	199	52
210	200	53
210	201	54
210	202	55
210	203	56
210	204	57
210	205	58
210	206	59
210	207	60
210	208	61
210	209	63
210	210	64
210	211	65
210	212	65
210	213	66
210	214	67
210	215	68
210	216	69
210	217	70
210	218	71
210	219	72
210	220	73
210	221	74
210	222	75
210	223	77
210	224	78
210	225	79
210	226	81
210	227	83
210	228	85
210	229	87
210	230	89
210	231	91
210	232	93
210	233	96
210	234	97
210	235	98
210	236	98
210	237	99
210	238	100
210	239	102
210	240	103
210	241	105
210	242	106
210	243	108
210	244	111
210	245	112
210	246	113
210	247	114
210	248	116
210	249	117
210	250	119
210	251	121
210	252	122
210	253	124
210	254	125
210	255	126
211	0	128
211	1	130
211	2	131
211	3	132
211	4	134
211	5	136
211	6	137
211	7	139
211	8	141
211	9	142
211	10	143
211	11	144
211	12	146
211	13	148
211	14	150
211	15	152
211	16	154
211	17	155
211	18	156
211	19	157
211	20	158
211	21	159
211	22	160
211	23	161
211	24	164
211	25	166
211	26	169
211	27	171
211	28	173
211	29	174
211	30	176
211	31	178
211	32	179
211	33	180
211	34	182
211	35	183
211	36	184
211	37	185
211	38	186
211	39	187
211	40	188
211	41	189
211	42	190
211	43	191
211	44	191
211	45	192
211	46	193
211	47	195
211	48	196
211	49	197
211	50	198
211	51	200
211	52	201
211	53	202
211	54	203
211	55	204
211	56	205
211	57	205
211	58	206
211	59	207
211	60	208
211	61	209
211	62	210
211	63	210
211	64	211
211	65	212
211	66	214
211	67	215
211	68	216
211	69	217
211	70	218
211	71	219
211	72	220
211	73	221
211	74	222
211	75	223
211	76	223
211	77	224
211	78	225
211	79	225
211	80	226
211	81	227
211	82	227
211	83	228
211	84	228
211	85	229
211	86	229
211	87	230
211	88	230
211	89	231
211	90	231
211	91	232
211	92	232
211	93	232
211	94	233
211	95	233
211	96	234
211	97	235
211	98	236
211	99	237
211	100	238
211	101	239
211	102	240
211	103	240
211	104	241
211	105	242
211	106	242
211	107	243
211	108	243
211	109	244
211	110	244
211	111	244
211	112	245
211	113	246
211	114	247
211	115	248
211	116	248
211	117	249
211	118	250
211	119	250
211	120	250
211	121	252
211	122	252
211	123	253
211	124	253
211	125	254
211	126	255
211	127	255
211	128	128
211	129	1
211	130	1
211	131	2
211	132	3
211	133	3
211	134	4
211	135	4
211	136	6
211	137	6
211	138	6
211	139	7
211	140	8
211	141	8
211	142	9
211	143	10
211	144	11
211	145	12
211	146	12
211	147	12
211	148	13
211	149	13
211	150	14
211	151	14
211	152	15
211	153	16
211	154	16
211	155	17
211	156	18
211	157	19
211	158	20
211	159	21
211	160	22
211	161	23
211	162	23
211	163	24
211	164	24
211	165	24
211	166	25
211	167	25
211	168	26
211	169	26
211	170	27
211	171	27
211	172	28
211	173	28
211	174	29
211	175	29
211	176	30
211	177	31
211	178	31
211	179	32
211	180	33
211	181	33
211	182	34
211	183	35
211	184	36
211	185	37
211	186	38
211	187	39
211	188	40
211	189	41
211	190	42
211	191	44
211	192	45
211	193	46
211	194	46
211	195	47
211	196	48
211	197	49
211	198	50
211	199	51
211	200	51
211	201	52
211	202	53
211	203	54
211	204	55
211	205	56
211	206	58
211	207	59
211	208	60
211	209	61
211	210	63
211	211	64
211	212	65
211	213	65
211	214	66
211	215	67
211	216	68
211	217	69
211	218	70
211	219	71
211	220	72
211	221	73
211	222	74
211	223	76
211	224	77
211	225	78
211	226	80
211	227	82
211	228	83
211	229	85
211	230	87
211	231	90
211	232	92
211	233	95
211	234	96
211	235	97
211	236	98
211	237	99
211	238	100
211	239	101
211	240	102
211	241	104
211	242	106
211	243	108
211	244	110
211	245	112
211	246	113
211	247	114
211	248	115
211	249	117
211	250	119
211	251	120
211	252	122
211	253	124
211	254	125
211	255	126
212	0	128
212	1	130
212	2	131
212	3	133
212	4	134
212	5	136
212	6	137
212	7	139
212	8	141
212	9	142
212	10	143
212	11	144
212	12	147
212	13	149
212	14	151
212	15	153
212	16	154
212	17	155
212	18	156
212	19	157
212	20	158
212	21	159
212	22	160
212	23	163
212	24	165
212	25	168
212	26	170
212	27	172
212	28	174
212	29	175
212	30	177
212	31	179
212	32	180
212	33	181
212	34	183
212	35	184
212	36	185
212	37	186
212	38	187
212	39	188
212	40	189
212	41	190
212	42	190
212	43	191
212	44	192
212	45	193
212	46	195
212	47	196
212	48	197
212	49	199
212	50	200
212	51	201
212	52	202
212	53	203
212	54	204
212	55	205
212	56	206
212	57	207
212	58	207
212	59	208
212	60	209
212	61	210
212	62	211
212	63	211
212	64	212
212	65	213
212	66	215
212	67	216
212	68	217
212	69	218
212	70	219
212	71	220
212	72	221
212	73	222
212	74	222
212	75	223
212	76	224
212	77	225
212	78	225
212	79	226
212	80	227
212	81	227
212	82	228
212	83	228
212	84	229
212	85	229
212	86	230
212	87	230
212	88	231
212	89	231
212	90	232
212	91	232
212	92	233
212	93	233
212	94	233
212	95	234
212	96	234
212	97	235
212	98	236
212	99	237
212	100	238
212	101	239
212	102	240
212	103	241
212	104	241
212	105	242
212	106	242
212	107	243
212	108	243
212	109	244
212	110	244
212	111	245
212	112	245
212	113	246
212	114	247
212	115	248
212	116	249
212	117	249
212	118	250
212	119	250
212	120	250
212	121	252
212	122	252
212	123	253
212	124	253
212	125	254
212	126	255
212	127	255
212	128	128
212	129	1
212	130	1
212	131	2
212	132	3
212	133	3
212	134	4
212	135	4
212	136	6
212	137	6
212	138	6
212	139	7
212	140	7
212	141	8
212	142	9
212	143	10
212	144	11
212	145	11
212	146	12
212	147	12
212	148	13
212	149	13
212	150	14
212	151	14
212	152	15
212	153	15
212	154	16
212	155	17
212	156	18
212	157	19
212	158	20
212	159	21
212	160	22
212	161	22
212	162	23
212	163	23
212	164	23
212	165	24
212	166	24
212	167	25
212	168	25
212	169	26
212	170	26
212	171	27
212	172	27
212	173	28
212	174	28
212	175	29
212	176	29
212	177	30
212	178	31
212	179	31
212	180	32
212	181	33
212	182	34
212	183	34
212	184	35
212	185	36
212	186	37
212	187	38
212	188	39
212	189	40
212	190	41
212	191	43
212	192	44
212	193	45
212	194	45
212	195	46
212	196	47
212	197	48
212	198	49
212	199	49
212	200	50
212	201	51
212	202	52
212	203	53
212	204	54
212	205	55
212	206	56
212	207	57
212	208	59
212	209	60
212	210	61
212	211	63
212	212	64
212	213	65
212	214	66
212	215	66
212	216	67
212	217	68
212	218	69
212	219	70
212	220	71
212	221	72
212	222	73
212	223	75
212	224	76
212	225	77
212	226	79
212	227	81
212	228	82
212	229	84
212	230	86
212	231	88
212	232	91
212	233	93
212	234	96
212	235	97
212	236	98
212	237	99
212	238	100
212	239	101
212	240	102
212	241	103
212	242	105
212	243	107
212	244	109
212	245	112
212	246	113
212	247	114
212	248	115
212	249	117
212	250	119
212	251	120
212	252	122
212	253	123
212	254	125
212	255	126
213	0	128
213	1	130
213	2	131
213	3	133
213	4	135
213	5	136
213	6	138
213	7	140
213	8	141
213	9	142
213	10	143
213	11	145
213	12	147
213	13	150
213	14	151
213	15	153
213	16	154
213	17	156
213	18	157
213	19	158
213	20	159
213	21	160
213	22	161
213	23	164
213	24	167
213	25	169
213	26	171
213	27	173
213	28	175
213	29	177
213	30	178
213	31	180
213	32	181
213	33	182
213	34	184
213	35	185
213	36	186
213	37	187
213	38	188
213	39	189
213	40	190
213	41	190
213	42	191
213	43	192
213	44	193
213	45	195
213	46	196
213	47	197
213	48	199
213	49	200
213	50	201
213	51	202
213	52	203
213	53	204
213	54	205
213	55	206
213	56	207
213	57	208
213	58	209
213	59	209
213	60	210
213	61	211
213	62	212
213	63	212
213	64	213
213	65	214
213	66	216
213	67	217
213	68	218
213	69	219
213	70	220
213	71	221
213	72	222
213	73	222
213	74	223
213	75	224
213	76	225
213	77	225
213	78	226
213	79	227
213	80	227
213	81	228
213	82	228
213	83	229
213	84	230
213	85	230
213	86	231
213	87	231
213	88	231
213	89	232
213	90	232
213	91	233
213	92	233
213	93	233
213	94	234
213	95	234
213	96	234
213	97	236
213	98	237
213	99	238
213	100	239
213	101	240
213	102	240
213	103	241
213	104	242
213	105	242
213	106	243
213	107	243
213	108	244
213	109	244
213	110	245
213	111	245
213	112	245
213	113	246
213	114	247
213	115	248
213	116	249
213	117	249
213	118	250
213	119	250
213	120	251
213	121	252
213	122	252
213	123	253
213	124	253
213	125	254
213	126	255
213	127	255
213	128	128
213	129	1
213	130	1
213	131	2
213	132	3
213	133	3
213	134	4
213	135	4
213	136	5
213	137	6
213	138	6
213	139	7
213	140	7
213	141	8
213	142	9
213	143	10
213	144	11
213	145	11
213	146	11
213	147	12
213	148	12
213	149	13
213	150	13
213	151	14
213	152	14
213	153	15
213	154	16
213	155	16
213	156	17
213	157	18
213	158	19
213	159	20
213	160	22
213	161	22
213	162	22
213	163	23
213	164	23
213	165	23
213	166	24
213	167	24
213	168	25
213	169	25
213	170	25
213	171	26
213	172	26
213	173	27
213	174	28
213	175	28
213	176	29
213	177	29
213	178	30
213	179	31
213	180	31
213	181	32
213	182	33
213	183	34
213	184	34
213	185	35
213	186	36
213	187	37
213	188	38
213	189	39
213	190	40
213	191	42
213	192	43
213	193	44
213	194	44
213	195	45
213	196	46
213	197	47
213	198	47
213	199	48
213	200	49
213	201	50
213	202	51
213	203	52
213	204	53
213	205	54
213	206	55
213	207	56
213	208	57
213	209	59
213	210	60
213	211	61
213	212	63
213	213	64
213	214	65
213	215	66
213	216	66
213	217	67
213	218	68
213	219	69
213	220	70
213	221	71
213	222	72
213	223	74
213	224	75
213	225	76
213	226	78
213	227	79
213	228	81
213	229	83
213	230	85
213	231	87
213	232	89
213	233	92
213	234	95
213	235	96
213	236	97
213	237	98
213	238	99
213	239	100
213	240	102
213	241	103
213	242	105
213	243	106
213	244	109
213	245	111
213	246	113
213	247	114
213	248	115
213	249	116
213	250	118
213	251	120
213	252	121
213	253	123
213	254	125
213	255	126
214	0	128
214	1	130
214	2	131
214	3	133
214	4	135
214	5	136
214	6	138
214	7	140
214	8	142
214	9	143
214	10	144
214	11	145
214	12	148
214	13	150
214	14	152
214	15	154
214	16	155
214	17	156
214	18	157
214	19	158
214	20	159
214	21	160
214	22	163
214	23	166
214	24	168
214	25	170
214	26	172
214	27	174
214	28	176
214	29	178
214	30	179
214	31	181
214	32	182
214	33	183
214	34	184
214	35	186
214	36	187
214	37	188
214	38	189
214	39	190
214	40	190
214	41	191
214	42	192
214	43	193
214	44	195
214	45	196
214	46	198
214	47	199
214	48	200
214	49	201
214	50	202
214	51	203
214	52	204
214	53	205
214	54	206
214	55	207
214	56	208
214	57	209
214	58	210
214	59	210
214	60	211
214	61	212
214	62	213
214	63	213
214	64	214
214	65	215
214	66	216
214	67	218
214	68	219
214	69	220
214	70	221
214	71	222
214	72	222
214	73	223
214	74	224
214	75	225
214	76	225
214	77	226
214	78	227
214	79	227
214	80	228
214	81	229
214	82	229
214	83	230
214	84	230
214	85	231
214	86	231
214	87	232
214	88	232
214	89	232
214	90	233
214	91	233
214	92	234
214	93	234
214	94	234
214	95	235
214	96	235
214	97	236
214	98	237
214	99	238
214	100	239
214	101	240
214	102	241
214	103	241
214	104	242
214	105	243
214	106	243
214	107	244
214	108	244
214	109	244
214	110	245
214	111	245
214	112	246
214	113	247
214	114	248
214	115	248
214	116	249
214	117	250
214	118	250
214	119	250
214	120	251
214	121	252
214	122	252
214	123	253
214	124	253
214	125	254
214	126	255
214	127	255
214	128	128
214	129	1
214	130	1
214	131	2
214	132	3
214	133	3
214	134	4
214	135	4
214	136	5
214	137	6
214	138	6
214	139	6
214	140	7
214	141	8
214	142	8
214	143	9
214	144	10
214	145	11
214	146	11
214	147	12
214	148	12
214	149	12
214	150	13
214	151	13
214	152	14
214	153	15
214	154	15
214	155	16
214	156	17
214	157	18
214	158	19
214	159	20
214	160	21
214	161	21
214	162	22
214	163	22
214	164	22
214	165	23
214	166	23
214	167	24
214	168	24
214	169	24
214	170	25
214	171	25
214	172	26
214	173	26
214	174	27
214	175	27
214	176	28
214	177	29
214	178	29
214	179	30
214	180	31
214	181	31
214	182	32
214	183	33
214	184	34
214	185	34
214	186	35
214	187	36
214	188	37
214	189	38
214	190	40
214	191	41
214	192	42
214	193	43
214	194	43
214	195	44
214	196	45
214	197	46
214	198	46
214	199	47
214	200	48
214	201	49
214	202	50
214	203	51
214	204	52
214	205	53
214	206	54
214	207	55
214	208	56
214	209	57
214	210	58
214	211	60
214	212	61
214	213	63
214	214	64
214	215	65
214	216	66
214	217	66
214	218	67
214	219	68
214	220	69
214	221	70
214	222	72
214	223	73
214	224	74
214	225	75
214	226	77
214	227	78
214	228	80
214	229	82
214	230	84
214	231	86
214	232	88
214	233	90
214	234	93
214	235	96
214	236	97
214	237	98
214	238	99
214	239	100
214	240	101
214	241	102
214	242	104
214	243	106
214	244	108
214	245	111
214	246	112
214	247	113
214	248	114
214	249	116
214	250	118
214	251	120
214	252	121
214	253	123
214	254	125
214	255	126
215	0	128
215	1	130
215	2	131
215	3	133
215	4	135
215	5	136
215	6	138
215	7	140
215	8	142
215	9	143
215	10	144
215	11	146
215	12	149
215	13	151
215	14	153
215	15	154
215	16	156
215	17	157
215	18	158
215	19	159
215	20	160
215	21	162
215	22	164
215	23	167
215	24	169
215	25	172
215	26	174
215	27	175
215	28	177
215	29	179
215	30	180
215	31	182
215	32	183
215	33	184
215	34	185
215	35	187
215	36	188
215	37	189
215	38	189
215	39	190
215	40	191
215	41	192
215	42	194
215	43	195
215	44	196
215	45	198
215	46	199
215	47	200
215	48	201
215	49	202
215	50	204
215	51	205
215	52	206
215	53	206
215	54	207
215	55	208
215	56	209
215	57	210
215	58	211
215	59	212
215	60	212
215	61	213
215	62	214
215	63	214
215	64	215
215	65	216
215	66	217
215	67	219
215	68	220
215	69	221
215	70	221
215	71	222
215	72	223
215	73	224
215	74	225
215	75	225
215	76	226
215	77	227
215	78	227
215	79	228
215	80	229
215	81	229
215	82	230
215	83	230
215	84	231
215	85	231
215	86	232
215	87	232
215	88	233
215	89	233
215	90	233
215	91	234
215	92	234
215	93	234
215	94	235
215	95	235
215	96	236
215	97	237
215	98	238
215	99	239
215	100	240
215	101	240
215	102	241
215	103	242
215	104	242
215	105	243
215	106	243
215	107	244
215	108	244
215	109	245
215	110	245
215	111	245
215	112	246
215	113	247
215	114	248
215	115	249
215	116	249
215	117	250
215	118	250
215	119	251
215	120	251
215	121	252
215	122	253
215	123	253
215	124	253
215	125	254
215	126	255
215	127	255
215	128	128
215	129	1
215	130	1
215	131	2
215	132	3
215	133	3
215	134	3
215	135	4
215	136	5
215	137	5
215	138	6
215	139	6
215	140	7
215	141	7
215	142	8
215	143	9
215	144	10
215	145	11
215	146	11
215	147	11
215	148	12
215	149	12
215	150	13
215	151	13
215	152	14
215	153	14
215	154	15
215	155	16
215	156	16
215	157	17
215	158	18
215	159	19
215	160	20
215	161	21
215	162	21
215	163	22
215	164	22
215	165	22
215	166	23
215	167	23
215	168	23
215	169	24
215	170	24
215	171	25
215	172	25
215	173	26
215	174	26
215	175	27
215	176	27
215	177	28
215	178	29
215	179	29
215	180	30
215	181	31
215	182	31
215	183	32
215	184	33
215	185	34
215	186	35
215	187	35
215	188	36
215	189	37
215	190	39
215	191	40
215	192	41
215	193	42
215	194	42
215	195	43
215	196	44
215	197	44
215	198	45
215	199	46
215	200	47
215	201	48
215	202	49
215	203	50
215	204	50
215	205	51
215	206	52
215	207	54
215	208	55
215	209	56
215	210	57
215	211	58
215	212	60
215	213	61
215	214	62
215	215	64
215	216	65
215	217	66
215	218	67
215	219	67
215	220	68
215	221	69
215	222	71
215	223	72
215	224	73
215	225	74
215	226	76
215	227	77
215	228	79
215	229	81
215	230	82
215	231	84
215	232	87
215	233	89
215	234	92
215	235	94
215	236	96
215	237	97
215	238	98
215	239	99
215	240	100
215	241	102
215	242	103
215	243	105
215	244	107
215	245	110
215	246	112
215	247	113
215	248	114
215	249	116
215	250	118
215	251	120
215	252	121
215	253	123
215	254	125
215	255	126
216	0	128
216	1	130
216	2	132
216	3	133
216	4	135
216	5	136
216	6	139
216	7	141
216	8	142
216	9	143
216	10	144
216	11	147
216	12	149
216	13	151
216	14	153
216	15	155
216	16	156
216	17	157
216	18	158
216	19	159
216	20	160
216	21	163
216	22	166
216	23	168
216	24	171
216	25	173
216	26	175
216	27	177
216	28	178
216	29	180
216	30	181
216	31	183
216	32	184
216	33	185
216	34	186
216	35	187
216	36	188
216	37	189
216	38	190
216	39	191
216	40	192
216	41	194
216	42	195
216	43	196
216	44	198
216	45	199
216	46	200
216	47	202
216	48	203
216	49	204
216	50	205
216	51	206
216	52	207
216	53	208
216	54	209
216	55	209
216	56	210
216	57	211
216	58	212
216	59	213
216	60	213
216	61	214
216	62	215
216	63	215
216	64	216
216	65	217
216	66	218
216	67	219
216	68	220
216	69	221
216	70	222
216	71	223
216	72	224
216	73	225
216	74	226
216	75	226
216	76	227
216	77	228
216	78	228
216	79	229
216	80	229
216	81	230
216	82	230
216	83	231
216	84	231
216	85	232
216	86	232
216	87	233
216	88	233
216	89	234
216	90	234
216	91	234
216	92	235
216	93	235
216	94	235
216	95	236
216	96	236
216	97	237
216	98	238
216	99	239
216	100	240
216	101	241
216	102	241
216	103	242
216	104	243
216	105	243
216	106	244
216	107	244
216	108	245
216	109	245
216	110	245
216	111	246
216	112	246
216	113	247
216	114	248
216	115	249
216	116	249
216	117	250
216	118	250
216	119	251
216	120	251
216	121	252
216	122	253
216	123	253
216	124	254
216	125	254
216	126	255
216	127	255
216	128	128
216	129	1
216	130	1
216	131	2
216	132	2
216	133	3
216	134	3
216	135	4
216	136	5
216	137	5
216	138	6
216	139	6
216	140	7
216	141	7
216	142	8
216	143	9
216	144	10
216	145	10
216	146	11
216	147	11
216	148	11
216	149	12
216	150	12
216	151	13
216	152	13
216	153	14
216	154	15
216	155	15
216	156	16
216	157	17
216	158	18
216	159	19
216	160	20
216	161	20
216	162	21
216	163	21
216	164	21
216	165	22
216	166	22
216	167	22
216	168	23
216	169	23
216	170	24
216	171	24
216	172	25
216	173	25
216	174	26
216	175	26
216	176	27
216	177	27
216	178	28
216	179	28
216	180	29
216	181	30
216	182	30
216	183	31
216	184	32
216	185	33
216	186	34
216	187	35
216	188	36
216	189	37
216	190	38
216	191	39
216	192	40
216	193	41
216	194	41
216	195	42
216	196	43
216	197	43
216	198	44
216	199	45
216	200	46
216	201	47
216	202	47
216	203	48
216	204	49
216	205	50
216	206	51
216	207	52
216	208	53
216	209	54
216	210	56
216	211	57
216	212	58
216	213	60
216	214	61
216	215	62
216	216	64
216	217	65
216	218	66
216	219	67
216	220	68
216	221	69
216	222	70
216	223	71
216	224	72
216	225	73
216	226	75
216	227	76
216	228	78
216	229	79
216	230	81
216	231	83
216	232	85
216	233	88
216	234	90
216	235	93
216	236	96
216	237	97
216	238	98
216	239	99
216	240	100
216	241	101
216	242	103
216	243	105
216	244	107
216	245	109
216	246	112
216	247	113
216	248	114
216	249	115
216	250	117
216	251	120
216	252	121
216	253	123
216	254	124
216	255	126
217	0	128
217	1	130
217	2	132
217	3	134
217	4	135
217	5	136
217	6	139
217	7	141
217	8	142
217	9	143
217	10	145
217	11	148
217	12	150
217	13	152
217	14	154
217	15	155
217	16	156
217	17	158
217	18	159
217	19	160
217	20	162
217	21	165
217	22	167
217	23	170
217	24	172
217	25	174
217	26	176
217	27	178
217	28	179
217	29	181
217	30	182
217	31	184
217	32	185
217	33	186
217	34	187
217	35	188
217	36	189
217	37	190
217	38	191
217	39	192
217	40	194
217	41	195
217	42	197
217	43	198
217	44	199
217	45	201
217	46	202
217	47	203
217	48	204
217	49	205
217	50	206
217	51	207
217	52	208
217	53	209
217	54	210
217	55	211
217	56	211
217	57	212
217	58	213
217	59	214
217	60	214
217	61	215
217	62	216
217	63	216
217	64	217
217	65	218
217	66	219
217	67	220
217	68	221
217	69	222
217	70	223
217	71	224
217	72	225
217	73	226
217	74	226
217	75	227
217	76	228
217	77	228
217	78	229
217	79	229
217	80	230
217	81	231
217	82	231
217	83	232
217	84	232
217	85	232
217	86	233
217	87	233
217	88	234
217	89	234
217	90	234
217	91	235
217	92	235
217	93	236
217	94	236
217	95	236
217	96	236
217	97	238
217	98	239
217	99	240
217	100	240
217	101	241
217	102	242
217	103	242
217	104	243
217	105	244
217	106	244
217	107	244
217	108	245
217	109	245
217	110	246
217	111	246
217	112	246
217	113	247
217	114	248
217	115	249
217	116	250
217	117	250
217	118	250
217	119	251
217	120	251
217	121	252
217	122	253
217	123	253
217	124	254
217	125	254
217	126	255
217	127	255
217	128	128
217	129	1
217	130	1
217	131	2
217	132	2
217	133	3
217	134	3
217	135	4
217	136	5
217	137	5
217	138	6
217	139	6
217	140	6
217	141	7
217	142	8
217	143	9
217	144	10
217	145	10
217	146	10
217	147	11
217	148	11
217	149	12
217	150	12
217	151	12
217	152	13
217	153	14
217	154	14
217	155	15
217	156	16
217	157	16
217	158	17
217	159	18
217	160	20
217	161	20
217	162	20
217	163	20
217	164	21
217	165	21
217	166	22
217	167	22
217	168	22
217	169	23
217	170	23
217	171	24
217	172	24
217	173	24
217	174	25
217	175	25
217	176	26
217	177	27
217	178	27
217	179	28
217	180	28
217	181	29
217	182	30
217	183	30
217	184	31
217	185	32
217	186	33
217	187	34
217	188	35
217	189	36
217	190	37
217	191	38
217	192	39
217	193	40
217	194	40
217	195	41
217	196	42
217	197	42
217	198	43
217	199	44
217	200	45
217	201	45
217	202	46
217	203	47
217	204	48
217	205	49
217	206	50
217	207	51
217	208	52
217	209	53
217	210	54
217	211	55
217	212	57
217	213	58
217	214	59
217	215	61
217	216	62
217	217	64
217	218	65
217	219	66
217	220	67
217	221	68
217	222	69
217	223	70
217	224	71
217	225	72
217	226	74
217	227	75
217	228	77
217	229	78
217	230	80
217	231	82
217	232	84
217	233	86
217	234	89
217	235	91
217	236	94
217	237	96
217	238	97
217	239	98
217	240	100
217	241	101
217	242	102
217	243	104
217	244	106
217	245	108
217	246	111
217	247	113
217	248	114
217	249	115
217	250	117
217	251	120
217	252	121
217	253	122
217	254	124
217	255	126
218	0	128
218	1	130
218	2	132
218	3	134
218	4	135
218	5	137
218	6	139
218	7	141
218	8	142
218	9	144
218	10	146
218	11	148
218	12	151
218	13	153
218	14	154
218	15	156
218	16	157
218	17	158
218	18	159
218	19	160
218	20	163
218	21	166
218	22	169
218	23	171
218	24	173
218	25	175
218	26	177
218	27	179
218	28	181
218	29	182
218	30	183
218	31	185
218	32	186
218	33	187
218	34	188
218	35	189
218	36	190
218	37	191
218	38	192
218	39	194
218	40	195
218	41	197
218	42	198
218	43	199
218	44	201
218	45	202
218	46	203
218	47	204
218	48	205
218	49	206
218	50	207
218	51	208
218	52	209
218	53	210
218	54	211
218	55	212
218	56	213
218	57	213
218	58	214
218	59	215
218	60	215
218	61	216
218	62	217
218	63	217
218	64	218
218	65	219
218	66	220
218	67	221
218	68	222
218	69	223
218	70	224
218	71	225
218	72	226
218	73	226
218	74	227
218	75	228
218	76	228
218	77	229
218	78	230
218	79	230
218	80	231
218	81	231
218	82	232
218	83	232
218	84	233
218	85	233
218	86	233
218	87	234
218	88	234
218	89	235
218	90	235
218	91	235
218	92	236
218	93	236
218	94	236
218	95	237
218	96	237
218	97	238
218	98	239
218	99	240
218	100	241
218	101	242
218	102	242
218	103	243
218	104	243
218	105	244
218	106	244
218	107	245
218	108	245
218	109	246
218	110	246
218	111	246
218	112	246
218	113	248
218	114	248
218	115	249
218	116	250
218	117	250
218	118	251
218	119	251
218	120	251
218	121	252
218	122	253
218	123	253
218	124	254
218	125	254
218	126	255
218	127	255
218	128	128
218	129	1
218	130	1
218	131	2
218	132	2
218	133	3
218	134	3
218	135	4
218	136	5
218	137	5
218	138	5
218	139	6
218	140	6
218	141	7
218	142	8
218	143	8
218	144	10
218	145	10
218	146	10
218	147	10
218	148	11
218	149	11
218	150	12
218	151	12
218	152	13
218	153	13
218	154	14
218	155	14
218	156	15
218	157	16
218	158	17
218	159	18
218	160	19
218	161	19
218	162	20
218	163	20
218	164	20
218	165	21
218	166	21
218	167	21
218	168	22
218	169	22
218	170	23
218	171	23
218	172	23
218	173	24
218	174	24
218	175	25
218	176	25
218	177	26
218	178	26
218	179	27
218	180	28
218	181	28
218	182	29
218	183	30
218	184	30
218	185	31
218	186	32
218	187	33
218	188	34
218	189	35
218	190	36
218	191	37
218	192	38
218	193	39
218	194	39
218	195	40
218	196	41
218	197	41
218	198	42
218	199	43
218	200	43
218	201	44
218	202	45
218	203	46
218	204	47
218	205	48
218	206	49
218	207	50
218	208	51
218	209	52
218	210	53
218	211	54
218	212	55
218	213	57
218	214	58
218	215	59
218	216	61
218	217	62
218	218	64
218	219	65
218	220	66
218	221	67
218	222	68
218	223	69
218	224	70
218	225	71
218	226	73
218	227	74
218	228	75
218	229	77
218	230	79
218	231	81
218	232	83
218	233	85
218	234	87
218	235	90
218	236	93
218	237	96
218	238	97
218	239	98
218	240	99
218	241	100
218	242	102
218	243	103
218	244	105
218	245	108
218	246	110
218	247	112
218	248	114
218	249	115
218	250	117
218	251	119
218	252	121
218	253	122
218	254	124
218	255	126
219	0	128
219	1	130
219	2	132
219	3	134
219	4	135
219	5	137
219	6	140
219	7	141
219	8	143
219	9	144
219	10	146
219	11	149
219	12	151
219	13	153
219	14	155
219	15	156
219	16	158
219	17	159
219	18	160
219	19	162
219	20	165
219	21	168
219	22	170
219	23	173
219	24	175
219	25	177
219	26	178
219	27	180
219	28	182
219	29	183
219	30	185
219	31	186
219	32	187
219	33	188
219	34	189
219	35	190
219	36	191
219	37	192
219	38	194
219	39	195
219	40	197
219	41	198
219	42	200
219	43	201
219	44	202
219	45	203
219	46	205
219	47	206
219	48	207
219	49	208
219	50	209
219	51	210
219	52	210
219	53	211
219	54	212
219	55	213
219	56	214
219	57	214
219	58	215
219	59	216
219	60	217
219	61	217
219	62	218
219	63	218
219	64	219
219	65	220
219	66	221
219	67	222
219	68	223
219	69	224
219	70	225
219	71	226
219	72	226
219	73	227
219	74	228
219	75	228
219	76	229
219	77	230
219	78	230
219	79	231
219	80	231
219	81	232
219	82	232
219	83	233
219	84	233
219	85	234
219	86	234
219	87	234
219	88	235
219	89	235
219	90	236
219	91	236
219	92	236
219	93	237
219	94	237
219	95	237
219	96	238
219	97	239
219	98	240
219	99	240
219	100	241
219	101	242
219	102	243
219	103	243
219	104	244
219	105	244
219	106	245
219	107	245
219	108	245
219	109	246
219	110	246
219	111	246
219	112	247
219	113	248
219	114	249
219	115	249
219	116	250
219	117	250
219	118	251
219	119	251
219	120	251
219	121	252
219	122	253
219	123	253
219	124	254
219	125	254
219	126	255
219	127	255
219	128	128
219	129	1
219	130	1
219	131	2
219	132	2
219	133	3
219	134	3
219	135	4
219	136	5
219	137	5
219	138	5
219	139	6
219	140	6
219	141	7
219	142	7
219	143	8
219	144	9
219	145	10
219	146	10
219	147	10
219	148	11
219	149	11
219	150	11
219	151	12
219	152	12
219	153	13
219	154	13
219	155	14
219	156	15
219	157	16
219	158	16
219	159	17
219	160	18
219	161	19
219	162	19
219	163	19
219	164	20
219	165	20
219	166	20
219	167	21
219	168	21
219	169	22
219	170	22
219	171	22
219	172	23
219	173	23
219	174	24
219	175	24
219	176	25
219	177	25
219	178	26
219	179	26
219	180	27
219	181	28
219	182	28
219	183	29
219	184	30
219	185	30
219	186	31
219	187	32
219	188	33
219	189	34
219	190	35
219	191	36
219	192	37
219	193	38
219	194	38
219	195	39
219	196	39
219	197	40
219	198	41
219	199	42
219	200	42
219	201	43
219	202	44
219	203	45
219	204	46
219	205	46
219	206	47
219	207	48
219	208	49
219	209	50
219	210	51
219	211	53
219	212	54
219	213	55
219	214	56
219	215	58
219	216	59
219	217	61
219	218	62
219	219	64
219	220	65
219	221	66
219	222	67
219	223	68
219	224	69
219	225	70
219	226	71
219	227	73
219	228	74
219	229	76
219	230	78
219	231	79
219	232	81
219	233	83
219	234	86
219	235	88
219	236	91
219	237	94
219	238	96
219	239	97
219	240	98
219	241	100
219	242	101
219	243	103
219	244	105
219	245	107
219	246	110
219	247	112
219	248	113
219	249	115
219	250	116
219	251	119
219	252	121
219	253	122
219	254	124
219	255	126
220	0	128
220	1	130
220	2	132
220	3	134
220	4	136
220	5	138
220	6	140
220	7	142
220	8	143
220	9	144
220	10	147
220	11	150
220	12	152
220	13	154
220	14	155
220	15	157
220	16	158
220	17	159
220	18	160
220	19	163
220	20	166
220	21	169
220	22	172
220	23	174
220	24	176
220	25	178
220	26	180
220	27	181
220	28	183
220	29	184
220	30	186
220	31	187
220	32	188
220	33	189
220	34	190
220	35	191
220	36	192
220	37	194
220	38	195
220	39	197
220	40	198
220	41	200
220	42	201
220	43	202
220	44	204
220	45	205
220	46	206
220	47	207
220	48	208
220	49	209
220	50	210
220	51	211
220	52	212
220	53	213
220	54	213
220	55	214
220	56	215
220	57	216
220	58	216
220	59	217
220	60	218
220	61	218
220	62	219
220	63	219
220	64	220
220	65	221
220	66	222
220	67	223
220	68	224
220	69	225
220	70	226
220	71	226
220	72	227
220	73	228
220	74	229
220	75	229
220	76	230
220	77	230
220	78	231
220	79	231
220	80	232
220	81	232
220	82	233
220	83	233
220	84	234
220	85	234
220	86	235
220	87	235
220	88	235
220	89	236
220	90	236
220	91	236
220	92	237
220	93	237
220	94	237
220	95	238
220	96	238
220	97	239
220	98	240
220	99	241
220	100	242
220	101	242
220	102	243
220	103	243
220	104	244
220	105	244
220	106	245
220	107	245
220	108	246
220	109	246
220	110	246
220	111	247
220	112	247
220	113	248
220	114	249
220	115	249
220	116	250
220	117	250
220	118	251
220	119	251
220	120	252
220	121	252
220	122	253
220	123	253
220	124	254
220	125	254
220	126	255
220	127	255
220	128	128
220	129	1
220	130	1
220	131	2
220	132	2
220	133	3
220	134	3
220	135	4
220	136	4
220	137	5
220	138	5
220	139	6
220	140	6
220	141	7
220	142	7
220	143	8
220	144	9
220	145	9
220	146	10
220	147	10
220	148	10
220	149	11
220	150	11
220	151	12
220	152	12
220	153	13
220	154	13
220	155	14
220	156	14
220	157	15
220	158	16
220	159	17
220	160	18
220	161	18
220	162	19
220	163	19
220	164	19
220	165	20
220	166	20
220	167	20
220	168	21
220	169	21
220	170	21
220	171	22
220	172	22
220	173	23
220	174	23
220	175	24
220	176	24
220	177	25
220	178	25
220	179	26
220	180	26
220	181	27
220	182	27
220	183	28
220	184	29
220	185	30
220	186	30
220	187	31
220	188	32
220	189	33
220	190	34
220	191	35
220	192	36
220	193	37
220	194	37
220	195	38
220	196	38
220	197	39
220	198	40
220	199	40
220	200	41
220	201	42
220	202	43
220	203	43
220	204	44
220	205	45
220	206	46
220	207	47
220	208	48
220	209	49
220	210	50
220	211	51
220	212	52
220	213	54
220	214	55
220	215	56
220	216	58
220	217	59
220	218	61
220	219	62
220	220	64
220	221	65
220	222	66
220	223	67
220	224	68
220	225	69
220	226	70
220	227	72
220	228	73
220	229	75
220	230	76
220	231	78
220	232	80
220	233	82
220	234	84
220	235	87
220	236	90
220	237	93
220	238	96
220	239	97
220	240	98
220	241	99
220	242	101
220	243	102
220	244	104
220	245	106
220	246	109
220	247	112
220	248	113
220	249	114
220	250	116
220	251	118
220	252	120
220	253	122
220	254	124
220	255	126
221	0	128
221	1	130
221	2	132
221	3	134
221	4	136
221	5	138
221	6	140
221	7	142
221	8	143
221	9	145
221	10	148
221	11	151
221	12	153
221	13	154
221	14	156
221	15	157
221	16	158
221	17	160
221	18	162
221	19	165
221	20	168
221	21	171
221	22	173
221	23	175
221	24	177
221	25	179
221	26	181
221	27	183
221	28	184
221	29	185
221	30	187
221	31	188
221	32	189
221	33	190
221	34	191
221	35	192
221	36	194
221	37	195
221	38	197
221	39	199
221	40	200
221	41	201
221	42	203
221	43	204
221	44	205
221	45	206
221	46	207
221	47	208
221	48	209
221	49	210
221	50	211
221	51	212
221	52	213
221	53	214
221	54	215
221	55	215
221	56	216
221	57	217
221	58	217
221	59	218
221	60	219
221	61	219
221	62	220
221	63	220
221	64	221
221	65	222
221	66	223
221	67	224
221	68	225
221	69	226
221	70	227
221	71	227
221	72	228
221	73	229
221	74	229
221	75	230
221	76	231
221	77	231
221	78	232
221	79	232
221	80	233
221	81	233
221	82	234
221	83	234
221	84	234
221	85	235
221	86	235
221	87	236
221	88	236
221	89	236
221	90	237
221	91	237
221	92	237
221	93	238
221	94	238
221	95	238
221	96	238
221	97	240
221	98	240
221	99	241
221	100	242
221	101	243
221	102	243
221	103	244
221	104	244
221	105	245
221	106	245
221	107	246
221	108	246
221	109	246
221	110	247
221	111	247
221	112	247
221	113	248
221	114	249
221	115	250
221	116	250
221	117	251
221	118	251
221	119	251
221	120	252
221	121	252
221	122	253
221	123	254
221	124	254
221	125	255
221	126	255
221	127	255
221	128	128
221	129	1
221	130	1
221	131	1
221	132	2
221	133	2
221	134	3
221	135	4
221	136	4
221	137	5
221	138	5
221	139	5
221	140	6
221	141	6
221	142	7
221	143	8
221	144	9
221	145	9
221	146	9
221	147	10
221	148	10
221	149	10
221	150	11
221	151	11
221	152	12
221	153	12
221	154	13
221	155	13
221	156	14
221	157	15
221	158	16
221	159	16
221	160	18
221	161	18
221	162	18
221	163	18
221	164	19
221	165	19
221	166	19
221	167	20
221	168	20
221	169	20
221	170	21
221	171	21
221	172	22
221	173	22
221	174	22
221	175	23
221	176	23
221	177	24
221	178	24
221	179	25
221	180	25
221	181	26
221	182	27
221	183	27
221	184	28
221	185	29
221	186	29
221	187	30
221	188	31
221	189	32
221	190	33
221	191	34
221	192	35
221	193	36
221	194	36
221	195	37
221	196	37
221	197	38
221	198	39
221	199	39
221	200	40
221	201	41
221	202	41
221	203	42
221	204	43
221	205	44
221	206	45
221	207	46
221	208	47
221	209	48
221	210	49
221	211	50
221	212	51
221	213	52
221	214	53
221	215	55
221	216	56
221	217	57
221	218	59
221	219	61
221	220	62
221	221	64
221	222	65
221	223	66
221	224	67
221	225	68
221	226	69
221	227	71
221	228	72
221	229	73
221	230	75
221	231	77
221	232	79
221	233	81
221	234	83
221	235	85
221	236	88
221	237	91
221	238	94
221	239	96
221	240	98
221	241	99
221	242	100
221	243	102
221	244	103
221	245	105
221	246	108
221	247	111
221	248	113
221	249	114
221	250	116
221	251	118
221	252	120
221	253	122
221	254	124
221	255	126
222	0	128
222	1	130
222	2	132
222	3	134
222	4	136
222	5	138
222	6	141
222	7	142
222	8	144
222	9	146
222	10	149
222	11	151
222	12	153
222	13	155
222	14	157
222	15	158
222	16	159
222	17	160
222	18	164
222	19	167
222	20	170
222	21	172
222	22	175
222	23	177
222	24	179
222	25	180
222	26	182
222	27	184
222	28	185
222	29	186
222	30	188
222	31	189
222	32	190
222	33	191
222	34	192
222	35	194
222	36	196
222	37	197
222	38	199
222	39	200
222	40	202
222	41	203
222	42	204
222	43	205
222	44	207
222	45	208
222	46	209
222	47	210
222	48	211
222	49	212
222	50	212
222	51	213
222	52	214
222	53	215
222	54	216
222	55	216
222	56	217
222	57	218
222	58	218
222	59	219
222	60	220
222	61	220
222	62	221
222	63	221
222	64	222
222	65	223
222	66	224
222	67	225
222	68	226
222	69	227
222	70	227
222	71	228
222	72	229
222	73	229
222	74	230
222	75	231
222	76	231
222	77	232
222	78	232
222	79	233
222	80	233
222	81	234
222	82	234
222	83	235
222	84	235
222	85	235
222	86	236
222	87	236
222	88	237
222	89	237
222	90	237
222	91	238
222	92	238
222	93	238
222	94	238
222	95	239
222	96	239
222	97	240
222	98	241
222	99	242
222	100	242
222	101	243
222	102	244
222	103	244
222	104	245
222	105	245
222	106	246
222	107	246
222	108	246
222	109	247
222	110	247
222	111	247
222	112	248
222	113	248
222	114	249
222	115	250
222	116	250
222	117	251
222	118	251
222	119	251
222	120	252
222	121	253
222	122	253
222	123	254
222	124	254
222	125	255
222	126	255
222	127	255
222	128	128
222	129	1
222	130	1
222	131	1
222	132	2
222	133	2
222	134	3
222	135	3
222	136	4
222	137	5
222	138	5
222	139	5
222	140	6
222	141	6
222	142	7
222	143	8
222	144	8
222	145	9
222	146	9
222	147	9
222	148	10
222	149	10
222	150	10
222	151	11
222	152	11
222	153	12
222	154	12
222	155	13
222	156	14
222	157	14
222	158	15
222	159	16
222	160	17
222	161	17
222	162	18
222	163	18
222	164	18
222	165	18
222	166	19
222	167	19
222	168	19
222	169	20
222	170	20
222	171	21
222	172	21
222	173	21
222	174	22
222	175	22
222	176	23
222	177	23
222	178	24
222	179	24
222	180	25
222	181	25
222	182	26
222	183	27
222	184	27
222	185	28
222	186	29
222	187	29
222	188	30
222	189	31
222	190	32
222	191	33
222	192	34
222	193	35
222	194	35
222	195	36
222	196	36
222	197	37
222	198	38
222	199	38
222	200	39
222	201	40
222	202	40
222	203	41
222	204	42
222	205	43
222	206	44
222	207	44
222	208	45
222	209	46
222	210	47
222	211	48
222	212	49
222	213	51
222	214	52
222	215	53
222	216	54
222	217	56
222	218	57
222	219	59
222	220	60
222	221	62
222	222	64
222	223	65
222	224	66
222	225	67
222	226	68
222	227	70
222	228	71
222	229	72
222	230	74
222	231	76
222	232	77
222	233	79
222	234	81
222	235	84
222	236	86
222	237	89
222	238	92
222	239	96
222	240	97
222	241	98
222	242	99
222	243	101
222	244	103
222	245	105
222	246	107
222	247	110
222	248	112
222	249	114
222	250	115
222	251	118
222	252	120
222	253	122
222	254	124
222	255	126
223	0	128
223	1	130
223	2	132
223	3	134
223	4	136
223	5	139
223	6	141
223	7	143
223	8	144
223	9	147
223	10	150
223	11	152
223	12	154
223	13	156
223	14	157
223	15	158
223	16	160
223	17	162
223	18	165
223	19	168
223	20	171
223	21	174
223	22	176
223	23	178
223	24	180
223	25	182
223	26	183
223	27	185
223	28	186
223	29	188
223	30	189
223	31	190
223	32	191
223	33	192
223	34	194
223	35	196
223	36	197
223	37	199
223	38	200
223	39	202
223	40	203
223	41	204
223	42	206
223	43	207
223	44	208
223	45	209
223	46	210
223	47	211
223	48	212
223	49	213
223	50	214
223	51	215
223	52	215
223	53	216
223	54	217
223	55	218
223	56	218
223	57	219
223	58	220
223	59	220
223	60	221
223	61	221
223	62	222
223	63	222
223	64	223
223	65	224
223	66	225
223	67	226
223	68	227
223	69	227
223	70	228
223	71	229
223	72	230
223	73	230
223	74	231
223	75	231
223	76	232
223	77	233
223	78	233
223	79	234
223	80	234
223	81	234
223	82	235
223	83	235
223	84	236
223	85	236
223	86	236
223	87	237
223	88	237
223	89	237
223	90	238
223	91	238
223	92	238
223	93	239
223	94	239
223	95	239
223	96	240
223	97	240
223	98	241
223	99	242
223	100	243
223	101	243
223	102	244
223	103	245
223	104	245
223	105	245
223	106	246
223	107	246
223	108	247
223	109	247
223	110	247
223	111	247
223	112	248
223	113	249
223	114	249
223	115	250
223	116	250
223	117	251
223	118	251
223	119	252
223	120	252
223	121	253
223	122	253
223	123	254
223	124	254
223	125	255
223	126	255
223	127	255
223	128	128
223	129	1
223	130	1
223	131	1
223	132	2
223	133	2
223	134	3
223	135	3
223	136	4
223	137	4
223	138	5
223	139	5
223	140	6
223	141	6
223	142	7
223	143	7
223	144	8
223	145	9
223	146	9
223	147	9
223	148	9
223	149	10
223	150	10
223	151	11
223	152	11
223	153	11
223	154	12
223	155	13
223	156	13
223	157	14
223	158	15
223	159	16
223	160	16
223	161	17
223	162	17
223	163	17
223	164	18
223	165	18
223	166	18
223	167	19
223	168	19
223	169	19
223	170	20
223	171	20
223	172	20
223	173	21
223	174	21
223	175	22
223	176	22
223	177	22
223	178	23
223	179	23
223	180	24
223	181	25
223	182	25
223	183	26
223	184	26
223	185	27
223	186	28
223	187	29
223	188	29
223	189	30
223	190	31
223	191	32
223	192	33
223	193	34
223	194	34
223	195	35
223	196	35
223	197	36
223	198	36
223	199	37
223	200	38
223	201	38
223	202	39
223	203	40
223	204	41
223	205	41
223	206	42
223	207	43
223	208	44
223	209	45
223	210	46
223	211	47
223	212	48
223	213	49
223	214	50
223	215	52
223	216	53
223	217	54
223	218	56
223	219	57
223	220	59
223	221	60
223	222	62
223	223	64
223	224	65
223	225	66
223	226	67
223	227	68
223	228	70
223	229	71
223	230	73
223	231	74
223	232	76
223	233	78
223	234	80
223	235	82
223	236	85
223	237	88
223	238	91
223	239	94
223	240	96
223	241	98
223	242	99
223	243	100
223	244	102
223	245	104
223	246	106
223	247	109
223	248	112
223	249	113
223	250	115
223	251	117
223	252	120
223	253	122
223	254	124
223	255	126
224	0	128
224	1	130
224	2	132
224	3	135
224	4	136
224	5	139
224	6	141
224	7	143
224	8	144
224	9	148
224	10	150
224	11	153
224	12	155
224	13	156
224	14	158
224	15	159
224	16	160
224	17	164
224	18	167
224	19	170
224	20	173
224	21	175
224	22	177
224	23	179
224	24	181
224	25	183
224	26	185
224	27	186
224	28	187
224	29	189
224	30	190
224	31	191
224	32	192
224	33	194
224	34	196
224	35	197
224	36	199
224	37	201
224	38	202
224	39	203
224	40	205
224	41	206
224	42	207
224	43	208
224	44	209
224	45	210
224	46	211
224	47	212
224	48	213
224	49	214
224	50	215
224	51	216
224	52	217
224	53	217
224	54	218
224	55	219
224	56	219
224	57	220
224	58	221
224	59	221
224	60	222
224	61	222
224	62	223
224	63	223
224	64	224
224	65	225
224	66	226
224	67	227
224	68	228
224	69	228
224	70	229
224	71	230
224	72	230
224	73	231
224	74	232
224	75	232
224	76	233
224	77	233
224	78	234
224	79	234
224	80	235
224	81	235
224	82	236
224	83	236
224	84	236
224	85	237
224	86	237
224	87	237
224	88	238
224	89	238
224	90	238
224	91	239
224	92	239
224	93	239
224	94	239
224	95	240
224	96	240
224	97	241
224	98	242
224	99	243
224	100	243
224	101	244
224	102	244
224	103	245
224	104	245
224	105	246
224	106	246
224	107	247
224	108	247
224	109	247
224	110	247
224	111	248
224	112	248
224	113	249
224	114	250
224	115	250
224	116	251
224	117	251
224	118	251
224	119	252
224	120	252
224	121	253
224	122	253
224	123	254
224	124	254
224	125	255
224	126	255
224	127	255
224	128	128
224	129	1
224	130	1
224	131	1
224	132	2
224	133	2
224	134	3
224	135	3
224	136	4
224	137	4
224	138	5
224	139	5
224	140	5
224	141	6
224	142	6
224	143	7
224	144	8
224	145	8
224	146	9
224	147	9
224	148	9
224	149	9
224	150	10
224	151	10
224	152	11
224	153	11
224	154	12
224	155	12
224	156	13
224	157	13
224	158	14
224	159	15
224	160	16
224	161	16
224	162	17
224	163	17
224	164	17
224	165	17
224	166	18
224	167	18
224	168	18
224	169	19
224	170	19
224	171	19
224	172	20
224	173	20
224	174	20
224	175	21
224	176	21
224	177	22
224	178	22
224	179	23
224	180	23
224	181	24
224	182	24
224	183	25
224	184	26
224	185	26
224	186	27
224	187	28
224	188	28
224	189	29
224	190	30
224	191	31
224	192	32
224	193	33
224	194	33
224	195	34
224	196	34
224	197	35
224	198	35
224	199	36
224	200	37
224	201	37
224	202	38
224	203	39
224	204	39
224	205	40
224	206	41
224	207	42
224	208	43
224	209	44
224	210	45
224	211	46
224	212	47
224	213	48
224	214	49
224	215	50
224	216	51
224	217	53
224	218	54
224	219	55
224	220	57
224	221	59
224	222	60
224	223	62
224	224	64
224	225	65
224	226	66
224	227	67
224	228	69
224	229	70
224	230	71
224	231	73
224	232	75
224	233	77
224	234	79
224	235	81
224	236	83
224	237	86
224	238	89
224	239	92
224	240	96
224	241	97
224	242	98
224	243	100
224	244	101
224	245	103
224	246	106
224	247	108
224	248	112
224	249	113
224	250	115
224	251	117
224	252	120
224	253	121
224	254	124
224	255	126
225	0	128
225	1	130
225	2	132
225	3	135
225	4	136
225	5	140
225	6	142
225	7	143
225	8	145
225	9	148
225	10	151
225	11	153
225	12	155
225	13	157
225	14	158
225	15	159
225	16	162
225	17	166
225	18	169
225	19	172
225	20	174
225	21	177
225	22	179
225	23	181
225	24	183
225	25	184
225	26	186
225	27	187
225	28	189
225	29	190
225	30	191
225	31	192
225	32	194
225	33	196
225	34	198
225	35	199
225	36	201
225	37	202
225	38	204
225	39	205
225	40	206
225	41	208
225	42	209
225	43	210
225	44	211
225	45	212
225	46	213
225	47	214
225	48	215
225	49	216
225	50	216
225	51	217
225	52	218
225	53	219
225	54	219
225	55	220
225	56	221
225	57	221
225	58	222
225	59	222
225	60	223
225	61	223
225	62	224
225	63	225
225	64	225
225	65	226
225	66	227
225	67	228
225	68	228
225	69	229
225	70	230
225	71	231
225	72	231
225	73	232
225	74	232
225	75	233
225	76	233
225	77	234
225	78	234
225	79	235
225	80	235
225	81	236
225	82	236
225	83	237
225	84	237
225	85	237
225	86	238
225	87	238
225	88	238
225	89	239
225	90	239
225	91	239
225	92	239
225	93	240
225	94	240
225	95	240
225	96	240
225	97	241
225	98	242
225	99	243
225	100	244
225	101	244
225	102	245
225	103	245
225	104	246
225	105	246
225	106	246
225	107	247
225	108	247
225	109	247
225	110	248
225	111	248
225	112	248
225	113	249
225	114	250
225	115	250
225	116	251
225	117	251
225	118	252
225	119	252
225	120	252
225	121	253
225	122	253
225	123	254
225	124	254
225	125	255
225	126	255
225	127	255
225	128	128
225	129	1
225	130	1
225	131	1
225	132	2
225	133	2
225	134	3
225	135	3
225	136	4
225	137	4
225	138	4
225	139	5
225	140	5
225	141	6
225	142	6
225	143	7
225	144	8
225	145	8
225	146	8
225	147	9
225	148	9
225	149	9
225	150	10
225	151	10
225	152	10
225	153	11
225	154	11
225	155	12
225	156	12
225	157	13
225	158	14
225	159	15
225	160	16
225	161	16
225	162	16
225	163	16
225	164	17
225	165	17
225	166	17
225	167	17
225	168	18
225	169	18
225	170	18
225	171	19
225	172	19
225	173	19
225	174	20
225	175	20
225	176	21
225	177	21
225	178	22
225	179	22
225	180	23
225	181	23
225	182	24
225	183	24
225	184	25
225	185	25
225	186	26
225	187	27
225	188	28
225	189	28
225	190	29
225	191	30
225	192	31
225	193	31
225	194	32
225	195	33
225	196	33
225	197	34
225	198	34
225	199	35
225	200	35
225	201	36
225	202	37
225	203	37
225	204	38
225	205	39
225	206	40
225	207	40
225	208	41
225	209	42
225	210	43
225	211	44
225	212	45
225	213	46
225	214	47
225	215	48
225	216	50
225	217	51
225	218	52
225	219	54
225	220	55
225	221	57
225	222	58
225	223	60
225	224	62
225	225	64
225	226	65
225	227	66
225	228	67
225	229	69
225	230	70
225	231	72
225	232	73
225	233	75
225	234	77
225	235	79
225	236	82
225	237	84
225	238	87
225	239	90
225	240	94
225	241	97
225	242	98
225	243	99
225	244	101
225	245	103
225	246	105
225	247	108
225	248	111
225	249	113
225	250	114
225	251	116
225	252	120
225	253	121
225	254	124
225	255	126
226	0	128
226	1	130
226	2	132
226	3	135
226	4	137
226	5	140
226	6	142
226	7	143
226	8	146
226	9	149
226	10	152
226	11	154
226	12	156
226	13	158
226	14	159
226	15	160
226	16	164
226	17	168
226	18	171
226	19	173
226	20	176
226	21	178
226	22	180
226	23	182
226	24	184
226	25	186
226	26	187
226	27	188
226	28	190
226	29	191
226	30	192
226	31	194
226	32	196
226	33	198
226	34	200
226	35	201
226	36	203
226	37	204
226	38	205
226	39	207
226	40	208
226	41	209
226	42	210
226	43	211
226	44	212
226	45	213
226	46	214
226	47	215
226	48	216
226	49	217
226	50	218
226	51	218
226	52	219
226	53	220
226	54	220
226	55	221
226	56	222
226	57	222
226	58	223
226	59	223
226	60	224
226	61	225
226	62	225
226	63	226
226	64	226
226	65	227
226	66	228
226	67	229
226	68	229
226	69	230
226	70	231
226	71	231
226	72	232
226	73	233
226	74	233
226	75	234
226	76	234
226	77	235
226	78	235
226	79	236
226	80	236
226	81	236
226	82	237
226	83	237
226	84	238
226	85	238
226	86	238
226	87	239
226	88	239
226	89	239
226	90	239
226	91	240
226	92	240
226	93	240
226	94	241
226	95	241
226	96	241
226	97	242
226	98	243
226	99	243
226	100	244
226	101	245
226	102	245
226	103	246
226	104	246
226	105	246
226	106	247
226	107	247
226	108	247
226	109	248
226	110	248
226	111	248
226	112	248
226	113	249
226	114	250
226	115	251
226	116	251
226	117	251
226	118	252
226	119	252
226	120	252
226	121	253
226	122	254
226	123	254
226	124	254
226	125	255
226	126	255
226	127	255
226	128	128
226	129	1
226	130	1
226	131	1
226	132	2
226	133	2
226	134	2
226	135	3
226	136	4
226	137	4
226	138	4
226	139	5
226	140	5
226	141	5
226	142	6
226	143	7
226	144	8
226	145	8
226	146	8
226	147	8
226	148	9
226	149	9
226	150	9
226	151	10
226	152	10
226	153	10
226	154	11
226	155	11
226	156	12
226	157	13
226	158	13
226	159	14
226	160	15
226	161	15
226	162	15
226	163	16
226	164	16
226	165	16
226	166	17
226	167	17
226	168	17
226	169	17
226	170	18
226	171	18
226	172	18
226	173	19
226	174	19
226	175	20
226	176	20
226	177	20
226	178	21
226	179	21
226	180	22
226	181	22
226	182	23
226	183	23
226	184	24
226	185	25
226	186	25
226	187	26
226	188	27
226	189	27
226	190	28
226	191	29
226	192	30
226	193	30
226	194	31
226	195	31
226	196	32
226	197	33
226	198	33
226	199	34
226	200	34
226	201	35
226	202	36
226	203	36
226	204	37
226	205	38
226	206	38
226	207	39
226	208	40
226	209	41
226	210	42
226	211	43
226	212	44
226	213	45
226	214	46
226	215	47
226	216	48
226	217	49
226	218	51
226	219	52
226	220	53
226	221	55
226	222	56
226	223	58
226	224	60
226	225	62
226	226	64
226	227	65
226	228	66
226	229	68
226	230	69
226	231	70
226	232	72
226	233	74
226	234	76
226	235	78
226	236	80
226	237	83
226	238	85
226	239	88
226	240	92
226	241	96
226	242	97
226	243	98
226	244	100
226	245	102
226	246	104
226	247	107
226	248	110
226	249	113
226	250	114
226	251	116
226	252	119
226	253	121
226	254	124
226	255	126
227	0	128
227	1	130
227	2	133
227	3	135
227	4	138
227	5	140
227	6	142
227	7	144
227	8	147
227	9	150
227	10	153
227	11	155
227	12	157
227	13	158
227	14	159
227	15	162
227	16	166
227	17	169
227	18	172
227	19	175
227	20	178
227	21	180
227	22	182
227	23	184
227	24	185
227	25	187
227	26	188
227	27	190
227	28	191
227	29	192
227	30	194
227	31	196
227	32	198
227	33	200
227	34	201
227	35	203
227	36	204
227	37	206
227	38	207
227	39	208
227	40	210
227	41	211
227	42	212
227	43	213
227	44	214
227	45	215
227	46	216
227	47	217
227	48	217
227	49	218
227	50	219
227	51	220
227	52	220
227	53	221
227	54	222
227	55	222
227	56	223
227	57	223
227	58	224
227	59	225
227	60	225
227	61	226
227	62	226
227	63	227
227	64	227
227	65	228
227	66	229
227	67	229
227	68	230
227	69	231
227	70	232
227	71	232
227	72	233
227	73	233
227	74	234
227	75	234
227	76	235
227	77	235
227	78	236
227	79	236
227	80	237
227	81	237
227	82	237
227	83	238
227	84	238
227	85	238
227	86	239
227	87	239
227	88	239
227	89	240
227	90	240
227	91	240
227	92	241
227	93	241
227	94	241
227	95	241
227	96	242
227	97	242
227	98	243
227	99	244
227	100	244
227	101	245
227	102	245
227	103	246
227	104	246
227	105	247
227	106	247
227	107	247
227	108	248
227	109	248
227	110	248
227	111	249
227	112	249
227	113	250
227	114	250
227	115	251
227	116	251
227	117	252
227	118	252
227	119	252
227	120	252
227	121	253
227	122	254
227	123	254
227	124	254
227	125	255
227	126	255
227	127	255
227	128	128
227	129	1
227	130	1
227	131	1
227	132	2
227	133	2
227	134	2
227	135	3
227	136	4
227	137	4
227	138	4
227	139	4
227	140	5
227	141	5
227	142	6
227	143	6
227	144	7
227	145	7
227	146	8
227	147	8
227	148	8
227	149	9
227	150	9
227	151	9
227	152	10
227	153	10
227	154	11
227	155	11
227	156	12
227	157	12
227	158	13
227	159	14
227	160	14
227	161	15
227	162	15
227	163	15
227	164	15
227	165	16
227	166	16
227	167	16
227	168	17
227	169	17
227	170	17
227	171	18
227	172	18
227	173	18
227	174	19
227	175	19
227	176	19
227	177	20
227	178	20
227	179	21
227	180	21
227	181	22
227	182	22
227	183	23
227	184	23
227	185	24
227	186	24
227	187	25
227	188	26
227	189	27
227	190	27
227	191	28
227	192	29
227	193	29
227	194	30
227	195	30
227	196	31
227	197	31
227	198	32
227	199	33
227	200	33
227	201	34
227	202	34
227	203	35
227	204	36
227	205	36
227	206	37
227	207	38
227	208	39
227	209	39
227	210	40
227	211	41
227	212	42
227	213	43
227	214	44
227	215	45
227	216	46
227	217	48
227	218	49
227	219	50
227	220	52
227	221	53
227	222	55
227	223	56
227	224	58
227	225	60
227	226	62
227	227	64
227	228	65
227	229	66
227	230	68
227	231	69
227	232	71
227	233	72
227	234	74
227	235	76
227	236	78
227	237	81
227	238	84
227	239	87
227	240	90
227	241	94
227	242	97
227	243	98
227	244	99
227	245	101
227	246	103
227	247	106
227	248	109
227	249	112
227	250	114
227	251	116
227	252	118
227	253	121
227	254	123
227	255	126
228	0	128
228	1	130
228	2	133
228	3	135
228	4	138
228	5	141
228	6	143
228	7	144
228	8	148
228	9	151
228	10	154
228	11	156
228	12	157
228	13	159
228	14	160
228	15	164
228	16	168
228	17	171
228	18	174
228	19	177
228	20	179
228	21	181
228	22	183
228	23	185
228	24	187
228	25	188
228	26	190
228	27	191
228	28	192
228	29	194
228	30	196
228	31	198
228	32	200
228	33	202
228	34	203
228	35	205
228	36	206
228	37	208
228	38	209
228	39	210
228	40	211
228	41	212
228	42	213
228	43	214
228	44	215
228	45	216
228	46	217
228	47	218
228	48	219
228	49	219
228	50	220
228	51	221
228	52	222
228	53	222
228	54	223
228	55	223
228	56	224
228	57	225
228	58	225
228	59	226
228	60	226
228	61	227
228	62	227
228	63	228
228	64	228
228	65	229
228	66	230
228	67	230
228	68	231
228	69	232
228	70	232
228	71	233
228	72	234
228	73	234
228	74	235
228	75	235
228	76	236
228	77	236
228	78	237
228	79	237
228	80	237
228	81	238
228	82	238
228	83	238
228	84	239
228	85	239
228	86	239
228	87	240
228	88	240
228	89	240
228	90	241
228	91	241
228	92	241
228	93	241
228	94	242
228	95	242
228	96	242
228	97	243
228	98	244
228	99	244
228	100	245
228	101	245
228	102	246
228	103	246
228	104	247
228	105	247
228	106	247
228	107	248
228	108	248
228	109	248
228	110	249
228	111	249
228	112	249
228	113	250
228	114	250
228	115	251
228	116	251
228	117	252
228	118	252
228	119	252
228	120	252
228	121	253
228	122	254
228	123	254
228	124	254
228	125	255
228	126	255
228	127	255
228	128	128
228	129	1
228	130	1
228	131	1
228	132	2
228	133	2
228	134	2
228	135	3
228	136	4
228	137	4
228	138	4
228	139	4
228	140	5
228	141	5
228	142	6
228	143	6
228	144	7
228	145	7
228	146	7
228	147	8
228	148	8
228	149	8
228	150	9
228	151	9
228	152	9
228	153	10
228	154	10
228	155	11
228	156	11
228	157	12
228	158	12
228	159	13
228	160	14
228	161	14
228	162	14
228	163	15
228	164	15
228	165	15
228	166	15
228	167	16
228	168	16
228	169	16
228	170	17
228	171	17
228	172	17
228	173	18
228	174	18
228	175	18
228	176	19
228	177	19
228	178	19
228	179	20
228	180	20
228	181	21
228	182	21
228	183	22
228	184	22
228	185	23
228	186	24
228	187	24
228	188	25
228	189	26
228	190	26
228	191	27
228	192	28
228	193	28
228	194	29
228	195	29
228	196	30
228	197	30
228	198	31
228	199	31
228	200	32
228	201	33
228	202	33
228	203	34
228	204	34
228	205	35
228	206	36
228	207	37
228	208	37
228	209	38
228	210	39
228	211	40
228	212	41
228	213	42
228	214	43
228	215	44
228	216	45
228	217	46
228	218	47
228	219	48
228	220	50
228	221	51
228	222	53
228	223	54
228	224	56
228	225	58
228	226	60
228	227	62
228	228	64
228	229	65
228	230	66
228	231	68
228	232	69
228	233	71
228	234	73
228	235	75
228	236	77
228	237	79
228	238	82
228	239	85
228	240	88
228	241	92
228	242	96
228	243	97
228	244	99
228	245	100
228	246	102
228	247	105
228	248	108
228	249	112
228	250	113
228	251	115
228	252	118
228	253	121
228	254	123
228	255	126
229	0	128
229	1	131
229	2	133
229	3	136
229	4	138
229	5	141
229	6	143
229	7	145
229	8	149
229	9	152
229	10	154
229	11	156
229	12	158
229	13	159
229	14	162
229	15	166
229	16	170
229	17	173
229	18	176
229	19	179
229	20	181
229	21	183
229	22	185
229	23	186
229	24	188
229	25	189
229	26	191
229	27	192
229	28	194
229	29	196
229	30	198
229	31	200
229	32	202
229	33	204
229	34	205
229	35	207
229	36	208
229	37	209
229	38	211
229	39	212
229	40	213
229	41	214
229	42	215
229	43	216
229	44	217
229	45	218
229	46	218
229	47	219
229	48	220
229	49	221
229	50	221
229	51	222
229	52	223
229	53	223
229	54	224
229	55	225
229	56	225
229	57	226
229	58	226
229	59	227
229	60	227
229	61	228
229	62	228
229	63	229
229	64	229
229	65	230
229	66	231
229	67	231
229	68	232
229	69	233
229	70	233
229	71	234
229	72	234
229	73	235
229	74	235
229	75	236
229	76	236
229	77	237
229	78	237
229	79	238
229	80	238
229	81	238
229	82	239
229	83	239
229	84	239
229	85	240
229	86	240
229	87	240
229	88	241
229	89	241
229	90	241
229	91	241
229	92	242
229	93	242
229	94	242
229	95	242
229	96	242
229	97	243
229	98	244
229	99	245
229	100	245
229	101	246
229	102	246
229	103	247
229	104	247
229	105	247
229	106	248
229	107	248
229	108	248
229	109	249
229	110	249
229	111	249
229	112	249
229	113	250
229	114	251
229	115	251
229	116	252
229	117	252
229	118	252
229	119	252
229	120	253
229	121	253
229	122	254
229	123	254
229	124	254
229	125	255
229	126	255
229	127	255
229	128	128
229	129	1
229	130	1
229	131	1
229	132	2
229	133	2
229	134	2
229	135	3
229	136	3
229	137	4
229	138	4
229	139	4
229	140	4
229	141	5
229	142	5
229	143	6
229	144	7
229	145	7
229	146	7
229	147	7
229	148	8
229	149	8
229	150	8
229	151	9
229	152	9
229	153	9
229	154	10
229	155	10
229	156	11
229	157	11
229	158	12
229	159	13
229	160	14
229	161	14
229	162	14
229	163	14
229	164	14
229	165	15
229	166	15
229	167	15
229	168	15
229	169	16
229	170	16
229	171	16
229	172	17
229	173	17
229	174	17
229	175	18
229	176	18
229	177	18
229	178	19
229	179	19
229	180	20
229	181	20
229	182	21
229	183	21
229	184	22
229	185	22
229	186	23
229	187	23
229	188	24
229	189	25
229	190	25
229	191	26
229	192	27
229	193	27
229	194	28
229	195	28
229	196	29
229	197	29
229	198	30
229	199	30
229	200	31
229	201	31
229	202	32
229	203	33
229	204	33
229	205	34
229	206	35
229	207	35
229	208	36
229	209	37
229	210	38
229	211	38
229	212	39
229	213	40
229	214	41
229	215	42
229	216	43
229	217	44
229	218	45
229	219	47
229	220	48
229	221	49
229	222	51
229	223	52
229	224	54
229	225	56
229	226	58
229	227	60
229	228	62
229	229	64
229	230	65
229	231	67
229	232	68
229	233	70
229	234	71
229	235	73
229	236	75
229	237	77
229	238	80
229	239	83
229	240	86
229	241	90
229	242	94
229	243	97
229	244	98
229	245	100
229	246	102
229	247	104
229	248	107
229	249	111
229	250	113
229	251	115
229	252	118
229	253	120
229	254	123
229	255	125
230	0	128
230	1	131
230	2	134
230	3	136
230	4	139
230	5	142
230	6	143
230	7	146
230	8	150
230	9	153
230	10	155
230	11	157
230	12	159
230	13	160
230	14	165
230	15	169
230	16	172
230	17	175
230	18	178
230	19	180
230	20	182
230	21	184
230	22	186
230	23	188
230	24	189
230	25	191
230	26	192
230	27	194
230	28	197
230	29	199
230	30	201
230	31	202
230	32	204
230	33	206
230	34	207
230	35	208
230	36	210
230	37	211
230	38	212
230	39	213
230	40	214
230	41	215
230	42	216
230	43	217
230	44	218
230	45	219
230	46	220
230	47	221
230	48	221
230	49	222
230	50	223
230	51	223
230	52	224
230	53	225
230	54	225
230	55	226
230	56	226
230	57	227
230	58	227
230	59	228
230	60	228
230	61	229
230	62	229
230	63	230
230	64	230
230	65	231
230	66	232
230	67	232
230	68	233
230	69	234
230	70	234
230	71	235
230	72	235
230	73	236
230	74	236
230	75	237
230	76	237
230	77	238
230	78	238
230	79	238
230	80	239
230	81	239
230	82	239
230	83	240
230	84	240
230	85	240
230	86	241
230	87	241
230	88	241
230	89	241
230	90	242
230	91	242
230	92	242
230	93	242
230	94	243
230	95	243
230	96	243
230	97	244
230	98	244
230	99	245
230	100	246
230	101	246
230	102	247
230	103	247
230	104	247
230	105	248
230	106	248
230	107	248
230	108	249
230	109	249
230	110	249
230	111	249
230	112	250
230	113	250
230	114	251
230	115	251
230	116	252
230	117	252
230	118	252
230	119	253
230	120	253
230	121	253
230	122	254
230	123	254
230	124	254
230	125	255
230	126	255
230	127	255
230	128	128
230	129	1
230	130	1
230	131	1
230	132	2
230	133	2
230	134	2
230	135	3
230	136	3
230	137	3
230	138	4
230	139	4
230	140	4
230	141	5
230	142	5
230	143	6
230	144	6
230	145	7
230	146	7
230	147	7
230	148	7
230	149	8
230	150	8
230	151	8
230	152	9
230	153	9
230	154	9
230	155	10
230	156	10
230	157	11
230	158	12
230	159	12
230	160	13
230	161	13
230	162	13
230	163	14
230	164	14
230	165	14
230	166	14
230	167	15
230	168	15
230	169	15
230	170	15
230	171	16
230	172	16
230	173	16
230	174	17
230	175	17
230	176	17
230	177	18
230	178	18
230	179	18
230	180	19
230	181	19
230	182	20
230	183	20
230	184	21
230	185	21
230	186	22
230	187	22
230	188	23
230	189	24
230	190	24
230	191	25
230	192	26
230	193	26
230	194	27
230	195	27
230	196	28
230	197	28
230	198	29
230	199	29
230	200	30
230	201	30
230	202	31
230	203	31
230	204	32
230	205	33
230	206	33
230	207	34
230	208	35
230	209	35
230	210	36
230	211	37
230	212	38
230	213	39
230	214	40
230	215	41
230	216	42
230	217	43
230	218	44
230	219	45
230	220	46
230	221	48
230	222	49
230	223	50
230	224	52
230	225	54
230	226	55
230	227	57
230	228	59
230	229	62
230	230	64
230	231	65
230	232	67
230	233	68
230	234	70
230	235	72
230	236	74
230	237	76
230	238	78
230	239	81
230	240	84
230	241	87
230	242	91
230	243	96
230	244	97
230	245	99
230	246	101
230	247	103
230	248	106
230	249	110
230	250	113
230	251	114
230	252	117
230	253	120
230	254	122
230	255	125
231	0	128
231	1	131
231	2	134
231	3	136
231	4	140
231	5	142
231	6	144
231	7	147
231	8	151
231	9	154
231	10	156
231	11	158
231	12	159
231	13	162
231	14	167
231	15	171
231	16	174
231	17	177
231	18	180
231	19	182
231	20	184
231	21	186
231	22	188
231	23	189
231	24	191
231	25	192
231	26	194
231	27	197
231	28	199
231	29	201
231	30	203
231	31	204
231	32	206
231	33	208
231	34	209
231	35	210
231	36	212
231	37	213
231	38	214
231	39	215
231	40	216
231	41	217
231	42	218
231	43	219
231	44	220
231	45	220
231	46	221
231	47	222
231	48	223
231	49	223
231	50	224
231	51	225
231	52	225
231	53	226
231	54	226
231	55	227
231	56	227
231	57	228
231	58	228
231	59	229
231	60	229
231	61	230
231	62	230
231	63	231
231	64	231
231	65	232
231	66	232
231	67	233
231	68	234
231	69	234
231	70	235
231	71	235
231	72	236
231	73	236
231	74	237
231	75	237
231	76	238
231	77	238
231	78	239
231	79	239
231	80	239
231	81	240
231	82	240
231	83	240
231	84	241
231	85	241
231	86	241
231	87	241
231	88	242
231	89	242
231	90	242
231	91	242
231	92	243
231	93	243
231	94	243
231	95	243
231	96	244
231	97	244
231	98	245
231	99	245
231	100	246
231	101	246
231	102	247
231	103	247
231	104	248
231	105	248
231	106	248
231	107	249
231	108	249
231	109	249
231	110	249
231	111	250
231	112	250
231	113	250
231	114	251
231	115	251
231	116	252
231	117	252
231	118	252
231	119	253
231	120	253
231	121	254
231	122	254
231	123	254
231	124	254
231	125	255
231	126	255
231	127	255
231	128	128
231	129	1
231	130	1
231	131	1
231	132	2
231	133	2
231	134	2
231	135	2
231	136	3
231	137	3
231	138	4
231	139	4
231	140	4
231	141	5
231	142	5
231	143	6
231	144	6
231	145	6
231	146	7
231	147	7
231	148	7
231	149	7
231	150	8
231	151	8
231	152	8
231	153	9
231	154	9
231	155	10
231	156	10
231	157	11
231	158	11
231	159	12
231	160	12
231	161	13
231	162	13
231	163	13
231	164	13
231	165	14
231	166	14
231	167	14
231	168	14
231	169	15
231	170	15
231	171	15
231	172	15
231	173	16
231	174	16
231	175	16
231	176	17
231	177	17
231	178	17
231	179	18
231	180	18
231	181	19
231	182	19
231	183	20
231	184	20
231	185	21
231	186	21
231	187	22
231	188	22
231	189	23
231	190	24
231	191	24
231	192	25
231	193	25
231	194	26
231	195	26
231	196	27
231	197	27
231	198	28
231	199	28
231	200	29
231	201	29
231	202	30
231	203	30
231	204	31
231	205	31
231	206	32
231	207	33
231	208	33
231	209	34
231	210	35
231	211	36
231	212	36
231	213	37
231	214	38
231	215	39
231	216	40
231	217	41
231	218	42
231	219	43
231	220	44
231	221	46
231	222	47
231	223	48
231	224	50
231	225	52
231	226	53
231	227	55
231	228	57
231	229	59
231	230	62
231	231	64
231	232	65
231	233	67
231	234	68
231	235	70
231	236	72
231	237	74
231	238	76
231	239	79
231	240	82
231	241	85
231	242	89
231	243	94
231	244	97
231	245	98
231	246	100
231	247	102
231	248	105
231	249	109
231	250	112
231	251	114
231	252	116
231	253	120
231	254	122
231	255	125
232	0	128
232	1	131
232	2	134
232	3	136
232	4	140
232	5	142
232	6	144
232	7	149
232	8	152
232	9	155
232	10	157
232	11	159
232	12	160
232	13	165
232	14	169
232	15	173
232	16	176
232	17	179
232	18	181
232	19	184
232	20	186
232	21	187
232	22	189
232	23	191
232	24	192
232	25	195
232	26	197
232	27	199
232	28	201
232	29	203
232	30	205
232	31	206
232	32	208
232	33	209
232	34	211
232	35	212
232	36	213
232	37	214
232	38	216
232	39	217
232	40	218
232	41	219
232	42	219
232	43	220
232	44	221
232	45	222
232	46	223
232	47	223
232	48	224
232	49	225
232	50	225
232	51	226
232	52	226
232	53	227
232	54	228
232	55	228
232	56	229
232	57	229
232	58	230
232	59	230
232	60	230
232	61	231
232	62	231
232	63	232
232	64	232
232	65	233
232	66	233
232	67	234
232	68	235
232	69	235
232	70	236
232	71	236
232	72	237
232	73	237
232	74	238
232	75	238
232	76	239
232	77	239
232	78	239
232	79	240
232	80	240
232	81	240
232	82	241
232	83	241
232	84	241
232	85	242
232	86	242
232	87	242
232	88	242
232	89	243
232	90	243
232	91	243
232	92	243
232	93	243
232	94	244
232	95	244
232	96	244
232	97	245
232	98	245
232	99	246
232	100	246
232	101	247
232	102	247
232	103	248
232	104	248
232	105	248
232	106	249
232	107	249
232	108	249
232	109	249
232	110	250
232	111	250
232	112	250
232	113	251
232	114	251
232	115	252
232	116	252
232	117	252
232	118	253
232	119	253
232	120	253
232	121	254
232	122	254
232	123	254
232	124	254
232	125	255
232	126	255
232	127	255
232	128	128
232	129	1
232	130	1
232	131	1
232	132	2
232	133	2
232	134	2
232	135	2
232	136	3
232	137	3
232	138	3
232	139	4
232	140	4
232	141	4
232	142	5
232	143	5
232	144	6
232	145	6
232	146	6
232	147	7
232	148	7
232	149	7
232	150	7
232	151	8
232	152	8
232	153	8
232	154	9
232	155	9
232	156	10
232	157	10
232	158	11
232	159	11
232	160	12
232	161	12
232	162	12
232	163	13
232	164	13
232	165	13
232	166	13
232	167	13
232	168	14
232	169	14
232	170	14
232	171	14
232	172	15
232	173	15
232	174	15
232	175	16
232	176	16
232	177	16
232	178	17
232	179	17
232	180	17
232	181	18
232	182	18
232	183	19
232	184	19
232	185	20
232	186	20
232	187	21
232	188	21
232	189	22
232	190	23
232	191	23
232	192	24
232	193	24
232	194	25
232	195	25
232	196	26
232	197	26
232	198	26
232	199	27
232	200	27
232	201	28
232	202	28
232	203	29
232	204	30
232	205	30
232	206	31
232	207	31
232	208	32
232	209	33
232	210	33
232	211	34
232	212	35
232	213	36
232	214	37
232	215	37
232	216	38
232	217	39
232	218	40
232	219	42
232	220	43
232	221	44
232	222	45
232	223	47
232	224	48
232	225	50
232	226	51
232	227	53
232	228	55
232	229	57
232	230	59
232	231	61
232	232	64
232	233	65
232	234	67
232	235	69
232	236	70
232	237	72
232	238	75
232	239	77
232	240	80
232	241	83
232	242	87
232	243	91
232	244	96
232	245	97
232	246	99
232	247	101
232	248	104
232	249	107
232	250	112
232	251	114
232	252	116
232	253	120
232	254	122
232	255	125
233	0	128
233	1	131
233	2	134
233	3	137
233	4	140
233	5	143
233	6	145
233	7	150
233	8	153
233	9	156
233	10	158
233	11	159
233	12	163
233	13	167
233	14	171
233	15	175
233	16	178
233	17	181
233	18	183
233	19	185
233	20	187
233	21	189
233	22	191
233	23	192
233	24	195
233	25	197
233	26	199
233	27	201
233	28	203
233	29	205
233	30	207
233	31	209
233	32	210
233	33	211
233	34	213
233	35	214
233	36	215
233	37	216
233	38	217
233	39	218
233	40	219
233	41	220
233	42	221
233	43	222
233	44	223
233	45	223
233	46	224
233	47	225
233	48	225
233	49	226
233	50	227
233	51	227
233	52	228
233	53	228
233	54	229
233	55	229
233	56	230
233	57	230
233	58	231
233	59	231
233	60	231
233	61	232
233	62	232
233	63	233
233	64	233
233	65	234
233	66	234
233	67	235
233	68	236
233	69	236
233	70	237
233	71	237
233	72	238
233	73	238
233	74	238
233	75	239
233	76	239
233	77	240
233	78	240
233	79	240
233	80	241
233	81	241
233	82	241
233	83	242
233	84	242
233	85	242
233	86	242
233	87	243
233	88	243
233	89	243
233	90	243
233	91	244
233	92	244
233	93	244
233	94	244
233	95	244
233	96	244
233	97	245
233	98	246
233	99	246
233	100	247
233	101	247
233	102	248
233	103	248
233	104	248
233	105	249
233	106	249
233	107	249
233	108	249
233	109	250
233	110	250
233	111	250
233	112	250
233	113	251
233	114	251
233	115	252
233	116	252
233	117	252
233	118	253
233	119	253
233	120	253
233	121	254
233	122	254
233	123	254
233	124	255
233	125	255
233	126	255
233	127	255
233	128	128
233	129	1
233	130	1
233	131	1
233	132	1
233	133	2
233	134	2
233	135	2
233	136	3
233	137	3
233	138	3
233	139	4
233	140	4
233	141	4
233	142	5
233	143	5
233	144	6
233	145	6
233	146	6
233	147	6
233	148	7
233	149	7
233	150	7
233	151	7
233	152	8
233	153	8
233	154	8
233	155	9
233	156	9
233	157	10
233	158	10
233	159	11
233	160	12
233	161	12
233	162	12
233	163	12
233	164	12
233	165	12
233	166	13
233	167	13
233	168	13
233	169	13
233	170	14
233	171	14
233	172	14
233	173	14
233	174	15
233	175	15
233	176	15
233	177	16
233	178	16
233	179	16
233	180	17
233	181	17
233	182	18
233	183	18
233	184	18
233	185	19
233	186	19
233	187	20
233	188	20
233	189	21
233	190	22
233	191	22
233	192	23
233	193	23
233	194	24
233	195	24
233	196	25
233	197	25
233	198	25
233	199	26
233	200	26
233	201	27
233	202	27
233	203	28
233	204	28
233	205	29
233	206	29
233	207	30
233	208	31
233	209	31
233	210	32
233	211	33
233	212	33
233	213	34
233	214	35
233	215	36
233	216	37
233	217	38
233	218	39
233	219	40
233	220	41
233	221	42
233	222	43
233	223	45
233	224	46
233	225	47
233	226	49
233	227	51
233	228	53
233	229	55
233	230	57
233	231	59
233	232	61
233	233	64
233	234	65
233	235	67
233	236	69
233	237	71
233	238	73
233	239	75
233	240	78
233	241	81
233	242	85
233	243	89
233	244	93
233	245	97
233	246	98
233	247	100
233	248	103
233	249	106
233	250	111
233	251	113
233	252	116
233	253	119
233	254	122
233	255	125
234	0	128
234	1	131
234	2	134
234	3	137
234	4	141
234	5	143
234	6	147
234	7	151
234	8	154
234	9	156
234	10	158
234	11	160
234	12	165
234	13	170
234	14	174
234	15	177
234	16	180
234	17	183
234	18	185
234	19	187
234	20	189
234	21	190
234	22	192
234	23	195
234	24	197
234	25	200
234	26	202
234	27	204
234	28	206
234	29	207
234	30	209
234	31	211
234	32	212
234	33	213
234	34	215
234	35	216
234	36	217
234	37	218
234	38	219
234	39	220
234	40	221
234	41	222
234	42	222
234	43	223
234	44	224
234	45	225
234	46	225
234	47	226
234	48	227
234	49	227
234	50	228
234	51	228
234	52	229
234	53	229
234	54	230
234	55	230
234	56	231
234	57	231
234	58	232
234	59	232
234	60	233
234	61	233
234	62	233
234	63	234
234	64	234
234	65	235
234	66	235
234	67	236
234	68	236
234	69	237
234	70	237
234	71	238
234	72	238
234	73	239
234	74	239
234	75	240
234	76	240
234	77	240
234	78	241
234	79	241
234	80	241
234	81	242
234	82	242
234	83	242
234	84	242
234	85	243
234	86	243
234	87	243
234	88	243
234	89	244
234	90	244
234	91	244
234	92	244
234	93	244
234	94	245
234	95	245
234	96	245
234	97	246
234	98	246
234	99	247
234	100	247
234	101	248
234	102	248
234	103	248
234	104	249
234	105	249
234	106	249
234	107	249
234	108	250
234	109	250
234	110	250
234	111	250
234	112	250
234	113	251
234	114	252
234	115	252
234	116	252
234	117	253
234	118	253
234	119	253
234	120	253
234	121	254
234	122	254
234	123	254
234	124	255
234	125	255
234	126	255
234	127	255
234	128	128
234	129	1
234	130	1
234	131	1
234	132	1
234	133	2
234	134	2
234	135	2
234	136	3
234	137	3
234	138	3
234	139	3
234	140	4
234	141	4
234	142	4
234	143	5
234	144	6
234	145	6
234	146	6
234	147	6
234	148	6
234	149	7
234	150	7
234	151	7
234	152	7
234	153	8
234	154	8
234	155	8
234	156	9
234	157	9
234	158	10
234	159	10
234	160	11
234	161	11
234	162	11
234	163	12
234	164	12
234	165	12
234	166	12
234	167	12
234	168	13
234	169	13
234	170	13
234	171	13
234	172	14
234	173	14
234	174	14
234	175	14
234	176	15
234	177	15
234	178	15
234	179	16
234	180	16
234	181	16
234	182	17
234	183	17
234	184	18
234	185	18
234	186	19
234	187	19
234	188	20
234	189	20
234	190	21
234	191	21
234	192	22
234	193	22
234	194	23
234	195	23
234	196	23
234	197	24
234	198	24
234	199	25
234	200	25
234	201	26
234	202	26
234	203	27
234	204	27
234	205	28
234	206	28
234	207	29
234	208	29
234	209	30
234	210	31
234	211	31
234	212	32
234	213	33
234	214	34
234	215	34
234	216	35
234	217	36
234	218	37
234	219	38
234	220	39
234	221	40
234	222	41
234	223	43
234	224	44
234	225	45
234	226	47
234	227	49
234	228	50
234	229	52
234	230	54
234	231	56
234	232	59
234	233	61
234	234	64
234	235	66
234	236	67
234	237	69
234	238	71
234	239	73
234	240	76
234	241	79
234	242	82
234	243	86
234	244	91
234	245	96
234	246	98
234	247	100
234	248	102
234	249	105
234	250	109
234	251	113
234	252	115
234	253	119
234	254	122
234	255	125
235	0	128
235	1	131
235	2	135
235	3	138
235	4	142
235	5	144
235	6	148
235	7	152
235	8	155
235	9	157
235	10	159
235	11	163
235	12	168
235	13	172
235	14	176
235	15	179
235	16	182
235	17	184
235	18	187
235	19	189
235	20	190
235	21	192
235	22	195
235	23	198
235	24	200
235	25	202
235	26	204
235	27	206
235	28	208
235	29	210
235	30	211
235	31	213
235	32	214
235	33	215
235	34	216
235	35	218
235	36	219
235	37	220
235	38	221
235	39	222
235	40	222
235	41	223
235	42	224
235	43	225
235	44	225
235	45	226
235	46	227
235	47	227
235	48	228
235	49	229
235	50	229
235	51	230
235	52	230
235	53	231
235	54	231
235	55	232
235	56	232
235	57	232
235	58	233
235	59	233
235	60	234
235	61	234
235	62	234
235	63	235
235	64	235
235	65	236
235	66	236
235	67	237
235	68	237
235	69	238
235	70	238
235	71	239
235	72	239
235	73	240
235	74	240
235	75	240
235	76	241
235	77	241
235	78	241
235	79	242
235	80	242
235	81	242
235	82	243
235	83	243
235	84	243
235	85	243
235	86	244
235	87	244
235	88	244
235	89	244
235	90	244
235	91	245
235	92	245
235	93	245
235	94	245
235	95	245
235	96	246
235	97	246
235	98	247
235	99	247
235	100	248
235	101	248
235	102	248
235	103	249
235	104	249
235	105	249
235	106	250
235	107	250
235	108	250
235	109	250
235	110	250
235	111	251
235	112	251
235	113	251
235	114	252
235	115	252
235	116	252
235	117	253
235	118	253
235	119	253
235	120	253
235	121	254
235	122	254
235	123	254
235	124	255
235	125	255
235	126	255
235	127	255
235	128	128
235	129	1
235	130	1
235	131	1
235	132	1
235	133	2
235	134	2
235	135	2
235	136	3
235	137	3
235	138	3
235	139	3
235	140	4
235	141	4
235	142	4
235	143	5
235	144	5
235	145	5
235	146	6
235	147	6
235	148	6
235	149	6
235	150	6
235	151	7
235	152	7
235	153	7
235	154	8
235	155	8
235	156	8
235	157	9
235	158	9
235	159	10
235	160	10
235	161	11
235	162	11
235	163	11
235	164	11
235	165	11
235	166	12
235	167	12
235	168	12
235	169	12
235	170	12
235	171	13
235	172	13
235	173	13
235	174	13
235	175	14
235	176	14
235	177	14
235	178	15
235	179	15
235	180	15
235	181	16
235	182	16
235	183	16
235	184	17
235	185	17
235	186	18
235	187	18
235	188	19
235	189	19
235	190	20
235	191	20
235	192	21
235	193	21
235	194	22
235	195	22
235	196	22
235	197	23
235	198	23
235	199	24
235	200	24
235	201	24
235	202	25
235	203	25
235	204	26
235	205	26
235	206	27
235	207	27
235	208	28
235	209	29
235	210	29
235	211	30
235	212	31
235	213	31
235	214	32
235	215	33
235	216	34
235	217	34
235	218	35
235	219	36
235	220	37
235	221	38
235	222	40
235	223	41
235	224	42
235	225	43
235	226	45
235	227	46
235	228	48
235	229	50
235	230	52
235	231	54
235	232	56
235	233	58
235	234	61
235	235	64
235	236	66
235	237	67
235	238	69
235	239	72
235	240	74
235	241	77
235	242	80
235	243	84
235	244	88
235	245	93
235	246	97
235	247	99
235	248	101
235	249	104
235	250	108
235	251	112
235	252	114
235	253	118
235	254	121
235	255	125
236	0	128
236	1	132
236	2	135
236	3	139
236	4	142
236	5	144
236	6	149
236	7	153
236	8	156
236	9	158
236	10	160
236	11	166
236	12	171
236	13	175
236	14	178
236	15	181
236	16	184
236	17	186
236	18	188
236	19	190
236	20	192
236	21	195
236	22	198
236	23	200
236	24	203
236	25	205
236	26	207
236	27	209
236	28	210
236	29	212
236	30	213
236	31	215
236	32	216
236	33	217
236	34	218
236	35	219
236	36	220
236	37	221
236	38	222
236	39	223
236	40	224
236	41	225
236	42	226
236	43	226
236	44	227
236	45	228
236	46	228
236	47	229
236	48	229
236	49	230
236	50	230
236	51	231
236	52	231
236	53	232
236	54	232
236	55	233
236	56	233
236	57	234
236	58	234
236	59	234
236	60	235
236	61	235
236	62	235
236	63	236
236	64	236
236	65	237
236	66	237
236	67	238
236	68	238
236	69	239
236	70	239
236	71	240
236	72	240
236	73	240
236	74	241
236	75	241
236	76	241
236	77	242
236	78	242
236	79	242
236	80	243
236	81	243
236	82	243
236	83	243
236	84	244
236	85	244
236	86	244
236	87	244
236	88	245
236	89	245
236	90	245
236	91	245
236	92	245
236	93	246
236	94	246
236	95	246
236	96	246
236	97	247
236	98	247
236	99	248
236	100	248
236	101	248
236	102	249
236	103	249
236	104	249
236	105	250
236	106	250
236	107	250
236	108	250
236	109	250
236	110	251
236	111	251
236	112	251
236	113	252
236	114	252
236	115	252
236	116	253
236	117	253
236	118	253
236	119	253
236	120	254
236	121	254
236	122	254
236	123	255
236	124	255
236	125	255
236	126	255
236	127	255
236	128	128
236	129	1
236	130	1
236	131	1
236	132	1
236	133	1
236	134	2
236	135	2
236	136	2
236	137	3
236	138	3
236	139	3
236	140	3
236	141	4
236	142	4
236	143	4
236	144	5
236	145	5
236	146	5
236	147	6
236	148	6
236	149	6
236	150	6
236	151	6
236	152	7
236	153	7
236	154	7
236	155	8
236	156	8
236	157	8
236	158	9
236	159	9
236	160	10
236	161	10
236	162	10
236	163	10
236	164	11
236	165	11
236	166	11
236	167	11
236	168	11
236	169	12
236	170	12
236	171	12
236	172	12
236	173	13
236	174	13
236	175	13
236	176	13
236	177	14
236	178	14
236	179	14
236	180	15
236	181	15
236	182	15
236	183	16
236	184	16
236	185	16
236	186	17
236	187	17
236	188	18
236	189	18
236	190	19
236	191	19
236	192	20
236	193	20
236	194	21
236	195	21
236	196	21
236	197	22
236	198	22
236	199	22
236	200	23
236	201	23
236	202	24
236	203	24
236	204	25
236	205	25
236	206	26
236	207	26
236	208	27
236	209	27
236	210	28
236	211	28
236	212	29
236	213	30
236	214	30
236	215	31
236	216	32
236	217	33
236	218	34
236	219	35
236	220	36
236	221	37
236	222	38
236	223	39
236	224	40
236	225	41
236	226	43
236	227	44
236	228	46
236	229	47
236	230	49
236	231	51
236	232	53
236	233	56
236	234	58
236	235	61
236	236	64
236	237	66
236	238	68
236	239	70
236	240	72
236	241	75
236	242	78
236	243	81
236	244	85
236	245	90
236	246	96
236	247	98
236	248	100
236	249	103
236	250	107
236	251	112
236	252	114
236	253	117
236	254	121
236	255	124
237	0	128
237	1	132
237	2	135
237	3	139
237	4	142
237	5	146
237	6	151
237	7	154
237	8	157
237	9	159
237	10	163
237	11	169
237	12	173
237	13	177
237	14	181
237	15	183
237	16	186
237	17	188
237	18	190
237	19	192
237	20	195
237	21	198
237	22	201
237	23	203
237	24	205
237	25	207
237	26	209
237	27	211
237	28	213
237	29	214
237	30	215
237	31	217
237	32	218
237	33	219
237	34	220
237	35	221
237	36	222
237	37	223
237	38	224
237	39	225
237	40	226
237	41	226
237	42	227
237	43	228
237	44	228
237	45	229
237	46	230
237	47	230
237	48	231
237	49	231
237	50	232
237	51	232
237	52	233
237	53	233
237	54	233
237	55	234
237	56	234
237	57	235
237	58	235
237	59	235
237	60	236
237	61	236
237	62	236
237	63	237
237	64	237
237	65	238
237	66	238
237	67	239
237	68	239
237	69	240
237	70	240
237	71	240
237	72	241
237	73	241
237	74	242
237	75	242
237	76	242
237	77	242
237	78	243
237	79	243
237	80	243
237	81	244
237	82	244
237	83	244
237	84	244
237	85	245
237	86	245
237	87	245
237	88	245
237	89	245
237	90	246
237	91	246
237	92	246
237	93	246
237	94	246
237	95	246
237	96	246
237	97	247
237	98	248
237	99	248
237	100	248
237	101	249
237	102	249
237	103	249
237	104	250
237	105	250
237	106	250
237	107	250
237	108	251
237	109	251
237	110	251
237	111	251
237	112	251
237	113	252
237	114	252
237	115	253
237	116	253
237	117	253
237	118	253
237	119	253
237	120	254
237	121	254
237	122	254
237	123	255
237	124	255
237	125	255
237	126	255
237	127	255
237	128	128
237	129	1
237	130	1
237	131	1
237	132	1
237	133	1
237	134	2
237	135	2
237	136	2
237	137	3
237	138	3
237	139	3
237	140	3
237	141	3
237	142	4
237	143	4
237	144	5
237	145	5
237	146	5
237	147	5
237	148	5
237	149	6
237	150	6
237	151	6
237	152	6
237	153	7
237	154	7
237	155	7
237	156	8
237	157	8
237	158	8
237	159	9
237	160	10
237	161	10
237	162	10
237	163	10
237	164	10
237	165	10
237	166	10
237	167	11
237	168	11
237	169	11
237	170	11
237	171	11
237	172	12
237	173	12
237	174	12
237	175	12
237	176	13
237	177	13
237	178	13
237	179	14
237	180	14
237	181	14
237	182	14
237	183	15
237	184	15
237	185	16
237	186	16
237	187	16
237	188	17
237	189	17
237	190	18
237	191	18
237	192	19
237	193	19
237	194	20
237	195	20
237	196	20
237	197	21
237	198	21
237	199	21
237	200	22
237	201	22
237	202	23
237	203	23
237	204	23
237	205	24
237	206	24
237	207	25
237	208	25
237	209	26
237	210	26
237	211	27
237	212	28
237	213	28
237	214	29
237	215	30
237	216	30
237	217	31
237	218	32
237	219	33
237	220	34
237	221	35
237	222	36
237	223	37
237	224	38
237	225	39
237	226	41
237	227	42
237	228	43
237	229	45
237	230	47
237	231	49
237	232	51
237	233	53
237	234	55
237	235	58
237	236	61
237	237	64
237	238	66
237	239	68
237	240	70
237	241	73
237	242	75
237	243	79
237	244	83
237	245	87
237	246	93
237	247	97
237	248	99
237	249	102
237	250	105
237	251	110
237	252	114
237	253	117
237	254	121
237	255	124
238	0	128
238	1	132
238	2	136
238	3	140
238	4	143
238	5	147
238	6	152
238	7	155
238	8	158
238	9	160
238	10	166
238	11	172
238	12	176
238	13	180
238	14	183
238	15	186
238	16	188
238	17	190
238	18	192
238	19	195
238	20	198
238	21	201
238	22	204
238	23	206
238	24	208
238	25	210
238	26	212
238	27	213
238	28	215
238	29	216
238	30	218
238	31	219
238	32	220
238	33	221
238	34	222
238	35	223
238	36	224
238	37	225
238	38	226
238	39	226
238	40	227
238	41	228
238	42	229
238	43	229
238	44	230
238	45	230
238	46	231
238	47	231
238	48	232
238	49	232
238	50	233
238	51	233
238	52	234
238	53	234
238	54	235
238	55	235
238	56	235
238	57	236
238	58	236
238	59	236
238	60	237
238	61	237
238	62	237
238	63	238
238	64	238
238	65	239
238	66	239
238	67	240
238	68	240
238	69	240
238	70	241
238	71	241
238	72	242
238	73	242
238	74	242
238	75	243
238	76	243
238	77	243
238	78	243
238	79	244
238	80	244
238	81	244
238	82	244
238	83	245
238	84	245
238	85	245
238	86	245
238	87	246
238	88	246
238	89	246
238	90	246
238	91	246
238	92	246
238	93	247
238	94	247
238	95	247
238	96	247
238	97	248
238	98	248
238	99	248
238	100	249
238	101	249
238	102	249
238	103	250
238	104	250
238	105	250
238	106	250
238	107	251
238	108	251
238	109	251
238	110	251
238	111	251
238	112	252
238	113	252
238	114	252
238	115	253
238	116	253
238	117	253
238	118	253
238	119	254
238	120	254
238	121	254
238	122	254
238	123	255
238	124	255
238	125	255
238	126	255
238	127	255
238	128	128
238	129	1
238	130	1
238	131	1
238	132	1
238	133	1
238	134	2
238	135	2
238	136	2
238	137	2
238	138	3
238	139	3
238	140	3
238	141	3
238	142	4
238	143	4
238	144	4
238	145	5
238	146	5
238	147	5
238	148	5
238	149	5
238	150	6
238	151	6
238	152	6
238	153	6
238	154	7
238	155	7
238	156	7
238	157	8
238	158	8
238	159	8
238	160	9
238	161	9
238	162	9
238	163	9
238	164	10
238	165	10
238	166	10
238	167	10
238	168	10
238	169	10
238	170	11
238	171	11
238	172	11
238	173	11
238	174	12
238	175	12
238	176	12
238	177	12
238	178	13
238	179	13
238	180	13
238	181	13
238	182	14
238	183	14
238	184	14
238	185	15
238	186	15
238	187	16
238	188	16
238	189	16
238	190	17
238	191	17
238	192	18
238	193	18
238	194	19
238	195	19
238	196	19
238	197	20
238	198	20
238	199	20
238	200	21
238	201	21
238	202	21
238	203	22
238	204	22
238	205	23
238	206	23
238	207	24
238	208	24
238	209	25
238	210	25
238	211	26
238	212	26
238	213	27
238	214	27
238	215	28
238	216	29
238	217	30
238	218	30
238	219	31
238	220	32
238	221	33
238	222	34
238	223	35
238	224	36
238	225	37
238	226	38
238	227	40
238	228	41
238	229	43
238	230	44
238	231	46
238	232	48
238	233	50
238	234	52
238	235	55
238	236	58
238	237	61
238	238	64
238	239	66
238	240	68
238	241	70
238	242	73
238	243	76
238	244	80
238	245	84
238	246	90
238	247	96
238	248	98
238	249	101
238	250	104
238	251	109
238	252	113
238	253	116
238	254	120
238	255	124
239	0	128
239	1	132
239	2	136
239	3	141
239	4	144
239	5	149
239	6	153
239	7	157
239	8	159
239	9	164
239	10	170
239	11	175
239	12	179
239	13	182
239	14	185
239	15	188
239	16	190
239	17	192
239	18	196
239	19	199
239	20	202
239	21	204
239	22	207
239	23	209
239	24	211
239	25	212
239	26	214
239	27	216
239	28	217
239	29	218
239	30	220
239	31	221
239	32	222
239	33	223
239	34	224
239	35	225
239	36	226
239	37	227
239	38	227
239	39	228
239	40	229
239	41	229
239	42	230
239	43	231
239	44	231
239	45	232
239	46	232
239	47	233
239	48	233
239	49	234
239	50	234
239	51	235
239	52	235
239	53	235
239	54	236
239	55	236
239	56	237
239	57	237
239	58	237
239	59	238
239	60	238
239	61	238
239	62	238
239	63	239
239	64	239
239	65	240
239	66	240
239	67	240
239	68	241
239	69	241
239	70	242
239	71	242
239	72	242
239	73	243
239	74	243
239	75	243
239	76	244
239	77	244
239	78	244
239	79	244
239	80	245
239	81	245
239	82	245
239	83	245
239	84	246
239	85	246
239	86	246
239	87	246
239	88	246
239	89	246
239	90	247
239	91	247
239	92	247
239	93	247
239	94	247
239	95	247
239	96	248
239	97	248
239	98	248
239	99	249
239	100	249
239	101	250
239	102	250
239	103	250
239	104	250
239	105	251
239	106	251
239	107	251
239	108	251
239	109	251
239	110	251
239	111	252
239	112	252
239	113	252
239	114	253
239	115	253
239	116	253
239	117	253
239	118	254
239	119	254
239	120	254
239	121	254
239	122	255
239	123	255
239	124	255
239	125	255
239	126	255
239	127	255
239	128	128
239	129	1
239	130	1
239	131	1
239	132	1
239	133	1
239	134	1
239	135	2
239	136	2
239	137	2
239	138	2
239	139	3
239	140	3
239	141	3
239	142	3
239	143	4
239	144	4
239	145	4
239	146	5
239	147	5
239	148	5
239	149	5
239	150	5
239	151	5
239	152	6
239	153	6
239	154	6
239	155	6
239	156	7
239	157	7
239	158	8
239	159	8
239	160	8
239	161	9
239	162	9
239	163	9
239	164	9
239	165	9
239	166	9
239	167	10
239	168	10
239	169	10
239	170	10
239	171	10
239	172	10
239	173	11
239	174	11
239	175	11
239	176	11
239	177	12
239	178	12
239	179	12
239	180	12
239	181	13
239	182	13
239	183	13
239	184	14
239	185	14
239	186	14
239	187	15
239	188	15
239	189	16
239	190	16
239	191	16
239	192	17
239	193	17
239	194	18
239	195	18
239	196	18
239	197	18
239	198	19
239	199	19
239	200	19
239	201	20
239	202	20
239	203	21
239	204	21
239	205	21
239	206	22
239	207	22
239	208	23
239	209	23
239	210	24
239	211	24
239	212	25
239	213	25
239	214	26
239	215	27
239	216	27
239	217	28
239	218	29
239	219	29
239	220	30
239	221	31
239	222	32
239	223	33
239	224	34
239	225	35
239	226	36
239	227	38
239	228	39
239	229	40
239	230	42
239	231	44
239	232	45
239	233	47
239	234	49
239	235	52
239	236	54
239	237	57
239	238	60
239	239	64
239	240	66
239	241	68
239	242	71
239	243	74
239	244	77
239	245	81
239	246	86
239	247	92
239	248	97
239	249	99
239	250	103
239	251	107
239	252	112
239	253	115
239	254	120
239	255	124
240	0	128
240	1	132
240	2	136
240	3	141
240	4	144
240	5	150
240	6	155
240	7	158
240	8	160
240	9	167
240	10	173
240	11	177
240	12	181
240	13	185
240	14	187
240	15	190
240	16	192
240	17	196
240	18	199
240	19	202
240	20	205
240	21	207
240	22	209
240	23	211
240	24	213
240	25	215
240	26	217
240	27	218
240	28	219
240	29	221
240	30	222
240	31	223
240	32	224
240	33	225
240	34	226
240	35	227
240	36	228
240	37	228
240	38	229
240	39	230
240	40	230
240	41	231
240	42	232
240	43	232
240	44	233
240	45	233
240	46	234
240	47	234
240	48	235
240	49	235
240	50	236
240	51	236
240	52	236
240	53	237
240	54	237
240	55	237
240	56	238
240	57	238
240	58	238
240	59	239
240	60	239
240	61	239
240	62	239
240	63	240
240	64	240
240	65	240
240	66	241
240	67	241
240	68	242
240	69	242
240	70	243
240	71	243
240	72	243
240	73	244
240	74	244
240	75	244
240	76	244
240	77	245
240	78	245
240	79	245
240	80	245
240	81	246
240	82	246
240	83	246
240	84	246
240	85	246
240	86	247
240	87	247
240	88	247
240	89	247
240	90	247
240	91	247
240	92	247
240	93	248
240	94	248
240	95	248
240	96	248
240	97	248
240	98	249
240	99	249
240	100	250
240	101	250
240	102	250
240	103	250
240	104	251
240	105	251
240	106	251
240	107	251
240	108	251
240	109	252
240	110	252
240	111	252
240	112	252
240	113	252
240	114	253
240	115	253
240	116	253
240	117	254
240	118	254
240	119	254
240	120	254
240	121	254
240	122	255
240	123	255
240	124	255
240	125	255
240	126	255
240	127	255
240	128	128
240	129	1
240	130	1
240	131	1
240	132	1
240	133	1
240	134	1
240	135	2
240	136	2
240	137	2
240	138	2
240	139	2
240	140	3
240	141	3
240	142	3
240	143	4
240	144	4
240	145	4
240	146	4
240	147	4
240	148	5
240	149	5
240	150	5
240	151	5
240	152	5
240	153	6
240	154	6
240	155	6
240	156	6
240	157	7
240	158	7
240	159	8
240	160	8
240	161	8
240	162	8
240	163	8
240	164	9
240	165	9
240	166	9
240	167	9
240	168	9
240	169	9
240	170	9
240	171	10
240	172	10
240	173	10
240	174	10
240	175	10
240	176	11
240	177	11
240	178	11
240	179	11
240	180	12
240	181	12
240	182	12
240	183	12
240	184	13
240	185	13
240	186	13
240	187	14
240	188	14
240	189	15
240	190	15
240	191	16
240	192	16
240	193	16
240	194	17
240	195	17
240	196	17
240	197	17
240	198	18
240	199	18
240	200	18
240	201	19
240	202	19
240	203	19
240	204	20
240	205	20
240	206	20
240	207	21
240	208	21
240	209	22
240	210	22
240	211	23
240	212	23
240	213	24
240	214	24
240	215	25
240	216	26
240	217	26
240	218	27
240	219	28
240	220	28
240	221	29
240	222	30
240	223	31
240	224	32
240	225	33
240	226	34
240	227	35
240	228	37
240	229	38
240	230	39
240	231	41
240	232	43
240	233	45
240	234	47
240	235	49
240	236	51
240	237	54
240	238	57
240	239	60
240	240	64
240	241	66
240	242	69
240	243	71
240	244	75
240	245	79
240	246	83
240	247	89
240	248	96
240	249	98
240	250	101
240	251	106
240	252	112
240	253	115
240	254	120
240	255	124
241	0	128
241	1	132
241	2	137
241	3	142
241	4	146
241	5	152
241	6	156
241	7	159
241	8	164
241	9	171
241	10	176
241	11	180
241	12	184
241	13	187
241	14	190
241	15	192
241	16	196
241	17	200
241	18	203
241	19	205
241	20	208
241	21	210
241	22	212
241	23	214
241	24	216
241	25	218
241	26	219
241	27	220
241	28	222
241	29	223
241	30	224
241	31	225
241	32	226
241	33	227
241	34	228
241	35	229
241	36	229
241	37	230
241	38	231
241	39	231
241	40	232
241	41	233
241	42	233
241	43	234
241	44	234
241	45	235
241	46	235
241	47	236
241	48	236
241	49	236
241	50	237
241	51	237
241	52	238
241	53	238
241	54	238
241	55	239
241	56	239
241	57	239
241	58	239
241	59	240
241	60	240
241	61	240
241	62	241
241	63	241
241	64	241
241	65	241
241	66	242
241	67	242
241	68	243
241	69	243
241	70	243
241	71	244
241	72	244
241	73	244
241	74	245
241	75	245
241	76	245
241	77	245
241	78	246
241	79	246
241	80	246
241	81	246
241	82	246
241	83	247
241	84	247
241	85	247
241	86	247
241	87	247
241	88	247
241	89	248
241	90	248
241	91	248
241	92	248
241	93	248
241	94	248
241	95	248
241	96	248
241	97	249
241	98	249
241	99	250
241	100	250
241	101	250
241	102	251
241	103	251
241	104	251
241	105	251
241	106	251
241	107	252
241	108	252
241	109	252
241	110	252
241	111	252
241	112	252
241	113	253
241	114	253
241	115	253
241	116	254
241	117	254
241	118	254
241	119	254
241	120	254
241	121	254
241	122	255
241	123	255
241	124	255
241	125	255
241	126	255
241	127	255
241	128	128
241	129	1
241	130	1
241	131	1
241	132	1
241	133	1
241	134	1
241	135	2
241	136	2
241	137	2
241	138	2
241	139	2
241	140	2
241	141	3
241	142	3
241	143	3
241	144	4
241	145	4
241	146	4
241	147	4
241	148	4
241	149	4
241	150	5
241	151	5
241	152	5
241	153	5
241	154	5
241	155	6
241	156	6
241	157	6
241	158	7
241	159	7
241	160	8
241	161	8
241	162	8
241	163	8
241	164	8
241	165	8
241	166	8
241	167	8
241	168	9
241	169	9
241	170	9
241	171	9
241	172	9
241	173	9
241	174	10
241	175	10
241	176	10
241	177	10
241	178	10
241	179	11
241	180	11
241	181	11
241	182	11
241	183	12
241	184	12
241	185	12
241	186	13
241	187	13
241	188	13
241	189	14
241	190	14
241	191	15
241	192	15
241	193	15
241	194	15
241	195	16
241	196	16
241	197	16
241	198	17
241	199	17
241	200	17
241	201	17
241	202	18
241	203	18
241	204	18
241	205	19
241	206	19
241	207	20
241	208	20
241	209	20
241	210	21
241	211	21
241	212	22
241	213	22
241	214	23
241	215	23
241	216	24
241	217	25
241	218	25
241	219	26
241	220	27
241	221	27
241	222	28
241	223	29
241	224	30
241	225	31
241	226	32
241	227	33
241	228	34
241	229	36
241	230	37
241	231	38
241	232	40
241	233	42
241	234	44
241	235	46
241	236	48
241	237	51
241	238	53
241	239	56
241	240	60
241	241	64
241	242	66
241	243	69
241	244	72
241	245	76
241	246	80
241	247	85
241	248	92
241	249	97
241	250	100
241	251	104
241	252	110
241	253	114
241	254	119
241	255	124
242	0	128
242	1	133
242	2	138
242	3	143
242	4	148
242	5	154
242	6	157
242	7	160
242	8	168
242	9	174
242	10	179
242	11	183
242	12	187
242	13	190
242	14	192
242	15	196
242	16	200
242	17	203
242	18	206
242	19	209
242	20	211
242	21	213
242	22	215
242	23	217
242	24	219
242	25	220
242	26	222
242	27	223
242	28	224
242	29	225
242	30	226
242	31	227
242	32	228
242	33	229
242	34	230
242	35	230
242	36	231
242	37	232
242	38	232
242	39	233
242	40	234
242	41	234
242	42	235
242	43	235
242	44	236
242	45	236
242	46	237
242	47	237
242	48	237
242	49	238
242	50	238
242	51	238
242	52	239
242	53	239
242	54	239
242	55	240
242	56	240
242	57	240
242	58	241
242	59	241
242	60	241
242	61	241
242	62	242
242	63	242
242	64	242
242	65	242
242	66	243
242	67	243
242	68	244
242	69	244
242	70	244
242	71	245
242	72	245
242	73	245
242	74	245
242	75	246
242	76	246
242	77	246
242	78	246
242	79	246
242	80	247
242	81	247
242	82	247
242	83	247
242	84	247
242	85	248
242	86	248
242	87	248
242	88	248
242	89	248
242	90	248
242	91	248
242	92	249
242	93	249
242	94	249
242	95	249
242	96	249
242	97	249
242	98	250
242	99	250
242	100	250
242	101	251
242	102	251
242	103	251
242	104	251
242	105	252
242	106	252
242	107	252
242	108	252
242	109	252
242	110	252
242	111	252
242	112	252
242	113	253
242	114	253
242	115	253
242	116	254
242	117	254
242	118	254
242	119	254
242	120	254
242	121	255
242	122	255
242	123	255
242	124	255
242	125	255
242	126	255
242	127	255
242	128	128
242	129	1
242	130	1
242	131	1
242	132	1
242	133	1
242	134	1
242	135	1
242	136	2
242	137	2
242	138	2
242	139	2
242	140	2
242	141	3
242	142	3
242	143	3
242	144	4
242	145	4
242	146	4
242	147	4
242	148	4
242	149	4
242	150	4
242	151	4
242	152	5
242	153	5
242	154	5
242	155	5
242	156	6
242	157	6
242	158	6
242	159	7
242	160	7
242	161	7
242	162	7
242	163	7
242	164	7
242	165	8
242	166	8
242	167	8
242	168	8
242	169	8
242	170	8
242	171	8
242	172	9
242	173	9
242	174	9
242	175	9
242	176	9
242	177	10
242	178	10
242	179	10
242	180	10
242	181	10
242	182	11
242	183	11
242	184	11
242	185	11
242	186	12
242	187	12
242	188	12
242	189	13
242	190	13
242	191	14
242	192	14
242	193	14
242	194	14
242	195	15
242	196	15
242	197	15
242	198	15
242	199	16
242	200	16
242	201	16
242	202	17
242	203	17
242	204	17
242	205	18
242	206	18
242	207	18
242	208	19
242	209	19
242	210	19
242	211	20
242	212	20
242	213	21
242	214	21
242	215	22
242	216	22
242	217	23
242	218	24
242	219	24
242	220	25
242	221	26
242	222	26
242	223	27
242	224	28
242	225	29
242	226	30
242	227	31
242	228	32
242	229	33
242	230	34
242	231	36
242	232	37
242	233	39
242	234	41
242	235	43
242	236	45
242	237	47
242	238	50
242	239	53
242	240	56
242	241	60
242	242	64
242	243	66
242	244	69
242	245	73
242	246	77
242	247	82
242	248	88
242	249	96
242	250	99
242	251	102
242	252	108
242	253	113
242	254	118
242	255	123
243	0	128
243	1	134
243	2	139
243	3	143
243	4	150
243	5	155
243	6	159
243	7	165
243	8	172
243	9	178
243	10	182
243	11	186
243	12	189
243	13	192
243	14	197
243	15	201
243	16	204
243	17	207
243	18	210
243	19	212
243	20	214
243	21	216
243	22	218
243	23	220
243	24	221
243	25	223
243	26	224
243	27	225
243	28	226
243	29	227
243	30	228
243	31	229
243	32	230
243	33	231
243	34	232
243	35	232
243	36	233
243	37	234
243	38	234
243	39	235
243	40	235
243	41	236
243	42	236
243	43	237
243	44	237
243	45	238
243	46	238
243	47	238
243	48	239
243	49	239
243	50	239
243	51	240
243	52	240
243	53	240
243	54	241
243	55	241
243	56	241
243	57	241
243	58	242
243	59	242
243	60	242
243	61	242
243	62	243
243	63	243
243	64	243
243	65	243
243	66	244
243	67	244
243	68	244
243	69	245
243	70	245
243	71	245
243	72	246
243	73	246
243	74	246
243	75	246
243	76	247
243	77	247
243	78	247
243	79	247
243	80	247
243	81	248
243	82	248
243	83	248
243	84	248
243	85	248
243	86	248
243	87	248
243	88	249
243	89	249
243	90	249
243	91	249
243	92	249
243	93	249
243	94	249
243	95	249
243	96	250
243	97	250
243	98	250
243	99	251
243	100	251
243	101	251
243	102	251
243	103	251
243	104	252
243	105	252
243	106	252
243	107	252
243	108	252
243	109	252
243	110	253
243	111	253
243	112	253
243	113	253
243	114	253
243	115	254
243	116	254
243	117	254
243	118	254
243	119	254
243	120	254
243	121	255
243	122	255
243	123	255
243	124	255
243	125	255
243	126	255
243	127	255
243	128	128
243	129	1
243	130	1
243	131	1
243	132	1
243	133	1
243	134	1
243	135	1
243	136	2
243	137	2
243	138	2
243	139	2
243	140	2
243	141	2
243	142	3
243	143	3
243	144	3
243	145	3
243	146	3
243	147	4
243	148	4
243	149	4
243	150	4
243	151	4
243	152	4
243	153	5
243	154	5
243	155	5
243	156	5
243	157	5
243	158	6
243	159	6
243	160	6
243	161	7
243	162	7
243	163	7
243	164	7
243	165	7
243	166	7
243	167	7
243	168	7
243	169	8
243	170	8
243	171	8
243	172	8
243	173	8
243	174	8
243	175	8
243	176	9
243	177	9
243	178	9
243	179	9
243	180	9
243	181	10
243	182	10
243	183	10
243	184	10
243	185	11
243	186	11
243	187	11
243	188	12
243	189	12
243	190	12
243	191	13
243	192	13
243	193	13
243	194	13
243	195	14
243	196	14
243	197	14
243	198	14
243	199	15
243	200	15
243	201	15
243	202	15
243	203	16
243	204	16
243	205	16
243	206	17
243	207	17
243	208	17
243	209	18
243	210	18
243	211	18
243	212	19
243	213	19
243	214	20
243	215	20
243	216	21
243	217	21
243	218	22
243	219	22
243	220	23
243	221	24
243	222	24
243	223	25
243	224	26
243	225	27
243	226	28
243	227	29
243	228	30
243	229	31
243	230	32
243	231	33
243	232	35
243	233	36
243	234	38
243	235	40
243	236	42
243	237	44
243	238	46
243	239	49
243	240	52
243	241	55
243	242	59
243	243	64
243	244	67
243	245	70
243	246	74
243	247	78
243	248	84
243	249	91
243	250	97
243	251	101
243	252	106
243	253	113
243	254	117
243	255	122
244	0	128
244	1	134
244	2	140
244	3	144
244	4	152
244	5	157
244	6	160
244	7	169
244	8	176
244	9	181
244	10	186
244	11	189
244	12	192
244	13	197
244	14	201
244	15	205
244	16	208
244	17	211
244	18	213
244	19	216
244	20	218
244	21	219
244	22	221
244	23	223
244	24	224
244	25	225
244	26	226
244	27	228
244	28	229
244	29	230
244	30	230
244	31	231
244	32	232
244	33	233
244	34	233
244	35	234
244	36	235
244	37	235
244	38	236
244	39	236
244	40	237
244	41	237
244	42	238
244	43	238
244	44	239
244	45	239
244	46	239
244	47	240
244	48	240
244	49	240
244	50	241
244	51	241
244	52	241
244	53	242
244	54	242
244	55	242
244	56	242
244	57	243
244	58	243
244	59	243
244	60	243
244	61	243
244	62	244
244	63	244
244	64	244
244	65	244
244	66	245
244	67	245
244	68	245
244	69	246
244	70	246
244	71	246
244	72	246
244	73	247
244	74	247
244	75	247
244	76	247
244	77	247
244	78	248
244	79	248
244	80	248
244	81	248
244	82	248
244	83	248
244	84	249
244	85	249
244	86	249
244	87	249
244	88	249
244	89	249
244	90	249
244	91	249
244	92	250
244	93	250
244	94	250
244	95	250
244	96	250
244	97	250
244	98	251
244	99	251
244	100	251
244	101	251
244	102	252
244	103	252
244	104	252
244	105	252
244	106	252
244	107	252
244	108	253
244	109	253
244	110	253
244	111	253
244	112	253
244	113	253
244	114	254
244	115	254
244	116	254
244	117	254
244	118	254
244	119	254
244	120	254
244	121	255
244	122	255
244	123	255
244	124	255
244	125	255
244	126	255
244	127	255
244	128	128
244	129	1
244	130	1
244	131	1
244	132	1
244	133	1
244	134	1
244	135	1
244	136	2
244	137	2
244	138	2
244	139	2
244	140	2
244	141	2
244	142	2
244	143	3
244	144	3
244	145	3
244	146	3
244	147	3
244	148	3
244	149	4
244	150	4
244	151	4
244	152	4
244	153	4
244	154	4
244	155	5
244	156	5
244	157	5
244	158	5
244	159	6
244	160	6
244	161	6
244	162	6
244	163	6
244	164	6
244	165	7
244	166	7
244	167	7
244	168	7
244	169	7
244	170	7
244	171	7
244	172	7
244	173	8
244	174	8
244	175	8
244	176	8
244	177	8
244	178	8
244	179	9
244	180	9
244	181	9
244	182	9
244	183	9
244	184	10
244	185	10
244	186	10
244	187	10
244	188	11
244	189	11
244	190	11
244	191	12
244	192	12
244	193	12
244	194	12
244	195	13
244	196	13
244	197	13
244	198	13
244	199	13
244	200	14
244	201	14
244	202	14
244	203	14
244	204	15
244	205	15
244	206	15
244	207	16
244	208	16
244	209	16
244	210	17
244	211	17
244	212	17
244	213	18
244	214	18
244	215	19
244	216	19
244	217	20
244	218	20
244	219	21
244	220	21
244	221	22
244	222	23
244	223	23
244	224	24
244	225	25
244	226	26
244	227	26
244	228	27
244	229	28
244	230	30
244	231	31
244	232	32
244	233	33
244	234	35
244	235	37
244	236	38
244	237	40
244	238	43
244	239	45
244	240	48
244	241	51
244	242	55
244	243	59
244	244	64
244	245	67
244	246	70
244	247	75
244	248	80
244	249	87
244	250	96
244	251	99
244	252	104
244	253	112
244	254	116
244	255	122
245	0	128
245	1	134
245	2	141
245	3	147
245	4	154
245	5	158
245	6	165
245	7	174
245	8	180
245	9	185
245	10	189
245	11	192
245	12	197
245	13	202
245	14	206
245	15	209
245	16	212
245	17	215
245	18	217
245	19	219
245	20	221
245	21	222
245	22	224
245	23	225
245	24	227
245	25	228
245	26	229
245	27	230
245	28	231
245	29	232
245	30	233
245	31	233
245	32	234
245	33	235
245	34	235
245	35	236
245	36	236
245	37	237
245	38	237
245	39	238
245	40	238
245	41	239
245	42	239
245	43	240
245	44	240
245	45	240
245	46	241
245	47	241
245	48	241
245	49	242
245	50	242
245	51	242
245	52	242
245	53	243
245	54	243
245	55	243
245	56	243
245	57	244
245	58	244
245	59	244
245	60	244
245	61	244
245	62	245
245	63	245
245	64	245
245	65	245
245	66	246
245	67	246
245	68	246
245	69	246
245	70	247
245	71	247
245	72	247
245	73	247
245	74	248
245	75	248
245	76	248
245	77	248
245	78	248
245	79	249
245	80	249
245	81	249
245	82	249
245	83	249
245	84	249
245	85	249
245	86	249
245	87	250
245	88	250
245	89	250
245	90	250
245	91	250
245	92	250
245	93	250
245	94	250
245	95	250
245	96	250
245	97	251
245	98	251
245	99	251
245	100	252
245	101	252
245	102	252
245	103	252
245	104	252
245	105	252
245	106	253
245	107	253
245	108	253
245	109	253
245	110	253
245	111	253
245	112	253
245	113	254
245	114	254
245	115	254
245	116	254
245	117	254
245	118	254
245	119	255
245	120	255
245	121	255
245	122	255
245	123	255
245	124	255
245	125	255
245	126	255
245	127	255
245	128	128
245	129	1
245	130	1
245	131	1
245	132	1
245	133	1
245	134	1
245	135	1
245	136	1
245	137	1
245	138	2
245	139	2
245	140	2
245	141	2
245	142	2
245	143	2
245	144	3
245	145	3
245	146	3
245	147	3
245	148	3
245	149	3
245	150	3
245	151	4
245	152	4
245	153	4
245	154	4
245	155	4
245	156	4
245	157	5
245	158	5
245	159	5
245	160	6
245	161	6
245	162	6
245	163	6
245	164	6
245	165	6
245	166	6
245	167	6
245	168	6
245	169	6
245	170	7
245	171	7
245	172	7
245	173	7
245	174	7
245	175	7
245	176	7
245	177	7
245	178	8
245	179	8
245	180	8
245	181	8
245	182	8
245	183	9
245	184	9
245	185	9
245	186	9
245	187	10
245	188	10
245	189	10
245	190	10
245	191	11
245	192	11
245	193	11
245	194	11
245	195	12
245	196	12
245	197	12
245	198	12
245	199	12
245	200	13
245	201	13
245	202	13
245	203	13
245	204	14
245	205	14
245	206	14
245	207	14
245	208	15
245	209	15
245	210	15
245	211	16
245	212	16
245	213	16
245	214	17
245	215	17
245	216	18
245	217	18
245	218	19
245	219	19
245	220	20
245	221	20
245	222	21
245	223	21
245	224	22
245	225	23
245	226	23
245	227	24
245	228	25
245	229	26
245	230	27
245	231	28
245	232	29
245	233	31
245	234	32
245	235	34
245	236	35
245	237	37
245	238	39
245	239	41
245	240	44
245	241	47
245	242	50
245	243	54
245	244	59
245	245	64
245	246	67
245	247	71
245	248	76
245	249	82
245	250	91
245	251	98
245	252	102
245	253	109
245	254	115
245	255	122
246	0	128
246	1	135
246	2	142
246	3	149
246	4	156
246	5	160
246	6	171
246	7	178
246	8	184
246	9	188
246	10	192
246	11	198
246	12	203
246	13	207
246	14	210
246	15	213
246	16	216
246	17	218
246	18	220
246	19	222
246	20	224
246	21	226
246	22	227
246	23	228
246	24	229
246	25	230
246	26	231
246	27	232
246	28	233
246	29	234
246	30	235
246	31	235
246	32	236
246	33	237
246	34	237
246	35	238
246	36	238
246	37	239
246	38	239
246	39	240
246	40	240
246	41	240
246	42	241
246	43	241
246	44	241
246	45	242
246	46	242
246	47	242
246	48	243
246	49	243
246	50	243
246	51	243
246	52	244
246	53	244
246	54	244
246	55	244
246	56	245
246	57	245
246	58	245
246	59	245
246	60	245
246	61	246
246	62	246
246	63	246
246	64	246
246	65	246
246	66	247
246	67	247
246	68	247
246	69	247
246	70	248
246	71	248
246	72	248
246	73	248
246	74	248
246	75	249
246	76	249
246	77	249
246	78	249
246	79	249
246	80	249
246	81	249
246	82	250
246	83	250
246	84	250
246	85	250
246	86	250
246	87	250
246	88	250
246	89	250
246	90	250
246	91	251
246	92	251
246	93	251
246	94	251
246	95	251
246	96	251
246	97	251
246	98	252
246	99	252
246	100	252
246	101	252
246	102	252
246	103	253
246	104	253
246	105	253
246	106	253
246	107	253
246	108	253
246	109	253
246	110	253
246	111	253
246	112	254
246	113	254
246	114	254
246	115	254
246	116	254
246	117	254
246	118	255
246	119	255
246	120	255
246	121	255
246	122	255
246	123	255
246	124	255
246	125	255
246	126	255
246	127	255
246	128	128
246	129	1
246	130	1
246	131	1
246	132	1
246	133	1
246	134	1
246	135	1
246	136	1
246	137	1
246	138	1
246	139	2
246	140	2
246	141	2
246	142	2
246	143	2
246	144	2
246	145	3
246	146	3
246	147	3
246	148	3
246	149	3
246	150	3
246	151	3
246	152	3
246	153	3
246	154	4
246	155	4
246	156	4
246	157	4
246	158	4
246	159	5
246	160	5
246	161	5
246	162	5
246	163	5
246	164	5
246	165	5
246	166	6
246	167	6
246	168	6
246	169	6
246	170	6
246	171	6
246	172	6
246	173	6
246	174	6
246	175	7
246	176	7
246	177	7
246	178	7
246	179	7
246	180	7
246	181	7
246	182	8
246	183	8
246	184	8
246	185	8
246	186	8
246	187	9
246	188	9
246	189	9
246	190	9
246	191	10
246	192	10
246	193	10
246	194	10
246	195	10
246	196	11
246	197	11
246	198	11
246	199	11
246	200	11
246	201	12
246	202	12
246	203	12
246	204	12
246	205	13
246	206	13
246	207	13
246	208	13
246	209	14
246	210	14
246	211	14
246	212	15
246	213	15
246	214	15
246	215	16
246	216	16
246	217	16
246	218	17
246	219	17
246	220	18
246	221	18
246	222	19
246	223	19
246	224	20
246	225	21
246	226	21
246	227	22
246	228	23
246	229	24
246	230	25
246	231	26
246	232	27
246	233	28
246	234	29
246	235	30
246	236	32
246	237	34
246	238	36
246	239	38
246	240	40
246	241	43
246	242	46
246	243	49
246	244	53
246	245	58
246	246	64
246	247	68
246	248	72
246	249	78
246	250	85
246	251	96
246	252	100
246	253	107
246	254	114
246	255	121
247	0	128
247	1	136
247	2	143
247	3	152
247	4	158
247	5	166
247	6	176
247	7	183
247	8	188
247	9	192
247	10	198
247	11	204
247	12	208
247	13	212
247	14	215
247	15	218
247	16	220
247	17	222
247	18	224
247	19	226
247	20	227
247	21	229
247	22	230
247	23	231
247	24	232
247	25	233
247	26	234
247	27	235
247	28	235
247	29	236
247	30	237
247	31	237
247	32	238
247	33	239
247	34	239
247	35	240
247	36	240
247	37	240
247	38	241
247	39	241
247	40	242
247	41	242
247	42	242
247	43	243
247	44	243
247	45	243
247	46	243
247	47	244
247	48	244
247	49	244
247	50	244
247	51	245
247	52	245
247	53	245
247	54	245
247	55	246
247	56	246
247	57	246
247	58	246
247	59	246
247	60	246
247	61	247
247	62	247
247	63	247
247	64	247
247	65	247
247	66	248
247	67	248
247	68	248
247	69	248
247	70	248
247	71	249
247	72	249
247	73	249
247	74	249
247	75	249
247	76	249
247	77	250
247	78	250
247	79	250
247	80	250
247	81	250
247	82	250
247	83	250
247	84	250
247	85	251
247	86	251
247	87	251
247	88	251
247	89	251
247	90	251
247	91	251
247	92	251
247	93	251
247	94	251
247	95	251
247	96	252
247	97	252
247	98	252
247	99	252
247	100	252
247	101	253
247	102	253
247	103	253
247	104	253
247	105	253
247	106	253
247	107	253
247	108	253
247	109	254
247	110	254
247	111	254
247	112	254
247	113	254
247	114	254
247	115	254
247	116	254
247	117	255
247	118	255
247	119	255
247	120	255
247	121	255
247	122	255
247	123	255
247	124	255
247	125	255
247	126	255
247	127	255
247	128	128
247	129	1
247	130	1
247	131	1
247	132	1
247	133	1
247	134	1
247	135	1
247	136	1
247	137	1
247	138	1
247	139	1
247	140	2
247	141	2
247	142	2
247	143	2
247	144	2
247	145	2
247	146	2
247	147	2
247	148	3
247	149	3
247	150	3
247	151	3
247	152	3
247	153	3
247	154	3
247	155	3
247	156	4
247	157	4
247	158	4
247	159	4
247	160	4
247	161	5
247	162	5
247	163	5
247	164	5
247	165	5
247	166	5
247	167	5
247	168	5
247	169	5
247	170	5
247	171	5
247	172	6
247	173	6
247	174	6
247	175	6
247	176	6
247	177	6
247	178	6
247	179	6
247	180	7
247	181	7
247	182	7
247	183	7
247	184	7
247	185	7
247	186	8
247	187	8
247	188	8
247	189	8
247	190	8
247	191	9
247	192	9
247	193	9
247	194	9
247	195	9
247	196	10
247	197	10
247	198	10
247	199	10
247	200	10
247	201	10
247	202	11
247	203	11
247	204	11
247	205	11
247	206	12
247	207	12
247	208	12
247	209	12
247	210	13
247	211	13
247	212	13
247	213	13
247	214	14
247	215	14
247	216	14
247	217	15
247	218	15
247	219	16
247	220	16
247	221	16
247	222	17
247	223	17
247	224	18
247	225	19
247	226	19
247	227	20
247	228	21
247	229	21
247	230	22
247	231	23
247	232	24
247	233	25
247	234	26
247	235	27
247	236	29
247	237	30
247	238	32
247	239	34
247	240	36
247	241	38
247	242	41
247	243	44
247	244	48
247	245	52
247	246	58
247	247	64
247	248	68
247	249	73
247	250	80
247	251	90
247	252	98
247	253	104
247	254	113
247	255	120
248	0	128
248	1	136
248	2	144
248	3	155
248	4	160
248	5	173
248	6	181
248	7	187
248	8	192
248	9	199
248	10	205
248	11	209
248	12	213
248	13	217
248	14	219
248	15	222
248	16	224
248	17	226
248	18	228
248	19	229
248	20	230
248	21	232
248	22	233
248	23	234
248	24	235
248	25	236
248	26	236
248	27	237
248	28	238
248	29	238
248	30	239
248	31	239
248	32	240
248	33	240
248	34	241
248	35	241
248	36	242
248	37	242
248	38	243
248	39	243
248	40	243
248	41	244
248	42	244
248	43	244
248	44	244
248	45	245
248	46	245
248	47	245
248	48	245
248	49	246
248	50	246
248	51	246
248	52	246
248	53	246
248	54	247
248	55	247
248	56	247
248	57	247
248	58	247
248	59	247
248	60	247
248	61	248
248	62	248
248	63	248
248	64	248
248	65	248
248	66	248
248	67	249
248	68	249
248	69	249
248	70	249
248	71	249
248	72	250
248	73	250
248	74	250
248	75	250
248	76	250
248	77	250
248	78	250
248	79	251
248	80	251
248	81	251
248	82	251
248	83	251
248	84	251
248	85	251
248	86	251
248	87	251
248	88	251
248	89	252
248	90	252
248	91	252
248	92	252
248	93	252
248	94	252
248	95	252
248	96	252
248	97	252
248	98	252
248	99	253
248	100	253
248	101	253
248	102	253
248	103	253
248	104	253
248	105	253
248	106	254
248	107	254
248	108	254
248	109	254
248	110	254
248	111	254
248	112	254
248	113	254
248	114	254
248	115	255
248	116	255
248	117	255
248	118	255
248	119	255
248	120	255
248	121	255
248	122	255
248	123	255
248	124	255
248	125	255
248	126	255
248	127	255
248	128	128
248	129	1
248	130	1
248	131	1
248	132	1
248	133	1
248	134	1
248	135	1
248	136	1
248	137	1
248	138	1
248	139	1
248	140	1
248	141	1
248	142	2
248	143	2
248	144	2
248	145	2
248	146	2
248	147	2
248	148	2
248	149	2
248	150	2
248	151	3
248	152	3
248	153	3
248	154	3
248	155	3
248	156	3
248	157	3
248	158	4
248	159	4
248	160	4
248	161	4
248	162	4
248	163	4
248	164	4
248	165	4
248	166	4
248	167	4
248	168	5
248	169	5
248	170	5
248	171	5
248	172	5
248	173	5
248	174	5
248	175	5
248	176	5
248	177	5
248	178	6
248	179	6
248	180	6
248	181	6
248	182	6
248	183	6
248	184	6
248	185	7
248	186	7
248	187	7
248	188	7
248	189	7
248	190	8
248	191	8
248	192	8
248	193	8
248	194	8
248	195	8
248	196	9
248	197	9
248	198	9
248	199	9
248	200	9
248	201	9
248	202	9
248	203	10
248	204	10
248	205	10
248	206	10
248	207	10
248	208	11
248	209	11
248	210	11
248	211	11
248	212	12
248	213	12
248	214	12
248	215	12
248	216	13
248	217	13
248	218	13
248	219	14
248	220	14
248	221	15
248	222	15
248	223	16
248	224	16
248	225	17
248	226	17
248	227	18
248	228	18
248	229	19
248	230	20
248	231	20
248	232	21
248	233	22
248	234	23
248	235	24
248	236	26
248	237	27
248	238	28
248	239	30
248	240	32
248	241	34
248	242	37
248	243	39
248	244	43
248	245	47
248	246	51
248	247	57
248	248	64
248	249	69
248	250	75
248	251	83
248	252	96
248	253	101
248	254	112
248	255	120
249	0	128
249	1	138
249	2	148
249	3	157
249	4	168
249	5	179
249	6	187
249	7	192
249	8	200
249	9	206
249	10	211
249	11	215
249	12	219
249	13	222
249	14	224
249	15	226
249	16	228
249	17	230
249	18	231
249	19	232
249	20	234
249	21	235
249	22	236
249	23	237
249	24	237
249	25	238
249	26	239
249	27	239
249	28	240
249	29	241
249	30	241
249	31	242
249	32	242
249	33	242
249	34	243
249	35	243
249	36	244
249	37	244
249	38	244
249	39	245
249	40	245
249	41	245
249	42	245
249	43	246
249	44	246
249	45	246
249	46	246
249	47	246
249	48	247
249	49	247
249	50	247
249	51	247
249	52	247
249	53	248
249	54	248
249	55	248
249	56	248
249	57	248
249	58	248
249	59	248
249	60	249
249	61	249
249	62	249
249	63	249
249	64	249
249	65	249
249	66	249
249	67	250
249	68	250
249	69	250
249	70	250
249	71	250
249	72	250
249	73	251
249	74	251
249	75	251
249	76	251
249	77	251
249	78	251
249	79	251
249	80	251
249	81	251
249	82	252
249	83	252
249	84	252
249	85	252
249	86	252
249	87	252
249	88	252
249	89	252
249	90	252
249	91	252
249	92	252
249	93	252
249	94	252
249	95	252
249	96	252
249	97	253
249	98	253
249	99	253
249	100	253
249	101	253
249	102	253
249	103	254
249	104	254
249	105	254
249	106	254
249	107	254
249	108	254
249	109	254
249	110	254
249	111	254
249	112	254
249	113	254
249	114	255
249	115	255
249	116	255
249	117	255
249	118	255
249	119	255
249	120	255
249	121	255
249	122	255
249	123	255
249	124	255
249	125	255
249	126	255
249	127	255
249	128	128
249	129	1
249	130	1
249	131	1
249	132	1
249	133	1
249	134	1
249	135	1
249	136	1
249	137	1
249	138	1
249	139	1
249	140	1
249	141	1
249	142	1
249	143	2
249	144	2
249	145	2
249	146	2
249	147	2
249	148	2
249	149	2
249	150	2
249	151	2
249	152	2
249	153	2
249	154	3
249	155	3
249	156	3
249	157	3
249	158	3
249	159	3
249	160	4
249	161	4
249	162	4
249	163	4
249	164	4
249	165	4
249	166	4
249	167	4
249	168	4
249	169	4
249	170	4
249	171	4
249	172	4
249	173	4
249	174	4
249	175	5
249	176	5
249	177	5
249	178	5
249	179	5
249	180	5
249	181	5
249	182	5
249	183	5
249	184	6
249	185	6
249	186	6
249	187	6
249	188	6
249	189	6
249	190	7
249	191	7
249	192	7
249	193	7
249	194	7
249	195	7
249	196	7
249	197	8
249	198	8
249	199	8
249	200	8
249	201	8
249	202	8
249	203	8
249	204	9
249	205	9
249	206	9
249	207	9
249	208	9
249	209	10
249	210	10
249	211	10
249	212	10
249	213	10
249	214	11
249	215	11
249	216	11
249	217	11
249	218	12
249	219	12
249	220	12
249	221	13
249	222	13
249	223	14
249	224	14
249	225	14
249	226	15
249	227	15
249	228	16
249	229	17
249	230	17
249	231	18
249	232	19
249	233	19
249	234	20
249	235	21
249	236	22
249	237	24
249	238	25
249	239	26
249	240	28
249	241	30
249	242	32
249	243	34
249	244	37
249	245	41
249	246	45
249	247	50
249	248	56
249	249	64
249	250	69
249	251	77
249	252	88
249	253	99
249	254	108
249	255	118
250	0	128
250	1	140
250	2	152
250	3	160
250	4	176
250	5	186
250	6	192
250	7	201
250	8	208
250	9	213
250	10	218
250	11	221
250	12	224
250	13	226
250	14	229
250	15	230
250	16	232
250	17	233
250	18	235
250	19	236
250	20	237
250	21	238
250	22	239
250	23	239
250	24	240
250	25	241
250	26	241
250	27	242
250	28	242
250	29	243
250	30	243
250	31	244
250	32	244
250	33	244
250	34	245
250	35	245
250	36	245
250	37	246
250	38	246
250	39	246
250	40	246
250	41	247
250	42	247
250	43	247
250	44	247
250	45	247
250	46	248
250	47	248
250	48	248
250	49	248
250	50	248
250	51	248
250	52	249
250	53	249
250	54	249
250	55	249
250	56	249
250	57	249
250	58	249
250	59	249
250	60	250
250	61	250
250	62	250
250	63	250
250	64	250
250	65	250
250	66	250
250	67	251
250	68	251
250	69	251
250	70	251
250	71	251
250	72	251
250	73	251
250	74	251
250	75	252
250	76	252
250	77	252
250	78	252
250	79	252
250	80	252
250	81	252
250	82	252
250	83	252
250	84	252
250	85	252
250	86	252
250	87	253
250	88	253
250	89	253
250	90	253
250	91	253
250	92	253
250	93	253
250	94	253
250	95	253
250	96	253
250	97	253
250	98	253
250	99	253
250	100	254
250	101	254
250	102	254
250	103	254
250	104	254
250	105	254
250	106	254
250	107	254
250	108	254
250	109	254
250	110	254
250	111	254
250	112	254
250	113	255
250	114	255
250	115	255
250	116	255
250	117	255
250	118	255
250	119	255
250	120	255
250	121	255
250	122	255
250	123	255
250	124	255
250	125	255
250	126	255
250	127	255
250	128	128
250	129	1
250	130	1
250	131	1
250	132	1
250	133	1
250	134	1
250	135	1
250	136	1
250	137	1
250	138	1
250	139	1
250	140	1
250	141	1
250	142	1
250	143	1
250	144	2
250	145	2
250	146	2
250	147	2
250	148	2
250	149	2
250	150	2
250	151	2
250	152	2
250	153	2
250	154	2
250	155	2
250	156	2
250	157	3
250	158	3
250	159	3
250	160	3
250	161	3
250	162	3
250	163	3
250	164	3
250	165	3
250	166	3
250	167	3
250	168	3
250	169	3
250	170	4
250	171	4
250	172	4
250	173	4
250	174	4
250	175	4
250	176	4
250	177	4
250	178	4
250	179	4
250	180	4
250	181	4
250	182	5
250	183	5
250	184	5
250	185	5
250	186	5
250	187	5
250	188	5
250	189	5
250	190	6
250	191	6
250	192	6
250	193	6
250	194	6
250	195	6
250	196	6
250	197	7
250	198	7
250	199	7
250	200	7
250	201	7
250	202	7
250	203	7
250	204	7
250	205	8
250	206	8
250	207	8
250	208	8
250	209	8
250	210	8
250	211	9
250	212	9
250	213	9
250	214	9
250	215	9
250	216	10
250	217	10
250	218	10
250	219	10
250	220	11
250	221	11
250	222	11
250	223	12
250	224	12
250	225	12
250	226	13
250	227	13
250	228	14
250	229	14
250	230	15
250	231	15
250	232	16
250	233	17
250	234	17
250	235	18
250	236	19
250	237	20
250	238	21
250	239	23
250	240	24
250	241	26
250	242	27
250	243	30
250	244	32
250	245	35
250	246	38
250	247	43
250	248	48
250	249	55
250	250	64
250	251	70
250	252	80
250	253	96
250	254	104
250	255	116
251	0	128
251	1	142
251	2	156
251	3	171
251	4	184
251	5	192
251	6	203
251	7	210
251	8	216
251	9	220
251	10	224
251	11	227
251	12	229
251	13	231
251	14	233
251	15	235
251	16	236
251	17	237
251	18	238
251	19	239
251	20	240
251	21	241
251	22	241
251	23	242
251	24	243
251	25	243
251	26	244
251	27	244
251	28	245
251	29	245
251	30	245
251	31	246
251	32	246
251	33	246
251	34	247
251	35	247
251	36	247
251	37	247
251	38	248
251	39	248
251	40	248
251	41	248
251	42	248
251	43	249
251	44	249
251	45	249
251	46	249
251	47	249
251	48	249
251	49	249
251	50	250
251	51	250
251	52	250
251	53	250
251	54	250
251	55	250
251	56	250
251	57	250
251	58	250
251	59	251
251	60	251
251	61	251
251	62	251
251	63	251
251	64	251
251	65	251
251	66	251
251	67	251
251	68	252
251	69	252
251	70	252
251	71	252
251	72	252
251	73	252
251	74	252
251	75	252
251	76	252
251	77	252
251	78	253
251	79	253
251	80	253
251	81	253
251	82	253
251	83	253
251	84	253
251	85	253
251	86	253
251	87	253
251	88	253
251	89	253
251	90	253
251	91	253
251	92	253
251	93	253
251	94	253
251	95	253
251	96	254
251	97	254
251	98	254
251	99	254
251	100	254
251	101	254
251	102	254
251	103	254
251	104	254
251	105	254
251	106	254
251	107	255
251	108	255
251	109	255
251	110	255
251	111	255
251	112	255
251	113	255
251	114	255
251	115	255
251	116	255
251	117	255
251	118	255
251	119	255
251	120	255
251	121	255
251	122	255
251	123	255
251	124	255
251	125	255
251	126	255
251	127	255
251	128	128
251	129	1
251	130	1
251	131	1
251	132	1
251	133	1
251	134	1
251	135	1
251	136	1
251	137	1
251	138	1
251	139	1
251	140	1
251	141	1
251	142	1
251	143	1
251	144	1
251	145	1
251	146	1
251	147	1
251	148	1
251	149	1
251	150	2
251	151	2
251	152	2
251	153	2
251	154	2
251	155	2
251	156	2
251	157	2
251	158	2
251	159	2
251	160	2
251	161	3
251	162	3
251	163	3
251	164	3
251	165	3
251	166	3
251	167	3
251	168	3
251	169	3
251	170	3
251	171	3
251	172	3
251	173	3
251	174	3
251	175	3
251	176	3
251	177	3
251	178	3
251	179	4
251	180	4
251	181	4
251	182	4
251	183	4
251	184	4
251	185	4
251	186	4
251	187	4
251	188	4
251	189	5
251	190	5
251	191	5
251	192	5
251	193	5
251	194	5
251	195	5
251	196	5
251	197	5
251	198	6
251	199	6
251	200	6
251	201	6
251	202	6
251	203	6
251	204	6
251	205	6
251	206	6
251	207	7
251	208	7
251	209	7
251	210	7
251	211	7
251	212	7
251	213	7
251	214	8
251	215	8
251	216	8
251	217	8
251	218	8
251	219	9
251	220	9
251	221	9
251	222	9
251	223	10
251	224	10
251	225	10
251	226	11
251	227	11
251	228	11
251	229	12
251	230	12
251	231	13
251	232	13
251	233	14
251	234	15
251	235	15
251	236	16
251	237	17
251	238	18
251	239	19
251	240	20
251	241	21
251	242	23
251	243	25
251	244	27
251	245	29
251	246	32
251	247	36
251	248	40
251	249	46
251	250	53
251	251	64
251	252	72
251	253	85
251	254	100
251	255	114
252	0	128
252	1	144
252	2	160
252	3	181
252	4	192
252	5	205
252	6	213
252	7	219
252	8	224
252	9	228
252	10	230
252	11	233
252	12	235
252	13	236
252	14	238
252	15	239
252	16	240
252	17	241
252	18	242
252	19	243
252	20	243
252	21	244
252	22	244
252	23	245
252	24	245
252	25	246
252	26	246
252	27	247
252	28	247
252	29	247
252	30	247
252	31	248
252	32	248
252	33	248
252	34	248
252	35	249
252	36	249
252	37	249
252	38	249
252	39	249
252	40	250
252	41	250
252	42	250
252	43	250
252	44	250
252	45	250
252	46	250
252	47	251
252	48	251
252	49	251
252	50	251
252	51	251
252	52	251
252	53	251
252	54	251
252	55	251
252	56	251
252	57	252
252	58	252
252	59	252
252	60	252
252	61	252
252	62	252
252	63	252
252	64	252
252	65	252
252	66	252
252	67	252
252	68	252
252	69	253
252	70	253
252	71	253
252	72	253
252	73	253
252	74	253
252	75	253
252	76	253
252	77	253
252	78	253
252	79	253
252	80	253
252	81	253
252	82	253
252	83	253
252	84	254
252	85	254
252	86	254
252	87	254
252	88	254
252	89	254
252	90	254
252	91	254
252	92	254
252	93	254
252	94	254
252	95	254
252	96	254
252	97	254
252	98	254
252	99	254
252	100	254
252	101	254
252	102	255
252	103	255
252	104	255
252	105	255
252	106	255
252	107	255
252	108	255
252	109	255
252	110	255
252	111	255
252	112	255
252	113	255
252	114	255
252	115	255
252	116	255
252	117	255
252	118	255
252	119	255
252	120	255
252	121	255
252	122	255
252	123	255
252	124	255
252	125	255
252	126	255
252	127	255
252	128	128
252	129	1
252	130	1
252	131	1
252	132	1
252	133	1
252	134	1
252	135	1
252	136	1
252	137	1
252	138	1
252	139	1
252	140	1
252	141	1
252	142	1
252	143	1
252	144	1
252	145	1
252	146	1
252	147	1
252	148	1
252	149	1
252	150	1
252	151	1
252	152	1
252	153	1
252	154	1
252	155	2
252	156	2
252	157	2
252	158	2
252	159	2
252	160	2
252	161	2
252	162	2
252	163	2
252	164	2
252	165	2
252	166	2
252	167	2
252	168	2
252	169	2
252	170	2
252	171	2
252	172	2
252	173	3
252	174	3
252	175	3
252	176	3
252	177	3
252	178	3
252	179	3
252	180	3
252	181	3
252	182	3
252	183	3
252	184	3
252	185	3
252	186	3
252	187	3
252	188	4
252	189	4
252	190	4
252	191	4
252	192	4
252	193	4
252	194	4
252	195	4
252	196	4
252	197	4
252	198	4
252	199	4
252	200	5
252	201	5
252	202	5
252	203	5
252	204	5
252	205	5
252	206	5
252	207	5
252	208	5
252	209	5
252	210	6
252	211	6
252	212	6
252	213	6
252	214	6
252	215	6
252	216	6
252	217	7
252	218	7
252	219	7
252	220	7
252	221	7
252	222	8
252	223	8
252	224	8
252	225	8
252	226	9
252	227	9
252	228	9
252	229	9
252	230	10
252	231	10
252	232	11
252	233	11
252	234	12
252	235	12
252	236	13
252	237	13
252	238	14
252	239	15
252	240	16
252	241	17
252	242	18
252	243	20
252	244	21
252	245	23
252	246	26
252	247	28
252	248	32
252	249	37
252	250	43
252	251	51
252	252	64
252	253	75
252	254	96
252	255	112
253	0	128
253	1	152
253	2	176
253	3	192
253	4	208
253	5	218
253	6	224
253	7	229
253	8	232
253	9	235
253	10	237
253	11	239
253	12	240
253	13	241
253	14	242
253	15	243
253	16	244
253	17	245
253	18	245
253	19	246
253	20	246
253	21	247
253	22	247
253	23	248
253	24	248
253	25	248
253	26	249
253	27	249
253	28	249
253	29	249
253	30	250
253	31	250
253	32	250
253	33	250
253	34	250
253	35	251
253	36	251
253	37	251
253	38	251
253	39	251
253	40	251
253	41	251
253	42	251
253	43	252
253	44	252
253	45	252
253	46	252
253	47	252
253	48	252
253	49	252
253	50	252
253	51	252
253	52	252
253	53	252
253	54	252
253	55	253
253	56	253
253	57	253
253	58	253
253	59	253
253	60	253
253	61	253
253	62	253
253	63	253
253	64	253
253	65	253
253	66	253
253	67	253
253	68	253
253	69	253
253	70	253
253	71	254
253	72	254
253	73	254
253	74	254
253	75	254
253	76	254
253	77	254
253	78	254
253	79	254
253	80	254
253	81	254
253	82	254
253	83	254
253	84	254
253	85	254
253	86	254
253	87	254
253	88	254
253	89	254
253	90	254
253	91	254
253	92	254
253	93	254
253	94	254
253	95	254
253	96	254
253	97	255
253	98	255
253	99	255
253	100	255
253	101	255
253	102	255
253	103	255
253	104	255
253	105	255
253	106	255
253	107	255
253	108	255
253	109	255
253	110	255
253	111	255
253	112	255
253	113	255
253	114	255
253	115	255
253	116	255
253	117	255
253	118	255
253	119	255
253	120	255
253	121	255
253	122	255
253	123	255
253	124	255
253	125	255
253	126	255
253	127	255
253	128	128
253	129	1
253	130	1
253	131	1
253	132	1
253	133	1
253	134	1
253	135	1
253	136	1
253	137	1
253	138	1
253	139	1
253	140	1
253	141	1
253	142	1
253	143	1
253	144	1
253	145	1
253	146	1
253	147	1
253	148	1
253	149	1
253	150	1
253	151	1
253	152	1
253	153	1
253	154	1
253	155	1
253	156	1
253	157	1
253	158	1
253	159	1
253	160	2
253	161	2
253	162	2
253	163	2
253	164	2
253	165	2
253	166	2
253	167	2
253	168	2
253	169	2
253	170	2
253	171	2
253	172	2
253	173	2
253	174	2
253	175	2
253	176	2
253	177	2
253	178	2
253	179	2
253	180	2
253	181	2
253	182	2
253	183	2
253	184	2
253	185	2
253	186	3
253	187	3
253	188	3
253	189	3
253	190	3
253	191	3
253	192	3
253	193	3
253	194	3
253	195	3
253	196	3
253	197	3
253	198	3
253	199	3
253	200	3
253	201	3
253	202	4
253	203	4
253	204	4
253	205	4
253	206	4
253	207	4
253	208	4
253	209	4
253	210	4
253	211	4
253	212	4
253	213	4
253	214	5
253	215	5
253	216	5
253	217	5
253	218	5
253	219	5
253	220	5
253	221	5
253	222	6
253	223	6
253	224	6
253	225	6
253	226	6
253	227	7
253	228	7
253	229	7
253	230	7
253	231	8
253	232	8
253	233	8
253	234	9
253	235	9
253	236	10
253	237	10
253	238	11
253	239	11
253	240	12
253	241	13
253	242	14
253	243	15
253	244	16
253	245	17
253	246	19
253	247	21
253	248	24
253	249	27
253	250	32
253	251	38
253	252	48
253	253	64
253	254	80
253	255	104
254	0	128
254	1	160
254	2	192
254	3	213
254	4	224
254	5	230
254	6	235
254	7	238
254	8	240
254	9	242
254	10	243
254	11	244
254	12	245
254	13	246
254	14	247
254	15	247
254	16	248
254	17	248
254	18	249
254	19	249
254	20	250
254	21	250
254	22	250
254	23	250
254	24	251
254	25	251
254	26	251
254	27	251
254	28	251
254	29	252
254	30	252
254	31	252
254	32	252
254	33	252
254	34	252
254	35	252
254	36	252
254	37	253
254	38	253
254	39	253
254	40	253
254	41	253
254	42	253
254	43	253
254	44	253
254	45	253
254	46	253
254	47	253
254	48	253
254	49	253
254	50	253
254	51	253
254	52	254
254	53	254
254	54	254
254	55	254
254	56	254
254	57	254
254	58	254
254	59	254
254	60	254
254	61	254
254	62	254
254	63	254
254	64	254
254	65	254
254	66	254
254	67	254
254	68	254
254	69	254
254	70	254
254	71	254
254	72	254
254	73	254
254	74	254
254	75	255
254	76	255
254	77	255
254	78	255
254	79	255
254	80	255
254	81	255
254	82	255
254	83	255
254	84	255
254	85	255
254	86	255
254	87	255
254	88	255
254	89	255
254	90	255
254	91	255
254	92	255
254	93	255
254	94	255
254	95	255
254	96	255
254	97	255
254	98	255
254	99	255
254	100	255
254	101	255
254	102	255
254	103	255
254	104	255
254	105	255
254	106	255
254	107	255
254	108	255
254	109	255
254	110	255
254	111	255
254	112	255
254	113	255
254	114	255
254	115	255
254	116	255
254	117	255
254	118	255
254	119	255
254	120	255
254	121	255
254	122	255
254	123	255
254	124	255
254	125	255
254	126	255
254	127	255
254	128	128
254	129	1
254	130	1
254	131	1
254	132	1
254	133	1
254	134	1
254	135	1
254	136	1
254	137	1
254	138	1
254	139	1
254	140	1
254	141	1
254	142	1
254	143	1
254	144	1
254	145	1
254	146	1
254	147	1
254	148	1
254	149	1
254	150	1
254	151	1
254	152	1
254	153	1
254	154	1
254	155	1
254	156	1
254	157	1
254	158	1
254	159	1
254	160	1
254	161	1
254	162	1
254	163	1
254	164	1
254	165	1
254	166	1
254	167	1
254	168	1
254	169	1
254	170	1
254	171	1
254	172	1
254	173	1
254	174	1
254	175	1
254	176	1
254	177	1
254	178	1
254	179	1
254	180	1
254	181	1
254	182	2
254	183	2
254	184	2
254	185	2
254	186	2
254	187	2
254	188	2
254	189	2
254	190	2
254	191	2
254	192	2
254	193	2
254	194	2
254	195	2
254	196	2
254	197	2
254	198	2
254	199	2
254	200	2
254	201	2
254	202	2
254	203	2
254	204	2
254	205	3
254	206	3
254	207	3
254	208	3
254	209	3
254	210	3
254	211	3
254	212	3
254	213	3
254	214	3
254	215	3
254	216	3
254	217	3
254	218	3
254	219	3
254	220	4
254	221	4
254	222	4
254	223	4
254	224	4
254	225	4
254	226	4
254	227	4
254	228	5
254	229	5
254	230	5
254	231	5
254	232	5
254	233	6
254	234	6
254	235	6
254	236	6
254	237	7
254	238	7
254	239	8
254	240	8
254	241	9
254	242	9
254	243	10
254	244	11
254	245	12
254	246	13
254	247	14
254	248	16
254	249	18
254	250	21
254	251	26
254	252	32
254	253	43
254	254	64
254	255	96
255	0	128
255	1	192
255	2	224
255	3	235
255	4	240
255	5	243
255	6	245
255	7	247
255	8	248
255	9	249
255	10	250
255	11	250
255	12	251
255	13	251
255	14	251
255	15	252
255	16	252
255	17	252
255	18	252
255	19	253
255	20	253
255	21	253
255	22	253
255	23	253
255	24	253
255	25	253
255	26	254
255	27	254
255	28	254
255	29	254
255	30	254
255	31	254
255	32	254
255	33	254
255	34	254
255	35	254
255	36	254
255	37	254
255	38	254
255	39	254
255	40	254
255	41	254
255	42	254
255	43	255
255	44	255
255	45	255
255	46	255
255	47	255
255	48	255
255	49	255
255	50	255
255	51	255
255	52	255
255	53	255
255	54	255
255	55	255
255	56	255
255	57	255
255	58	255
255	59	255
255	60	255
255	61	255
255	62	255
255	63	255
255	64	255
255	65	255
255	66	255
255	67	255
255	68	255
255	69	255
255	70	255
255	71	255
255	72	255
255	73	255
255	74	255
255	75	255
255	76	255
255	77	255
255	78	255
255	79	255
255	80	255
255	81	255
255	82	255
255	83	255
255	84	255
255	85	255
255	86	255
255	87	255
255	88	255
255	89	255
255	90	255
255	91	255
255	92	255
255	93	255
255	94	255
255	95	255
255	96	255
255	97	255
255	98	255
255	99	255
255	100	255
255	101	255
255	102	255
255	103	255
255	104	255
255	105	255
255	106	255
255	107	255
255	108	255
255	109	255
255	110	255
255	111	255
255	112	255
255	113	255
255	114	255
255	115	255
255	116	255
255	117	255
255	118	255
255	119	255
255	120	255
255	121	255
255	122	255
255	123	255
255	124	255
255	125	255
255	126	255
255	127	255
255	128	128
255	129	1
255	130	1
255	131	1
255	132	1
255	133	1
255	134	1
255	135	1
255	136	1
255	137	1
255	138	1
255	139	1
255	140	1
255	141	1
255	142	1
255	143	1
255	144	1
255	145	1
255	146	1
255	147	1
255	148	1
255	149	1
255	150	1
255	151	1
255	152	1
255	153	1
255	154	1
255	155	1
255	156	1
255	157	1
255	158	1
255	159	1
255	160	1
255	161	1
255	162	1
255	163	1
255	164	1
255	165	1
255	166	1
255	167	1
255	168	1
255	169	1
255	170	1
255	171	1
255	172	1
255	173	1
255	174	1
255	175	1
255	176	1
255	177	1
255	178	1
255	179	1
255	180	1
255	181	1
255	182	1
255	183	1
255	184	1
255	185	1
255	186	1
255	187	1
255	188	1
255	189	1
255	190	1
255	191	1
255	192	1
255	193	1
255	194	1
255	195	1
255	196	1
255	197	1
255	198	1
255	199	1
255	200	1
255	201	1
255	202	1
255	203	1
255	204	1
255	205	1
255	206	1
255	207	1
255	208	1
255	209	1
255	210	1
255	211	1
255	212	1
255	213	1
255	214	2
255	215	2
255	216	2
255	217	2
255	218	2
255	219	2
255	220	2
255	221	2
255	222	2
255	223	2
255	224	2
255	225	2
255	226	2
255	227	2
255	228	2
255	229	2
255	230	2
255	231	3
255	232	3
255	233	3
255	234	3
255	235	3
255	236	3
255	237	3
255	238	4
255	239	4
255	240	4
255	241	4
255	242	5
255	243	5
255	244	5
255	245	6
255	246	6
255	247	7
255	248	8
255	249	9
255	250	11
255	251	13
255	252	16
255	253	21
255	254	32
255	255	64
